case_id,seed,base_prediction,sufficiency_abs_error,comprehensiveness_abs_change,random_sufficiency_abs_error,feature_spearman_exact_contribution,relation_mass_spatial_queen,relation_mass_road_connectivity,relation_mass_mobility_flow,relation_mass_temporal_forward,drop_abs_spatial_queen,drop_abs_road_connectivity,drop_abs_mobility_flow,drop_abs_temporal_forward,sufficiency_advantage
axis_recursive__v2010__B1|3021,211001,14.240656852722168,0.030043601989746,1.192596435546875,1.2361230850219729,0.3760193295077016,0.0,0.0,0.0585359781980514,0.0,9.5367431640625e-07,9.5367431640625e-07,0.0001029968261718,9.5367431640625e-07,1.2060794830322268
axis_recursive__v2010__B1|3021,211002,14.240656852722168,0.0020418167114257,1.1645870208740234,1.010725021362305,0.3387194201147689,0.0,0.0,0.0551618449389934,0.0,9.5367431640625e-07,9.5367431640625e-07,0.0001029968261718,9.5367431640625e-07,1.0086832046508791
axis_recursive__v2010__B1|3021,211003,14.240656852722168,0.4637308120727539,0.6988143920898438,1.4085731506347656,0.3254303835699185,0.0,0.0,0.0570799522101879,0.0,9.5367431640625e-07,9.5367431640625e-07,0.0001029968261718,9.5367431640625e-07,0.9448423385620117
axis_recursive__v2010__B1|3021,211004,14.240656852722168,0.0688238143920898,1.2313804626464844,0.5904970169067383,0.4386892177589852,0.0,0.0,0.0550195463001728,0.0,9.5367431640625e-07,9.5367431640625e-07,0.0001029968261718,9.5367431640625e-07,0.5216732025146484
axis_recursive__v2010__B1|3021,211005,14.240656852722168,0.0766372680664062,1.085902214050293,0.8408346176147461,0.3708849290244639,0.0,0.0,0.0559434480965137,0.0,9.5367431640625e-07,9.5367431640625e-07,0.0001029968261718,9.5367431640625e-07,0.7641973495483398
axis_recursive__v2010__B1|3021,211006,14.240656852722168,0.1029510498046875,1.0596179962158203,0.4653120040893554,0.4238900634249471,0.0,0.0,0.056796308606863,0.0,9.5367431640625e-07,9.5367431640625e-07,0.0001029968261718,9.5367431640625e-07,0.3623609542846679
axis_recursive__v2010__B1|3021,211007,14.240656852722168,0.0588636398315429,1.1036949157714844,0.8756952285766602,0.4479009362730293,0.0,0.0,0.0573278367519378,0.0,9.5367431640625e-07,9.5367431640625e-07,0.0001029968261718,9.5367431640625e-07,0.8168315887451173
axis_recursive__v2010__B1|3021,211008,14.240656852722168,0.0141630172729492,1.1767244338989258,1.3015813827514648,0.4519782543038357,0.0,0.0,0.0587189979851245,0.0,9.5367431640625e-07,9.5367431640625e-07,0.0001029968261718,9.5367431640625e-07,1.2874183654785156
axis_recursive__v2010__B1|3021,211009,14.240656852722168,0.1776323318481445,0.9849014282226562,1.2447128295898438,0.4275143461189973,0.0,0.0,0.0565277189016342,0.0,9.5367431640625e-07,9.5367431640625e-07,0.0001029968261718,9.5367431640625e-07,1.0670804977416992
axis_recursive__v2010__B1|3021,211010,14.240656852722168,0.1085643768310546,1.0539636611938477,1.0237693786621094,0.4104500151011778,0.0,0.0,0.0554738007485866,0.0,9.5367431640625e-07,9.5367431640625e-07,0.0001029968261718,9.5367431640625e-07,0.9152050018310548
axis_recursive__v2010__B1|3021,211011,14.240656852722168,0.0605592727661132,1.2231111526489258,0.907073974609375,0.4229839927514346,0.0,0.0,0.0557055324316024,0.0,9.5367431640625e-07,9.5367431640625e-07,0.0001029968261718,9.5367431640625e-07,0.8465147018432618
axis_recursive__v2010__B1|3021,211012,14.240656852722168,0.4168224334716797,1.5794000625610352,0.9136896133422852,0.4945635759589247,0.0,0.0,0.057375494390726,0.0,9.5367431640625e-07,9.5367431640625e-07,0.0001029968261718,9.5367431640625e-07,0.49686717987060547
axis_recursive__v2010__B1|3021,211013,14.240656852722168,0.1240644454956054,1.0384454727172852,0.6346664428710938,0.459830866807611,0.0,0.0,0.0566633082926273,0.0,9.5367431640625e-07,9.5367431640625e-07,0.0001029968261718,9.5367431640625e-07,0.5106019973754884
axis_recursive__v2010__B1|3021,211014,14.240656852722168,0.4559516906738281,1.6184988021850586,0.9112997055053712,0.473421926910299,0.0,0.0,0.0568592399358749,0.0,9.5367431640625e-07,9.5367431640625e-07,0.0001029968261718,9.5367431640625e-07,0.4553480148315431
axis_recursive__v2010__B1|3021,211015,14.240656852722168,0.1995172500610351,1.3620738983154297,0.5536680221557617,0.4569616430081545,0.0,0.0,0.0564188621938228,0.0,9.5367431640625e-07,9.5367431640625e-07,0.0001029968261718,9.5367431640625e-07,0.3541507720947266
axis_recursive__v2010__B1|3021,211016,14.240656852722168,0.1389312744140625,1.301471710205078,1.0824871063232422,0.3805496828752642,0.0,0.0,0.0585784912109375,0.0,9.5367431640625e-07,9.5367431640625e-07,0.0001029968261718,9.5367431640625e-07,0.9435558319091797
axis_recursive__v2010__B1|3021,211017,14.240656852722168,0.3642435073852539,1.52679443359375,1.0260734558105469,0.4771972213832679,0.0,0.0,0.0569699443876743,0.0,9.5367431640625e-07,9.5367431640625e-07,0.0001029968261718,9.5367431640625e-07,0.661829948425293
axis_recursive__v2010__B1|3021,211018,14.240656852722168,0.0461626052856445,1.11639404296875,1.1757240295410156,0.4731199033524614,0.0,0.0,0.0547836385667324,0.0,9.5367431640625e-07,9.5367431640625e-07,0.0001029968261718,9.5367431640625e-07,1.129561424255371
axis_recursive__v2010__B1|3021,211019,14.240656852722168,0.1394672393798828,1.302021026611328,0.9366302490234376,0.4584717607973422,0.0,0.0,0.0560555607080459,0.0,9.5367431640625e-07,9.5367431640625e-07,0.0001029968261718,9.5367431640625e-07,0.7971630096435548
axis_recursive__v2010__B1|3021,211020,14.240656852722168,0.2246198654174804,0.9379339218139648,0.8937444686889648,0.2780126849894291,0.0,0.0,0.0582318417727947,0.0,9.5367431640625e-07,9.5367431640625e-07,0.0001029968261718,9.5367431640625e-07,0.6691246032714844
axis_recursive__v2010__B1|7244,211001,11.356206893920898,0.7275552749633789,2.4500885009765625,1.3375730514526367,0.0672002416188462,0.0,0.0,0.0690059959888458,0.0,0.0,0.0,0.0039024353027343,0.0,0.6100177764892578
axis_recursive__v2010__B1|7244,211002,11.356206893920898,0.272587776184082,1.994800567626953,0.2788591384887695,0.1881606765327695,0.0,0.0,0.0690346658229827,0.0,0.0,0.0,0.0039024353027343,0.0,0.0062713623046875
axis_recursive__v2010__B1|7244,211003,11.356206893920898,0.1957778930664062,1.52655029296875,2.690323829650879,0.0700694654183026,0.0,0.0,0.0654996484518051,0.0,0.0,0.0,0.0039024353027343,0.0,2.4945459365844727
axis_recursive__v2010__B1|7244,211004,11.356206893920898,0.779780387878418,2.502068519592285,3.488877296447754,0.0761099365750528,0.0,0.0,0.0713793113827705,0.0,0.0,0.0,0.0039024353027343,0.0,2.709096908569336
axis_recursive__v2010__B1|7244,211005,11.356206893920898,2.532008171081543,4.254556655883789,0.7981042861938477,0.1076713983690727,0.0,0.0,0.0714971125125885,0.0,0.0,0.0,0.0039024353027343,0.0,-1.7339038848876953
axis_recursive__v2010__B1|7244,211006,11.356206893920898,1.7484169006347656,3.470815658569336,2.031123161315918,0.3118393234672305,0.0,0.0,0.0689871981739997,0.0,0.0,0.0,0.0039024353027343,0.0,0.28270626068115234
axis_recursive__v2010__B1|7244,211007,11.356206893920898,1.2466716766357422,2.969288825988769,2.3743715286254883,0.1331923890063425,0.0,0.0,0.0688806995749473,0.0,0.0,0.0,0.0039024353027343,0.0,1.127699851989746
axis_recursive__v2010__B1|7244,211008,11.356206893920898,1.2564125061035156,2.9790821075439453,0.5623083114624023,0.2624584717607973,0.0,0.0,0.0683899745345115,0.0,0.0,0.0,0.0039024353027343,0.0,-0.6941041946411133
axis_recursive__v2010__B1|7244,211009,11.356206893920898,2.7568655014038086,4.479126930236816,1.7372779846191406,0.2302929628511024,0.0,0.0,0.0678622797131538,0.0,0.0,0.0,0.0039024353027343,0.0,-1.019587516784668
axis_recursive__v2010__B1|7244,211010,11.356206893920898,0.5319652557373047,1.1902246475219729,4.558094024658203,0.0622168529145273,0.0,0.0,0.0704347193241119,0.0,0.0,0.0,0.0039024353027343,0.0,4.026128768920898
axis_recursive__v2010__B1|7244,211011,11.356206893920898,3.2262840270996094,4.948925018310547,1.0185518264770508,0.1887647236484446,0.0,0.0,0.0631497502326965,0.0,0.0,0.0,0.0039024353027343,0.0,-2.2077322006225586
axis_recursive__v2010__B1|7244,211012,11.356206893920898,3.4042463302612305,5.126802444458008,0.2018251419067382,0.2642706131078224,0.0,0.0,0.0655604377388954,0.0,0.0,0.0,0.0039024353027343,0.0,-3.202421188354492
axis_recursive__v2010__B1|7244,211013,11.356206893920898,0.9503860473632812,2.6724071502685547,3.342770576477051,0.2449411054062217,0.0,0.0,0.0724570602178573,0.0,0.0,0.0,0.0039024353027343,0.0,2.3923845291137695
axis_recursive__v2010__B1|7244,211014,11.356206893920898,1.598160743713379,3.320296287536621,4.113272666931152,0.155089096949562,0.0,0.0,0.0675766691565513,0.0,0.0,0.0,0.0039024353027343,0.0,2.5151119232177734
axis_recursive__v2010__B1|7244,211015,11.356206893920898,2.7264719009399414,4.448826789855957,0.0398635864257812,0.2798248263364542,0.0,0.0,0.0669121518731117,0.0,0.0,0.0,0.0039024353027343,0.0,-2.68660831451416
axis_recursive__v2010__B1|7244,211016,11.356206893920898,1.1177358627319336,2.840479850769043,1.7555551528930664,0.0428873452129266,0.0,0.0,0.071276269853115,0.0,0.0,0.0,0.0039024353027343,0.0,0.6378192901611328
axis_recursive__v2010__B1|7244,211017,11.356206893920898,0.9334697723388672,2.6555614471435547,2.902388572692871,0.1827242524916943,0.0,0.0,0.0705621540546417,0.0,0.0,0.0,0.0039024353027343,0.0,1.968918800354004
axis_recursive__v2010__B1|7244,211018,11.356206893920898,1.5703887939453125,3.2924108505249023,0.1788644790649414,0.2697070371488976,0.0,0.0,0.0650039836764335,0.0,0.0,0.0,0.0039024353027343,0.0,-1.391524314880371
axis_recursive__v2010__B1|7244,211019,11.356206893920898,1.138265609741211,2.8604001998901367,1.5221481323242188,0.0937783147085472,0.0,0.0,0.067509077489376,0.0,0.0,0.0,0.0039024353027343,0.0,0.3838825225830078
axis_recursive__v2010__B1|7244,211020,11.356206893920898,0.6399364471435547,1.0821876525878906,0.2732725143432617,-0.0087586831772878,0.0,0.0,0.0703116133809089,0.0,0.0,0.0,0.0039024353027343,0.0,-0.36666393280029297
axis_recursive__v2010__B1|8242,211001,16.409774780273438,2.3678178787231445,0.960820198059082,3.780694007873535,0.0196315312594382,0.0,0.0,0.223670095205307,0.0,0.0,0.0,0.0108928680419921,0.0,1.4128761291503906
axis_recursive__v2010__B1|8242,211002,16.409774780273438,1.951186180114746,1.3781709671020508,1.739309310913086,0.1887647236484446,0.0,0.0,0.2041243761777877,0.0,0.0,0.0,0.0108928680419921,0.0,-0.21187686920166016
axis_recursive__v2010__B1|8242,211003,16.409774780273438,2.096220016479492,1.2326412200927734,2.188370704650879,0.1209604349139232,0.0,0.0,0.2352221459150314,0.0,0.0,0.0,0.0108928680419921,0.0,0.09215068817138672
axis_recursive__v2010__B1|8242,211004,16.409774780273438,0.1655693054199218,3.164417266845703,2.808568000793457,0.2203261854424645,0.0,0.0,0.2146199494600296,0.0,0.0,0.0,0.0108928680419921,0.0,2.642998695373535
axis_recursive__v2010__B1|8242,211005,16.409774780273438,0.3115100860595703,3.017868995666504,4.294987678527832,0.1128057988523104,0.0,0.0,0.2026598751544952,0.0,0.0,0.0,0.0108928680419921,0.0,3.9834775924682617
axis_recursive__v2010__B1|8242,211006,16.409774780273438,1.2248420715332031,2.1050338745117188,3.23148250579834,0.2230443974630021,0.0,0.0,0.2296925783157348,0.0,0.0,0.0,0.0108928680419921,0.0,2.0066404342651367
axis_recursive__v2010__B1|8242,211007,16.409774780273438,1.8063507080078125,1.523113250732422,3.1747026443481445,0.1411960132890365,0.0,0.0,0.2297272533178329,0.0,0.0,0.0,0.0108928680419921,0.0,1.368351936340332
axis_recursive__v2010__B1|8242,211008,16.409774780273438,0.6991672515869141,2.631636619567871,3.296728134155273,0.0573844759891271,0.0,0.0,0.2038724422454834,0.0,0.0,0.0,0.0108928680419921,0.0,2.597560882568359
axis_recursive__v2010__B1|8242,211009,16.409774780273438,0.6444597244262695,2.6843738555908203,2.7239389419555664,0.2307459981878586,0.0,0.0,0.2056384682655334,0.0,0.0,0.0,0.0108928680419921,0.0,2.079479217529297
axis_recursive__v2010__B1|8242,211010,16.409774780273438,0.9216461181640624,2.4076080322265625,1.9659671783447263,0.2425249169435215,0.0,0.0,0.2234188914299011,0.0,0.0,0.0,0.0108928680419921,0.0,1.044321060180664
axis_recursive__v2010__B1|8242,211011,16.409774780273438,0.3015708923339844,3.02767276763916,4.065176010131836,0.1994865599516762,0.0,0.0,0.2183533906936645,0.0,0.0,0.0,0.0108928680419921,0.0,3.7636051177978516
axis_recursive__v2010__B1|8242,211012,16.409774780273438,1.2329587936401367,2.0965538024902344,3.007797241210937,0.0993657505285412,0.0,0.0,0.2122528553009033,0.0,0.0,0.0,0.0108928680419921,0.0,1.7748384475708003
axis_recursive__v2010__B1|8242,211013,16.409774780273438,1.356306076049805,1.973310470581055,2.9672164916992188,0.1026880096647538,0.0,0.0,0.2239692956209182,0.0,0.0,0.0,0.0108928680419921,0.0,1.6109104156494138
axis_recursive__v2010__B1|8242,211014,16.409774780273438,0.0694351196289062,3.2599010467529297,1.217289924621582,0.2449411054062217,0.0,0.0,0.2164600640535354,0.0,0.0,0.0,0.0108928680419921,0.0,1.1478548049926758
axis_recursive__v2010__B1|8242,211015,16.409774780273438,1.3489971160888672,1.97965145111084,1.451289176940918,0.2337662337662337,0.0,0.0,0.2084681540727615,0.0,0.0,0.0,0.0108928680419921,0.0,0.10229206085205078
axis_recursive__v2010__B1|8242,211016,16.409774780273438,1.0066194534301758,2.322256088256836,3.2545528411865234,0.1398369072787677,0.0,0.0,0.2346290498971939,0.0,0.0,0.0,0.0108928680419921,0.0,2.2479333877563477
axis_recursive__v2010__B1|8242,211017,16.409774780273438,0.4481229782104492,2.882190704345703,2.435531616210937,0.2272727272727272,0.0,0.0,0.2205450236797332,0.0,0.0,0.0,0.0108928680419921,0.0,1.9874086380004878
axis_recursive__v2010__B1|8242,211018,16.409774780273438,1.6617317199707031,1.6681184768676758,2.783679962158203,0.2638175777710661,0.0,0.0,0.2054644972085952,0.0,0.0,0.0,0.0108928680419921,0.0,1.1219482421875
axis_recursive__v2010__B1|8242,211019,16.409774780273438,1.2404909133911133,2.0884923934936523,3.757796287536621,0.1964663243733011,0.0,0.0,0.2015293836593628,0.0,0.0,0.0,0.0108928680419921,0.0,2.517305374145508
axis_recursive__v2010__B1|8242,211020,16.409774780273438,1.1588821411132812,2.169488906860352,2.3332014083862305,0.181063122923588,0.0,0.0,0.2252492010593414,0.0,0.0,0.0,0.0108928680419921,0.0,1.1743192672729492
axis_recursive__v2010__B2|2395,211001,12.84352970123291,1.473799705505371,1.698659896850586,0.2149820327758789,0.6478405315614617,0.0,0.0,0.0574106238782405,0.0,9.5367431640625e-07,9.5367431640625e-07,0.0006656646728515,9.5367431640625e-07,-1.2588176727294922
axis_recursive__v2010__B2|2395,211002,12.84352970123291,0.7908992767333984,1.0150632858276367,0.2614011764526367,0.6529749320446996,0.0,0.0,0.0576406866312027,0.0,9.5367431640625e-07,9.5367431640625e-07,0.0006656646728515,9.5367431640625e-07,-0.5294981002807617
axis_recursive__v2010__B2|2395,211003,12.84352970123291,1.3349056243896484,1.559295654296875,0.0368118286132812,0.6223195409241921,0.0,0.0,0.0574399754405021,0.0,9.5367431640625e-07,9.5367431640625e-07,0.0006656646728515,9.5367431640625e-07,-1.2980937957763672
axis_recursive__v2010__B2|2395,211004,12.84352970123291,1.562575340270996,1.787236213684082,0.2716522216796875,0.7487163998791906,0.0,0.0,0.0576437041163444,0.0,9.5367431640625e-07,9.5367431640625e-07,0.0006656646728515,9.5367431640625e-07,-1.2909231185913086
axis_recursive__v2010__B2|2395,211005,12.84352970123291,0.7581005096435547,0.9823818206787108,0.3060836791992187,0.7117185140440954,0.0,0.0,0.0582179091870784,0.0,9.5367431640625e-07,9.5367431640625e-07,0.0006656646728515,9.5367431640625e-07,-0.452016830444336
axis_recursive__v2010__B2|2395,211006,12.84352970123291,0.8673639297485352,1.0923786163330078,0.5574016571044922,0.6603745092117185,0.0,0.0,0.0584001876413822,0.0,9.5367431640625e-07,9.5367431640625e-07,0.0006656646728515,9.5367431640625e-07,-0.30996227264404297
axis_recursive__v2010__B2|2395,211007,12.84352970123291,0.7783613204956055,1.0029773712158203,0.6920537948608398,0.6463304137722742,0.0,0.0,0.0573034733533859,0.0,9.5367431640625e-07,9.5367431640625e-07,0.0006656646728515,9.5367431640625e-07,-0.08630752563476562
axis_recursive__v2010__B2|2395,211008,12.84352970123291,0.7071428298950195,0.931687355041504,0.1902790069580078,0.7796738145575355,0.0,0.0,0.0581596419215202,0.0,9.5367431640625e-07,9.5367431640625e-07,0.0006656646728515,9.5367431640625e-07,-0.5168638229370117
axis_recursive__v2010__B2|2395,211009,12.84352970123291,1.248910903930664,1.473536491394043,0.5215072631835938,0.666868015705225,0.0,0.0,0.0578113012015819,0.0,9.5367431640625e-07,9.5367431640625e-07,0.0006656646728515,9.5367431640625e-07,-0.7274036407470703
axis_recursive__v2010__B2|2395,211010,12.84352970123291,1.434798240661621,1.6596307754516602,0.3505229949951172,0.6774388402295379,0.0,0.0,0.0580145567655563,0.0,9.5367431640625e-07,9.5367431640625e-07,0.0006656646728515,9.5367431640625e-07,-1.084275245666504
axis_recursive__v2010__B2|2395,211011,12.84352970123291,1.4580259323120115,1.682760238647461,0.5623512268066406,0.7556629417094534,0.0,0.0,0.0575398653745651,0.0,9.5367431640625e-07,9.5367431640625e-07,0.0006656646728515,9.5367431640625e-07,-0.8956747055053709
axis_recursive__v2010__B2|2395,211012,12.84352970123291,1.578557014465332,1.803205490112305,0.9780492782592772,0.6895197825430383,0.0,0.0,0.0580005049705505,0.0,9.5367431640625e-07,9.5367431640625e-07,0.0006656646728515,9.5367431640625e-07,-0.6005077362060548
axis_recursive__v2010__B2|2395,211013,12.84352970123291,0.9432773590087892,1.16845703125,0.4686384201049804,0.6052552099063727,0.0,0.0,0.0582011267542839,0.0,9.5367431640625e-07,9.5367431640625e-07,0.0006656646728515,9.5367431640625e-07,-0.47463893890380876
axis_recursive__v2010__B2|2395,211014,12.84352970123291,0.8014125823974609,1.0258731842041016,1.2059850692749023,0.7009966777408637,0.0,0.0,0.0578830763697624,0.0,9.5367431640625e-07,9.5367431640625e-07,0.0006656646728515,9.5367431640625e-07,0.4045724868774414
axis_recursive__v2010__B2|2395,211015,12.84352970123291,0.8421764373779297,1.066676139831543,0.2205362319946289,0.6890667472062821,0.0,0.0,0.0582092404365539,0.0,9.5367431640625e-07,9.5367431640625e-07,0.0006656646728515,9.5367431640625e-07,-0.6216402053833008
axis_recursive__v2010__B2|2395,211016,12.84352970123291,1.1616716384887695,1.386312484741211,0.4133424758911133,0.5783751132588343,0.0,0.0,0.0588263124227523,0.0,9.5367431640625e-07,9.5367431640625e-07,0.0006656646728515,9.5367431640625e-07,-0.7483291625976562
axis_recursive__v2010__B2|2395,211017,12.84352970123291,1.2888050079345703,1.5132246017456057,0.051222801208496,0.7153427967381455,0.0,0.0,0.057486493140459,0.0,9.5367431640625e-07,9.5367431640625e-07,0.0006656646728515,9.5367431640625e-07,-1.2375822067260742
axis_recursive__v2010__B2|2395,211018,12.84352970123291,1.322493553161621,1.5471229553222656,0.5861482620239258,0.7227423739051646,0.0,0.0,0.0571846961975097,0.0,9.5367431640625e-07,9.5367431640625e-07,0.0006656646728515,9.5367431640625e-07,-0.7363452911376953
axis_recursive__v2010__B2|2395,211019,12.84352970123291,1.3629398345947266,1.5879745483398438,0.1853570938110351,0.6354575656901239,0.0,0.0,0.057929053902626,0.0,9.5367431640625e-07,9.5367431640625e-07,0.0006656646728515,9.5367431640625e-07,-1.1775827407836914
axis_recursive__v2010__B2|2395,211020,12.84352970123291,0.2812919616699219,0.5053691864013672,0.1449232101440429,0.4617940199335548,0.0,0.0,0.0575871728360652,0.0,9.5367431640625e-07,9.5367431640625e-07,0.0006656646728515,9.5367431640625e-07,-0.13636875152587896
axis_recursive__v2010__B2|627,211001,8.109925270080566,3.0823984146118164,1.881300926208496,4.473002433776856,0.2145877378435517,0.0,0.0,0.079901710152626,0.0,1.9073486328125e-06,1.9073486328125e-06,0.0019254684448242,1.9073486328125e-06,1.39060401916504
axis_recursive__v2010__B2|627,211002,8.109925270080566,1.859479904174805,3.104100227355957,2.5778684616088867,0.259589247961341,0.0,0.0,0.0813641622662544,0.0,1.9073486328125e-06,1.9073486328125e-06,0.0019254684448242,1.9073486328125e-06,0.7183885574340818
axis_recursive__v2010__B2|627,211003,8.109925270080566,3.1561994552612305,1.8074359893798828,4.355873107910156,0.2009966777408638,0.0,0.0,0.0791312381625175,0.0,1.9073486328125e-06,1.9073486328125e-06,0.0019254684448242,1.9073486328125e-06,1.1996736526489258
axis_recursive__v2010__B2|627,211004,8.109925270080566,2.1511754989624023,2.812501907348633,4.961838722229004,0.4057686499546965,0.0,0.0,0.0802222937345504,0.0,1.9073486328125e-06,1.9073486328125e-06,0.0019254684448242,1.9073486328125e-06,2.8106632232666016
axis_recursive__v2010__B2|627,211005,8.109925270080566,1.8973073959350584,3.0661630630493164,5.16329288482666,0.3414376321353065,0.0,0.0,0.0805004760622978,0.0,1.9073486328125e-06,1.9073486328125e-06,0.0019254684448242,1.9073486328125e-06,3.2659854888916016
axis_recursive__v2010__B2|627,211006,8.109925270080566,1.808527946472168,3.155202865600586,4.266537666320801,0.2712171549380852,0.0,0.0,0.0803910195827484,0.0,1.9073486328125e-06,1.9073486328125e-06,0.0019254684448242,1.9073486328125e-06,2.458009719848633
axis_recursive__v2010__B2|627,211007,8.109925270080566,2.589846611022949,2.373629570007324,2.8658838272094727,0.3177287828450619,0.0,0.0,0.0800212770700454,0.0,1.9073486328125e-06,1.9073486328125e-06,0.0019254684448242,1.9073486328125e-06,0.27603721618652344
axis_recursive__v2010__B2|627,211008,8.109925270080566,2.198197364807129,2.7657289505004883,3.617030143737793,0.2358803986710963,0.0,0.0,0.0801741108298301,0.0,1.9073486328125e-06,1.9073486328125e-06,0.0019254684448242,1.9073486328125e-06,1.418832778930664
axis_recursive__v2010__B2|627,211009,8.109925270080566,2.6401138305664062,2.323277473449707,4.925104141235352,0.254605859257022,0.0,0.0,0.0808691009879112,0.0,1.9073486328125e-06,1.9073486328125e-06,0.0019254684448242,1.9073486328125e-06,2.2849903106689453
axis_recursive__v2010__B2|627,211010,8.109925270080566,3.03564453125,1.9278907775878904,4.683811187744141,0.1004228329809725,0.0,0.0,0.080857515335083,0.0,1.9073486328125e-06,1.9073486328125e-06,0.0019254684448242,1.9073486328125e-06,1.6481666564941406
axis_recursive__v2010__B2|627,211011,8.109925270080566,1.6778879165649414,3.2852725982666016,5.357456207275391,0.1985804892781636,0.0,0.0,0.0806109681725502,0.0,1.9073486328125e-06,1.9073486328125e-06,0.0019254684448242,1.9073486328125e-06,3.679568290710449
axis_recursive__v2010__B2|627,211012,8.109925270080566,0.6552085876464844,4.308260917663574,4.599409103393555,0.3065539112050739,0.0,0.0,0.0811773091554641,0.0,1.9073486328125e-06,1.9073486328125e-06,0.0019254684448242,1.9073486328125e-06,3.9442005157470703
axis_recursive__v2010__B2|627,211013,8.109925270080566,3.497866630554199,1.4662494659423828,4.90683650970459,0.2541528239202658,0.0,0.0,0.0797857940196991,0.0,1.9073486328125e-06,1.9073486328125e-06,0.0019254684448242,1.9073486328125e-06,1.4089698791503906
axis_recursive__v2010__B2|627,211014,8.109925270080566,2.786346435546875,2.1773576736450195,3.1075735092163086,0.2413168227121715,0.0,0.0,0.08054980635643,0.0,1.9073486328125e-06,1.9073486328125e-06,0.0019254684448242,1.9073486328125e-06,0.3212270736694336
axis_recursive__v2010__B2|627,211015,8.109925270080566,2.9111433029174805,2.0519704818725586,2.3155689239501958,0.1682271217154937,0.0,0.0,0.0813706740736961,0.0,1.9073486328125e-06,1.9073486328125e-06,0.0019254684448242,1.9073486328125e-06,-0.5955743789672847
axis_recursive__v2010__B2|627,211016,8.109925270080566,2.1094045639038086,2.853926658630371,3.6784067153930655,0.2385986106916339,0.0,0.0,0.0816794857382774,0.0,1.9073486328125e-06,1.9073486328125e-06,0.0019254684448242,1.9073486328125e-06,1.569002151489257
axis_recursive__v2010__B2|627,211017,8.109925270080566,2.670856475830078,2.292569160461426,4.347670555114746,0.2763515554213229,0.0,0.0,0.0805863142013549,0.0,1.9073486328125e-06,1.9073486328125e-06,0.0019254684448242,1.9073486328125e-06,1.676814079284668
axis_recursive__v2010__B2|627,211018,8.109925270080566,2.21466064453125,2.749030113220215,4.495949745178223,0.3668076109936575,0.0,0.0,0.0788297057151794,0.0,1.9073486328125e-06,1.9073486328125e-06,0.0019254684448242,1.9073486328125e-06,2.2812891006469727
axis_recursive__v2010__B2|627,211019,8.109925270080566,2.3693628311157227,2.594358444213867,5.261142730712891,0.2925098157656297,0.0,0.0,0.0809284970164299,0.0,1.9073486328125e-06,1.9073486328125e-06,0.0019254684448242,1.9073486328125e-06,2.891779899597168
axis_recursive__v2010__B2|627,211020,8.109925270080566,2.157421112060547,2.80594539642334,3.471944808959961,0.1504077318030806,0.0,0.0,0.0809393897652626,0.0,1.9073486328125e-06,1.9073486328125e-06,0.0019254684448242,1.9073486328125e-06,1.314523696899414
axis_recursive__v2010__B2|1782,211001,11.588370323181152,0.2318744659423828,1.2445764541625977,1.8511228561401367,0.3175777710661431,0.0,0.0,0.075242131948471,0.0,0.0,0.0,0.0040178298950195,0.0,1.619248390197754
axis_recursive__v2010__B2|1782,211002,11.588370323181152,0.4213838577270508,1.8978281021118164,0.3326034545898437,0.4785563273935366,0.0,0.0,0.0750521048903465,0.0,0.0,0.0,0.0040178298950195,0.0,-0.08878040313720709
axis_recursive__v2010__B2|1782,211003,11.588370323181152,0.2419290542602539,1.2344589233398438,1.2614727020263672,0.3492902446390818,0.0,0.0,0.0748524144291877,0.0,0.0,0.0,0.0040178298950195,0.0,1.0195436477661133
axis_recursive__v2010__B2|1782,211004,11.588370323181152,0.0163755416870117,1.4927959442138672,1.258626937866211,0.4793113862881304,0.0,0.0,0.0748852789402008,0.0,0.0,0.0,0.0040178298950195,0.0,1.2422513961791992
axis_recursive__v2010__B2|1782,211005,11.588370323181152,0.1375360488891601,1.338876724243164,1.554579734802246,0.3992751434611899,0.0,0.0,0.0759292170405387,0.0,0.0,0.0,0.0040178298950195,0.0,1.417043685913086
axis_recursive__v2010__B2|1782,211006,11.588370323181152,0.2276325225830078,1.2487878799438477,1.7729005813598633,0.3748112352763515,0.0,0.0,0.0759180635213851,0.0,0.0,0.0,0.0040178298950195,0.0,1.5452680587768555
axis_recursive__v2010__B2|1782,211007,11.588370323181152,0.9088907241821288,0.5675687789916992,1.4557762145996094,0.3210510419812745,0.0,0.0,0.0755041539669036,0.0,0.0,0.0,0.0040178298950195,0.0,0.5468854904174806
axis_recursive__v2010__B2|1782,211008,11.588370323181152,0.2671585083007812,1.7436285018920898,0.5195951461791992,0.3239202657807308,0.0,0.0,0.0748408362269401,0.0,0.0,0.0,0.0040178298950195,0.0,0.252436637878418
axis_recursive__v2010__B2|1782,211009,11.588370323181152,0.4164247512817383,1.8928470611572263,1.4362764358520508,0.3986710963455149,0.0,0.0,0.0750147625803947,0.0,0.0,0.0,0.0040178298950195,0.0,1.0198516845703125
axis_recursive__v2010__B2|1782,211010,11.588370323181152,0.3733434677124023,1.1030950546264648,1.5812978744506836,0.313349441256418,0.0,0.0,0.0758672058582305,0.0,0.0,0.0,0.0040178298950195,0.0,1.2079544067382812
axis_recursive__v2010__B2|1782,211011,11.588370323181152,0.4134788513183594,1.8899059295654297,1.4543886184692385,0.4685895499848989,0.0,0.0,0.0748776495456695,0.0,0.0,0.0,0.0040178298950195,0.0,1.0409097671508791
axis_recursive__v2010__B2|1782,211012,11.588370323181152,0.3219661712646484,1.798415184020996,1.6751489639282229,0.3301117487163999,0.0,0.0,0.0758046209812164,0.0,0.0,0.0,0.0040178298950195,0.0,1.3531827926635744
axis_recursive__v2010__B2|1782,211013,11.588370323181152,0.3860836029052734,1.0903520584106443,1.1962270736694336,0.2177589852008456,0.0,0.0,0.0758404433727264,0.0,0.0,0.0,0.0040178298950195,0.0,0.8101434707641602
axis_recursive__v2010__B2|1782,211014,11.588370323181152,0.3240432739257812,1.152414321899414,1.4628725051879885,0.334340078526125,0.0,0.0,0.075442261993885,0.0,0.0,0.0,0.0040178298950195,0.0,1.1388292312622073
axis_recursive__v2010__B2|1782,211015,11.588370323181152,0.1845159530639648,1.2919197082519531,0.1549396514892578,0.3642404107520386,0.0,0.0,0.0760182812809944,0.0,0.0,0.0,0.0040178298950195,0.0,-0.029576301574706976
axis_recursive__v2010__B2|1782,211016,11.588370323181152,0.7948932647705078,0.6815900802612305,0.9012689590454102,0.4062216852914527,0.0,0.0,0.0776400491595268,0.0,0.0,0.0,0.0040178298950195,0.0,0.10637569427490234
axis_recursive__v2010__B2|1782,211017,11.588370323181152,0.4279394149780273,1.9043731689453125,1.353938102722168,0.4149803684687406,0.0,0.0,0.0751887038350105,0.0,0.0,0.0,0.0040178298950195,0.0,0.9259986877441406
axis_recursive__v2010__B2|1782,211018,11.588370323181152,0.34954833984375,1.8259706497192385,1.5295066833496094,0.4457867713681667,0.0,0.0,0.0734326541423797,0.0,0.0,0.0,0.0040178298950195,0.0,1.1799583435058594
axis_recursive__v2010__B2|1782,211019,11.588370323181152,0.3032484054565429,1.1732473373413086,1.2856216430664062,0.2911507097553609,0.0,0.0,0.0752352178096771,0.0,0.0,0.0,0.0040178298950195,0.0,0.9823732376098633
axis_recursive__v2010__B2|1782,211020,11.588370323181152,0.997051239013672,0.4794092178344726,0.8855676651000977,0.2897916037450921,0.0,0.0,0.0758142620325088,0.0,0.0,0.0,0.0040178298950195,0.0,-0.11148357391357433
axis_recursive__v2010__B3|5043,211001,13.60182762145996,0.90277099609375,1.3099336624145508,0.4512310028076172,0.5975536091815161,0.0,0.0,0.057276327162981,0.0,0.0,0.0,0.0012235641479492,0.0,-0.4515399932861328
axis_recursive__v2010__B3|5043,211002,13.60182762145996,1.2146568298339844,1.6214885711669922,0.8066415786743164,0.582150407731803,0.0,0.0,0.0574046038091182,0.0,0.0,0.0,0.0012235641479492,0.0,-0.40801525115966797
axis_recursive__v2010__B3|5043,211003,13.60182762145996,1.014972686767578,1.4223814010620115,0.6883640289306641,0.5696164300815464,0.0,0.0,0.0575875304639339,0.0,0.0,0.0,0.0012235641479492,0.0,-0.32660865783691384
axis_recursive__v2010__B3|5043,211004,13.60182762145996,1.6553592681884766,2.0627031326293945,0.8070755004882812,0.6449713077620055,0.0,0.0,0.0570640116930007,0.0,0.0,0.0,0.0012235641479492,0.0,-0.8482837677001953
axis_recursive__v2010__B3|5043,211005,13.60182762145996,1.289506912231445,1.6968460083007812,0.3397178649902344,0.5354877680459076,0.0,0.0,0.0586318634450435,0.0,0.0,0.0,0.0012235641479492,0.0,-0.9497890472412107
axis_recursive__v2010__B3|5043,211006,13.60182762145996,1.2125835418701172,1.620025634765625,0.1857233047485351,0.6025369978858351,0.0,0.0,0.058087944984436,0.0,0.0,0.0,0.0012235641479492,0.0,-1.026860237121582
axis_recursive__v2010__B3|5043,211007,13.60182762145996,1.1445236206054688,1.5520095825195312,0.5288562774658203,0.606312292358804,0.0,0.0,0.0571862645447254,0.0,0.0,0.0,0.0012235641479492,0.0,-0.6156673431396484
axis_recursive__v2010__B3|5043,211008,13.60182762145996,1.0416259765625,1.449140548706055,1.2722454071044922,0.5394140742977952,0.0,0.0,0.0582331791520118,0.0,0.0,0.0,0.0012235641479492,0.0,0.2306194305419922
axis_recursive__v2010__B3|5043,211009,13.60182762145996,1.1553850173950195,1.5628061294555664,0.1068248748779296,0.6498036846874056,0.0,0.0,0.0575278922915458,0.0,0.0,0.0,0.0012235641479492,0.0,-1.0485601425170898
axis_recursive__v2010__B3|5043,211010,13.60182762145996,1.1429529190063477,1.5497322082519531,0.869755744934082,0.5881908788885533,0.0,0.0,0.0574222989380359,0.0,0.0,0.0,0.0012235641479492,0.0,-0.2731971740722656
axis_recursive__v2010__B3|5043,211011,13.60182762145996,1.337153434753418,1.7442007064819336,0.4137697219848633,0.5774690425853216,0.0,0.0,0.0560559369623661,0.0,0.0,0.0,0.0012235641479492,0.0,-0.9233837127685547
axis_recursive__v2010__B3|5043,211012,13.60182762145996,1.5126323699951172,1.919398307800293,0.6707258224487305,0.6106916339474479,0.0,0.0,0.0577231980860233,0.0,0.0,0.0,0.0012235641479492,0.0,-0.8419065475463867
axis_recursive__v2010__B3|5043,211013,13.60182762145996,0.7054243087768555,1.112651824951172,0.4000234603881836,0.5696164300815464,0.0,0.0,0.0581744275987148,0.0,0.0,0.0,0.0012235641479492,0.0,-0.3054008483886719
axis_recursive__v2010__B3|5043,211014,13.60182762145996,1.3023977279663086,1.709752082824707,1.091705322265625,0.4397463002114165,0.0,0.0,0.0571700669825077,0.0,0.0,0.0,0.0012235641479492,0.0,-0.2106924057006836
axis_recursive__v2010__B3|5043,211015,13.60182762145996,1.2473134994506836,1.6546220779418943,0.3550519943237304,0.543793415886439,0.0,0.0,0.05778244510293,0.0,0.0,0.0,0.0012235641479492,0.0,-0.8922615051269531
axis_recursive__v2010__B3|5043,211016,13.60182762145996,1.3342132568359375,1.7413225173950195,0.547846794128418,0.6082754454847478,0.0,0.0,0.0590662285685539,0.0,0.0,0.0,0.0012235641479492,0.0,-0.7863664627075195
axis_recursive__v2010__B3|5043,211017,13.60182762145996,0.9279937744140624,1.3353595733642578,0.4509897232055664,0.6109936575052854,0.0,0.0,0.057690680027008,0.0,0.0,0.0,0.0012235641479492,0.0,-0.477004051208496
axis_recursive__v2010__B3|5043,211018,13.60182762145996,1.3606948852539062,1.7680587768554688,0.0192222595214843,0.622923588039867,0.0,0.0,0.0561481080949306,0.0,0.0,0.0,0.0012235641479492,0.0,-1.3414726257324219
axis_recursive__v2010__B3|5043,211019,13.60182762145996,1.1674203872680664,1.5745487213134766,0.7615604400634766,0.5869827846572032,0.0,0.0,0.0574289411306381,0.0,0.0,0.0,0.0012235641479492,0.0,-0.40585994720458984
axis_recursive__v2010__B3|5043,211020,13.60182762145996,1.3428716659545898,1.7497310638427734,0.2470808029174804,0.6170341286620357,0.0,0.0,0.0570057705044746,0.0,0.0,0.0,0.0012235641479492,0.0,-1.0957908630371094
axis_recursive__v2010__B3|4310,211001,9.01296615600586,3.185810089111328,1.008340835571289,3.846233367919922,0.1623376623376623,0.0,0.0,0.055885761976242,0.0,9.5367431640625e-07,9.5367431640625e-07,0.0004825592041015,9.5367431640625e-07,0.6604232788085938
axis_recursive__v2010__B3|4310,211002,9.01296615600586,0.229222297668457,4.423544883728027,3.2679452896118164,0.2283298097251586,0.0,0.0,0.0566408708691597,0.0,9.5367431640625e-07,9.5367431640625e-07,0.0004825592041015,9.5367431640625e-07,3.0387229919433594
axis_recursive__v2010__B3|4310,211003,9.01296615600586,3.1401662826538086,1.0548200607299805,5.751219749450684,0.1747206282090003,0.0,0.0,0.0547734685242176,0.0,9.5367431640625e-07,9.5367431640625e-07,0.0004825592041015,9.5367431640625e-07,2.611053466796875
axis_recursive__v2010__B3|4310,211004,9.01296615600586,2.7315073013305664,1.462998390197754,5.264186859130859,0.2401087284808215,0.0,0.0,0.0568152777850627,0.0,9.5367431640625e-07,9.5367431640625e-07,0.0004825592041015,9.5367431640625e-07,2.532679557800293
axis_recursive__v2010__B3|4310,211005,9.01296615600586,3.18228530883789,1.0116853713989258,4.347062110900879,0.1128057988523104,0.0,0.0,0.0605450645089149,0.0,9.5367431640625e-07,9.5367431640625e-07,0.0004825592041015,9.5367431640625e-07,1.1647768020629887
axis_recursive__v2010__B3|4310,211006,9.01296615600586,1.089148998260498,5.283353805541992,4.007118225097656,0.2225913621262458,0.0,0.0,0.0592966973781585,0.0,9.5367431640625e-07,9.5367431640625e-07,0.0004825592041015,9.5367431640625e-07,2.917969226837158
axis_recursive__v2010__B3|4310,211007,9.01296615600586,0.4786396026611328,4.673549652099609,0.0320701599121093,0.1236786469344609,0.0,0.0,0.0575934648513793,0.0,9.5367431640625e-07,9.5367431640625e-07,0.0004825592041015,9.5367431640625e-07,-0.4465694427490235
axis_recursive__v2010__B3|4310,211008,9.01296615600586,0.9507160186767578,5.144975662231445,2.783479690551758,0.2671398369072787,0.0,0.0,0.0587780587375164,0.0,9.5367431640625e-07,9.5367431640625e-07,0.0004825592041015,9.5367431640625e-07,1.832763671875
axis_recursive__v2010__B3|4310,211009,9.01296615600586,0.260049819946289,4.453948974609375,5.347202301025391,0.1967683479311386,0.0,0.0,0.0591281205415725,0.0,9.5367431640625e-07,9.5367431640625e-07,0.0004825592041015,9.5367431640625e-07,5.087152481079102
axis_recursive__v2010__B3|4310,211010,9.01296615600586,0.2819681167602539,4.476559638977051,4.98089599609375,0.194654183026276,0.0,0.0,0.0555036626756191,0.0,9.5367431640625e-07,9.5367431640625e-07,0.0004825592041015,9.5367431640625e-07,4.698927879333496
axis_recursive__v2010__B3|4310,211011,9.01296615600586,0.0490083694458007,4.243097305297852,3.669100761413574,0.1224705527031108,0.0,0.0,0.0560935921967029,0.0,9.5367431640625e-07,9.5367431640625e-07,0.0004825592041015,9.5367431640625e-07,3.6200923919677734
axis_recursive__v2010__B3|4310,211012,9.01296615600586,1.0178327560424805,5.212032318115234,3.801619529724121,0.2659317426759287,0.0,0.0,0.0573206841945648,0.0,9.5367431640625e-07,9.5367431640625e-07,0.0004825592041015,9.5367431640625e-07,2.7837867736816406
axis_recursive__v2010__B3|4310,211013,9.01296615600586,3.0656213760375977,1.1286897659301758,4.62033748626709,0.1928420416792509,0.0,0.0,0.0578631497919559,0.0,9.5367431640625e-07,9.5367431640625e-07,0.0004825592041015,9.5367431640625e-07,1.5547161102294922
axis_recursive__v2010__B3|4310,211014,9.01296615600586,3.2548418045043945,0.9401187896728516,1.215900421142578,0.1322863183328299,0.0,0.0,0.0555303655564785,0.0,9.5367431640625e-07,9.5367431640625e-07,0.0004825592041015,9.5367431640625e-07,-2.0389413833618164
axis_recursive__v2010__B3|4310,211015,9.01296615600586,2.945384979248047,1.248957633972168,2.7558183670043945,0.1948051948051948,0.0,0.0,0.0566681697964668,0.0,9.5367431640625e-07,9.5367431640625e-07,0.0004825592041015,9.5367431640625e-07,-0.18956661224365234
axis_recursive__v2010__B3|4310,211016,9.01296615600586,0.8312444686889648,5.025960922241211,3.596261978149414,0.2111144669284204,0.0,0.0,0.0587995275855064,0.0,9.5367431640625e-07,9.5367431640625e-07,0.0004825592041015,9.5367431640625e-07,2.765017509460449
axis_recursive__v2010__B3|4310,211017,9.01296615600586,3.071049690246582,1.123430252075195,3.2141265869140625,0.1448202959830866,0.0,0.0,0.0567816905677318,0.0,9.5367431640625e-07,9.5367431640625e-07,0.0004825592041015,9.5367431640625e-07,0.14307689666748047
axis_recursive__v2010__B3|4310,211018,9.01296615600586,2.970653533935547,1.2244243621826172,4.0961198806762695,0.2648746602234974,0.0,0.0,0.0542442053556442,0.0,9.5367431640625e-07,9.5367431640625e-07,0.0004825592041015,9.5367431640625e-07,1.1254663467407227
axis_recursive__v2010__B3|4310,211019,9.01296615600586,2.9042625427246094,1.2900514602661133,4.577756881713867,0.1664149803684687,0.0,0.0,0.0563566051423549,0.0,9.5367431640625e-07,9.5367431640625e-07,0.0004825592041015,9.5367431640625e-07,1.6734943389892578
axis_recursive__v2010__B3|4310,211020,9.01296615600586,0.1195583343505859,4.314043045043945,3.7447662353515625,0.1532769556025369,0.0,0.0,0.0556516833603382,0.0,9.5367431640625e-07,9.5367431640625e-07,0.0004825592041015,9.5367431640625e-07,3.6252079010009766
axis_recursive__v2010__B3|5005,211001,15.96520709991455,1.4648075103759766,1.303065299987793,2.9852724075317383,0.239806704922984,0.0,0.0,0.0577836371958255,0.0,0.0,0.0,0.0003786087036132,0.0,1.5204648971557617
axis_recursive__v2010__B3|5005,211002,15.96520709991455,1.874664306640625,0.893218994140625,1.4335355758666992,0.2041679250981576,0.0,0.0,0.053511694073677,0.0,0.0,0.0,0.0003786087036132,0.0,-0.4411287307739258
axis_recursive__v2010__B3|5005,211003,15.96520709991455,1.360672950744629,1.407196044921875,3.231062889099121,0.2000906070673512,0.0,0.0,0.0564110092818737,0.0,0.0,0.0,0.0003786087036132,0.0,1.8703899383544922
axis_recursive__v2010__B3|5005,211004,15.96520709991455,0.1099443435668945,2.877739906311035,3.046942710876465,0.4015403201449712,0.0,0.0,0.0484099350869655,0.0,0.0,0.0,0.0003786087036132,0.0,2.9369983673095703
axis_recursive__v2010__B3|5005,211005,15.96520709991455,0.8555669784545898,1.9123010635375977,2.3254470825195312,0.2339172455451525,0.0,0.0,0.0597185008227825,0.0,0.0,0.0,0.0003786087036132,0.0,1.4698801040649414
axis_recursive__v2010__B3|5005,211006,15.96520709991455,1.1265668869018557,1.641305923461914,2.294780731201172,0.2425249169435215,0.0,0.0,0.0540813393890857,0.0,0.0,0.0,0.0003786087036132,0.0,1.1682138442993162
axis_recursive__v2010__B3|5005,211007,15.96520709991455,1.4301223754882812,1.3377838134765625,1.8560237884521484,0.1516158260344307,0.0,0.0,0.0542888045310974,0.0,0.0,0.0,0.0003786087036132,0.0,0.4259014129638672
axis_recursive__v2010__B3|5005,211008,15.96520709991455,2.205540657043457,0.5623388290405273,2.411402702331543,0.1676230745998188,0.0,0.0,0.0562755353748798,0.0,0.0,0.0,0.0003786087036132,0.0,0.20586204528808594
axis_recursive__v2010__B3|5005,211009,15.96520709991455,0.3553075790405273,2.412565231323242,2.6759395599365234,0.3116883116883117,0.0,0.0,0.0543011091649532,0.0,0.0,0.0,0.0003786087036132,0.0,2.320631980895996
axis_recursive__v2010__B3|5005,211010,15.96520709991455,1.6120357513427734,1.1558256149291992,3.178767204284668,0.0912111144669284,0.0,0.0,0.0516658872365951,0.0,0.0,0.0,0.0003786087036132,0.0,1.5667314529418945
axis_recursive__v2010__B3|5005,211011,15.96520709991455,0.8613977432250977,1.906475067138672,2.580851554870605,0.2482633645424343,0.0,0.0,0.0552237443625927,0.0,0.0,0.0,0.0003786087036132,0.0,1.7194538116455074
axis_recursive__v2010__B3|5005,211012,15.96520709991455,0.0128211975097656,2.7806882858276367,2.425320625305176,0.2579281183932346,0.0,0.0,0.0521767549216747,0.0,0.0,0.0,0.0003786087036132,0.0,2.41249942779541
axis_recursive__v2010__B3|5005,211013,15.96520709991455,2.0502519607543945,0.7176198959350586,2.356658935546875,0.2207792207792208,0.0,0.0,0.0572792999446392,0.0,0.0,0.0,0.0003786087036132,0.0,0.30640697479248047
axis_recursive__v2010__B3|5005,211014,15.96520709991455,0.8572263717651367,1.910634994506836,1.4876928329467771,0.1292660827544548,0.0,0.0,0.0533897280693054,0.0,0.0,0.0,0.0003786087036132,0.0,0.6304664611816404
axis_recursive__v2010__B3|5005,211015,15.96520709991455,0.7462348937988281,2.0216236114501958,0.929011344909668,0.1834793113862881,0.0,0.0,0.0536837726831436,0.0,0.0,0.0,0.0003786087036132,0.0,0.18277645111083984
axis_recursive__v2010__B3|5005,211016,15.96520709991455,0.5658998489379883,2.201970100402832,2.6699323654174805,0.1964663243733011,0.0,0.0,0.0574025101959705,0.0,0.0,0.0,0.0003786087036132,0.0,2.104032516479492
axis_recursive__v2010__B3|5005,211017,15.96520709991455,0.8330926895141602,1.9347753524780276,1.948934555053711,0.2786167321051042,0.0,0.0,0.0582714565098285,0.0,0.0,0.0,0.0003786087036132,0.0,1.1158418655395508
axis_recursive__v2010__B3|5005,211018,15.96520709991455,0.3310537338256836,2.436774253845215,2.11171817779541,0.3633343400785261,0.0,0.0,0.0485195964574813,0.0,0.0,0.0,0.0003786087036132,0.0,1.7806644439697266
axis_recursive__v2010__B3|5005,211019,15.96520709991455,0.7155675888061523,2.052305221557617,2.7159318923950195,0.3172757475083056,0.0,0.0,0.0524172037839889,0.0,0.0,0.0,0.0003786087036132,0.0,2.000364303588867
axis_recursive__v2010__B3|5005,211020,15.96520709991455,0.7510395050048828,2.016817092895508,1.5841732025146484,0.274388402295379,0.0,0.0,0.0529822222888469,0.0,0.0,0.0,0.0003786087036132,0.0,0.8331336975097656
axis_recursive__v2010__B4|944,211001,7.4842939376831055,4.419713020324707,1.1697654724121094,5.894950866699219,0.1111446692842041,0.0,0.0,0.1048023998737335,0.0,9.5367431640625e-07,9.5367431640625e-07,0.0087723731994628,9.5367431640625e-07,1.4752378463745117
axis_recursive__v2010__B4|944,211002,7.4842939376831055,1.0616340637207031,4.527389526367188,3.6292295455932617,0.2105104198127454,0.0,0.0,0.1071886047720909,0.0,9.5367431640625e-07,9.5367431640625e-07,0.0087723731994628,9.5367431640625e-07,2.5675954818725586
axis_recursive__v2010__B4|944,211003,7.4842939376831055,4.607439994812012,0.9816932678222656,5.254279136657715,0.2318030806402899,0.0,0.0,0.104296751320362,0.0,9.5367431640625e-07,9.5367431640625e-07,0.0087723731994628,9.5367431640625e-07,0.6468391418457031
axis_recursive__v2010__B4|944,211004,7.4842939376831055,0.3559303283691406,5.945391654968262,5.06131649017334,0.2592872244035035,0.0,0.0,0.1073081418871879,0.0,9.5367431640625e-07,9.5367431640625e-07,0.0087723731994628,9.5367431640625e-07,4.705386161804199
axis_recursive__v2010__B4|944,211005,7.4842939376831055,3.804744720458984,1.7842540740966797,5.598748207092285,0.1857444880700694,0.0,0.0,0.1079374775290489,0.0,9.5367431640625e-07,9.5367431640625e-07,0.0087723731994628,9.5367431640625e-07,1.7940034866333012
axis_recursive__v2010__B4|944,211006,7.4842939376831055,1.0909452438354492,4.498126029968262,6.227521896362305,0.2739353669586228,0.0,0.0,0.1083305031061172,0.0,9.5367431640625e-07,9.5367431640625e-07,0.0087723731994628,9.5367431640625e-07,5.1365766525268555
axis_recursive__v2010__B4|944,211007,7.4842939376831055,0.5546789169311523,5.034687042236328,1.1165790557861328,0.2846572032618544,0.0,0.0,0.1055332869291305,0.0,9.5367431640625e-07,9.5367431640625e-07,0.0087723731994628,9.5367431640625e-07,0.5619001388549805
axis_recursive__v2010__B4|944,211008,7.4842939376831055,1.0247802734375,4.564335823059082,4.836114883422852,0.3279975838115372,0.0,0.0,0.1087763607501983,0.0,9.5367431640625e-07,9.5367431640625e-07,0.0087723731994628,9.5367431640625e-07,3.8113346099853516
axis_recursive__v2010__B4|944,211009,7.4842939376831055,0.1017570495605468,5.487279891967773,5.034685134887695,0.2789187556629417,0.0,0.0,0.1083792820572853,0.0,9.5367431640625e-07,9.5367431640625e-07,0.0087723731994628,9.5367431640625e-07,4.932928085327148
axis_recursive__v2010__B4|944,211010,7.4842939376831055,1.1727867126464844,4.416280746459961,5.289816856384277,0.3125943823618242,0.0,0.0,0.108574777841568,0.0,9.5367431640625e-07,9.5367431640625e-07,0.0087723731994628,9.5367431640625e-07,4.117030143737793
axis_recursive__v2010__B4|944,211011,7.4842939376831055,0.0439057350158691,5.633075714111328,5.014691352844238,0.2746904258532165,0.0,0.0,0.1064858958125114,0.0,9.5367431640625e-07,9.5367431640625e-07,0.0087723731994628,9.5367431640625e-07,4.970785617828369
axis_recursive__v2010__B4|944,211012,7.4842939376831055,0.4539284706115722,6.043001174926758,5.677733421325684,0.2493204469948656,0.0,0.0,0.1084945276379585,0.0,9.5367431640625e-07,9.5367431640625e-07,0.0087723731994628,9.5367431640625e-07,5.223804950714111
axis_recursive__v2010__B4|944,211013,7.4842939376831055,4.832574844360352,0.7564811706542969,4.606960296630859,0.2201751736635457,0.0,0.0,0.1075764000415802,0.0,9.5367431640625e-07,9.5367431640625e-07,0.0087723731994628,9.5367431640625e-07,-0.2256145477294922
axis_recursive__v2010__B4|944,211014,7.4842939376831055,3.201070785522461,2.3879880905151367,2.07053279876709,0.3542736333434008,0.0,0.0,0.1076181009411811,0.0,9.5367431640625e-07,9.5367431640625e-07,0.0087723731994628,9.5367431640625e-07,-1.130537986755371
axis_recursive__v2010__B4|944,211015,7.4842939376831055,0.3107452392578125,5.278353691101074,3.8954553604125977,0.1858954998489882,0.0,0.0,0.1079999729990959,0.0,9.5367431640625e-07,9.5367431640625e-07,0.0087723731994628,9.5367431640625e-07,3.584710121154785
axis_recursive__v2010__B4|944,211016,7.4842939376831055,0.4355554580688476,5.153791427612305,5.108251571655273,0.2740863787375415,0.0,0.0,0.1084320172667503,0.0,9.5367431640625e-07,9.5367431640625e-07,0.0087723731994628,9.5367431640625e-07,4.672696113586426
axis_recursive__v2010__B4|944,211017,7.4842939376831055,3.061619758605957,2.5275278091430664,4.79591178894043,0.2293868921775898,0.0,0.0,0.1057596951723098,0.0,9.5367431640625e-07,9.5367431640625e-07,0.0087723731994628,9.5367431640625e-07,1.7342920303344727
axis_recursive__v2010__B4|944,211018,7.4842939376831055,0.2507791519165039,5.338412284851074,5.35935115814209,0.3397765025672002,0.0,0.0,0.1064532026648521,0.0,9.5367431640625e-07,9.5367431640625e-07,0.0087723731994628,9.5367431640625e-07,5.108572006225586
axis_recursive__v2010__B4|944,211019,7.4842939376831055,3.4385480880737305,2.1507387161254883,5.938593864440918,0.2681969193597101,0.0,0.0,0.1067845448851585,0.0,9.5367431640625e-07,9.5367431640625e-07,0.0087723731994628,9.5367431640625e-07,2.5000457763671875
axis_recursive__v2010__B4|944,211020,7.4842939376831055,0.9357242584228516,4.653542518615723,4.500055313110352,0.312745394140743,0.0,0.0,0.1048086583614349,0.0,9.5367431640625e-07,9.5367431640625e-07,0.0087723731994628,9.5367431640625e-07,3.5643310546875
axis_recursive__v2010__B4|2925,211001,8.89830493927002,2.626188278198242,1.5378437042236328,4.314179420471191,0.1970703714889761,0.0,0.0,0.2049449533224105,0.0,9.5367431640625e-07,9.5367431640625e-07,0.0530252456665039,9.5367431640625e-07,1.6879911422729492
axis_recursive__v2010__B4|2925,211002,8.89830493927002,1.316784381866455,5.475406646728516,3.0598907470703125,0.2730292962851102,0.0,0.0,0.2184637784957885,0.0,9.5367431640625e-07,9.5367431640625e-07,0.0530252456665039,9.5367431640625e-07,1.7431063652038574
axis_recursive__v2010__B4|2925,211003,8.89830493927002,2.2800464630126958,1.8840198516845703,3.6744680404663086,0.2508305647840531,0.0,0.0,0.2072134166955948,0.0,9.5367431640625e-07,9.5367431640625e-07,0.0530252456665039,9.5367431640625e-07,1.3944215774536128
axis_recursive__v2010__B4|2925,211004,8.89830493927002,1.3894414901733398,5.553243637084961,3.501974105834961,0.307762005436424,0.0,0.0,0.2147032171487808,0.0,9.5367431640625e-07,9.5367431640625e-07,0.0530252456665039,9.5367431640625e-07,2.112532615661621
axis_recursive__v2010__B4|2925,211005,8.89830493927002,1.931126594543457,2.227999687194824,3.816617012023926,0.3036846874056176,0.0,0.0,0.2140761464834213,0.0,9.5367431640625e-07,9.5367431640625e-07,0.0530252456665039,9.5367431640625e-07,1.8854904174804688
axis_recursive__v2010__B4|2925,211006,8.89830493927002,1.1421265602111816,5.300711631774902,4.797286033630371,0.2700090607067351,0.0,0.0,0.2173566818237304,0.0,9.5367431640625e-07,9.5367431640625e-07,0.0530252456665039,9.5367431640625e-07,3.6551594734191895
axis_recursive__v2010__B4|2925,211007,8.89830493927002,0.9927048683166504,5.153241157531738,0.3033103942871094,0.3506493506493506,0.0,0.0,0.2145815342664718,0.0,9.5367431640625e-07,9.5367431640625e-07,0.0530252456665039,9.5367431640625e-07,-0.689394474029541
axis_recursive__v2010__B4|2925,211008,8.89830493927002,0.3674964904785156,4.526957511901856,3.951239585876465,0.2093023255813953,0.0,0.0,0.2170861363410949,0.0,9.5367431640625e-07,9.5367431640625e-07,0.0530252456665039,9.5367431640625e-07,3.583743095397949
axis_recursive__v2010__B4|2925,211009,8.89830493927002,1.0573043823242188,5.216378211975098,3.383397102355957,0.3959528843249773,0.0,0.0,0.2213233411312103,0.0,9.5367431640625e-07,9.5367431640625e-07,0.0530252456665039,9.5367431640625e-07,2.3260927200317383
axis_recursive__v2010__B4|2925,211010,8.89830493927002,1.394383430480957,5.55152702331543,4.167497634887695,0.3091211114466928,0.0,0.0,0.217624545097351,0.0,9.5367431640625e-07,9.5367431640625e-07,0.0530252456665039,9.5367431640625e-07,2.7731142044067383
axis_recursive__v2010__B4|2925,211011,8.89830493927002,0.9874110221862792,5.14932918548584,2.9581241607666016,0.3230141951072183,0.0,0.0,0.2141040414571762,0.0,9.5367431640625e-07,9.5367431640625e-07,0.0530252456665039,9.5367431640625e-07,1.9707131385803223
axis_recursive__v2010__B4|2925,211012,8.89830493927002,1.6057701110839844,5.766696929931641,3.986692428588867,0.2334642102083962,0.0,0.0,0.2203386425971985,0.0,9.5367431640625e-07,9.5367431640625e-07,0.0530252456665039,9.5367431640625e-07,2.380922317504883
axis_recursive__v2010__B4|2925,211013,8.89830493927002,2.1603927612304688,2.001938819885254,2.832358360290528,0.3613711869525823,0.0,0.0,0.207870677113533,0.0,9.5367431640625e-07,9.5367431640625e-07,0.0530252456665039,9.5367431640625e-07,0.671965599060059
axis_recursive__v2010__B4|2925,211014,8.89830493927002,1.567133903503418,2.593317031860352,1.1519241333007812,0.3524614919963757,0.0,0.0,0.2139738500118255,0.0,9.5367431640625e-07,9.5367431640625e-07,0.0530252456665039,9.5367431640625e-07,-0.4152097702026367
axis_recursive__v2010__B4|2925,211015,8.89830493927002,1.4370594024658203,5.598742485046387,2.816873550415039,0.3808517064331018,0.0,0.0,0.2113702446222305,0.0,9.5367431640625e-07,9.5367431640625e-07,0.0530252456665039,9.5367431640625e-07,1.3798141479492188
axis_recursive__v2010__B4|2925,211016,8.89830493927002,1.4310574531555176,5.594378471374512,3.3921146392822266,0.2470552703110842,0.0,0.0,0.2164225280284881,0.0,9.5367431640625e-07,9.5367431640625e-07,0.0530252456665039,9.5367431640625e-07,1.961057186126709
axis_recursive__v2010__B4|2925,211017,8.89830493927002,1.8544130325317385,2.30752944946289,3.454518318176269,0.2402597402597402,0.0,0.0,0.2096751034259796,0.0,9.5367431640625e-07,9.5367431640625e-07,0.0530252456665039,9.5367431640625e-07,1.6001052856445306
axis_recursive__v2010__B4|2925,211018,8.89830493927002,1.0792922973632812,5.238382339477539,3.9665002822875977,0.3578979160374509,0.0,0.0,0.2181399315595626,0.0,9.5367431640625e-07,9.5367431640625e-07,0.0530252456665039,9.5367431640625e-07,2.8872079849243164
axis_recursive__v2010__B4|2925,211019,8.89830493927002,1.7668676376342771,2.39289665222168,5.187205314636231,0.3710359408033827,0.0,0.0,0.213189885020256,0.0,9.5367431640625e-07,9.5367431640625e-07,0.0530252456665039,9.5367431640625e-07,3.420337677001954
axis_recursive__v2010__B4|2925,211020,8.89830493927002,1.186976432800293,5.346978187561035,3.331683158874512,0.2828450619148293,0.0,0.0,0.2113071233034134,0.0,9.5367431640625e-07,9.5367431640625e-07,0.0530252456665039,9.5367431640625e-07,2.144706726074219
axis_recursive__v2010__B4|7752,211001,15.06761074066162,0.9715089797973632,1.027790069580078,2.086212158203125,0.3157656297191181,0.0,0.0,0.0643662363290786,0.0,0.0,0.0,0.0006332397460937,0.0,1.1147031784057617
axis_recursive__v2010__B4|7752,211002,15.06761074066162,1.1242904663085938,0.8750009536743164,0.2257070541381836,0.4537903956508607,0.0,0.0,0.066784881055355,0.0,0.0,0.0,0.0006332397460937,0.0,-0.8985834121704102
axis_recursive__v2010__B4|7752,211003,15.06761074066162,0.7847557067871094,1.214557647705078,2.158198356628418,0.3631833282996073,0.0,0.0,0.0641165003180503,0.0,0.0,0.0,0.0006332397460937,0.0,1.3734426498413086
axis_recursive__v2010__B4|7752,211004,15.06761074066162,0.4764471054077148,2.475926399230957,1.4988555908203125,0.4699486559951676,0.0,0.0,0.0637279376387596,0.0,0.0,0.0,0.0006332397460937,0.0,1.0224084854125977
axis_recursive__v2010__B4|7752,211005,15.06761074066162,0.466649055480957,2.466022491455078,1.5793390274047852,0.4352159468438538,0.0,0.0,0.0650771930813789,0.0,0.0,0.0,0.0006332397460937,0.0,1.1126899719238281
axis_recursive__v2010__B4|7752,211006,15.06761074066162,0.8327503204345703,1.1666059494018557,1.3898792266845703,0.3539716097855632,0.0,0.0,0.0677157267928123,0.0,0.0,0.0,0.0006332397460937,0.0,0.55712890625
axis_recursive__v2010__B4|7752,211007,15.06761074066162,0.8493385314941406,1.150099754333496,3.2515363693237305,0.3415886439142253,0.0,0.0,0.0656114444136619,0.0,0.0,0.0,0.0006332397460937,0.0,2.40219783782959
axis_recursive__v2010__B4|7752,211008,15.06761074066162,0.6930818557739258,1.3061885833740234,1.5806608200073242,0.4352159468438538,0.0,0.0,0.0670274719595909,0.0,0.0,0.0,0.0006332397460937,0.0,0.8875789642333984
axis_recursive__v2010__B4|7752,211009,15.06761074066162,0.4439687728881836,2.443235397338867,1.7937688827514648,0.4421624886741166,0.0,0.0,0.0649838000535965,0.0,0.0,0.0,0.0006332397460937,0.0,1.3498001098632812
axis_recursive__v2010__B4|7752,211010,15.06761074066162,0.6511831283569336,1.3481512069702148,2.227285385131836,0.4628511023859861,0.0,0.0,0.0672935172915458,0.0,0.0,0.0,0.0006332397460937,0.0,1.5761022567749023
axis_recursive__v2010__B4|7752,211011,15.06761074066162,0.7053432464599609,2.704740524291992,1.710953712463379,0.4627000906070673,0.0,0.0,0.0628210678696632,0.0,0.0,0.0,0.0006332397460937,0.0,1.005610466003418
axis_recursive__v2010__B4|7752,211012,15.06761074066162,0.8186101913452148,2.817972183227539,1.9278020858764648,0.4700996677740864,0.0,0.0,0.0642115101218223,0.0,0.0,0.0,0.0006332397460937,0.0,1.10919189453125
axis_recursive__v2010__B4|7752,211013,15.06761074066162,0.5575942993164062,1.4417247772216797,1.6731033325195312,0.3971609785563273,0.0,0.0,0.0674318149685859,0.0,0.0,0.0,0.0006332397460937,0.0,1.115509033203125
axis_recursive__v2010__B4|7752,211014,15.06761074066162,1.0211420059204102,3.0205230712890625,3.1230363845825195,0.4693446088794926,0.0,0.0,0.0622718408703804,0.0,0.0,0.0,0.0006332397460937,0.0,2.1018943786621094
axis_recursive__v2010__B4|7752,211015,15.06761074066162,0.9687776565551758,2.968062400817871,0.5135097503662109,0.4398973119903352,0.0,0.0,0.0624367892742157,0.0,0.0,0.0,0.0006332397460937,0.0,-0.45526790618896484
axis_recursive__v2010__B4|7752,211016,15.06761074066162,0.9470624923706056,1.0523767471313477,1.5268983840942385,0.3390214436726064,0.0,0.0,0.0714699402451515,0.0,0.0,0.0,0.0006332397460937,0.0,0.5798358917236329
axis_recursive__v2010__B4|7752,211017,15.06761074066162,0.0095624923706054,1.989964485168457,1.6443767547607422,0.4497130776200543,0.0,0.0,0.0639737993478775,0.0,0.0,0.0,0.0006332397460937,0.0,1.6348142623901367
axis_recursive__v2010__B4|7752,211018,15.06761074066162,0.3074808120727539,2.3070287704467773,1.4165468215942385,0.4965267290848686,0.0,0.0,0.0604859106242656,0.0,0.0,0.0,0.0006332397460937,0.0,1.1090660095214846
axis_recursive__v2010__B4|7752,211019,15.06761074066162,0.4082517623901367,2.4075307846069336,1.613987922668457,0.4145273331319842,0.0,0.0,0.0622700043022632,0.0,0.0,0.0,0.0006332397460937,0.0,1.2057361602783203
axis_recursive__v2010__B4|7752,211020,15.06761074066162,1.0328397750854492,0.966486930847168,0.4593191146850586,0.4048625792811839,0.0,0.0,0.0628209337592125,0.0,0.0,0.0,0.0006332397460937,0.0,-0.5735206604003906
axis_recursive__v2020__B1|3289,211001,17.99327278137207,1.9346561431884768,1.7222023010253906,3.704147338867188,0.6138628813047418,0.0,0.0,0.2554339170455932,0.0,1.9073486328125e-06,1.9073486328125e-06,0.0042018890380859,1.9073486328125e-06,1.7694911956787112
axis_recursive__v2020__B1|3289,211002,17.99327278137207,1.5245475769042969,2.131189346313477,2.489107131958008,0.5351857444880701,0.0,0.0,0.2045209407806396,0.0,1.9073486328125e-06,1.9073486328125e-06,0.0042018890380859,1.9073486328125e-06,0.9645595550537109
axis_recursive__v2020__B1|3289,211003,17.99327278137207,2.7282190322875977,0.9273700714111328,2.6009349822998047,0.5551192993053458,0.0,0.0,0.2486103475093841,0.0,1.9073486328125e-06,1.9073486328125e-06,0.0042018890380859,1.9073486328125e-06,-0.12728404998779297
axis_recursive__v2020__B1|3289,211004,17.99327278137207,1.0890369415283203,2.566844940185547,3.418773651123047,0.5116279069767442,0.0,0.0,0.1903452724218368,0.0,1.9073486328125e-06,1.9073486328125e-06,0.0042018890380859,1.9073486328125e-06,2.3297367095947266
axis_recursive__v2020__B1|3289,211005,17.99327278137207,2.346367835998535,1.309011459350586,3.5845155715942383,0.4957716701902748,0.0,0.0,0.222033679485321,0.0,1.9073486328125e-06,1.9073486328125e-06,0.0042018890380859,1.9073486328125e-06,1.2381477355957031
axis_recursive__v2020__B1|3289,211006,17.99327278137207,2.047323226928711,1.6081218719482422,3.3682565689086914,0.5501359106010268,0.0,0.0,0.2259006351232528,0.0,1.9073486328125e-06,1.9073486328125e-06,0.0042018890380859,1.9073486328125e-06,1.3209333419799805
axis_recursive__v2020__B1|3289,211007,17.99327278137207,1.6978397369384766,1.9566764831542969,1.968439102172852,0.6140138930836605,0.0,0.0,0.2187128514051437,0.0,1.9073486328125e-06,1.9073486328125e-06,0.0042018890380859,1.9073486328125e-06,0.27059936523437544
axis_recursive__v2020__B1|3289,211008,17.99327278137207,1.6973838806152344,1.9590721130371092,2.9358949661254883,0.5652370884929024,0.0,0.0,0.2250045388936996,0.0,1.9073486328125e-06,1.9073486328125e-06,0.0042018890380859,1.9073486328125e-06,1.238511085510254
axis_recursive__v2020__B1|3289,211009,17.99327278137207,0.9098911285400392,2.7455759048461914,3.651473045349121,0.5520990637269707,0.0,0.0,0.1870964020490646,0.0,1.9073486328125e-06,1.9073486328125e-06,0.0042018890380859,1.9073486328125e-06,2.741581916809082
axis_recursive__v2020__B1|3289,211010,17.99327278137207,2.1013336181640625,1.554096221923828,2.6241559982299805,0.4331017819389912,0.0,0.0,0.2117045819759369,0.0,1.9073486328125e-06,1.9073486328125e-06,0.0042018890380859,1.9073486328125e-06,0.522822380065918
axis_recursive__v2020__B1|3289,211011,17.99327278137207,1.6627693176269531,1.993485450744629,3.85935115814209,0.5140440954394442,0.0,0.0,0.2269288003444671,0.0,1.9073486328125e-06,1.9073486328125e-06,0.0042018890380859,1.9073486328125e-06,2.1965818405151367
axis_recursive__v2020__B1|3289,211012,17.99327278137207,0.788604736328125,2.867009162902832,3.640766143798828,0.5640289942615524,0.0,0.0,0.2168290764093399,0.0,1.9073486328125e-06,1.9073486328125e-06,0.0042018890380859,1.9073486328125e-06,2.852161407470703
axis_recursive__v2020__B1|3289,211013,17.99327278137207,2.9462432861328125,0.7092514038085938,3.254868507385254,0.4003322259136212,0.0,0.0,0.2223935425281524,0.0,1.9073486328125e-06,1.9073486328125e-06,0.0042018890380859,1.9073486328125e-06,0.3086252212524414
axis_recursive__v2020__B1|3289,211014,17.99327278137207,1.3366947174072266,2.319589614868164,2.947784423828125,0.6484445786771368,0.0,0.0,0.2431365251541137,0.0,1.9073486328125e-06,1.9073486328125e-06,0.0042018890380859,1.9073486328125e-06,1.6110897064208984
axis_recursive__v2020__B1|3289,211015,17.99327278137207,1.497467041015625,2.158535957336426,2.566356658935547,0.5718816067653277,0.0,0.0,0.2138636708259582,0.0,1.9073486328125e-06,1.9073486328125e-06,0.0042018890380859,1.9073486328125e-06,1.0688896179199219
axis_recursive__v2020__B1|3289,211016,17.99327278137207,0.7120590209960938,2.944142341613769,3.167025566101074,0.6695862277257626,0.0,0.0,0.2475672215223312,0.0,1.9073486328125e-06,1.9073486328125e-06,0.0042018890380859,1.9073486328125e-06,2.4549665451049805
axis_recursive__v2020__B1|3289,211017,17.99327278137207,1.4844474792480469,2.171594619750977,2.62335205078125,0.5450015101177892,0.0,0.0,0.2151602357625961,0.0,1.9073486328125e-06,1.9073486328125e-06,0.0042018890380859,1.9073486328125e-06,1.1389045715332031
axis_recursive__v2020__B1|3289,211018,17.99327278137207,1.2904911041259766,2.3644609451293945,3.541459083557129,0.5416792509815765,0.0,0.0,0.1874301135540008,0.0,1.9073486328125e-06,1.9073486328125e-06,0.0042018890380859,1.9073486328125e-06,2.2509679794311523
axis_recursive__v2020__B1|3289,211019,17.99327278137207,2.211012840270996,1.4452438354492188,2.87899112701416,0.527182120205376,0.0,0.0,0.2008304595947265,0.0,1.9073486328125e-06,1.9073486328125e-06,0.0042018890380859,1.9073486328125e-06,0.6679782867431641
axis_recursive__v2020__B1|3289,211020,17.99327278137207,2.120072364807129,1.5362548828125,2.870760917663574,0.5231048021745696,0.0,0.0,0.2325537204742431,0.0,1.9073486328125e-06,1.9073486328125e-06,0.0042018890380859,1.9073486328125e-06,0.7506885528564453
axis_recursive__v2020__B1|5755,211001,10.890886306762695,1.7855138778686523,1.6768321990966797,1.4418621063232422,0.1321353065539112,0.0,0.0,0.0910260677337646,0.0,9.5367431640625e-07,9.5367431640625e-07,0.0025825500488281,9.5367431640625e-07,-0.34365177154541016
axis_recursive__v2020__B1|5755,211002,10.890886306762695,1.0736894607543943,2.388382911682129,2.263754844665528,0.2062820900030202,0.0,0.0,0.0895989462733268,0.0,9.5367431640625e-07,9.5367431640625e-07,0.0025825500488281,9.5367431640625e-07,1.1900653839111335
axis_recursive__v2020__B1|5755,211003,10.890886306762695,1.8702716827392576,1.592233657836914,2.9321155548095703,0.1932950770160072,0.0,0.0,0.0815902203321456,0.0,9.5367431640625e-07,9.5367431640625e-07,0.0025825500488281,9.5367431640625e-07,1.0618438720703127
axis_recursive__v2020__B1|5755,211004,10.890886306762695,0.7998847961425781,2.663241386413574,3.24960994720459,0.2449411054062217,0.0,0.0,0.0894941315054893,0.0,9.5367431640625e-07,9.5367431640625e-07,0.0025825500488281,9.5367431640625e-07,2.4497251510620117
axis_recursive__v2020__B1|5755,211005,10.890886306762695,1.2035417556762695,2.258584976196289,2.586461067199707,0.181063122923588,0.0,0.0,0.0955184400081634,0.0,9.5367431640625e-07,9.5367431640625e-07,0.0025825500488281,9.5367431640625e-07,1.3829193115234375
axis_recursive__v2020__B1|5755,211006,10.890886306762695,1.5446319580078125,1.9175395965576167,2.151749610900879,0.2247055270311083,0.0,0.0,0.0808334723114967,0.0,9.5367431640625e-07,9.5367431640625e-07,0.0025825500488281,9.5367431640625e-07,0.6071176528930664
axis_recursive__v2020__B1|5755,211007,10.890886306762695,2.134712219238281,1.3282623291015625,2.355788230895996,0.2432799758381153,0.0,0.0,0.0874194204807281,0.0,9.5367431640625e-07,9.5367431640625e-07,0.0025825500488281,9.5367431640625e-07,0.2210760116577153
axis_recursive__v2020__B1|5755,211008,10.890886306762695,2.6198883056640625,0.8427982330322266,2.496466636657715,0.1863485351857444,0.0,0.0,0.0746355056762695,0.0,9.5367431640625e-07,9.5367431640625e-07,0.0025825500488281,9.5367431640625e-07,-0.12342166900634766
axis_recursive__v2020__B1|5755,211009,10.890886306762695,0.1676473617553711,3.2944698333740234,3.3514366149902344,0.331923890063425,0.0,0.0,0.085519254207611,0.0,9.5367431640625e-07,9.5367431640625e-07,0.0025825500488281,9.5367431640625e-07,3.1837892532348633
axis_recursive__v2020__B1|5755,211010,10.890886306762695,0.9420099258422852,2.519861221313477,2.818406105041504,0.2055270311084265,0.0,0.0,0.1001122742891311,0.0,9.5367431640625e-07,9.5367431640625e-07,0.0025825500488281,9.5367431640625e-07,1.8763961791992188
axis_recursive__v2020__B1|5755,211011,10.890886306762695,0.7175226211547852,2.7446212768554688,3.4129152297973637,0.3178797946239806,0.0,0.0,0.086292989552021,0.0,9.5367431640625e-07,9.5367431640625e-07,0.0025825500488281,9.5367431640625e-07,2.6953926086425786
axis_recursive__v2020__B1|5755,211012,10.890886306762695,1.357074737548828,2.105854034423828,3.785612106323242,0.1712473572938689,0.0,0.0,0.0883987545967102,0.0,9.5367431640625e-07,9.5367431640625e-07,0.0025825500488281,9.5367431640625e-07,2.428537368774414
axis_recursive__v2020__B1|5755,211013,10.890886306762695,2.621641159057617,0.840907096862793,2.46083927154541,0.0860767139836907,0.0,0.0,0.094538003206253,0.0,9.5367431640625e-07,9.5367431640625e-07,0.0025825500488281,9.5367431640625e-07,-0.16080188751220703
axis_recursive__v2020__B1|5755,211014,10.890886306762695,1.1333045959472656,2.329344749450684,3.3113698959350586,0.2423739051646028,0.0,0.0,0.0879674702882766,0.0,9.5367431640625e-07,9.5367431640625e-07,0.0025825500488281,9.5367431640625e-07,2.178065299987793
axis_recursive__v2020__B1|5755,211015,10.890886306762695,1.1323766708374023,2.330510139465332,2.0373992919921875,0.254605859257022,0.0,0.0,0.0907957702875137,0.0,9.5367431640625e-07,9.5367431640625e-07,0.0025825500488281,9.5367431640625e-07,0.9050226211547852
axis_recursive__v2020__B1|5755,211016,10.890886306762695,0.3210430145263672,3.141146659851074,3.0220117568969727,0.2678948958018725,0.0,0.0,0.0901351273059845,0.0,9.5367431640625e-07,9.5367431640625e-07,0.0025825500488281,9.5367431640625e-07,2.7009687423706055
axis_recursive__v2020__B1|5755,211017,10.890886306762695,0.0471096038818359,3.50943660736084,3.3445348739624023,0.2993053458169737,0.0,0.0,0.089943066239357,0.0,9.5367431640625e-07,9.5367431640625e-07,0.0025825500488281,9.5367431640625e-07,3.2974252700805664
axis_recursive__v2020__B1|5755,211018,10.890886306762695,0.8307113647460938,2.631732940673828,3.3783178329467773,0.313953488372093,0.0,0.0,0.0819615125656127,0.0,9.5367431640625e-07,9.5367431640625e-07,0.0025825500488281,9.5367431640625e-07,2.5476064682006836
axis_recursive__v2020__B1|5755,211019,10.890886306762695,0.8344879150390625,2.628120422363281,3.043221473693848,0.3005134400483238,0.0,0.0,0.0865789726376533,0.0,9.5367431640625e-07,9.5367431640625e-07,0.0025825500488281,9.5367431640625e-07,2.2087335586547856
axis_recursive__v2020__B1|5755,211020,10.890886306762695,0.8196573257446289,2.642663955688477,1.7534217834472656,0.2080942313500453,0.0,0.0,0.0944065749645233,0.0,9.5367431640625e-07,9.5367431640625e-07,0.0025825500488281,9.5367431640625e-07,0.9337644577026367
axis_recursive__v2020__B1|7277,211001,9.59873390197754,4.148072242736816,0.5867214202880859,3.729162216186523,0.0934762911507097,0.0,0.0,0.3360362946987152,0.0,0.0,0.0,0.0035696029663085,0.0,-0.4189100265502934
axis_recursive__v2020__B1|7277,211002,9.59873390197754,3.623983383178711,1.1103153228759766,3.1209230422973637,0.1556931440652371,0.0,0.0,0.2993240654468536,0.0,0.0,0.0,0.0035696029663085,0.0,-0.5030603408813472
axis_recursive__v2020__B1|7277,211003,9.59873390197754,3.7876129150390634,0.946812629699707,4.040339469909668,0.2097553609181516,0.0,0.0,0.3194261193275451,0.0,0.0,0.0,0.0035696029663085,0.0,0.2527265548706046
axis_recursive__v2020__B1|7277,211004,9.59873390197754,2.7924022674560547,1.9418630599975584,4.436044692993164,0.1863485351857444,0.0,0.0,0.3023437559604645,0.0,0.0,0.0,0.0035696029663085,0.0,1.6436424255371094
axis_recursive__v2020__B1|7277,211005,9.59873390197754,3.0833778381347656,1.6508731842041016,4.123711585998535,0.0739957716701902,0.0,0.0,0.315447449684143,0.0,0.0,0.0,0.0035696029663085,0.0,1.0403337478637695
axis_recursive__v2020__B1|7277,211006,9.59873390197754,3.6971263885498047,1.0374603271484375,3.700461387634277,0.2187488203318368,0.0,0.0,0.3478941321372986,0.0,0.0,0.0,0.0035696029663085,0.0,0.003334999084472212
axis_recursive__v2020__B1|7277,211007,9.59873390197754,3.451221466064453,1.2829647064208984,4.064296722412109,0.2635155542132286,0.0,0.0,0.3072172701358795,0.0,0.0,0.0,0.0035696029663085,0.0,0.6130752563476562
axis_recursive__v2020__B1|7277,211008,9.59873390197754,3.61247444152832,1.1223011016845703,3.30551815032959,0.282392026578073,0.0,0.0,0.3163422346115112,0.0,0.0,0.0,0.0035696029663085,0.0,-0.30695629119873
axis_recursive__v2020__B1|7277,211009,9.59873390197754,2.0164737701416016,2.717984199523926,4.376471519470215,0.3953488372093023,0.0,0.0,0.309040367603302,0.0,0.0,0.0,0.0035696029663085,0.0,2.3599977493286133
axis_recursive__v2020__B1|7277,211010,9.59873390197754,2.642693519592285,2.0915660858154297,4.391953468322754,0.1375717305949864,0.0,0.0,0.3359213471412658,0.0,0.0,0.0,0.0035696029663085,0.0,1.7492599487304688
axis_recursive__v2020__B1|7277,211011,9.59873390197754,2.65761947631836,2.0770301818847656,4.908020973205566,0.2840531561461794,0.0,0.0,0.3267725706100464,0.0,0.0,0.0,0.0035696029663085,0.0,2.2504014968872066
axis_recursive__v2020__B1|7277,211012,9.59873390197754,2.405752182006836,2.328619956970215,4.6925153732299805,0.1189972817879794,0.0,0.0,0.3210151791572571,0.0,0.0,0.0,0.0035696029663085,0.0,2.2867631912231445
axis_recursive__v2020__B1|7277,211013,9.59873390197754,3.300495147705078,1.4337997436523438,3.595953941345215,0.0712775596496526,0.0,0.0,0.3226006925106048,0.0,0.0,0.0,0.0035696029663085,0.0,0.2954587936401367
axis_recursive__v2020__B1|7277,211014,9.59873390197754,1.936777114868164,2.797697067260742,4.450442314147949,0.3198429477499245,0.0,0.0,0.306310087442398,0.0,0.0,0.0,0.0035696029663085,0.0,2.513665199279785
axis_recursive__v2020__B1|7277,211015,9.59873390197754,1.8493804931640625,2.8847007751464844,3.0792360305786133,0.2691029900332226,0.0,0.0,0.2962736189365387,0.0,0.0,0.0,0.0035696029663085,0.0,1.2298555374145508
axis_recursive__v2020__B1|7277,211016,9.59873390197754,2.891497611999512,1.8427085876464844,4.372076034545898,0.2429779522802778,0.0,0.0,0.3142691254615783,0.0,0.0,0.0,0.0035696029663085,0.0,1.4805784225463863
axis_recursive__v2020__B1|7277,211017,9.59873390197754,2.3408918380737305,2.3934898376464844,4.105718612670898,0.088341890667472,0.0,0.0,0.2984615862369537,0.0,0.0,0.0,0.0035696029663085,0.0,1.764826774597168
axis_recursive__v2020__B1|7277,211018,9.59873390197754,2.433126449584961,2.3010387420654297,4.910451889038086,0.2447900936273029,0.0,0.0,0.2594470977783203,0.0,0.0,0.0,0.0035696029663085,0.0,2.477325439453125
axis_recursive__v2020__B1|7277,211019,9.59873390197754,2.4827184677124023,2.252205848693848,4.142107009887695,0.3210510419812745,0.0,0.0,0.3201295435428619,0.0,0.0,0.0,0.0035696029663085,0.0,1.659388542175293
axis_recursive__v2020__B1|7277,211020,9.59873390197754,2.968203544616699,1.7662639617919922,2.6779518127441406,0.100120809423135,0.0,0.0,0.3169837594032287,0.0,0.0,0.0,0.0035696029663085,0.0,-0.2902517318725586
axis_recursive__v2020__B2|1938,211001,12.998658180236816,0.3283042907714844,0.3693695068359375,0.7680444717407227,0.40169133192389,0.0,0.0,0.0589127652347087,0.0,9.5367431640625e-07,9.5367431640625e-07,0.0002918243408203,9.5367431640625e-07,0.4397401809692383
axis_recursive__v2020__B2|1938,211002,12.998658180236816,0.2006778717041015,0.8979616165161133,0.0049457550048828,0.4975838115372999,0.0,0.0,0.0588366277515888,0.0,9.5367431640625e-07,9.5367431640625e-07,0.0002918243408203,9.5367431640625e-07,-0.1957321166992187
axis_recursive__v2020__B2|1938,211003,12.998658180236816,0.0925884246826171,0.7911720275878906,0.4798364639282226,0.4575656901238297,0.0,0.0,0.0585092827677726,0.0,9.5367431640625e-07,9.5367431640625e-07,0.0002918243408203,9.5367431640625e-07,0.38724803924560547
axis_recursive__v2020__B2|1938,211004,12.998658180236816,0.1944246292114257,0.8916177749633789,0.5158548355102539,0.5323165206886138,0.0,0.0,0.0588961988687515,0.0,9.5367431640625e-07,9.5367431640625e-07,0.0002918243408203,9.5367431640625e-07,0.32143020629882824
axis_recursive__v2020__B2|1938,211005,12.998658180236816,0.0522413253784179,0.7498931884765625,0.8562288284301758,0.4605859257022048,0.0,0.0,0.0591227412223815,0.0,9.5367431640625e-07,9.5367431640625e-07,0.0002918243408203,9.5367431640625e-07,0.8039875030517579
axis_recursive__v2020__B2|1938,211006,12.998658180236816,0.2869272232055664,0.9843254089355468,1.1013202667236328,0.5362428269405013,0.0,0.0,0.0595934763550758,0.0,9.5367431640625e-07,9.5367431640625e-07,0.0002918243408203,9.5367431640625e-07,0.8143930435180664
axis_recursive__v2020__B2|1938,211007,12.998658180236816,0.1122417449951171,0.5854663848876953,0.2326593399047851,0.4761401389308366,0.0,0.0,0.0586339682340621,0.0,9.5367431640625e-07,9.5367431640625e-07,0.0002918243408203,9.5367431640625e-07,0.120417594909668
axis_recursive__v2020__B2|1938,211008,12.998658180236816,0.1686048507690429,0.8669605255126953,0.0440406799316406,0.4491090305043794,0.0,0.0,0.0592732243239879,0.0,9.5367431640625e-07,9.5367431640625e-07,0.0002918243408203,9.5367431640625e-07,-0.12456417083740232
axis_recursive__v2020__B2|1938,211009,12.998658180236816,0.0961112976074218,0.7941398620605469,0.6131505966186523,0.4853518574448807,0.0,0.0,0.0584140643477439,0.0,9.5367431640625e-07,9.5367431640625e-07,0.0002918243408203,9.5367431640625e-07,0.5170392990112306
axis_recursive__v2020__B2|1938,211010,12.998658180236816,0.1542425155639648,0.8525543212890625,0.7812433242797852,0.4334038054968287,0.0,0.0,0.0592076145112514,0.0,9.5367431640625e-07,9.5367431640625e-07,0.0002918243408203,9.5367431640625e-07,0.6270008087158203
axis_recursive__v2020__B2|1938,211011,12.998658180236816,0.4983100891113281,1.195842742919922,0.8554277420043945,0.4900332225913621,0.0,0.0,0.058708157390356,0.0,9.5367431640625e-07,9.5367431640625e-07,0.0002918243408203,9.5367431640625e-07,0.3571176528930664
axis_recursive__v2020__B2|1938,211012,12.998658180236816,0.4975090026855469,1.1945858001708984,0.7280702590942383,0.4845967985502869,0.0,0.0,0.0592485330998897,0.0,9.5367431640625e-07,9.5367431640625e-07,0.0002918243408203,9.5367431640625e-07,0.2305612564086914
axis_recursive__v2020__B2|1938,211013,12.998658180236816,0.0065650939941406,0.69146728515625,0.3809900283813476,0.4607369374811235,0.0,0.0,0.0596296750009059,0.0,9.5367431640625e-07,9.5367431640625e-07,0.0002918243408203,9.5367431640625e-07,0.374424934387207
axis_recursive__v2020__B2|1938,211014,12.998658180236816,0.0633497238159179,0.7609167098999023,0.3216657638549804,0.5184234370280881,0.0,0.0,0.0593907050788402,0.0,9.5367431640625e-07,9.5367431640625e-07,0.0002918243408203,9.5367431640625e-07,0.2583160400390625
axis_recursive__v2020__B2|1938,211015,12.998658180236816,0.0334730148315429,0.6646404266357422,0.0148916244506835,0.4755360918151615,0.0,0.0,0.0595215298235416,0.0,9.5367431640625e-07,9.5367431640625e-07,0.0002918243408203,9.5367431640625e-07,-0.0185813903808594
axis_recursive__v2020__B2|1938,211016,12.998658180236816,0.0471172332763671,0.650324821472168,0.2117347717285156,0.4935064935064935,0.0,0.0,0.0601816810667514,0.0,9.5367431640625e-07,9.5367431640625e-07,0.0002918243408203,9.5367431640625e-07,0.1646175384521485
axis_recursive__v2020__B2|1938,211017,12.998658180236816,0.1458806991577148,0.8433027267456055,0.6684389114379883,0.4782543038356991,0.0,0.0,0.0590184926986694,0.0,9.5367431640625e-07,9.5367431640625e-07,0.0002918243408203,9.5367431640625e-07,0.5225582122802734
axis_recursive__v2020__B2|1938,211018,12.998658180236816,0.2753143310546875,0.9730815887451172,0.7222919464111328,0.4453337360314104,0.0,0.0,0.058524701744318,0.0,9.5367431640625e-07,9.5367431640625e-07,0.0002918243408203,9.5367431640625e-07,0.4469776153564453
axis_recursive__v2020__B2|1938,211019,12.998658180236816,0.0300569534301757,0.6687183380126953,0.4062681198120117,0.4445786771368166,0.0,0.0,0.0590446218848228,0.0,9.5367431640625e-07,9.5367431640625e-07,0.0002918243408203,9.5367431640625e-07,0.376211166381836
axis_recursive__v2020__B2|1938,211020,12.998658180236816,0.1324214935302734,0.5649271011352539,0.1877498626708984,0.3740561763817577,0.0,0.0,0.0595538206398487,0.0,9.5367431640625e-07,9.5367431640625e-07,0.0002918243408203,9.5367431640625e-07,0.055328369140625
axis_recursive__v2020__B2|6900,211001,11.690101623535156,1.5482177734375,0.4404983520507812,2.1422014236450195,0.0989127151917849,0.0,0.0,0.1297705322504043,0.0,0.0,0.0,0.0300331115722656,0.0,0.5939836502075195
axis_recursive__v2020__B2|6900,211002,11.690101623535156,1.315704345703125,0.6724042892456055,1.201883316040039,0.093325279371791,0.0,0.0,0.1286911815404892,0.0,0.0,0.0,0.0300331115722656,0.0,-0.11382102966308594
axis_recursive__v2020__B2|6900,211003,11.690101623535156,1.1975317001342771,0.7917585372924805,2.014105796813965,0.0261250377529447,0.0,0.0,0.130645215511322,0.0,0.0,0.0,0.0300331115722656,0.0,0.8165740966796877
axis_recursive__v2020__B2|6900,211004,11.690101623535156,0.9850597381591796,1.0047645568847656,1.968496322631836,0.1345514950166113,0.0,0.0,0.1296752989292144,0.0,0.0,0.0,0.0300331115722656,0.0,0.9834365844726564
axis_recursive__v2020__B2|6900,211005,11.690101623535156,1.2913455963134766,0.6978616714477539,2.092758178710937,0.1248867411658109,0.0,0.0,0.1302489191293716,0.0,0.0,0.0,0.0300331115722656,0.0,0.8014125823974605
axis_recursive__v2020__B2|6900,211006,11.690101623535156,1.0655670166015625,0.9239292144775392,1.5948505401611328,0.3065539112050739,0.0,0.0,0.1315403133630752,0.0,0.0,0.0,0.0300331115722656,0.0,0.5292835235595703
axis_recursive__v2020__B2|6900,211007,11.690101623535156,0.9996881484985352,0.9891691207885742,1.4546899795532229,0.1954092419208698,0.0,0.0,0.1304168850183487,0.0,0.0,0.0,0.0300331115722656,0.0,0.4550018310546877
axis_recursive__v2020__B2|6900,211008,11.690101623535156,0.933772087097168,1.0549039840698242,1.0845603942871094,0.2019027484143763,0.0,0.0,0.1339495033025741,0.0,0.0,0.0,0.0300331115722656,0.0,0.1507883071899414
axis_recursive__v2020__B2|6900,211009,11.690101623535156,1.196420669555664,0.792506217956543,2.050734519958496,0.2681969193597101,0.0,0.0,0.1342679560184478,0.0,0.0,0.0,0.0300331115722656,0.0,0.854313850402832
axis_recursive__v2020__B2|6900,211010,11.690101623535156,1.412034034729004,0.5766305923461914,2.075188636779785,0.0371488976140138,0.0,0.0,0.1313867419958114,0.0,0.0,0.0,0.0300331115722656,0.0,0.6631546020507812
axis_recursive__v2020__B2|6900,211011,11.690101623535156,1.0810775756835938,0.9087066650390624,2.107275009155273,0.1150709755360918,0.0,0.0,0.1301167011260986,0.0,0.0,0.0,0.0300331115722656,0.0,1.0261974334716792
axis_recursive__v2020__B2|6900,211012,11.690101623535156,1.4962291717529297,0.4919700622558594,1.826265335083008,0.147689519782543,0.0,0.0,0.1317617446184158,0.0,0.0,0.0,0.0300331115722656,0.0,0.33003616333007835
axis_recursive__v2020__B2|6900,211013,11.690101623535156,0.8219718933105469,1.1672859191894531,1.5235557556152344,0.2123225611597704,0.0,0.0,0.13465017080307,0.0,0.0,0.0,0.0300331115722656,0.0,0.7015838623046875
axis_recursive__v2020__B2|6900,211014,11.690101623535156,0.6325740814208984,1.3559980392456057,1.9074392318725584,0.2231954092419208,0.0,0.0,0.1304717808961868,0.0,0.0,0.0,0.0300331115722656,0.0,1.27486515045166
axis_recursive__v2020__B2|6900,211015,11.690101623535156,0.4952678680419922,1.4936838150024414,0.9802637100219728,0.2624584717607973,0.0,0.0,0.1318820267915725,0.0,0.0,0.0,0.0300331115722656,0.0,0.4849958419799806
axis_recursive__v2020__B2|6900,211016,11.690101623535156,0.8732337951660156,1.1156682968139648,1.6004524230957031,0.1964663243733011,0.0,0.0,0.1297657936811447,0.0,0.0,0.0,0.0300331115722656,0.0,0.7272186279296875
axis_recursive__v2020__B2|6900,211017,11.690101623535156,1.110173225402832,0.8791866302490234,1.6055364608764648,0.1218665055874358,0.0,0.0,0.130472719669342,0.0,0.0,0.0,0.0300331115722656,0.0,0.4953632354736328
axis_recursive__v2020__B2|6900,211018,11.690101623535156,0.6118879318237305,1.3773212432861328,1.905799865722656,0.3080640289942615,0.0,0.0,0.1326040029525756,0.0,0.0,0.0,0.0300331115722656,0.0,1.2939119338989256
axis_recursive__v2020__B2|6900,211019,11.690101623535156,1.305027961730957,0.684117317199707,1.613581657409668,0.0924192086982784,0.0,0.0,0.1325359046459198,0.0,0.0,0.0,0.0300331115722656,0.0,0.30855369567871094
axis_recursive__v2020__B2|6900,211020,11.690101623535156,1.0528573989868164,0.9368209838867188,1.4383563995361328,0.0138930836605255,0.0,0.0,0.1289009153842926,0.0,0.0,0.0,0.0300331115722656,0.0,0.3854990005493164
axis_recursive__v2020__B2|6830,211001,16.06782341003418,0.9963769912719728,1.4132184982299805,2.6007394790649414,0.1707943219571126,0.0,0.0,0.3340779542922973,0.0,1.9073486328125e-06,1.9073486328125e-06,0.0232925415039062,1.9073486328125e-06,1.6043624877929688
axis_recursive__v2020__B2|6830,211002,16.06782341003418,0.0089340209960937,2.4175758361816406,1.4687585830688477,0.3941407429779522,0.0,0.0,0.309865802526474,0.0,1.9073486328125e-06,1.9073486328125e-06,0.0232925415039062,1.9073486328125e-06,1.459824562072754
axis_recursive__v2020__B2|6830,211003,16.06782341003418,1.275075912475586,1.1343488693237305,2.5118179321289062,0.2114164904862578,0.0,0.0,0.3427667617797851,0.0,1.9073486328125e-06,1.9073486328125e-06,0.0232925415039062,1.9073486328125e-06,1.2367420196533203
axis_recursive__v2020__B2|6830,211004,16.06782341003418,0.2785720825195312,2.1310853958129883,2.2258787155151367,0.3544246451223196,0.0,0.0,0.3088364899158478,0.0,1.9073486328125e-06,1.9073486328125e-06,0.0232925415039062,1.9073486328125e-06,1.9473066329956055
axis_recursive__v2020__B2|6830,211005,16.06782341003418,0.4551219940185547,1.9553203582763672,2.8597211837768555,0.2884324977348233,0.0,0.0,0.3098441958427429,0.0,1.9073486328125e-06,1.9073486328125e-06,0.0232925415039062,1.9073486328125e-06,2.404599189758301
axis_recursive__v2020__B2|6830,211006,16.06782341003418,0.0415706634521484,2.366144180297852,1.0829496383666992,0.3808517064331018,0.0,0.0,0.316593736410141,0.0,1.9073486328125e-06,1.9073486328125e-06,0.0232925415039062,1.9073486328125e-06,1.0413789749145508
axis_recursive__v2020__B2|6830,211007,16.06782341003418,0.4227190017700195,1.988676071166992,0.7088718414306641,0.307157958320749,0.0,0.0,0.320763349533081,0.0,1.9073486328125e-06,1.9073486328125e-06,0.0232925415039062,1.9073486328125e-06,0.2861528396606446
axis_recursive__v2020__B2|6830,211008,16.06782341003418,0.7870979309082031,1.6238040924072266,2.5642871856689453,0.2396556931440652,0.0,0.0,0.3282617330551147,0.0,1.9073486328125e-06,1.9073486328125e-06,0.0232925415039062,1.9073486328125e-06,1.7771892547607422
axis_recursive__v2020__B2|6830,211009,16.06782341003418,0.0427398681640625,2.4516258239746094,2.179994583129883,0.3811537299909393,0.0,0.0,0.3110536634922027,0.0,1.9073486328125e-06,1.9073486328125e-06,0.0232925415039062,1.9073486328125e-06,2.1372547149658203
axis_recursive__v2020__B2|6830,211010,16.06782341003418,0.6023921966552734,1.8062591552734373,2.5222625732421875,0.2077922077922078,0.0,0.0,0.3069547116756439,0.0,1.9073486328125e-06,1.9073486328125e-06,0.0232925415039062,1.9073486328125e-06,1.919870376586914
axis_recursive__v2020__B2|6830,211011,16.06782341003418,0.0569305419921875,2.4659738540649414,2.680788040161133,0.2706131078224101,0.0,0.0,0.3154994547367096,0.0,1.9073486328125e-06,1.9073486328125e-06,0.0232925415039062,1.9073486328125e-06,2.6238574981689453
axis_recursive__v2020__B2|6830,211012,16.06782341003418,0.1784067153930664,2.2318782806396484,2.118928909301758,0.2701600724856539,0.0,0.0,0.3093273937702179,0.0,1.9073486328125e-06,1.9073486328125e-06,0.0232925415039062,1.9073486328125e-06,1.9405221939086914
axis_recursive__v2020__B2|6830,211013,16.06782341003418,1.5172433853149414,0.8940486907958984,1.891505241394043,0.1922379945635759,0.0,0.0,0.3494977951049804,0.0,1.9073486328125e-06,1.9073486328125e-06,0.0232925415039062,1.9073486328125e-06,0.37426185607910156
axis_recursive__v2020__B2|6830,211014,16.06782341003418,0.1893672943115234,2.219998359680176,0.720667839050293,0.2733313198429477,0.0,0.0,0.3009628057479858,0.0,1.9073486328125e-06,1.9073486328125e-06,0.0232925415039062,1.9073486328125e-06,0.5313005447387695
axis_recursive__v2020__B2|6830,211015,16.06782341003418,0.540898323059082,1.868631362915039,1.7992048263549805,0.3198429477499245,0.0,0.0,0.3194974958896637,0.0,1.9073486328125e-06,1.9073486328125e-06,0.0232925415039062,1.9073486328125e-06,1.2583065032958984
axis_recursive__v2020__B2|6830,211016,16.06782341003418,0.6665754318237305,1.7442035675048828,1.6596813201904297,0.3810027182120206,0.0,0.0,0.3217929005622864,0.0,1.9073486328125e-06,1.9073486328125e-06,0.0232925415039062,1.9073486328125e-06,0.9931058883666992
axis_recursive__v2020__B2|6830,211017,16.06782341003418,1.1102333068847656,1.2992849349975586,1.4200944900512695,0.26578073089701,0.0,0.0,0.3332083821296692,0.0,1.9073486328125e-06,1.9073486328125e-06,0.0232925415039062,1.9073486328125e-06,0.3098611831665039
axis_recursive__v2020__B2|6830,211018,16.06782341003418,0.9533100128173828,1.4558954238891602,1.5862741470336914,0.2524916943521594,0.0,0.0,0.3072055578231811,0.0,1.9073486328125e-06,1.9073486328125e-06,0.0232925415039062,1.9073486328125e-06,0.6329641342163086
axis_recursive__v2020__B2|6830,211019,16.06782341003418,0.6669368743896484,1.743854522705078,2.815145492553711,0.2407127755964965,0.0,0.0,0.2964572012424469,0.0,1.9073486328125e-06,1.9073486328125e-06,0.0232925415039062,1.9073486328125e-06,2.1482086181640625
axis_recursive__v2020__B2|6830,211020,16.06782341003418,0.5099992752075195,1.9003028869628904,1.7117233276367188,0.2446390818483841,0.0,0.0,0.3149356544017792,0.0,1.9073486328125e-06,1.9073486328125e-06,0.0232925415039062,1.9073486328125e-06,1.2017240524291992
axis_recursive__v2020__B3|4949,211001,18.488771438598636,3.77923583984375,0.6672229766845703,3.783308982849121,0.1717003926306252,0.0,0.0,0.2327556908130645,0.0,0.0,0.0,0.0021724700927734,0.0,0.004073143005371094
axis_recursive__v2020__B3|4949,211002,18.488771438598636,2.263246536254883,2.182836532592773,3.0384483337402344,0.3373603141045002,0.0,0.0,0.197077065706253,0.0,0.0,0.0,0.0021724700927734,0.0,0.7752017974853516
axis_recursive__v2020__B3|4949,211003,18.488771438598636,2.705306053161621,1.740652084350586,4.032833099365234,0.3065539112050739,0.0,0.0,0.2159564644098281,0.0,0.0,0.0,0.0021724700927734,0.0,1.3275270462036133
axis_recursive__v2020__B3|4949,211004,18.488771438598636,3.1961593627929688,1.249685287475586,4.181275367736816,0.3209000302023558,0.0,0.0,0.2126859277486801,0.0,0.0,0.0,0.0021724700927734,0.0,0.9851160049438477
axis_recursive__v2020__B3|4949,211005,18.488771438598636,3.260531425476074,1.1855087280273438,4.078498840332031,0.2476593174267592,0.0,0.0,0.2389072030782699,0.0,0.0,0.0,0.0021724700927734,0.0,0.817967414855957
axis_recursive__v2020__B3|4949,211006,18.488771438598636,2.1611156463623047,2.2845592498779297,4.14732551574707,0.3382663847780126,0.0,0.0,0.2035843580961227,0.0,0.0,0.0,0.0021724700927734,0.0,1.9862098693847656
axis_recursive__v2020__B3|4949,211007,18.488771438598636,2.70638370513916,1.740093231201172,2.990877151489258,0.2393536695862277,0.0,0.0,0.2246158421039581,0.0,0.0,0.0,0.0021724700927734,0.0,0.28449344635009766
axis_recursive__v2020__B3|4949,211008,18.488771438598636,2.2957019805908203,2.1501388549804688,3.1033668518066406,0.3335850196315313,0.0,0.0,0.2036491632461547,0.0,0.0,0.0,0.0021724700927734,0.0,0.8076648712158203
axis_recursive__v2020__B3|4949,211009,18.488771438598636,2.018350601196289,2.428152084350586,4.118141174316406,0.4633041377227423,0.0,0.0,0.2173077017068863,0.0,0.0,0.0,0.0021724700927734,0.0,2.099790573120117
axis_recursive__v2020__B3|4949,211010,18.488771438598636,1.5513362884521484,2.894174575805664,3.9616308212280273,0.3471760797342192,0.0,0.0,0.2188533395528793,0.0,0.0,0.0,0.0021724700927734,0.0,2.410294532775879
axis_recursive__v2020__B3|4949,211011,18.488771438598636,2.442901611328125,2.00372314453125,4.463543891906738,0.3983690727876774,0.0,0.0,0.2237874269485473,0.0,0.0,0.0,0.0021724700927734,0.0,2.0206422805786133
axis_recursive__v2020__B3|4949,211012,18.488771438598636,2.3619041442871094,2.084360122680664,4.334043502807617,0.3412866203563877,0.0,0.0,0.2113109081983566,0.0,0.0,0.0,0.0021724700927734,0.0,1.9721393585205078
axis_recursive__v2020__B3|4949,211013,18.488771438598636,2.826353073120117,1.619485855102539,3.515976905822754,0.2849592268196919,0.0,0.0,0.2125584781169891,0.0,0.0,0.0,0.0021724700927734,0.0,0.6896238327026367
axis_recursive__v2020__B3|4949,211014,18.488771438598636,3.0856142044067383,1.360736846923828,3.664774894714356,0.2775596496526729,0.0,0.0,0.2112481296062469,0.0,0.0,0.0,0.0021724700927734,0.0,0.5791606903076176
axis_recursive__v2020__B3|4949,211015,18.488771438598636,2.245616912841797,2.200870513916016,2.863299369812012,0.331923890063425,0.0,0.0,0.2286941856145858,0.0,0.0,0.0,0.0021724700927734,0.0,0.6176824569702153
axis_recursive__v2020__B3|4949,211016,18.488771438598636,2.565982818603516,1.8802814483642576,3.8526782989501953,0.2535487768045907,0.0,0.0,0.2112936228513717,0.0,0.0,0.0,0.0021724700927734,0.0,1.2866954803466792
axis_recursive__v2020__B3|4949,211017,18.488771438598636,2.915116310119629,1.5313129425048828,3.1940298080444336,0.2151917849592267,0.0,0.0,0.2196666449308395,0.0,0.0,0.0,0.0021724700927734,0.0,0.2789134979248047
axis_recursive__v2020__B3|4949,211018,18.488771438598636,2.4539451599121094,1.9922199249267576,4.2169342041015625,0.3515554213228631,0.0,0.0,0.1932967901229858,0.0,0.0,0.0,0.0021724700927734,0.0,1.7629890441894531
axis_recursive__v2020__B3|4949,211019,18.488771438598636,3.206015586853028,1.2402267456054688,4.285857200622559,0.3542736333434008,0.0,0.0,0.2261366993188858,0.0,0.0,0.0,0.0021724700927734,0.0,1.0798416137695308
axis_recursive__v2020__B3|4949,211020,18.488771438598636,2.411222457885742,2.034881591796875,3.5043115615844727,0.2414678344910903,0.0,0.0,0.2215322107076645,0.0,0.0,0.0,0.0021724700927734,0.0,1.0930891036987305
axis_recursive__v2020__B3|4532,211001,20.19152069091797,4.99623966217041,1.141387939453125,5.51903247833252,0.4109030504379341,0.0,0.0,0.0660707652568817,0.0,0.0,0.0,6.29425048828125e-05,0.0,0.5227928161621103
axis_recursive__v2020__B3|4532,211002,20.19152069091797,3.561555862426758,2.5760669708251958,4.689117431640625,0.5262760495318635,0.0,0.0,0.0610964708030223,0.0,0.0,0.0,6.29425048828125e-05,0.0,1.1275615692138672
axis_recursive__v2020__B3|4532,211003,20.19152069091797,3.038745880126953,3.098878860473633,5.447210311889648,0.3930836605255209,0.0,0.0,0.0681545436382293,0.0,0.0,0.0,6.29425048828125e-05,0.0,2.4084644317626953
axis_recursive__v2020__B3|4532,211004,20.19152069091797,2.9320526123046875,3.2055740356445312,4.567220687866211,0.6242826940501359,0.0,0.0,0.0621898770332336,0.0,0.0,0.0,6.29425048828125e-05,0.0,1.6351680755615234
axis_recursive__v2020__B3|4532,211005,20.19152069091797,3.950105667114258,2.187519073486328,5.296547889709473,0.5131380247659317,0.0,0.0,0.0658613443374633,0.0,0.0,0.0,6.29425048828125e-05,0.0,1.3464422225952148
axis_recursive__v2020__B3|4532,211006,20.19152069091797,3.0778255462646484,3.0598011016845703,5.601275444030762,0.4930534581697373,0.0,0.0,0.0632594674825668,0.0,0.0,0.0,6.29425048828125e-05,0.0,2.5234498977661133
axis_recursive__v2020__B3|4532,211007,20.19152069091797,4.635716438293457,1.501909255981445,4.707474708557129,0.3104802174569616,0.0,0.0,0.0677326321601867,0.0,0.0,0.0,6.29425048828125e-05,0.0,0.07175827026367188
axis_recursive__v2020__B3|4532,211008,20.19152069091797,2.6810226440429688,3.45660400390625,3.228322982788086,0.5510419812745394,0.0,0.0,0.0709374248981475,0.0,0.0,0.0,6.29425048828125e-05,0.0,0.5473003387451172
axis_recursive__v2020__B3|4532,211009,20.19152069091797,4.562759399414063,1.5748653411865234,5.639396667480469,0.5377529447296889,0.0,0.0,0.0594047233462333,0.0,0.0,0.0,6.29425048828125e-05,0.0,1.0766372680664054
axis_recursive__v2020__B3|4532,211010,20.19152069091797,4.043407440185547,2.094217300415039,4.899331092834473,0.5083056478405316,0.0,0.0,0.0640828907489776,0.0,0.0,0.0,6.29425048828125e-05,0.0,0.8559236526489258
axis_recursive__v2020__B3|4532,211011,20.19152069091797,3.676513671875,2.4611129760742188,5.973638534545898,0.4557535487768045,0.0,0.0,0.0612003430724144,0.0,0.0,0.0,6.29425048828125e-05,0.0,2.2971248626708984
axis_recursive__v2020__B3|4532,211012,20.19152069091797,4.702199935913086,1.4354248046875,6.182899475097656,0.4122621564482029,0.0,0.0,0.0643377602100372,0.0,0.0,0.0,6.29425048828125e-05,0.0,1.4806995391845703
axis_recursive__v2020__B3|4532,211013,20.19152069091797,2.707714080810547,3.429912567138672,4.965224266052246,0.5232558139534884,0.0,0.0,0.0653247982263565,0.0,0.0,0.0,6.29425048828125e-05,0.0,2.257510185241699
axis_recursive__v2020__B3|4532,211014,20.19152069091797,4.327375411987305,1.810251235961914,4.96934700012207,0.4127151917849592,0.0,0.0,0.0624402314424514,0.0,0.0,0.0,6.29425048828125e-05,0.0,0.6419715881347656
axis_recursive__v2020__B3|4532,211015,20.19152069091797,3.1756668090820312,2.9619598388671875,4.854114532470703,0.5049833887043189,0.0,0.0,0.0635528266429901,0.0,0.0,0.0,6.29425048828125e-05,0.0,1.6784477233886719
axis_recursive__v2020__B3|4532,211016,20.19152069091797,4.032442092895508,2.1051807403564453,4.922636032104492,0.4089398973119903,0.0,0.0,0.0693844109773635,0.0,0.0,0.0,6.29425048828125e-05,0.0,0.8901939392089844
axis_recursive__v2020__B3|4532,211017,20.19152069091797,2.750938415527344,3.386688232421875,4.954445838928223,0.5317124735729387,0.0,0.0,0.0580429136753082,0.0,0.0,0.0,6.29425048828125e-05,0.0,2.2035074234008785
axis_recursive__v2020__B3|4532,211018,20.19152069091797,2.7795543670654297,3.358070373535156,5.951175689697266,0.623678646934461,0.0,0.0,0.0658669173717498,0.0,0.0,0.0,6.29425048828125e-05,0.0,3.171621322631836
axis_recursive__v2020__B3|4532,211019,20.19152069091797,5.437724113464356,0.6999015808105469,4.6903181076049805,0.494412564180006,0.0,0.0,0.0634945034980773,0.0,0.0,0.0,6.29425048828125e-05,0.0,-0.7474060058593759
axis_recursive__v2020__B3|4532,211020,20.19152069091797,4.247968673706055,1.8896598815917969,4.721226692199707,0.4690425853216551,0.0,0.0,0.0664033070206642,0.0,0.0,0.0,6.29425048828125e-05,0.0,0.47325801849365234
axis_recursive__v2020__B3|4781,211001,15.30756664276123,0.7427148818969727,2.002544403076172,1.2381677627563477,0.4519782543038357,0.0,0.0,0.0574451014399528,0.0,9.5367431640625e-07,9.5367431640625e-07,5.054473876953125e-05,9.5367431640625e-07,0.495452880859375
axis_recursive__v2020__B3|4781,211002,15.30756664276123,0.659358024597168,1.9191312789916992,0.1386871337890625,0.4732709151313802,0.0,0.0,0.0571289993822574,0.0,9.5367431640625e-07,9.5367431640625e-07,5.054473876953125e-05,9.5367431640625e-07,-0.5206708908081055
axis_recursive__v2020__B3|4781,211003,15.30756664276123,0.5478897094726562,1.8076496124267576,1.1675491333007812,0.4164904862579281,0.0,0.0,0.0563887357711792,0.0,9.5367431640625e-07,9.5367431640625e-07,5.054473876953125e-05,9.5367431640625e-07,0.619659423828125
axis_recursive__v2020__B3|4781,211004,15.30756664276123,0.16583251953125,1.0940399169921875,0.9861268997192384,0.4921473874962247,0.0,0.0,0.0566557832062244,0.0,9.5367431640625e-07,9.5367431640625e-07,5.054473876953125e-05,9.5367431640625e-07,0.8202943801879884
axis_recursive__v2020__B3|4781,211005,15.30756664276123,0.3202457427978515,0.9396085739135742,1.2278871536254885,0.43204469948656,0.0,0.0,0.0569268837571144,0.0,9.5367431640625e-07,9.5367431640625e-07,5.054473876953125e-05,9.5367431640625e-07,0.9076414108276369
axis_recursive__v2020__B3|4781,211006,15.30756664276123,0.2759513854980469,1.5357046127319336,1.6816396713256836,0.4361220175173663,0.0,0.0,0.0575293637812137,0.0,9.5367431640625e-07,9.5367431640625e-07,5.054473876953125e-05,9.5367431640625e-07,1.4056882858276367
axis_recursive__v2020__B3|4781,211007,15.30756664276123,0.6261672973632812,1.8859796524047847,1.2726974487304688,0.4506191482935668,0.0,0.0,0.0565230324864387,0.0,9.5367431640625e-07,9.5367431640625e-07,5.054473876953125e-05,9.5367431640625e-07,0.6465301513671875
axis_recursive__v2020__B3|4781,211008,15.30756664276123,1.1538476943969729,2.413640022277832,0.0855131149291992,0.4889761401389308,0.0,0.0,0.0587002374231815,0.0,9.5367431640625e-07,9.5367431640625e-07,5.054473876953125e-05,9.5367431640625e-07,-1.0683345794677737
axis_recursive__v2020__B3|4781,211009,15.30756664276123,0.6497602462768555,1.9094600677490237,1.203660011291504,0.4693446088794926,0.0,0.0,0.0566821657121181,0.0,9.5367431640625e-07,9.5367431640625e-07,5.054473876953125e-05,9.5367431640625e-07,0.5538997650146484
axis_recursive__v2020__B3|4781,211010,15.30756664276123,0.3816766738891601,1.6414594650268557,0.6488819122314453,0.4435215946843854,0.0,0.0,0.0567124113440513,0.0,9.5367431640625e-07,9.5367431640625e-07,5.054473876953125e-05,9.5367431640625e-07,0.2672052383422852
axis_recursive__v2020__B3|4781,211011,15.30756664276123,0.8093347549438477,2.069154739379883,1.3027896881103516,0.506795530051344,0.0,0.0,0.0565028265118598,0.0,9.5367431640625e-07,9.5367431640625e-07,5.054473876953125e-05,9.5367431640625e-07,0.4934549331665039
axis_recursive__v2020__B3|4781,211012,15.30756664276123,0.8991975784301758,2.159032821655273,1.497175216674805,0.4953186348535185,0.0,0.0,0.057203896343708,0.0,9.5367431640625e-07,9.5367431640625e-07,5.054473876953125e-05,9.5367431640625e-07,0.5979776382446291
axis_recursive__v2020__B3|4781,211013,15.30756664276123,0.6691827774047852,1.9289617538452148,0.6267471313476562,0.4910903050437935,0.0,0.0,0.0570470131933689,0.0,9.5367431640625e-07,9.5367431640625e-07,5.054473876953125e-05,9.5367431640625e-07,-0.042435646057128906
axis_recursive__v2020__B3|4781,211014,15.30756664276123,0.2228307723999023,1.0370817184448242,1.4639892578125,0.4543944427665358,0.0,0.0,0.0567629784345626,0.0,9.5367431640625e-07,9.5367431640625e-07,5.054473876953125e-05,9.5367431640625e-07,1.2411584854125977
axis_recursive__v2020__B3|4781,211015,15.30756664276123,0.1952199935913086,1.0646495819091797,0.1178121566772461,0.4743279975838115,0.0,0.0,0.0568861700594425,0.0,9.5367431640625e-07,9.5367431640625e-07,5.054473876953125e-05,9.5367431640625e-07,-0.0774078369140625
axis_recursive__v2020__B3|4781,211016,15.30756664276123,0.5826454162597656,1.8424301147460935,0.1953153610229492,0.4554515252189671,0.0,0.0,0.0601312853395938,0.0,9.5367431640625e-07,9.5367431640625e-07,5.054473876953125e-05,9.5367431640625e-07,-0.3873300552368164
axis_recursive__v2020__B3|4781,211017,15.30756664276123,1.0385370254516602,2.298367500305176,0.7530899047851562,0.5522500755058894,0.0,0.0,0.0570901371538639,0.0,9.5367431640625e-07,9.5367431640625e-07,5.054473876953125e-05,9.5367431640625e-07,-0.2854471206665039
axis_recursive__v2020__B3|4781,211018,15.30756664276123,1.0622625350952148,2.32204532623291,1.3933181762695312,0.5466626396858955,0.0,0.0,0.0567751005291938,0.0,9.5367431640625e-07,9.5367431640625e-07,5.054473876953125e-05,9.5367431640625e-07,0.3310556411743164
axis_recursive__v2020__B3|4781,211019,15.30756664276123,0.1462049484252929,1.1136503219604492,1.165389060974121,0.4515252189670794,0.0,0.0,0.0565478056669235,0.0,9.5367431640625e-07,9.5367431640625e-07,5.054473876953125e-05,9.5367431640625e-07,1.0191841125488281
axis_recursive__v2020__B3|4781,211020,15.30756664276123,0.4825620651245117,0.7773761749267578,0.5001888275146484,0.4155844155844156,0.0,0.0,0.0566171035170555,0.0,9.5367431640625e-07,9.5367431640625e-07,5.054473876953125e-05,9.5367431640625e-07,0.01762676239013672
axis_recursive__v2020__B4|788,211001,10.567512512207031,2.5295658111572266,0.8373012542724609,3.902187347412109,0.2686499546964663,0.0,0.0,0.0794697776436805,0.0,9.5367431640625e-07,9.5367431640625e-07,0.0024490356445312,9.5367431640625e-07,1.3726215362548824
axis_recursive__v2020__B4|788,211002,10.567512512207031,0.3832721710205078,2.983473777770996,2.481562614440918,0.4717607973421927,0.0,0.0,0.0784514397382736,0.0,9.5367431640625e-07,9.5367431640625e-07,0.0024490356445312,9.5367431640625e-07,2.09829044342041
axis_recursive__v2020__B4|788,211003,10.567512512207031,1.8495445251464844,1.517165184020996,3.0477542877197266,0.3044397463002114,0.0,0.0,0.0790086612105369,0.0,9.5367431640625e-07,9.5367431640625e-07,0.0024490356445312,9.5367431640625e-07,1.1982097625732422
axis_recursive__v2020__B4|788,211004,10.567512512207031,1.383316993713379,4.750174522399902,3.5158424377441406,0.4471458773784355,0.0,0.0,0.0787185579538345,0.0,9.5367431640625e-07,9.5367431640625e-07,0.0024490356445312,9.5367431640625e-07,2.1325254440307617
axis_recursive__v2020__B4|788,211005,10.567512512207031,2.072378158569336,1.2943878173828125,4.115857124328613,0.4504681365146481,0.0,0.0,0.0788837522268295,0.0,9.5367431640625e-07,9.5367431640625e-07,0.0024490356445312,9.5367431640625e-07,2.0434789657592773
axis_recursive__v2020__B4|788,211006,10.567512512207031,0.5637063980102539,2.8032093048095703,4.234745979309082,0.373301117487164,0.0,0.0,0.0784990862011909,0.0,9.5367431640625e-07,9.5367431640625e-07,0.0024490356445312,9.5367431640625e-07,3.671039581298828
axis_recursive__v2020__B4|788,211007,10.567512512207031,0.3742313385009765,3.741438865661621,0.2518959045410156,0.4610389610389611,0.0,0.0,0.0773502364754676,0.0,9.5367431640625e-07,9.5367431640625e-07,0.0024490356445312,9.5367431640625e-07,-0.12233543395996088
axis_recursive__v2020__B4|788,211008,10.567512512207031,1.0072546005249023,4.3742218017578125,2.425480842590332,0.489429175475687,0.0,0.0,0.0798248276114463,0.0,9.5367431640625e-07,9.5367431640625e-07,0.0024490356445312,9.5367431640625e-07,1.4182262420654297
axis_recursive__v2020__B4|788,211009,10.567512512207031,0.3816156387329101,3.7483177185058594,3.465250968933105,0.4740259740259741,0.0,0.0,0.0796557590365409,0.0,9.5367431640625e-07,9.5367431640625e-07,0.0024490356445312,9.5367431640625e-07,3.083635330200195
axis_recursive__v2020__B4|788,211010,10.567512512207031,0.5334444046020508,2.833505630493164,2.822169303894043,0.4488070069465418,0.0,0.0,0.0786157622933387,0.0,9.5367431640625e-07,9.5367431640625e-07,0.0024490356445312,9.5367431640625e-07,2.288724899291992
axis_recursive__v2020__B4|788,211011,10.567512512207031,0.2706308364868164,3.637290954589844,3.436738967895508,0.3897614013893083,0.0,0.0,0.0794149339199066,0.0,9.5367431640625e-07,9.5367431640625e-07,0.0024490356445312,9.5367431640625e-07,3.1661081314086914
axis_recursive__v2020__B4|788,211012,10.567512512207031,0.4390773773193359,3.805942535400391,3.440807342529297,0.4388402295379039,0.0,0.0,0.0793115571141243,0.0,9.5367431640625e-07,9.5367431640625e-07,0.0024490356445312,9.5367431640625e-07,3.001729965209961
axis_recursive__v2020__B4|788,211013,10.567512512207031,2.901129722595215,0.4656906127929687,2.426945686340332,0.393687707641196,0.0,0.0,0.0795091167092323,0.0,9.5367431640625e-07,9.5367431640625e-07,0.0024490356445312,9.5367431640625e-07,-0.4741840362548828
axis_recursive__v2020__B4|788,211014,10.567512512207031,1.776018142700195,1.5908880233764648,1.0367355346679688,0.5058894593778315,0.0,0.0,0.0790839120745658,0.0,9.5367431640625e-07,9.5367431640625e-07,0.0024490356445312,9.5367431640625e-07,-0.7392826080322263
axis_recursive__v2020__B4|788,211015,10.567512512207031,1.8565073013305664,1.5100374221801758,2.601447105407715,0.4661733615221987,0.0,0.0,0.0799397453665733,0.0,9.5367431640625e-07,9.5367431640625e-07,0.0024490356445312,9.5367431640625e-07,0.7449398040771484
axis_recursive__v2020__B4|788,211016,10.567512512207031,0.6110925674438477,3.978225708007813,3.213033676147461,0.4269102990033223,0.0,0.0,0.0797430202364921,0.0,9.5367431640625e-07,9.5367431640625e-07,0.0024490356445312,9.5367431640625e-07,2.6019411087036133
axis_recursive__v2020__B4|788,211017,10.567512512207031,1.8975772857666016,1.469182014465332,2.043041229248047,0.4669284204167925,0.0,0.0,0.0798079147934913,0.0,9.5367431640625e-07,9.5367431640625e-07,0.0024490356445312,9.5367431640625e-07,0.1454639434814453
axis_recursive__v2020__B4|788,211018,10.567512512207031,2.2537498474121094,1.1130390167236328,3.2308969497680664,0.5114768951978255,0.0,0.0,0.079174555838108,0.0,9.5367431640625e-07,9.5367431640625e-07,0.0024490356445312,9.5367431640625e-07,0.977147102355957
axis_recursive__v2020__B4|788,211019,10.567512512207031,1.1423816680908203,2.224590301513672,3.128476142883301,0.4385382059800665,0.0,0.0,0.0803449675440788,0.0,9.5367431640625e-07,9.5367431640625e-07,0.0024490356445312,9.5367431640625e-07,1.9860944747924805
axis_recursive__v2020__B4|788,211020,10.567512512207031,0.3506851196289062,3.016119956970215,3.016844749450684,0.4577167019027484,0.0,0.0,0.078921839594841,0.0,9.5367431640625e-07,9.5367431640625e-07,0.0024490356445312,9.5367431640625e-07,2.666159629821778
axis_recursive__v2020__B4|529,211001,12.505228996276855,0.4400358200073242,1.0220022201538086,1.7074451446533203,0.1304741769858048,0.0,0.0,0.1865102797746658,0.0,0.0,0.0,0.0405607223510742,0.0,1.267409324645996
axis_recursive__v2020__B4|529,211002,12.505228996276855,1.085039138793945,2.5470075607299805,0.4674406051635742,0.3763213530655391,0.0,0.0,0.1755072772502899,0.0,0.0,0.0,0.0405607223510742,0.0,-0.6175985336303709
axis_recursive__v2020__B4|529,211003,12.505228996276855,0.2457246780395507,1.2158241271972656,1.306985855102539,0.1377227423739051,0.0,0.0,0.1952833384275436,0.0,0.0,0.0,0.0405607223510742,0.0,1.0612611770629883
axis_recursive__v2020__B4|529,211004,12.505228996276855,1.283350944519043,2.744246482849121,1.430864334106445,0.2242524916943521,0.0,0.0,0.1805490106344223,0.0,0.0,0.0,0.0405607223510742,0.0,0.14751338958740212
axis_recursive__v2020__B4|529,211005,12.505228996276855,0.5169868469238281,0.944101333618164,1.926361083984375,0.095137420718816,0.0,0.0,0.1814236640930175,0.0,0.0,0.0,0.0405607223510742,0.0,1.4093742370605469
axis_recursive__v2020__B4|529,211006,12.505228996276855,0.9800395965576172,2.4426050186157227,2.520345687866211,0.2417698580489278,0.0,0.0,0.1701207011938095,0.0,0.0,0.0,0.0405607223510742,0.0,1.5403060913085938
axis_recursive__v2020__B4|529,211007,12.505228996276855,0.5542421340942383,2.0160131454467773,0.5290861129760742,0.1763817577771066,0.0,0.0,0.1690776646137237,0.0,0.0,0.0,0.0405607223510742,0.0,-0.025156021118164062
axis_recursive__v2020__B4|529,211008,12.505228996276855,0.6654958724975586,2.128085136413574,1.9828767776489256,0.2259136212624584,0.0,0.0,0.1780891865491867,0.0,0.0,0.0,0.0405607223510742,0.0,1.317380905151367
axis_recursive__v2020__B4|529,211009,12.505228996276855,0.8245706558227539,2.286004066467285,1.104599952697754,0.2739353669586228,0.0,0.0,0.1804043799638748,0.0,0.0,0.0,0.0405607223510742,0.0,0.280029296875
axis_recursive__v2020__B4|529,211010,12.505228996276855,1.0429372787475586,2.5040102005004883,1.0258827209472656,0.3198429477499245,0.0,0.0,0.1929983794689178,0.0,0.0,0.0,0.0405607223510742,0.0,-0.01705455780029297
axis_recursive__v2020__B4|529,211011,12.505228996276855,0.903799057006836,2.3653383255004883,1.0704059600830078,0.1436122017517366,0.0,0.0,0.1881041973829269,0.0,0.0,0.0,0.0405607223510742,0.0,0.16660690307617176
axis_recursive__v2020__B4|529,211012,12.505228996276855,1.3035125732421875,2.764772415161133,1.4045886993408203,0.2630625188764723,0.0,0.0,0.1549382507801056,0.0,0.0,0.0,0.0405607223510742,0.0,0.10107612609863281
axis_recursive__v2020__B4|529,211013,12.505228996276855,0.6312570571899414,0.8314828872680664,1.1540765762329102,0.2139836907278767,0.0,0.0,0.2009957134723663,0.0,0.0,0.0,0.0405607223510742,0.0,0.5228195190429688
axis_recursive__v2020__B4|529,211014,12.505228996276855,0.0900402069091796,1.3721084594726562,0.1547870635986328,0.3246753246753247,0.0,0.0,0.1912417709827423,0.0,0.0,0.0,0.0405607223510742,0.0,0.06474685668945321
axis_recursive__v2020__B4|529,211015,12.505228996276855,0.2599506378173828,1.201578140258789,0.7684755325317383,0.3221081244337058,0.0,0.0,0.1962014734745025,0.0,0.0,0.0,0.0405607223510742,0.0,0.5085248947143555
axis_recursive__v2020__B4|529,211016,12.505228996276855,1.107929229736328,2.5692310333251958,1.4544401168823242,0.2301419510721836,0.0,0.0,0.1647728830575943,0.0,0.0,0.0,0.0405607223510742,0.0,0.3465108871459963
axis_recursive__v2020__B4|529,211017,12.505228996276855,0.331639289855957,1.1303329467773438,0.440164566040039,0.2965871337964361,0.0,0.0,0.1958925873041153,0.0,0.0,0.0,0.0405607223510742,0.0,0.10852527618408203
axis_recursive__v2020__B4|529,211018,12.505228996276855,0.7339057922363281,0.7280092239379883,0.5024862289428711,0.2887345212926608,0.0,0.0,0.1855516582727432,0.0,0.0,0.0,0.0405607223510742,0.0,-0.23141956329345703
axis_recursive__v2020__B4|529,211019,12.505228996276855,0.3507308959960937,1.110936164855957,1.4309167861938477,0.1254907882814859,0.0,0.0,0.1913278847932815,0.0,0.0,0.0,0.0405607223510742,0.0,1.080185890197754
axis_recursive__v2020__B4|529,211020,12.505228996276855,1.4329748153686523,2.895200729370117,1.4098501205444336,0.420869827846572,0.0,0.0,0.2007199227809906,0.0,0.0,0.0,0.0405607223510742,0.0,-0.02312469482421875
axis_recursive__v2020__B4|19,211001,15.953080177307127,1.5920801162719729,0.4350271224975586,1.5952253341674805,0.3165206886137119,0.0,0.0,0.0543887205421924,0.0,0.0,0.0,4.00543212890625e-05,0.0,0.0031452178955075905
axis_recursive__v2020__B4|19,211002,15.953080177307127,1.2374029159545898,0.7891597747802734,1.6580867767333984,0.4611899728178798,0.0,0.0,0.0552451200783252,0.0,0.0,0.0,4.00543212890625e-05,0.0,0.4206838607788086
axis_recursive__v2020__B4|19,211003,15.953080177307127,1.340651512145996,0.6860589981079102,1.9994325637817385,0.2660827544548474,0.0,0.0,0.0550574176013469,0.0,0.0,0.0,4.00543212890625e-05,0.0,0.6587810516357424
axis_recursive__v2020__B4|19,211004,15.953080177307127,0.9886817932128906,1.037698745727539,1.7346620559692385,0.443068559347629,0.0,0.0,0.055027887225151,0.0,0.0,0.0,4.00543212890625e-05,0.0,0.7459802627563479
axis_recursive__v2020__B4|19,211005,15.953080177307127,1.1146774291992188,0.9119024276733398,1.5009260177612305,0.4178495922681969,0.0,0.0,0.0565246045589447,0.0,0.0,0.0,4.00543212890625e-05,0.0,0.3862485885620117
axis_recursive__v2020__B4|19,211006,15.953080177307127,1.353398323059082,0.6731672286987305,0.9878702163696288,0.3011174871639988,0.0,0.0,0.0565772950649261,0.0,0.0,0.0,4.00543212890625e-05,0.0,-0.36552810668945324
axis_recursive__v2020__B4|19,211007,15.953080177307127,1.1630496978759766,0.8636932373046875,1.9035053253173828,0.3462700090607067,0.0,0.0,0.0550266802310943,0.0,0.0,0.0,4.00543212890625e-05,0.0,0.7404556274414062
axis_recursive__v2020__B4|19,211008,15.953080177307127,1.3057317733764648,0.7211666107177734,1.4536018371582031,0.3630323165206885,0.0,0.0,0.0560617372393608,0.0,0.0,0.0,4.00543212890625e-05,0.0,0.14787006378173828
axis_recursive__v2020__B4|19,211009,15.953080177307127,1.0859375,0.9406976699829102,1.8595094680786133,0.4433705829054666,0.0,0.0,0.0558030903339386,0.0,0.0,0.0,4.00543212890625e-05,0.0,0.7735719680786133
axis_recursive__v2020__B4|19,211010,15.953080177307127,1.2147064208984375,0.8121194839477539,2.164947509765625,0.4471458773784355,0.0,0.0,0.0548451580107212,0.0,0.0,0.0,4.00543212890625e-05,0.0,0.9502410888671875
axis_recursive__v2020__B4|19,211011,15.953080177307127,1.3223114013671875,0.7044210433959961,1.940347671508789,0.4113560857746903,0.0,0.0,0.05390639975667,0.0,0.0,0.0,4.00543212890625e-05,0.0,0.6180362701416016
axis_recursive__v2020__B4|19,211012,15.953080177307127,1.144674301147461,0.8821649551391602,1.7556133270263672,0.4178495922681969,0.0,0.0,0.0548730194568634,0.0,0.0,0.0,4.00543212890625e-05,0.0,0.6109390258789062
axis_recursive__v2020__B4|19,211013,15.953080177307127,0.6714897155761719,1.354970932006836,1.5442686080932615,0.4172455451525219,0.0,0.0,0.0555209703743457,0.0,0.0,0.0,4.00543212890625e-05,0.0,0.8727788925170896
axis_recursive__v2020__B4|19,211014,15.953080177307127,0.5342683792114258,1.492325782775879,1.981961250305176,0.3959528843249773,0.0,0.0,0.054898090660572,0.0,0.0,0.0,4.00543212890625e-05,0.0,1.4476928710937502
axis_recursive__v2020__B4|19,211015,15.953080177307127,0.3014335632324219,1.7251472473144531,1.490870475769043,0.4901842343702808,0.0,0.0,0.0553920604288578,0.0,0.0,0.0,4.00543212890625e-05,0.0,1.189436912536621
axis_recursive__v2020__B4|19,211016,15.953080177307127,1.3519716262817385,0.6748247146606445,2.16164493560791,0.3649954696466324,0.0,0.0,0.0575445666909217,0.0,0.0,0.0,4.00543212890625e-05,0.0,0.8096733093261717
axis_recursive__v2020__B4|19,211017,15.953080177307127,0.9840126037597656,1.0427322387695312,1.7240934371948242,0.5274841437632135,0.0,0.0,0.0556600503623485,0.0,0.0,0.0,4.00543212890625e-05,0.0,0.7400808334350586
axis_recursive__v2020__B4|19,211018,15.953080177307127,1.173471450805664,0.8533010482788086,1.987112045288086,0.4755360918151615,0.0,0.0,0.0538213811814785,0.0,0.0,0.0,4.00543212890625e-05,0.0,0.8136405944824219
axis_recursive__v2020__B4|19,211019,15.953080177307127,1.1570053100585938,0.8696193695068359,1.928297996520996,0.3989731199033524,0.0,0.0,0.0557765513658523,0.0,0.0,0.0,4.00543212890625e-05,0.0,0.7712926864624023
axis_recursive__v2020__B4|19,211020,15.953080177307127,0.7235469818115234,1.3031129837036133,1.5858888626098633,0.4913923286016309,0.0,0.0,0.0548789501190185,0.0,0.0,0.0,4.00543212890625e-05,0.0,0.8623418807983398
rotated45_recursive__v2010__B1|6128,211001,12.859703063964844,1.7419147491455078,0.5621232986450195,2.765427589416504,0.0110238598610691,0.0,0.0,0.0574570931494236,0.0,0.0,0.0,7.62939453125e-05,0.0,1.023512840270996
rotated45_recursive__v2010__B1|6128,211002,12.859703063964844,2.6749496459960938,4.9790239334106445,0.0421695709228515,0.0844155844155844,0.0,0.0,0.0546400994062423,0.0,0.0,0.0,7.62939453125e-05,0.0,-2.632780075073242
rotated45_recursive__v2010__B1|6128,211003,12.859703063964844,0.1753168106079101,2.479381561279297,3.887630462646485,0.0362428269405013,0.0,0.0,0.0566143877804279,0.0,0.0,0.0,7.62939453125e-05,0.0,3.7123136520385747
rotated45_recursive__v2010__B1|6128,211004,12.859703063964844,1.0746002197265625,3.378668785095215,2.6467390060424805,0.087737843551797,0.0,0.0,0.0540371090173721,0.0,0.0,0.0,7.62939453125e-05,0.0,1.572138786315918
rotated45_recursive__v2010__B1|6128,211005,12.859703063964844,1.134429931640625,1.1695919036865234,2.027498245239258,0.0706735125339776,0.0,0.0,0.0546490363776683,0.0,0.0,0.0,7.62939453125e-05,0.0,0.8930683135986328
rotated45_recursive__v2010__B1|6128,211006,12.859703063964844,2.162515640258789,4.466663360595703,2.8653430938720703,0.0830564784053156,0.0,0.0,0.0563152693212032,0.0,0.0,0.0,7.62939453125e-05,0.0,0.7028274536132812
rotated45_recursive__v2010__B1|6128,211007,12.859703063964844,0.2314796447753906,2.535550117492676,0.7440071105957031,-0.0033222591362126,0.0,0.0,0.0564288683235645,0.0,0.0,0.0,7.62939453125e-05,0.0,0.5125274658203125
rotated45_recursive__v2010__B1|6128,211008,12.859703063964844,2.000782966613769,4.304862022399902,1.595867156982422,0.0536091815161582,0.0,0.0,0.0584202706813812,0.0,0.0,0.0,7.62939453125e-05,0.0,-0.404915809631347
rotated45_recursive__v2010__B1|6128,211009,12.859703063964844,1.2517099380493164,3.555788993835449,2.056551933288574,0.1741165810933252,0.0,0.0,0.0559237003326416,0.0,0.0,0.0,7.62939453125e-05,0.0,0.8048419952392578
rotated45_recursive__v2010__B1|6128,211010,12.859703063964844,0.5764541625976562,2.880551338195801,3.78348445892334,0.0742977952280277,0.0,0.0,0.0550547689199447,0.0,0.0,0.0,7.62939453125e-05,0.0,3.2070302963256836
rotated45_recursive__v2010__B1|6128,211011,12.859703063964844,2.675774574279785,4.979856491088867,2.091136932373047,0.0314104500151011,0.0,0.0,0.055110614746809,0.0,0.0,0.0,7.62939453125e-05,0.0,-0.5846376419067383
rotated45_recursive__v2010__B1|6128,211012,12.859703063964844,2.436541557312012,4.740626335144043,2.138238906860352,0.1230745998187858,0.0,0.0,0.0567372627556324,0.0,0.0,0.0,7.62939453125e-05,0.0,-0.29830265045166016
rotated45_recursive__v2010__B1|6128,211013,12.859703063964844,0.0910835266113281,2.395132064819336,3.105428695678711,0.095137420718816,0.0,0.0,0.0559850893914699,0.0,0.0,0.0,7.62939453125e-05,0.0,3.014345169067383
rotated45_recursive__v2010__B1|6128,211014,12.859703063964844,1.3731098175048828,0.9309444427490234,0.6050882339477539,-0.0668982180610087,0.0,0.0,0.0556814819574356,0.0,0.0,0.0,7.62939453125e-05,0.0,-0.7680215835571289
rotated45_recursive__v2010__B1|6128,211015,12.859703063964844,1.024087905883789,3.328187942504883,0.1840553283691406,0.0581395348837209,0.0,0.0,0.0554738380014896,0.0,0.0,0.0,7.62939453125e-05,0.0,-0.8400325775146484
rotated45_recursive__v2010__B1|6128,211016,12.859703063964844,0.5167465209960938,2.8208541870117188,0.9149408340454102,0.0901540320144971,0.0,0.0,0.0574326552450656,0.0,0.0,0.0,7.62939453125e-05,0.0,0.3981943130493164
rotated45_recursive__v2010__B1|6128,211017,12.859703063964844,0.967930793762207,1.3361101150512695,2.608424186706543,0.1232256115977046,0.0,0.0,0.0558471046388149,0.0,0.0,0.0,7.62939453125e-05,0.0,1.640493392944336
rotated45_recursive__v2010__B1|6128,211018,12.859703063964844,2.5156354904174805,4.819721221923828,1.8539295196533203,0.1310782241014799,0.0,0.0,0.0540481321513652,0.0,0.0,0.0,7.62939453125e-05,0.0,-0.6617059707641602
rotated45_recursive__v2010__B1|6128,211019,12.859703063964844,0.7559261322021484,1.548116683959961,3.1142826080322266,0.1277559649652672,0.0,0.0,0.0548250637948513,0.0,0.0,0.0,7.62939453125e-05,0.0,2.358356475830078
rotated45_recursive__v2010__B1|6128,211020,12.859703063964844,0.2452659606933593,2.5493202209472656,1.6093053817749023,-0.0943823618242223,0.0,0.0,0.0571465194225311,0.0,0.0,0.0,7.62939453125e-05,0.0,1.364039421081543
rotated45_recursive__v2010__B1|7976,211001,16.003929138183594,3.1731910705566406,2.261998176574707,5.535744667053223,0.1997885835095137,0.0,0.0,0.1456332355737686,0.0,0.0,0.0,0.0038814544677734,0.0,2.362553596496582
rotated45_recursive__v2010__B1|7976,211002,16.003929138183594,0.1104736328125,5.545945167541504,1.0652990341186523,0.3551797040169133,0.0,0.0,0.138050839304924,0.0,0.0,0.0,0.0038814544677734,0.0,0.9548254013061523
rotated45_recursive__v2010__B1|7976,211003,16.003929138183594,1.6223325729370115,3.8131399154663086,6.188085556030273,0.200845665961945,0.0,0.0,0.1403159350156784,0.0,0.0,0.0,0.0038814544677734,0.0,4.565752983093262
rotated45_recursive__v2010__B1|7976,211004,16.003929138183594,1.318096160888672,6.754233360290527,5.661484718322754,0.3828148595590456,0.0,0.0,0.1473650634288787,0.0,0.0,0.0,0.0038814544677734,0.0,4.343388557434082
rotated45_recursive__v2010__B1|7976,211005,16.003929138183594,1.9934253692626955,7.429130554199219,5.717124938964844,0.3337360314104499,0.0,0.0,0.1478176414966583,0.0,0.0,0.0,0.0038814544677734,0.0,3.7236995697021484
rotated45_recursive__v2010__B1|7976,211006,16.003929138183594,0.8985919952392578,4.537178039550781,4.101795196533203,0.2298399275143461,0.0,0.0,0.1436156630516052,0.0,0.0,0.0,0.0038814544677734,0.0,3.2032032012939453
rotated45_recursive__v2010__B1|7976,211007,16.003929138183594,2.135936737060547,3.2996864318847656,3.448582649230957,0.1319842947749924,0.0,0.0,0.153197780251503,0.0,0.0,0.0,0.0038814544677734,0.0,1.3126459121704102
rotated45_recursive__v2010__B1|7976,211008,16.003929138183594,0.6955451965332031,4.740164756774902,5.453930854797363,0.1658109332527937,0.0,0.0,0.1438926607370376,0.0,0.0,0.0,0.0038814544677734,0.0,4.75838565826416
rotated45_recursive__v2010__B1|7976,211009,16.003929138183594,1.8129539489746092,7.248565673828125,4.943004608154297,0.2828450619148293,0.0,0.0,0.1225863620638847,0.0,0.0,0.0,0.0038814544677734,0.0,3.1300506591796875
rotated45_recursive__v2010__B1|7976,211010,16.003929138183594,0.1446037292480468,5.291418075561523,6.270320892333984,0.3030806402899426,0.0,0.0,0.1522726267576217,0.0,0.0,0.0,0.0038814544677734,0.0,6.1257171630859375
rotated45_recursive__v2010__B1|7976,211011,16.003929138183594,1.9361610412597656,7.372276306152344,6.289651870727539,0.1999395952884325,0.0,0.0,0.1397440433502197,0.0,0.0,0.0,0.0038814544677734,0.0,4.353490829467773
rotated45_recursive__v2010__B1|7976,211012,16.003929138183594,1.6671257019042969,7.103097915649414,4.416108131408691,0.273180308064029,0.0,0.0,0.1336753219366073,0.0,0.0,0.0,0.0038814544677734,0.0,2.7489824295043945
rotated45_recursive__v2010__B1|7976,211013,16.003929138183594,0.0903434753417968,5.526091575622559,6.317445755004883,0.2765025672002416,0.0,0.0,0.159252718091011,0.0,0.0,0.0,0.0038814544677734,0.0,6.227102279663086
rotated45_recursive__v2010__B1|7976,211014,16.003929138183594,1.5577411651611328,3.877547264099121,1.997889518737793,0.1567502265176683,0.0,0.0,0.1357149183750152,0.0,0.0,0.0,0.0038814544677734,0.0,0.44014835357666016
rotated45_recursive__v2010__B1|7976,211015,16.003929138183594,1.849321365356445,3.5860557556152344,0.1763677597045898,0.188462700090607,0.0,0.0,0.1313902735710144,0.0,0.0,0.0,0.0038814544677734,0.0,-1.6729536056518552
rotated45_recursive__v2010__B1|7976,211016,16.003929138183594,0.4565753936767578,4.97948169708252,3.415098190307617,0.3054968287526427,0.0,0.0,0.169478103518486,0.0,0.0,0.0,0.0038814544677734,0.0,2.9585227966308594
rotated45_recursive__v2010__B1|7976,211017,16.003929138183594,0.1887111663818359,5.624095916748047,6.305286407470703,0.4057686499546965,0.0,0.0,0.1376462280750274,0.0,0.0,0.0,0.0038814544677734,0.0,6.116575241088867
rotated45_recursive__v2010__B1|7976,211018,16.003929138183594,2.046051025390625,7.481784820556641,5.620540618896484,0.4237390516460284,0.0,0.0,0.134454071521759,0.0,0.0,0.0,0.0038814544677734,0.0,3.5744895935058594
rotated45_recursive__v2010__B1|7976,211019,16.003929138183594,0.0512275695800781,5.486777305603027,7.62747859954834,0.3565388100271821,0.0,0.0,0.1333915442228317,0.0,0.0,0.0,0.0038814544677734,0.0,7.576251029968262
rotated45_recursive__v2010__B1|7976,211020,16.003929138183594,2.0871238708496094,3.348495483398437,2.7365036010742188,0.2908486861975234,0.0,0.0,0.1547913253307342,0.0,0.0,0.0,0.0038814544677734,0.0,0.6493797302246094
rotated45_recursive__v2010__B1|5145,211001,14.558743476867676,1.384873390197754,2.601008415222168,4.457008361816406,0.3209000302023558,0.0,0.0,0.0546199046075344,0.0,0.0,0.0,0.0002622604370117,0.0,3.0721349716186523
rotated45_recursive__v2010__B1|5145,211002,14.558743476867676,4.71915340423584,8.705053329467773,1.1158790588378906,0.300362428269405,0.0,0.0,0.054971907287836,0.0,0.0,0.0,0.0002622604370117,0.0,-3.603274345397949
rotated45_recursive__v2010__B1|5145,211003,14.558743476867676,1.3528823852539062,2.632797241210937,5.503198623657227,0.2296889157354273,0.0,0.0,0.0545752048492431,0.0,0.0,0.0,0.0002622604370117,0.0,4.15031623840332
rotated45_recursive__v2010__B1|5145,211004,14.558743476867676,4.642970085144043,8.62900447845459,4.495092391967773,0.4562065841135608,0.0,0.0,0.0545145459473133,0.0,0.0,0.0,0.0002622604370117,0.0,-0.14787769317626953
rotated45_recursive__v2010__B1|5145,211005,14.558743476867676,3.112257957458496,7.098402976989746,3.9989070892333984,0.453035336756267,0.0,0.0,0.0561678148806095,0.0,0.0,0.0,0.0002622604370117,0.0,0.8866491317749023
rotated45_recursive__v2010__B1|5145,211006,14.558743476867676,0.7714166641235352,4.757346153259277,4.151704788208008,0.4515252189670794,0.0,0.0,0.0556476786732673,0.0,0.0,0.0,0.0002622604370117,0.0,3.3802881240844727
rotated45_recursive__v2010__B1|5145,211007,14.558743476867676,0.5040445327758789,4.490172386169434,3.53511905670166,0.3459679855028692,0.0,0.0,0.0544281676411628,0.0,0.0,0.0,0.0002622604370117,0.0,3.0310745239257812
rotated45_recursive__v2010__B1|5145,211008,14.558743476867676,4.48361873626709,8.469491004943848,4.295930862426758,0.3610691633947448,0.0,0.0,0.0558929592370986,0.0,0.0,0.0,0.0002622604370117,0.0,-0.18768787384033203
rotated45_recursive__v2010__B1|5145,211009,14.558743476867676,4.659010887145996,8.644948959350586,3.9647817611694336,0.3517064331017819,0.0,0.0,0.0551733560860157,0.0,0.0,0.0,0.0002622604370117,0.0,-0.6942291259765625
rotated45_recursive__v2010__B1|5145,211010,14.558743476867676,0.7436847686767578,4.729748725891113,5.854708671569824,0.3041377227423739,0.0,0.0,0.055179014801979,0.0,0.0,0.0,0.0002622604370117,0.0,5.111023902893066
rotated45_recursive__v2010__B1|5145,211011,14.558743476867676,4.587801933288574,8.573837280273438,4.160161018371582,0.3181818181818182,0.0,0.0,0.0544527135789394,0.0,0.0,0.0,0.0002622604370117,0.0,-0.4276409149169922
rotated45_recursive__v2010__B1|5145,211012,14.558743476867676,4.608065605163574,8.593976497650146,4.485800743103027,0.4136212624584717,0.0,0.0,0.054981306195259,0.0,0.0,0.0,0.0002622604370117,0.0,-0.12226486206054688
rotated45_recursive__v2010__B1|5145,211013,14.558743476867676,0.8268938064575195,4.813036918640137,5.538213729858398,0.3725460585925702,0.0,0.0,0.0551915913820266,0.0,0.0,0.0,0.0002622604370117,0.0,4.711319923400879
rotated45_recursive__v2010__B1|5145,211014,14.558743476867676,2.937747001647949,6.924004554748535,2.1846323013305664,0.3011174871639988,0.0,0.0,0.0550405047833919,0.0,0.0,0.0,0.0002622604370117,0.0,-0.7531147003173828
rotated45_recursive__v2010__B1|5145,211015,14.558743476867676,2.8867101669311523,6.873128890991211,1.4460344314575195,0.3687707641196013,0.0,0.0,0.0554343312978744,0.0,0.0,0.0,0.0002622604370117,0.0,-1.4406757354736328
rotated45_recursive__v2010__B1|5145,211016,14.558743476867676,0.8350744247436523,4.8211669921875,2.751206398010254,0.4263062518876472,0.0,0.0,0.0558055117726326,0.0,0.0,0.0,0.0002622604370117,0.0,1.9161319732666016
rotated45_recursive__v2010__B1|5145,211017,14.558743476867676,2.633683204650879,6.619447231292725,5.945194244384766,0.3704318936877076,0.0,0.0,0.0552418678998947,0.0,0.0,0.0,0.0002622604370117,0.0,3.3115110397338867
rotated45_recursive__v2010__B1|5145,211018,14.558743476867676,4.503487586975098,8.489420890808105,4.774087905883789,0.4572636665659921,0.0,0.0,0.0543176308274269,0.0,0.0,0.0,0.0002622604370117,0.0,0.2706003189086914
rotated45_recursive__v2010__B1|5145,211019,14.558743476867676,1.0917062759399414,5.077528953552246,5.631539344787598,0.3609181516158261,0.0,0.0,0.0556662492454052,0.0,0.0,0.0,0.0002622604370117,0.0,4.539833068847656
rotated45_recursive__v2010__B1|5145,211020,14.558743476867676,1.0101213455200195,2.9762277603149414,0.0613412857055664,0.0949864089398973,0.0,0.0,0.053984485566616,0.0,0.0,0.0,0.0002622604370117,0.0,-0.9487800598144531
rotated45_recursive__v2010__B2|5247,211001,10.819826126098633,1.2111234664916992,0.6500825881958008,2.4095401763916016,-0.0798852310480217,0.0,0.0,0.1162019222974777,0.0,1.9073486328125e-06,1.9073486328125e-06,0.0131568908691406,1.9073486328125e-06,1.1984167098999023
rotated45_recursive__v2010__B2|5247,211002,10.819826126098633,0.9357385635375975,0.926349639892578,0.0268077850341796,0.0551192993053458,0.0,0.0,0.1123107746243476,0.0,1.9073486328125e-06,1.9073486328125e-06,0.0131568908691406,1.9073486328125e-06,-0.908930778503418
rotated45_recursive__v2010__B2|5247,211003,10.819826126098633,1.0976200103759766,0.7637805938720703,1.959501266479492,-0.0516460283902144,0.0,0.0,0.1162387579679489,0.0,1.9073486328125e-06,1.9073486328125e-06,0.0131568908691406,1.9073486328125e-06,0.8618812561035154
rotated45_recursive__v2010__B2|5247,211004,10.819826126098633,0.4680919647216797,2.3288469314575195,0.9570274353027344,0.0720326185442464,0.0,0.0,0.1132573559880256,0.0,1.9073486328125e-06,1.9073486328125e-06,0.0131568908691406,1.9073486328125e-06,0.4889354705810547
rotated45_recursive__v2010__B2|5247,211005,10.819826126098633,0.0940876007080078,1.7671308517456057,1.3494186401367188,0.0052854122621564,0.0,0.0,0.1147377789020538,0.0,1.9073486328125e-06,1.9073486328125e-06,0.0131568908691406,1.9073486328125e-06,1.255331039428711
rotated45_recursive__v2010__B2|5247,211006,10.819826126098633,0.8989982604980469,0.9621744155883788,1.7294073104858398,0.0761099365750528,0.0,0.0,0.1189296245574951,0.0,1.9073486328125e-06,1.9073486328125e-06,0.0131568908691406,1.9073486328125e-06,0.830409049987793
rotated45_recursive__v2010__B2|5247,211007,10.819826126098633,0.8389453887939453,1.02166748046875,2.060276985168457,0.074750830564784,0.0,0.0,0.1163040548563003,0.0,1.9073486328125e-06,1.9073486328125e-06,0.0131568908691406,1.9073486328125e-06,1.2213315963745117
rotated45_recursive__v2010__B2|5247,211008,10.819826126098633,0.6573066711425781,1.2035951614379885,1.059528350830078,0.1540320144971307,0.0,0.0,0.1124479919672012,0.0,1.9073486328125e-06,1.9073486328125e-06,0.0131568908691406,1.9073486328125e-06,0.4022216796874998
rotated45_recursive__v2010__B2|5247,211009,10.819826126098633,0.1212234497070312,1.7396001815795898,1.767486572265625,0.0983086680761099,0.0,0.0,0.1160647943615913,0.0,1.9073486328125e-06,1.9073486328125e-06,0.0131568908691406,1.9073486328125e-06,1.6462631225585938
rotated45_recursive__v2010__B2|5247,211010,10.819826126098633,1.1458120346069336,0.7155780792236328,1.7978334426879885,-0.0644820295983086,0.0,0.0,0.1158562451601028,0.0,1.9073486328125e-06,1.9073486328125e-06,0.0131568908691406,1.9073486328125e-06,0.6520214080810549
rotated45_recursive__v2010__B2|5247,211011,10.819826126098633,0.0522489547729492,1.8084640502929688,1.3632726669311523,0.0264270613107822,0.0,0.0,0.1141192913055419,0.0,1.9073486328125e-06,1.9073486328125e-06,0.0131568908691406,1.9073486328125e-06,1.3110237121582031
rotated45_recursive__v2010__B2|5247,211012,10.819826126098633,0.0260810852050781,1.8351497650146484,2.643965721130371,-0.0006795786617143,0.0,0.0,0.1161733493208885,0.0,1.9073486328125e-06,1.9073486328125e-06,0.0131568908691406,1.9073486328125e-06,2.617884635925293
rotated45_recursive__v2010__B2|5247,211013,10.819826126098633,0.7075328826904297,1.1539459228515625,1.1429176330566406,0.1153729990939293,0.0,0.0,0.1142631247639656,0.0,1.9073486328125e-06,1.9073486328125e-06,0.0131568908691406,1.9073486328125e-06,0.43538475036621094
rotated45_recursive__v2010__B2|5247,211014,10.819826126098633,0.087228775024414,1.9477615356445312,1.9856433868408203,-0.0058894593778314,0.0,0.0,0.1075992584228515,0.0,1.9073486328125e-06,1.9073486328125e-06,0.0131568908691406,1.9073486328125e-06,1.8984146118164062
rotated45_recursive__v2010__B2|5247,211015,10.819826126098633,0.1337852478027343,1.9949359893798828,0.1138515472412109,0.0342796738145575,0.0,0.0,0.111427791416645,0.0,1.9073486328125e-06,1.9073486328125e-06,0.0131568908691406,1.9073486328125e-06,-0.019933700561523396
rotated45_recursive__v2010__B2|5247,211016,10.819826126098633,0.9288825988769532,0.9314737319946288,2.0033445358276367,-0.0220477197221383,0.0,0.0,0.1193221509456634,0.0,1.9073486328125e-06,1.9073486328125e-06,0.0131568908691406,1.9073486328125e-06,1.0744619369506836
rotated45_recursive__v2010__B2|5247,211017,10.819826126098633,0.041243553161621,1.8199949264526367,1.168015480041504,-0.10072485653881,0.0,0.0,0.1118689104914665,0.0,1.9073486328125e-06,1.9073486328125e-06,0.0131568908691406,1.9073486328125e-06,1.1267719268798828
rotated45_recursive__v2010__B2|5247,211018,10.819826126098633,0.2302389144897461,2.09145450592041,1.9559431076049805,0.1688311688311688,0.0,0.0,0.104664646089077,0.0,1.9073486328125e-06,1.9073486328125e-06,0.0131568908691406,1.9073486328125e-06,1.7257041931152344
rotated45_recursive__v2010__B2|5247,211019,10.819826126098633,0.2128562927246093,1.6482820510864258,1.4393339157104492,0.0798852310480217,0.0,0.0,0.111794501543045,0.0,1.9073486328125e-06,1.9073486328125e-06,0.0131568908691406,1.9073486328125e-06,1.2264776229858398
rotated45_recursive__v2010__B2|5247,211020,10.819826126098633,0.7461223602294922,1.1152229309082031,0.4786796569824219,0.1002718212020537,0.0,0.0,0.1157407760620117,0.0,1.9073486328125e-06,1.9073486328125e-06,0.0131568908691406,1.9073486328125e-06,-0.2674427032470703
rotated45_recursive__v2010__B2|3277,211001,15.862188339233398,2.460476875305176,0.7197046279907227,3.600740432739258,0.1436122017517366,0.0,0.0,0.0635296627879142,0.0,0.0,0.0,0.0021600723266601,0.0,1.140263557434082
rotated45_recursive__v2010__B2|3277,211002,15.862188339233398,1.1214733123779297,2.0582876205444336,1.6549911499023438,0.1502567200241619,0.0,0.0,0.0661167353391647,0.0,0.0,0.0,0.0021600723266601,0.0,0.5335178375244141
rotated45_recursive__v2010__B2|3277,211003,15.862188339233398,2.080948829650879,1.0991716384887695,3.2144079208374023,0.1162790697674418,0.0,0.0,0.0647190958261489,0.0,0.0,0.0,0.0021600723266601,0.0,1.1334590911865234
rotated45_recursive__v2010__B2|3277,211004,15.862188339233398,0.7904481887817383,2.388814926147461,3.061361312866211,0.2956810631229236,0.0,0.0,0.065946027636528,0.0,0.0,0.0,0.0021600723266601,0.0,2.2709131240844727
rotated45_recursive__v2010__B2|3277,211005,15.862188339233398,0.9636344909667968,2.216150283813477,3.250652313232422,0.2725762609483539,0.0,0.0,0.0653446167707443,0.0,0.0,0.0,0.0021600723266601,0.0,2.287017822265625
rotated45_recursive__v2010__B2|3277,211006,15.862188339233398,1.1702213287353516,2.009286880493164,3.3073320388793945,0.2583811537299909,0.0,0.0,0.065814197063446,0.0,0.0,0.0,0.0021600723266601,0.0,2.137110710144043
rotated45_recursive__v2010__B2|3277,211007,15.862188339233398,1.1522254943847656,2.027298927307129,2.261070251464844,0.2073391724554515,0.0,0.0,0.064579464495182,0.0,0.0,0.0,0.0021600723266601,0.0,1.1088447570800786
rotated45_recursive__v2010__B2|3277,211008,15.862188339233398,1.2328710556030271,1.9465761184692385,2.2164411544799805,0.1168831168831168,0.0,0.0,0.0671548992395401,0.0,0.0,0.0,0.0021600723266601,0.0,0.9835700988769533
rotated45_recursive__v2010__B2|3277,211009,15.862188339233398,0.2289047241210937,2.950638771057129,3.593015670776367,0.3545756569012383,0.0,0.0,0.0656241029500961,0.0,0.0,0.0,0.0021600723266601,0.0,3.3641109466552734
rotated45_recursive__v2010__B2|3277,211010,15.862188339233398,0.7082176208496094,2.471284866333008,3.092898368835449,0.1433101781938991,0.0,0.0,0.0661923438310623,0.0,0.0,0.0,0.0021600723266601,0.0,2.38468074798584
rotated45_recursive__v2010__B2|3277,211011,15.862188339233398,0.3461742401123047,3.5253982543945312,3.358304023742676,0.3911205073995772,0.0,0.0,0.0653286427259445,0.0,0.0,0.0,0.0021600723266601,0.0,3.012129783630371
rotated45_recursive__v2010__B2|3277,211012,15.862188339233398,0.4049205780029297,2.774389266967773,3.303133010864258,0.1633947447900936,0.0,0.0,0.0659862905740737,0.0,0.0,0.0,0.0021600723266601,0.0,2.898212432861328
rotated45_recursive__v2010__B2|3277,211013,15.862188339233398,2.187541961669922,0.992544174194336,3.34334659576416,0.3107822410147992,0.0,0.0,0.0648951828479766,0.0,0.0,0.0,0.0021600723266601,0.0,1.1558046340942383
rotated45_recursive__v2010__B2|3277,211014,15.862188339233398,1.229145050048828,1.9502639770507808,2.020406723022461,0.2494714587737843,0.0,0.0,0.0661124140024185,0.0,0.0,0.0,0.0021600723266601,0.0,0.791261672973633
rotated45_recursive__v2010__B2|3277,211015,15.862188339233398,0.9953012466430664,2.184314727783203,1.446063995361328,0.2034128662035638,0.0,0.0,0.065802976489067,0.0,0.0,0.0,0.0021600723266601,0.0,0.4507627487182615
rotated45_recursive__v2010__B2|3277,211016,15.862188339233398,1.4393997192382812,1.7401237487792969,3.4966487884521484,0.1020839625490788,0.0,0.0,0.0659069642424583,0.0,0.0,0.0,0.0021600723266601,0.0,2.057249069213867
rotated45_recursive__v2010__B2|3277,211017,15.862188339233398,1.293227195739746,1.886519432067871,2.468344688415528,0.1812141347025068,0.0,0.0,0.0654595121741294,0.0,0.0,0.0,0.0021600723266601,0.0,1.1751174926757817
rotated45_recursive__v2010__B2|3277,211018,15.862188339233398,0.0747928619384765,3.104414939880371,2.6409425735473637,0.2792207792207792,0.0,0.0,0.0652852803468704,0.0,0.0,0.0,0.0021600723266601,0.0,2.566149711608887
rotated45_recursive__v2010__B2|3277,211019,15.862188339233398,1.4348459243774414,1.7447938919067385,2.69124698638916,0.2938689217758985,0.0,0.0,0.0664173066616058,0.0,0.0,0.0,0.0021600723266601,0.0,1.2564010620117188
rotated45_recursive__v2010__B2|3277,211020,15.862188339233398,0.9042196273803712,2.275497436523437,1.994678497314453,0.2529447296889157,0.0,0.0,0.0656492561101913,0.0,0.0,0.0,0.0021600723266601,0.0,1.0904588699340816
rotated45_recursive__v2010__B2|7002,211001,10.725642204284668,1.039236068725586,0.8953895568847656,2.0872106552124023,0.022198731501057,0.0,0.0,0.0922258794307708,0.0,9.5367431640625e-07,9.5367431640625e-07,0.0075931549072265,9.5367431640625e-07,1.0479745864868164
rotated45_recursive__v2010__B2|7002,211002,10.725642204284668,1.2031612396240234,0.7316913604736328,0.4351577758789062,0.195258230141951,0.0,0.0,0.0922413915395736,0.0,9.5367431640625e-07,9.5367431640625e-07,0.0075931549072265,9.5367431640625e-07,-0.7680034637451172
rotated45_recursive__v2010__B2|7002,211003,10.725642204284668,1.2010421752929688,0.733546257019043,1.159524917602539,-0.0477197221383267,0.0,0.0,0.0901784524321556,0.0,9.5367431640625e-07,9.5367431640625e-07,0.0075931549072265,9.5367431640625e-07,-0.04151725769042969
rotated45_recursive__v2010__B2|7002,211004,10.725642204284668,0.4188947677612304,1.515838623046875,1.5966367721557615,0.0892479613409846,0.0,0.0,0.0916907340288162,0.0,9.5367431640625e-07,9.5367431640625e-07,0.0075931549072265,9.5367431640625e-07,1.177742004394531
rotated45_recursive__v2010__B2|7002,211005,10.725642204284668,0.1058988571166992,1.828770637512207,1.2508668899536133,0.179855028692238,0.0,0.0,0.091805562376976,0.0,9.5367431640625e-07,9.5367431640625e-07,0.0075931549072265,9.5367431640625e-07,1.144968032836914
rotated45_recursive__v2010__B2|7002,211006,10.725642204284668,0.9716835021972656,0.9630537033081056,1.4499750137329102,0.1904258532165509,0.0,0.0,0.0918953418731689,0.0,9.5367431640625e-07,9.5367431640625e-07,0.0075931549072265,9.5367431640625e-07,0.47829151153564453
rotated45_recursive__v2010__B2|7002,211007,10.725642204284668,1.148850440979004,0.7858028411865234,2.1587724685668945,0.0614617940199335,0.0,0.0,0.0922389179468154,0.0,9.5367431640625e-07,9.5367431640625e-07,0.0075931549072265,9.5367431640625e-07,1.0099220275878906
rotated45_recursive__v2010__B2|7002,211008,10.725642204284668,0.9769554138183594,0.9575796127319336,1.3933706283569336,0.2668378133494413,0.0,0.0,0.0917870104312896,0.0,9.5367431640625e-07,9.5367431640625e-07,0.0075931549072265,9.5367431640625e-07,0.4164152145385742
rotated45_recursive__v2010__B2|7002,211009,10.725642204284668,0.3659925460815429,1.5684213638305664,1.0796899795532229,0.220024161884627,0.0,0.0,0.0908239930868148,0.0,9.5367431640625e-07,9.5367431640625e-07,0.0075931549072265,9.5367431640625e-07,0.7136974334716799
rotated45_recursive__v2010__B2|7002,211010,10.725642204284668,1.2140398025512695,0.7206687927246094,1.9689054489135744,0.0832074901842343,0.0,0.0,0.0920455455780029,0.0,9.5367431640625e-07,9.5367431640625e-07,0.0075931549072265,9.5367431640625e-07,0.7548656463623049
rotated45_recursive__v2010__B2|7002,211011,10.725642204284668,0.2520112991333008,1.682392120361328,1.0519447326660156,0.1194503171247357,0.0,0.0,0.0910591259598732,0.0,9.5367431640625e-07,9.5367431640625e-07,0.0075931549072265,9.5367431640625e-07,0.7999334335327148
rotated45_recursive__v2010__B2|7002,211012,10.725642204284668,0.1276922225952148,1.806732177734375,1.6234426498413086,0.2058290546662639,0.0,0.0,0.0923566445708274,0.0,9.5367431640625e-07,9.5367431640625e-07,0.0075931549072265,9.5367431640625e-07,1.4957504272460938
rotated45_recursive__v2010__B2|7002,211013,10.725642204284668,0.5345487594604492,1.400111198425293,1.9903984069824217,0.3033826638477801,0.0,0.0,0.0910769999027252,0.0,9.5367431640625e-07,9.5367431640625e-07,0.0075931549072265,9.5367431640625e-07,1.4558496475219724
rotated45_recursive__v2010__B2|7002,211014,10.725642204284668,0.0687322616577148,1.8660526275634768,2.0920839309692383,0.1963153125943823,0.0,0.0,0.0893197879195213,0.0,9.5367431640625e-07,9.5367431640625e-07,0.0075931549072265,9.5367431640625e-07,2.0233516693115234
rotated45_recursive__v2010__B2|7002,211015,10.725642204284668,0.030318260192871,1.9647855758666992,0.8072071075439453,0.2826940501359106,0.0,0.0,0.0899833217263221,0.0,9.5367431640625e-07,9.5367431640625e-07,0.0075931549072265,9.5367431640625e-07,0.7768888473510743
rotated45_recursive__v2010__B2|7002,211016,10.725642204284668,1.502579689025879,0.4322118759155273,1.1692285537719729,0.0397160978556327,0.0,0.0,0.0936415866017341,0.0,9.5367431640625e-07,9.5367431640625e-07,0.0075931549072265,9.5367431640625e-07,-0.33335113525390603
rotated45_recursive__v2010__B2|7002,211017,10.725642204284668,0.406036376953125,1.5285110473632812,2.3976755142211914,0.1579583207490184,0.0,0.0,0.0910073593258857,0.0,9.5367431640625e-07,9.5367431640625e-07,0.0075931549072265,9.5367431640625e-07,1.9916391372680664
rotated45_recursive__v2010__B2|7002,211018,10.725642204284668,0.176274299621582,1.7582969665527344,1.3453922271728516,0.2567200241618846,0.0,0.0,0.089903637766838,0.0,9.5367431640625e-07,9.5367431640625e-07,0.0075931549072265,9.5367431640625e-07,1.1691179275512695
rotated45_recursive__v2010__B2|7002,211019,10.725642204284668,0.1758804321289062,1.7586994171142578,1.7638788223266602,0.1312292358803986,0.0,0.0,0.0882463082671165,0.0,9.5367431640625e-07,9.5367431640625e-07,0.0075931549072265,9.5367431640625e-07,1.587998390197754
rotated45_recursive__v2010__B2|7002,211020,10.725642204284668,0.9433231353759766,0.9912519454956056,0.8622808456420898,0.1620356387798248,0.0,0.0,0.0917451381683349,0.0,9.5367431640625e-07,9.5367431640625e-07,0.0075931549072265,9.5367431640625e-07,-0.08104228973388672
rotated45_recursive__v2010__B3|1260,211001,8.05886459350586,4.358694076538086,2.0020570755004883,6.424250602722168,0.1747206282090003,0.0,0.0,0.3912257552146911,0.0,0.0,0.0,0.003692626953125,0.0,2.065556526184082
rotated45_recursive__v2010__B3|1260,211002,8.05886459350586,0.6296806335449219,5.728787422180176,4.766715049743652,0.2928118393234672,0.0,0.0,0.3012122511863708,0.0,0.0,0.0,0.003692626953125,0.0,4.1370344161987305
rotated45_recursive__v2010__B3|1260,211003,8.05886459350586,4.350779533386231,2.008573532104492,5.609990119934082,0.1868015705225007,0.0,0.0,0.3826698064804077,0.0,0.0,0.0,0.003692626953125,0.0,1.2592105865478507
rotated45_recursive__v2010__B3|1260,211004,8.05886459350586,2.9814605712890625,3.3753604888916016,5.810698509216309,0.2774086378737541,0.0,0.0,0.2814739644527435,0.0,0.0,0.0,0.003692626953125,0.0,2.829237937927246
rotated45_recursive__v2010__B3|1260,211005,8.05886459350586,2.621580123901367,3.737227439880371,5.765520095825195,0.2893385684083358,0.0,0.0,0.3226417601108551,0.0,0.0,0.0,0.003692626953125,0.0,3.143939971923828
rotated45_recursive__v2010__B3|1260,211006,8.05886459350586,1.1037778854370115,5.251694679260254,6.417998313903809,0.1756266988825128,0.0,0.0,0.3149662017822265,0.0,0.0,0.0,0.003692626953125,0.0,5.314220428466797
rotated45_recursive__v2010__B3|1260,211007,8.05886459350586,1.5856847763061523,4.771731376647949,2.4646053314208984,0.2408637873754152,0.0,0.0,0.3275066614151001,0.0,0.0,0.0,0.003692626953125,0.0,0.8789205551147461
rotated45_recursive__v2010__B3|1260,211008,8.05886459350586,1.2088489532470703,5.150500297546387,5.470882415771484,0.2820900030202355,0.0,0.0,0.3183654844760895,0.0,0.0,0.0,0.003692626953125,0.0,4.262033462524414
rotated45_recursive__v2010__B3|1260,211009,8.05886459350586,1.0409488677978516,7.399763107299805,6.056780815124512,0.4398973119903352,0.0,0.0,0.3179430067539215,0.0,0.0,0.0,0.003692626953125,0.0,5.01583194732666
rotated45_recursive__v2010__B3|1260,211010,8.05886459350586,0.7086944580078125,5.646968841552734,5.855808258056641,0.2891875566294171,0.0,0.0,0.3216389417648315,0.0,0.0,0.0,0.003692626953125,0.0,5.147113800048828
rotated45_recursive__v2010__B3|1260,211011,8.05886459350586,0.3487758636474609,6.705623626708984,6.7340593338012695,0.3085170643310178,0.0,0.0,0.3023445308208465,0.0,0.0,0.0,0.003692626953125,0.0,6.385283470153809
rotated45_recursive__v2010__B3|1260,211012,8.05886459350586,0.5296812057495117,6.887078285217285,5.919547080993652,0.3184838417396556,0.0,0.0,0.3148258626461029,0.0,0.0,0.0,0.003692626953125,0.0,5.389865875244141
rotated45_recursive__v2010__B3|1260,211013,8.05886459350586,5.064061164855957,1.2977848052978516,5.536441802978516,0.2826940501359106,0.0,0.0,0.4236072599887848,0.0,0.0,0.0,0.003692626953125,0.0,0.4723806381225586
rotated45_recursive__v2010__B3|1260,211014,8.05886459350586,3.0629024505615234,3.29498291015625,2.9731645584106445,0.1837813349441256,0.0,0.0,0.3361586034297943,0.0,0.0,0.0,0.003692626953125,0.0,-0.0897378921508789
rotated45_recursive__v2010__B3|1260,211015,8.05886459350586,2.5662050247192383,3.793334007263184,5.50156307220459,0.3192389006342494,0.0,0.0,0.3525776267051697,0.0,0.0,0.0,0.003692626953125,0.0,2.9353580474853516
rotated45_recursive__v2010__B3|1260,211016,8.05886459350586,0.6082334518432617,5.748530387878418,6.908649444580078,0.1861975234068257,0.0,0.0,0.3205702006816864,0.0,0.0,0.0,0.003692626953125,0.0,6.300415992736816
rotated45_recursive__v2010__B3|1260,211017,8.05886459350586,3.967632293701172,2.392906188964844,4.395564079284668,0.1969193597100574,0.0,0.0,0.3567856252193451,0.0,0.0,0.0,0.003692626953125,0.0,0.4279317855834961
rotated45_recursive__v2010__B3|1260,211018,8.05886459350586,1.1679744720458984,5.185703277587891,5.029701232910156,0.2382965871337964,0.0,0.0,0.2702920138835907,0.0,0.0,0.0,0.003692626953125,0.0,3.861726760864258
rotated45_recursive__v2010__B3|1260,211019,8.05886459350586,2.643988609313965,3.7141361236572266,6.283890724182129,0.3879492600422833,0.0,0.0,0.3718221187591553,0.0,0.0,0.0,0.003692626953125,0.0,3.639902114868164
rotated45_recursive__v2010__B3|1260,211020,8.05886459350586,2.3835458755493164,3.973576545715332,5.656731605529785,0.1413470250679553,0.0,0.0,0.3507706522941589,0.0,0.0,0.0,0.003692626953125,0.0,3.2731857299804688
rotated45_recursive__v2010__B3|2863,211001,13.187764167785645,0.388127326965332,0.8334712982177734,1.042250633239746,0.5004530353367562,0.0,0.0,0.0569504462182521,0.0,9.5367431640625e-07,9.5367431640625e-07,6.771087646484375e-05,9.5367431640625e-07,0.6541233062744141
rotated45_recursive__v2010__B3|2863,211002,13.187764167785645,1.443955421447754,2.66595458984375,1.7855720520019531,0.5220477197221384,0.0,0.0,0.0573930107057094,0.0,9.5367431640625e-07,9.5367431640625e-07,6.771087646484375e-05,9.5367431640625e-07,0.3416166305541992
rotated45_recursive__v2010__B3|2863,211003,13.187764167785645,0.3283958435058594,0.8934574127197266,1.544572830200195,0.5350347327091513,0.0,0.0,0.0568354316055774,0.0,9.5367431640625e-07,9.5367431640625e-07,6.771087646484375e-05,9.5367431640625e-07,1.2161769866943357
rotated45_recursive__v2010__B3|2863,211004,13.187764167785645,1.0690088272094729,2.290822029113769,0.8784580230712891,0.4611899728178798,0.0,0.0,0.0576032437384128,0.0,9.5367431640625e-07,9.5367431640625e-07,6.771087646484375e-05,9.5367431640625e-07,-0.19055080413818382
rotated45_recursive__v2010__B3|2863,211005,13.187764167785645,0.9283971786499025,2.1498050689697266,0.6828851699829102,0.4356689821806101,0.0,0.0,0.0585589371621608,0.0,9.5367431640625e-07,9.5367431640625e-07,6.771087646484375e-05,9.5367431640625e-07,-0.2455120086669923
rotated45_recursive__v2010__B3|2863,211006,13.187764167785645,1.123065948486328,2.3447084426879883,1.229933738708496,0.5282392026578072,0.0,0.0,0.0585577748715877,0.0,9.5367431640625e-07,9.5367431640625e-07,6.771087646484375e-05,9.5367431640625e-07,0.10686779022216819
rotated45_recursive__v2010__B3|2863,211007,13.187764167785645,1.1651697158813477,2.387149810791016,0.5420246124267578,0.4913923286016309,0.0,0.0,0.057757593691349,0.0,9.5367431640625e-07,9.5367431640625e-07,6.771087646484375e-05,9.5367431640625e-07,-0.6231451034545898
rotated45_recursive__v2010__B3|2863,211008,13.187764167785645,0.6327342987060547,1.8544845581054688,1.094801902770996,0.435064935064935,0.0,0.0,0.0587409771978855,0.0,9.5367431640625e-07,9.5367431640625e-07,6.771087646484375e-05,9.5367431640625e-07,0.4620676040649414
rotated45_recursive__v2010__B3|2863,211009,13.187764167785645,0.7553024291992188,1.9771842956542969,1.1456708908081057,0.5225007550588946,0.0,0.0,0.0577280819416046,0.0,9.5367431640625e-07,9.5367431640625e-07,6.771087646484375e-05,9.5367431640625e-07,0.39036846160888694
rotated45_recursive__v2010__B3|2863,211010,13.187764167785645,1.3190193176269531,2.5400171279907227,1.2944812774658203,0.5070975536091815,0.0,0.0,0.0581089593470096,0.0,9.5367431640625e-07,9.5367431640625e-07,6.771087646484375e-05,9.5367431640625e-07,-0.024538040161132812
rotated45_recursive__v2010__B3|2863,211011,13.187764167785645,1.0980243682861328,2.319787979125977,0.9495649337768556,0.5655391120507399,0.0,0.0,0.0567087344825267,0.0,9.5367431640625e-07,9.5367431640625e-07,6.771087646484375e-05,9.5367431640625e-07,-0.14845943450927723
rotated45_recursive__v2010__B3|2863,211012,13.187764167785645,1.3233098983764648,2.544727325439453,1.0715999603271484,0.5564784053156145,0.0,0.0,0.0574069656431674,0.0,9.5367431640625e-07,9.5367431640625e-07,6.771087646484375e-05,9.5367431640625e-07,-0.2517099380493164
rotated45_recursive__v2010__B3|2863,211013,13.187764167785645,1.1780462265014648,2.39951229095459,0.7759923934936523,0.5194805194805194,0.0,0.0,0.0581308677792549,0.0,9.5367431640625e-07,9.5367431640625e-07,6.771087646484375e-05,9.5367431640625e-07,-0.4020538330078125
rotated45_recursive__v2010__B3|2863,211014,13.187764167785645,0.1827497482299804,1.4052200317382812,0.2063894271850586,0.4842947749924494,0.0,0.0,0.0572852082550525,0.0,9.5367431640625e-07,9.5367431640625e-07,6.771087646484375e-05,9.5367431640625e-07,0.02363967895507818
rotated45_recursive__v2010__B3|2863,211015,13.187764167785645,0.8103141784667969,2.032193183898926,1.7604494094848633,0.4331017819389912,0.0,0.0,0.0579364635050296,0.0,9.5367431640625e-07,9.5367431640625e-07,6.771087646484375e-05,9.5367431640625e-07,0.9501352310180664
rotated45_recursive__v2010__B3|2863,211016,13.187764167785645,1.2838659286499023,2.505430221557617,1.2741203308105469,0.520386590154032,0.0,0.0,0.059098832309246,0.0,9.5367431640625e-07,9.5367431640625e-07,6.771087646484375e-05,9.5367431640625e-07,-0.009745597839355469
rotated45_recursive__v2010__B3|2863,211017,13.187764167785645,0.0164222717285156,1.2384605407714844,0.8184871673583984,0.4581697372395047,0.0,0.0,0.0578995905816555,0.0,9.5367431640625e-07,9.5367431640625e-07,6.771087646484375e-05,9.5367431640625e-07,0.8020648956298828
rotated45_recursive__v2010__B3|2863,211018,13.187764167785645,0.5010814666748047,1.7217493057250977,1.1449975967407229,0.3678646934460888,0.0,0.0,0.0568169020116329,0.0,9.5367431640625e-07,9.5367431640625e-07,6.771087646484375e-05,9.5367431640625e-07,0.6439161300659182
rotated45_recursive__v2010__B3|2863,211019,13.187764167785645,0.1904573440551757,1.0311384201049805,1.6597404479980469,0.5063424947145878,0.0,0.0,0.0579518787562847,0.0,9.5367431640625e-07,9.5367431640625e-07,6.771087646484375e-05,9.5367431640625e-07,1.469283103942871
rotated45_recursive__v2010__B3|2863,211020,13.187764167785645,1.2689476013183594,2.490731239318848,1.3646230697631836,0.4992449411054062,0.0,0.0,0.0573811456561088,0.0,9.5367431640625e-07,9.5367431640625e-07,6.771087646484375e-05,9.5367431640625e-07,0.09567546844482422
rotated45_recursive__v2010__B3|3047,211001,8.011124610900879,5.336006164550781,1.059708595275879,6.469259262084961,0.2375415282392026,0.0,0.0,0.1063004657626152,0.0,9.5367431640625e-07,9.5367431640625e-07,0.0147337913513183,9.5367431640625e-07,1.1332530975341797
rotated45_recursive__v2010__B3|3047,211002,8.011124610900879,2.0329666137695312,4.362442970275879,4.829590797424316,0.2565690123829658,0.0,0.0,0.1097408309578895,0.0,9.5367431640625e-07,9.5367431640625e-07,0.0147337913513183,9.5367431640625e-07,2.796624183654785
rotated45_recursive__v2010__B3|3047,211003,8.011124610900879,5.341043472290039,1.0556535720825195,6.483930587768555,0.1790999697976442,0.0,0.0,0.1061030700802803,0.0,9.5367431640625e-07,9.5367431640625e-07,0.0147337913513183,9.5367431640625e-07,1.1428871154785156
rotated45_recursive__v2010__B3|3047,211004,8.011124610900879,3.1626195907592773,3.232685089111328,5.856966972351074,0.2301419510721836,0.0,0.0,0.1094825789332389,0.0,9.5367431640625e-07,9.5367431640625e-07,0.0147337913513183,9.5367431640625e-07,2.694347381591797
rotated45_recursive__v2010__B3|3047,211005,8.011124610900879,3.943192481994629,2.452067375183105,5.835650444030762,0.2606463304137723,0.0,0.0,0.1087016388773918,0.0,9.5367431640625e-07,9.5367431640625e-07,0.0147337913513183,9.5367431640625e-07,1.8924579620361328
rotated45_recursive__v2010__B3|3047,211006,8.011124610900879,2.082039833068848,4.313735008239746,6.37236213684082,0.2610993657505285,0.0,0.0,0.1095056906342506,0.0,9.5367431640625e-07,9.5367431640625e-07,0.0147337913513183,9.5367431640625e-07,4.290322303771973
rotated45_recursive__v2010__B3|3047,211007,8.011124610900879,1.5191173553466797,4.87630558013916,1.8394155502319336,0.2305949864089399,0.0,0.0,0.1074311956763267,0.0,9.5367431640625e-07,9.5367431640625e-07,0.0147337913513183,9.5367431640625e-07,0.3202981948852539
rotated45_recursive__v2010__B3|3047,211008,8.011124610900879,1.6302947998046875,4.765073776245117,5.271811485290527,0.1744186046511628,0.0,0.0,0.1101969853043556,0.0,9.5367431640625e-07,9.5367431640625e-07,0.0147337913513183,9.5367431640625e-07,3.64151668548584
rotated45_recursive__v2010__B3|3047,211009,8.011124610900879,0.6626567840576172,5.732704162597656,6.333263397216797,0.3853820598006645,0.0,0.0,0.1088590994477272,0.0,9.5367431640625e-07,9.5367431640625e-07,0.0147337913513183,9.5367431640625e-07,5.67060661315918
rotated45_recursive__v2010__B3|3047,211010,8.011124610900879,2.2765893936157227,4.118731498718262,6.312357902526856,0.2322561159770462,0.0,0.0,0.1090995743870735,0.0,9.5367431640625e-07,9.5367431640625e-07,0.0147337913513183,9.5367431640625e-07,4.035768508911134
rotated45_recursive__v2010__B3|3047,211011,8.011124610900879,0.3408193588256836,6.054619789123535,5.784228324890137,0.4115070975536092,0.0,0.0,0.1088578924536705,0.0,9.5367431640625e-07,9.5367431640625e-07,0.0147337913513183,9.5367431640625e-07,5.443408966064453
rotated45_recursive__v2010__B3|3047,211012,8.011124610900879,0.2653026580810547,6.130192756652832,6.449601173400879,0.3533675626698882,0.0,0.0,0.1087454780936241,0.0,9.5367431640625e-07,9.5367431640625e-07,0.0147337913513183,9.5367431640625e-07,6.184298515319824
rotated45_recursive__v2010__B3|3047,211013,8.011124610900879,5.7456464767456055,0.6495018005371094,5.279070854187012,0.2952280277861673,0.0,0.0,0.1082620024681091,0.0,9.5367431640625e-07,9.5367431640625e-07,0.0147337913513183,9.5367431640625e-07,-0.46657562255859375
rotated45_recursive__v2010__B3|3047,211014,8.011124610900879,3.781438827514648,2.613388061523437,2.72528076171875,0.2573240712775596,0.0,0.0,0.1084932312369346,0.0,9.5367431640625e-07,9.5367431640625e-07,0.0147337913513183,9.5367431640625e-07,-1.056158065795898
rotated45_recursive__v2010__B3|3047,211015,8.011124610900879,3.836507797241211,2.558979034423828,4.6407976150512695,0.2894895801872546,0.0,0.0,0.1089573875069618,0.0,9.5367431640625e-07,9.5367431640625e-07,0.0147337913513183,9.5367431640625e-07,0.8042898178100586
rotated45_recursive__v2010__B3|3047,211016,8.011124610900879,0.9784250259399414,5.417110443115234,6.288531303405762,0.2319540924192087,0.0,0.0,0.1100992634892463,0.0,9.5367431640625e-07,9.5367431640625e-07,0.0147337913513183,9.5367431640625e-07,5.31010627746582
rotated45_recursive__v2010__B3|3047,211017,8.011124610900879,4.180202484130859,2.215022087097168,5.19124698638916,0.2322561159770462,0.0,0.0,0.1074962988495826,0.0,9.5367431640625e-07,9.5367431640625e-07,0.0147337913513183,9.5367431640625e-07,1.0110445022583008
rotated45_recursive__v2010__B3|3047,211018,8.011124610900879,4.311593055725098,2.0836105346679688,5.899639129638672,0.2254605859257022,0.0,0.0,0.1099642515182495,0.0,9.5367431640625e-07,9.5367431640625e-07,0.0147337913513183,9.5367431640625e-07,1.5880460739135742
rotated45_recursive__v2010__B3|3047,211019,8.011124610900879,3.8489198684692383,2.5463171005249023,6.359358787536621,0.3163696768347931,0.0,0.0,0.1086137220263481,0.0,9.5367431640625e-07,9.5367431640625e-07,0.0147337913513183,9.5367431640625e-07,2.510438919067383
rotated45_recursive__v2010__B3|3047,211020,8.011124610900879,2.041227340698242,4.354026794433594,4.850807189941406,0.1809121111446693,0.0,0.0,0.1085217371582984,0.0,9.5367431640625e-07,9.5367431640625e-07,0.0147337913513183,9.5367431640625e-07,2.809579849243164
rotated45_recursive__v2010__B4|50,211001,11.716767311096191,0.5144376754760742,1.8040733337402344,0.6329860687255859,0.3332829960736937,0.0,0.0,0.0651667341589927,0.0,1.9073486328125e-06,1.9073486328125e-06,0.0004186630249023,1.9073486328125e-06,0.11854839324951172
rotated45_recursive__v2010__B4|50,211002,11.716767311096191,0.5305337905883789,1.820195198059082,1.0316009521484375,0.4192086982784657,0.0,0.0,0.0613621287047863,0.0,1.9073486328125e-06,1.9073486328125e-06,0.0004186630249023,1.9073486328125e-06,0.5010671615600586
rotated45_recursive__v2010__B4|50,211003,11.716767311096191,0.5528192520141602,1.8424797058105469,1.3815345764160156,0.40289942615524,0.0,0.0,0.064001053571701,0.0,1.9073486328125e-06,1.9073486328125e-06,0.0004186630249023,1.9073486328125e-06,0.8287153244018555
rotated45_recursive__v2010__B4|50,211004,11.716767311096191,0.5640449523925781,1.853764533996582,1.6505212783813477,0.427061310782241,0.0,0.0,0.0604245662689209,0.0,1.9073486328125e-06,1.9073486328125e-06,0.0004186630249023,1.9073486328125e-06,1.0864763259887695
rotated45_recursive__v2010__B4|50,211005,11.716767311096191,0.2039031982421875,1.4935874938964844,1.0167922973632812,0.4154334038054968,0.0,0.0,0.0618332810699939,0.0,1.9073486328125e-06,1.9073486328125e-06,0.0004186630249023,1.9073486328125e-06,0.8128890991210938
rotated45_recursive__v2010__B4|50,211006,11.716767311096191,0.6945362091064453,1.984209060668945,0.7365198135375977,0.4379341588643913,0.0,0.0,0.0624823309481143,0.0,1.9073486328125e-06,1.9073486328125e-06,0.0004186630249023,1.9073486328125e-06,0.041983604431152344
rotated45_recursive__v2010__B4|50,211007,11.716767311096191,0.9413185119628906,2.231001853942871,0.3836002349853515,0.4423135004530354,0.0,0.0,0.0631466582417488,0.0,1.9073486328125e-06,1.9073486328125e-06,0.0004186630249023,1.9073486328125e-06,-0.5577182769775391
rotated45_recursive__v2010__B4|50,211008,11.716767311096191,0.2107906341552734,1.5004749298095703,1.5707616806030271,0.3710359408033827,0.0,0.0,0.065345861017704,0.0,1.9073486328125e-06,1.9073486328125e-06,0.0004186630249023,1.9073486328125e-06,1.3599710464477537
rotated45_recursive__v2010__B4|50,211009,11.716767311096191,0.4905309677124023,1.7802114486694336,1.668386459350586,0.373905164602839,0.0,0.0,0.0624566115438938,0.0,1.9073486328125e-06,1.9073486328125e-06,0.0004186630249023,1.9073486328125e-06,1.1778554916381836
rotated45_recursive__v2010__B4|50,211010,11.716767311096191,0.7080821990966797,1.997756004333496,1.17333984375,0.4276653578979161,0.0,0.0,0.0613635592162609,0.0,1.9073486328125e-06,1.9073486328125e-06,0.0004186630249023,1.9073486328125e-06,0.4652576446533203
rotated45_recursive__v2010__B4|50,211011,11.716767311096191,0.4547615051269531,1.7444486618041992,1.248784065246582,0.3790395650860767,0.0,0.0,0.0613356120884418,0.0,1.9073486328125e-06,1.9073486328125e-06,0.0004186630249023,1.9073486328125e-06,0.7940225601196289
rotated45_recursive__v2010__B4|50,211012,11.716767311096191,0.6394681930541992,1.929126739501953,1.065948486328125,0.3560857746904258,0.0,0.0,0.0629725754261016,0.0,1.9073486328125e-06,1.9073486328125e-06,0.0004186630249023,1.9073486328125e-06,0.4264802932739258
rotated45_recursive__v2010__B4|50,211013,11.716767311096191,0.1800670623779297,1.4696941375732422,1.6991071701049805,0.386892177589852,0.0,0.0,0.0641591101884841,0.0,1.9073486328125e-06,1.9073486328125e-06,0.0004186630249023,1.9073486328125e-06,1.5190401077270508
rotated45_recursive__v2010__B4|50,211014,11.716767311096191,0.1442403793334961,1.4339323043823242,0.3678598403930664,0.321353065539112,0.0,0.0,0.0622201301157474,0.0,1.9073486328125e-06,1.9073486328125e-06,0.0004186630249023,1.9073486328125e-06,0.2236194610595703
rotated45_recursive__v2010__B4|50,211015,11.716767311096191,0.3615303039550781,1.6512231826782229,0.909719467163086,0.3192389006342494,0.0,0.0,0.0624725110828876,0.0,1.9073486328125e-06,1.9073486328125e-06,0.0004186630249023,1.9073486328125e-06,0.5481891632080079
rotated45_recursive__v2010__B4|50,211016,11.716767311096191,0.7899866104125977,2.0796518325805664,0.8894491195678711,0.4302325581395348,0.0,0.0,0.064146988093853,0.0,1.9073486328125e-06,1.9073486328125e-06,0.0004186630249023,1.9073486328125e-06,0.09946250915527344
rotated45_recursive__v2010__B4|50,211017,11.716767311096191,0.0526123046875,1.342315673828125,0.7437057495117188,0.415282392026578,0.0,0.0,0.0634809285402298,0.0,1.9073486328125e-06,1.9073486328125e-06,0.0004186630249023,1.9073486328125e-06,0.6910934448242188
rotated45_recursive__v2010__B4|50,211018,11.716767311096191,0.5481138229370117,1.837767601013184,0.7769565582275391,0.3873452129266083,0.0,0.0,0.060415755957365,0.0,1.9073486328125e-06,1.9073486328125e-06,0.0004186630249023,1.9073486328125e-06,0.22884273529052734
rotated45_recursive__v2010__B4|50,211019,11.716767311096191,0.0930356979370117,1.3826866149902344,1.5772294998168943,0.3979160374509211,0.0,0.0,0.0619903095066547,0.0,1.9073486328125e-06,1.9073486328125e-06,0.0004186630249023,1.9073486328125e-06,1.4841938018798826
rotated45_recursive__v2010__B4|50,211020,11.716767311096191,0.5167932510375977,1.806478500366211,0.6499452590942383,0.3890063424947146,0.0,0.0,0.064396932721138,0.0,1.9073486328125e-06,1.9073486328125e-06,0.0004186630249023,1.9073486328125e-06,0.13315200805664062
rotated45_recursive__v2010__B4|2510,211001,12.212484359741213,0.6104869842529297,1.4007587432861328,0.7569265365600586,0.3609181516158261,0.0,0.0,0.0674363002181053,0.0,9.5367431640625e-07,9.5367431640625e-07,0.0056972503662109,9.5367431640625e-07,0.1464395523071289
rotated45_recursive__v2010__B4|2510,211002,12.212484359741213,1.0002012252807615,1.790353775024414,0.2223930358886718,0.4075807913017216,0.0,0.0,0.0654262825846672,0.0,9.5367431640625e-07,9.5367431640625e-07,0.0056972503662109,9.5367431640625e-07,-0.7778081893920897
rotated45_recursive__v2010__B4|2510,211003,12.212484359741213,0.6895198822021484,1.4796648025512695,0.686518669128418,0.3716399879190577,0.0,0.0,0.0664167031645774,0.0,9.5367431640625e-07,9.5367431640625e-07,0.0056972503662109,9.5367431640625e-07,-0.0030012130737304688
rotated45_recursive__v2010__B4|2510,211004,12.212484359741213,0.7307395935058594,1.5209379196166992,0.8444137573242188,0.3717909996979764,0.0,0.0,0.0658659264445304,0.0,9.5367431640625e-07,9.5367431640625e-07,0.0056972503662109,9.5367431640625e-07,0.11367416381835938
rotated45_recursive__v2010__B4|2510,211005,12.212484359741213,0.4725265502929687,1.2627439498901367,0.5730075836181641,0.3462700090607067,0.0,0.0,0.0685979276895523,0.0,9.5367431640625e-07,9.5367431640625e-07,0.0056972503662109,9.5367431640625e-07,0.10048103332519537
rotated45_recursive__v2010__B4|2510,211006,12.212484359741213,0.9678688049316406,1.758072853088379,1.025896072387695,0.3459679855028692,0.0,0.0,0.0646818056702613,0.0,9.5367431640625e-07,9.5367431640625e-07,0.0056972503662109,9.5367431640625e-07,0.058027267456054465
rotated45_recursive__v2010__B4|2510,211007,12.212484359741213,0.7334604263305664,1.5236177444458008,0.4274530410766601,0.4244941105406222,0.0,0.0,0.0658877342939376,0.0,9.5367431640625e-07,9.5367431640625e-07,0.0056972503662109,9.5367431640625e-07,-0.3060073852539063
rotated45_recursive__v2010__B4|2510,211008,12.212484359741213,0.8825750350952148,1.6727046966552734,0.4797792434692383,0.3112352763515554,0.0,0.0,0.0659634619951248,0.0,9.5367431640625e-07,9.5367431640625e-07,0.0056972503662109,9.5367431640625e-07,-0.40279579162597656
rotated45_recursive__v2010__B4|2510,211009,12.212484359741213,1.1445322036743164,1.9346027374267576,0.7390003204345703,0.4522802778616732,0.0,0.0,0.0650590360164642,0.0,9.5367431640625e-07,9.5367431640625e-07,0.0056972503662109,9.5367431640625e-07,-0.4055318832397461
rotated45_recursive__v2010__B4|2510,211010,12.212484359741213,0.9734554290771484,1.76361083984375,0.6426477432250977,0.3347931138628813,0.0,0.0,0.0654307156801223,0.0,9.5367431640625e-07,9.5367431640625e-07,0.0056972503662109,9.5367431640625e-07,-0.3308076858520508
rotated45_recursive__v2010__B4|2510,211011,12.212484359741213,1.1802053451538086,1.9703588485717771,0.8475151062011719,0.4361220175173663,0.0,0.0,0.0654027536511421,0.0,9.5367431640625e-07,9.5367431640625e-07,0.0056972503662109,9.5367431640625e-07,-0.3326902389526367
rotated45_recursive__v2010__B4|2510,211012,12.212484359741213,0.9202814102172852,1.710453987121582,0.7531242370605469,0.4007852612503775,0.0,0.0,0.0657340586185455,0.0,9.5367431640625e-07,9.5367431640625e-07,0.0056972503662109,9.5367431640625e-07,-0.16715717315673828
rotated45_recursive__v2010__B4|2510,211013,12.212484359741213,0.7420930862426758,1.5323190689086914,0.9907236099243164,0.2318030806402899,0.0,0.0,0.0673139467835426,0.0,9.5367431640625e-07,9.5367431640625e-07,0.0056972503662109,9.5367431640625e-07,0.24863052368164062
rotated45_recursive__v2010__B4|2510,211014,12.212484359741213,0.5733957290649414,1.3637285232543943,0.3369703292846679,0.3326789489580187,0.0,0.0,0.0668585449457168,0.0,9.5367431640625e-07,9.5367431640625e-07,0.0056972503662109,9.5367431640625e-07,-0.2364253997802735
rotated45_recursive__v2010__B4|2510,211015,12.212484359741213,0.620814323425293,1.4111013412475586,0.2896013259887695,0.2704620960434914,0.0,0.0,0.0670306384563446,0.0,9.5367431640625e-07,9.5367431640625e-07,0.0056972503662109,9.5367431640625e-07,-0.3312129974365235
rotated45_recursive__v2010__B4|2510,211016,12.212484359741213,0.5621356964111328,1.3524465560913086,0.0579233169555664,0.3707339172455451,0.0,0.0,0.0675508677959442,0.0,9.5367431640625e-07,9.5367431640625e-07,0.0056972503662109,9.5367431640625e-07,-0.5042123794555664
rotated45_recursive__v2010__B4|2510,211017,12.212484359741213,0.1507291793823242,0.6395711898803711,0.7386512756347656,0.2787677438840229,0.0,0.0,0.0671932846307754,0.0,9.5367431640625e-07,9.5367431640625e-07,0.0056972503662109,9.5367431640625e-07,0.5879220962524414
rotated45_recursive__v2010__B4|2510,211018,12.212484359741213,0.6568059921264648,1.4470109939575195,0.3698501586914062,0.3717909996979764,0.0,0.0,0.0648617818951606,0.0,9.5367431640625e-07,9.5367431640625e-07,0.0056972503662109,9.5367431640625e-07,-0.28695583343505865
rotated45_recursive__v2010__B4|2510,211019,12.212484359741213,0.3134183883666992,1.1036367416381836,0.9251861572265624,0.3616732105104198,0.0,0.0,0.0674073621630668,0.0,9.5367431640625e-07,9.5367431640625e-07,0.0056972503662109,9.5367431640625e-07,0.6117677688598632
rotated45_recursive__v2010__B4|2510,211020,12.212484359741213,0.7222204208374023,1.5124378204345703,0.4017333984375,0.3704318936877076,0.0,0.0,0.0649022385478019,0.0,9.5367431640625e-07,9.5367431640625e-07,0.0056972503662109,9.5367431640625e-07,-0.32048702239990234
rotated45_recursive__v2010__B4|8396,211001,10.60431957244873,1.943031311035156,0.4493227005004883,2.2092819213867188,0.0052854122621564,0.0,0.0,0.1569849252700805,0.0,0.0,0.0,0.0447959899902343,0.0,0.2662506103515627
rotated45_recursive__v2010__B4|8396,211002,10.60431957244873,1.226186752319336,1.165715217590332,0.8378868103027344,0.1665659921473875,0.0,0.0,0.1645039916038513,0.0,0.0,0.0,0.0447959899902343,0.0,-0.38829994201660156
rotated45_recursive__v2010__B4|8396,211003,10.60431957244873,1.3792848587036133,1.0111398696899414,2.8373498916625977,0.1051041981274539,0.0,0.0,0.1598061919212341,0.0,0.0,0.0,0.0447959899902343,0.0,1.4580650329589844
rotated45_recursive__v2010__B4|8396,211004,10.60431957244873,0.4533443450927734,1.936561584472656,2.1961679458618164,0.1621866505587436,0.0,0.0,0.1641341745853424,0.0,0.0,0.0,0.0447959899902343,0.0,1.742823600769043
rotated45_recursive__v2010__B4|8396,211005,10.60431957244873,0.5495376586914062,1.841470718383789,2.373593330383301,-0.0379039565086076,0.0,0.0,0.1633882522583007,0.0,0.0,0.0,0.0447959899902343,0.0,1.8240556716918945
rotated45_recursive__v2010__B4|8396,211006,10.60431957244873,0.6949615478515625,1.6949119567871094,2.4399232864379883,0.126094835397161,0.0,0.0,0.1609722226858139,0.0,0.0,0.0,0.0447959899902343,0.0,1.7449617385864258
rotated45_recursive__v2010__B4|8396,211007,10.60431957244873,1.318629264831543,1.0732393264770508,1.2967863082885742,0.0049833887043189,0.0,0.0,0.157062366604805,0.0,0.0,0.0,0.0447959899902343,0.0,-0.02184295654296875
rotated45_recursive__v2010__B4|8396,211008,10.60431957244873,0.7861776351928711,1.6049327850341797,1.4741735458374023,0.0232558139534883,0.0,0.0,0.1643120646476745,0.0,0.0,0.0,0.0447959899902343,0.0,0.6879959106445312
rotated45_recursive__v2010__B4|8396,211009,10.60431957244873,0.1721868515014648,2.5633554458618164,2.477034568786621,0.1907278767743884,0.0,0.0,0.165421187877655,0.0,0.0,0.0,0.0447959899902343,0.0,2.3048477172851562
rotated45_recursive__v2010__B4|8396,211010,10.60431957244873,1.382613182067871,1.0091257095336914,2.5324478149414062,-0.0083056478405315,0.0,0.0,0.160189613699913,0.0,0.0,0.0,0.0447959899902343,0.0,1.1498346328735352
rotated45_recursive__v2010__B4|8396,211011,10.60431957244873,0.7818136215209961,3.170764923095703,2.384611129760742,0.2136816671700392,0.0,0.0,0.1657289564609527,0.0,0.0,0.0,0.0447959899902343,0.0,1.602797508239746
rotated45_recursive__v2010__B4|8396,211012,10.60431957244873,0.2743701934814453,2.665485382080078,2.2128705978393555,0.0531561461794019,0.0,0.0,0.1603976339101791,0.0,0.0,0.0,0.0447959899902343,0.0,1.9385004043579102
rotated45_recursive__v2010__B4|8396,211013,10.60431957244873,1.5812644958496094,0.8102264404296875,2.278135299682617,-0.0829054666263968,0.0,0.0,0.1558399945497512,0.0,0.0,0.0,0.0447959899902343,0.0,0.6968708038330078
rotated45_recursive__v2010__B4|8396,211014,10.60431957244873,0.8432741165161133,1.5477209091186523,2.110945701599121,0.0511929930534581,0.0,0.0,0.1624773740768432,0.0,0.0,0.0,0.0447959899902343,0.0,1.2676715850830078
rotated45_recursive__v2010__B4|8396,211015,10.60431957244873,0.5383291244506836,1.8510618209838867,0.6736593246459961,0.1806100875868317,0.0,0.0,0.1617858260869979,0.0,0.0,0.0,0.0447959899902343,0.0,0.1353302001953125
rotated45_recursive__v2010__B4|8396,211016,10.60431957244873,1.1049165725708008,1.287322998046875,1.7135839462280271,0.0874358199939595,0.0,0.0,0.1594368368387222,0.0,0.0,0.0,0.0447959899902343,0.0,0.6086673736572263
rotated45_recursive__v2010__B4|8396,211017,10.60431957244873,0.7928915023803711,1.5985984802246094,2.345364570617676,0.0329205678042887,0.0,0.0,0.1621479839086532,0.0,0.0,0.0,0.0447959899902343,0.0,1.5524730682373047
rotated45_recursive__v2010__B4|8396,211018,10.60431957244873,0.4769525527954101,2.866106986999512,2.84589958190918,0.0859257022047719,0.0,0.0,0.1688470691442489,0.0,0.0,0.0,0.0447959899902343,0.0,2.36894702911377
rotated45_recursive__v2010__B4|8396,211019,10.60431957244873,0.5029830932617188,1.8886070251464844,2.3509531021118164,0.1679250981576563,0.0,0.0,0.1634512692689895,0.0,0.0,0.0,0.0447959899902343,0.0,1.8479700088500977
rotated45_recursive__v2010__B4|8396,211020,10.60431957244873,1.217881202697754,1.1730995178222656,1.0429658889770508,-0.0182724252491694,0.0,0.0,0.1578361839056015,0.0,0.0,0.0,0.0447959899902343,0.0,-0.17491531372070312
rotated45_recursive__v2020__B1|6364,211001,14.569891929626465,1.1150531768798828,0.9377202987670898,2.522684097290039,0.3544246451223196,0.0,0.0,0.0661250799894332,0.0,0.0,0.0,0.0012693405151367,0.0,1.4076309204101562
rotated45_recursive__v2020__B1|6364,211002,14.569891929626465,0.1624898910522461,1.8901662826538088,1.1066360473632812,0.3645424343098762,0.0,0.0,0.0664990544319152,0.0,0.0,0.0,0.0012693405151367,0.0,0.9441461563110352
rotated45_recursive__v2020__B1|6364,211003,14.569891929626465,1.076028823852539,0.9767293930053712,1.872960090637207,0.2882814859559045,0.0,0.0,0.0662046298384666,0.0,0.0,0.0,0.0012693405151367,0.0,0.796931266784668
rotated45_recursive__v2020__B1|6364,211004,14.569891929626465,0.552250862121582,1.5004749298095703,1.8969898223876955,0.3669586227725762,0.0,0.0,0.0653740763664245,0.0,0.0,0.0,0.0012693405151367,0.0,1.3447389602661135
rotated45_recursive__v2020__B1|6364,211005,14.569891929626465,1.0849828720092771,0.9678478240966796,2.2106637954711914,0.2583811537299909,0.0,0.0,0.0675071775913238,0.0,0.0,0.0,0.0012693405151367,0.0,1.1256809234619143
rotated45_recursive__v2020__B1|6364,211006,14.569891929626465,0.2042093276977539,1.8484086990356443,2.216147422790528,0.260193295077016,0.0,0.0,0.0676294118165969,0.0,0.0,0.0,0.0012693405151367,0.0,2.011938095092774
rotated45_recursive__v2020__B1|6364,211007,14.569891929626465,0.1370620727539062,1.915593147277832,1.3273696899414062,0.3317728782845062,0.0,0.0,0.0662995278835296,0.0,0.0,0.0,0.0012693405151367,0.0,1.1903076171875
rotated45_recursive__v2020__B1|6364,211008,14.569891929626465,0.1563720703125,1.8962974548339844,1.1743841171264648,0.2395046813651464,0.0,0.0,0.06685271859169,0.0,0.0,0.0,0.0012693405151367,0.0,1.0180120468139648
rotated45_recursive__v2020__B1|6364,211009,14.569891929626465,0.4407024383544922,2.493391990661621,2.1010255813598637,0.411054062216853,0.0,0.0,0.0664767548441886,0.0,0.0,0.0,0.0012693405151367,0.0,1.6603231430053715
rotated45_recursive__v2020__B1|6364,211010,14.569891929626465,0.4869031906127929,1.565688133239746,1.6100349426269531,0.1627906976744186,0.0,0.0,0.0660221502184867,0.0,0.0,0.0,0.0012693405151367,0.0,1.1231317520141602
rotated45_recursive__v2020__B1|6364,211011,14.569891929626465,0.2414703369140625,2.294149398803711,2.15224838256836,0.3731501057082452,0.0,0.0,0.0650828853249549,0.0,0.0,0.0,0.0012693405151367,0.0,1.9107780456542973
rotated45_recursive__v2020__B1|6364,211012,14.569891929626465,0.3500823974609375,2.402718544006348,1.6139459609985352,0.2991543340380549,0.0,0.0,0.0660798773169517,0.0,0.0,0.0,0.0012693405151367,0.0,1.2638635635375977
rotated45_recursive__v2020__B1|6364,211013,14.569891929626465,1.3028173446655271,0.7499876022338867,1.7728204727172852,0.1682271217154937,0.0,0.0,0.0663197264075279,0.0,0.0,0.0,0.0012693405151367,0.0,0.47000312805175803
rotated45_recursive__v2020__B1|6364,211014,14.569891929626465,0.9589548110961914,1.0939321517944336,0.8413429260253906,0.2390516460283902,0.0,0.0,0.0657233744859695,0.0,0.0,0.0,0.0012693405151367,0.0,-0.11761188507080078
rotated45_recursive__v2020__B1|6364,211015,14.569891929626465,0.9318170547485352,1.121023178100586,0.6986627578735352,0.2450921171851404,0.0,0.0,0.0660676732659339,0.0,0.0,0.0,0.0012693405151367,0.0,-0.233154296875
rotated45_recursive__v2020__B1|6364,211016,14.569891929626465,0.3455781936645508,1.706979751586914,1.3127145767211914,0.3308668076109937,0.0,0.0,0.0695074647665023,0.0,0.0,0.0,0.0012693405151367,0.0,0.9671363830566406
rotated45_recursive__v2020__B1|6364,211017,14.569891929626465,0.5031833648681641,1.5495576858520508,1.9035778045654297,0.3434007852612504,0.0,0.0,0.0669491812586784,0.0,0.0,0.0,0.0012693405151367,0.0,1.4003944396972656
rotated45_recursive__v2020__B1|6364,211018,14.569891929626465,0.4993715286254883,1.5534181594848633,2.079583168029785,0.3891573542736333,0.0,0.0,0.0637019127607345,0.0,0.0,0.0,0.0012693405151367,0.0,1.5802116394042969
rotated45_recursive__v2020__B1|6364,211019,14.569891929626465,0.7861557006835938,1.2667160034179688,1.858905792236328,0.3061008758683177,0.0,0.0,0.0668915286660194,0.0,0.0,0.0,0.0012693405151367,0.0,1.0727500915527342
rotated45_recursive__v2020__B1|6364,211020,14.569891929626465,0.8836040496826172,1.168940544128418,1.468549728393555,0.208849290244639,0.0,0.0,0.0667236968874931,0.0,0.0,0.0,0.0012693405151367,0.0,0.5849456787109377
rotated45_recursive__v2020__B1|6595,211001,10.89453411102295,1.0982379913330078,0.5277862548828125,1.1873044967651367,0.3551797040169133,0.0,0.0,0.0561836585402488,0.0,9.5367431640625e-07,9.5367431640625e-07,0.0004987716674804,9.5367431640625e-07,0.0890665054321289
rotated45_recursive__v2020__B1|6595,211002,10.89453411102295,0.923381805419922,0.7026510238647461,0.8188371658325195,0.3831168831168831,0.0,0.0,0.0559549145400524,0.0,9.5367431640625e-07,9.5367431640625e-07,0.0004987716674804,9.5367431640625e-07,-0.10454463958740245
rotated45_recursive__v2020__B1|6595,211003,10.89453411102295,0.7557363510131836,0.8703374862670898,1.377457618713379,0.3370582905466626,0.0,0.0,0.0560990050435066,0.0,9.5367431640625e-07,9.5367431640625e-07,0.0004987716674804,9.5367431640625e-07,0.6217212677001953
rotated45_recursive__v2020__B1|6595,211004,10.89453411102295,0.6268110275268555,0.9990730285644532,1.6199522018432615,0.3094231350045303,0.0,0.0,0.0557313337922096,0.0,9.5367431640625e-07,9.5367431640625e-07,0.0004987716674804,9.5367431640625e-07,0.993141174316406
rotated45_recursive__v2020__B1|6595,211005,10.89453411102295,0.723790168762207,0.9022293090820312,1.4774703979492188,0.2559649652672908,0.0,0.0,0.0572922118008136,0.0,9.5367431640625e-07,9.5367431640625e-07,0.0004987716674804,9.5367431640625e-07,0.7536802291870117
rotated45_recursive__v2020__B1|6595,211006,10.89453411102295,0.8600349426269531,0.765925407409668,1.157444953918457,0.228027786167321,0.0,0.0,0.0567866936326026,0.0,9.5367431640625e-07,9.5367431640625e-07,0.0004987716674804,9.5367431640625e-07,0.2974100112915039
rotated45_recursive__v2020__B1|6595,211007,10.89453411102295,0.9995527267456056,0.6263742446899414,1.7156896591186523,0.2502265176683781,0.0,0.0,0.0558610521256923,0.0,9.5367431640625e-07,9.5367431640625e-07,0.0004987716674804,9.5367431640625e-07,0.7161369323730468
rotated45_recursive__v2020__B1|6595,211008,10.89453411102295,1.156113624572754,0.469888687133789,1.2664852142333984,0.2606463304137723,0.0,0.0,0.0569168627262115,0.0,9.5367431640625e-07,9.5367431640625e-07,0.0004987716674804,9.5367431640625e-07,0.11037158966064453
rotated45_recursive__v2020__B1|6595,211009,10.89453411102295,0.3400859832763672,1.285996437072754,1.4951696395874023,0.3760193295077016,0.0,0.0,0.056113127619028,0.0,9.5367431640625e-07,9.5367431640625e-07,0.0004987716674804,9.5367431640625e-07,1.1550836563110352
rotated45_recursive__v2020__B1|6595,211010,10.89453411102295,0.6605043411254883,0.9655122756958008,1.6096792221069336,0.3560857746904258,0.0,0.0,0.0560710206627845,0.0,9.5367431640625e-07,9.5367431640625e-07,0.0004987716674804,9.5367431640625e-07,0.9491748809814453
rotated45_recursive__v2020__B1|6595,211011,10.89453411102295,0.2051839828491211,1.4209270477294922,1.709939956665039,0.46964663243733,0.0,0.0,0.0546752773225307,0.0,9.5367431640625e-07,9.5367431640625e-07,0.0004987716674804,9.5367431640625e-07,1.504755973815918
rotated45_recursive__v2020__B1|6595,211012,10.89453411102295,0.5442085266113281,1.081730842590332,1.5293779373168943,0.354726668680157,0.0,0.0,0.0562733747065067,0.0,9.5367431640625e-07,9.5367431640625e-07,0.0004987716674804,9.5367431640625e-07,0.9851694107055662
rotated45_recursive__v2020__B1|6595,211013,10.89453411102295,1.0095224380493164,0.6163234710693359,1.5679683685302734,0.2139836907278767,0.0,0.0,0.0568005144596099,0.0,9.5367431640625e-07,9.5367431640625e-07,0.0004987716674804,9.5367431640625e-07,0.558445930480957
rotated45_recursive__v2020__B1|6595,211014,10.89453411102295,0.3586692810058594,1.2674360275268557,1.602325439453125,0.2795228027786167,0.0,0.0,0.0557057373225688,0.0,9.5367431640625e-07,9.5367431640625e-07,0.0004987716674804,9.5367431640625e-07,1.2436561584472656
rotated45_recursive__v2020__B1|6595,211015,10.89453411102295,0.2498540878295898,1.376164436340332,0.7603082656860352,0.3882512836001208,0.0,0.0,0.0563899204134941,0.0,9.5367431640625e-07,9.5367431640625e-07,0.0004987716674804,9.5367431640625e-07,0.5104541778564453
rotated45_recursive__v2020__B1|6595,211016,10.89453411102295,0.9005537033081055,0.7253684997558594,1.6219358444213867,0.3403805496828752,0.0,0.0,0.0574879348278045,0.0,9.5367431640625e-07,9.5367431640625e-07,0.0004987716674804,9.5367431640625e-07,0.7213821411132812
rotated45_recursive__v2020__B1|6595,211017,10.89453411102295,0.2716798782348633,1.3543376922607422,1.485738754272461,0.4466928420416793,0.0,0.0,0.0566396787762641,0.0,9.5367431640625e-07,9.5367431640625e-07,0.0004987716674804,9.5367431640625e-07,1.2140588760375977
rotated45_recursive__v2020__B1|6595,211018,10.89453411102295,0.3321666717529297,1.2937612533569336,1.5805549621582031,0.3452129266082754,0.0,0.0,0.0546527169644832,0.0,9.5367431640625e-07,9.5367431640625e-07,0.0004987716674804,9.5367431640625e-07,1.2483882904052734
rotated45_recursive__v2020__B1|6595,211019,10.89453411102295,0.3777618408203125,1.2483673095703125,1.4562501907348633,0.43204469948656,0.0,0.0,0.0563581176102161,0.0,9.5367431640625e-07,9.5367431640625e-07,0.0004987716674804,9.5367431640625e-07,1.0784883499145508
rotated45_recursive__v2020__B1|6595,211020,10.89453411102295,0.6587495803833008,0.9672689437866212,1.0021371841430664,0.3637873754152823,0.0,0.0,0.0558009073138237,0.0,9.5367431640625e-07,9.5367431640625e-07,0.0004987716674804,9.5367431640625e-07,0.3433876037597656
rotated45_recursive__v2020__B1|7234,211001,11.34641933441162,0.0718450546264648,1.234079360961914,0.6884737014770508,0.4990939293264875,0.0,0.0,0.0546645410358905,0.0,0.0,0.0,0.0014896392822265,0.0,0.6166286468505859
rotated45_recursive__v2020__B1|7234,211002,11.34641933441162,0.0720357894897461,1.090245246887207,0.84942626953125,0.512987012987013,0.0,0.0,0.055040244013071,0.0,0.0,0.0,0.0014896392822265,0.0,0.7773904800415039
rotated45_recursive__v2020__B1|7234,211003,11.34641933441162,0.1142215728759765,1.2764673233032229,0.7013540267944336,0.4269102990033223,0.0,0.0,0.0550646260380744,0.0,0.0,0.0,0.0014896392822265,0.0,0.5871324539184571
rotated45_recursive__v2020__B1|7234,211004,11.34641933441162,0.2045822143554687,0.9571666717529296,1.329998016357422,0.4806704922983992,0.0,0.0,0.0544377006590366,0.0,0.0,0.0,0.0014896392822265,0.0,1.1254158020019533
rotated45_recursive__v2020__B1|7234,211005,11.34641933441162,0.0232219696044921,1.1389503479003906,1.0963211059570312,0.4405013591060102,0.0,0.0,0.0564057193696498,0.0,0.0,0.0,0.0014896392822265,0.0,1.073099136352539
rotated45_recursive__v2020__B1|7234,211006,11.34641933441162,0.2736310958862304,1.4358320236206057,0.1830463409423828,0.5246149199637571,0.0,0.0,0.0560198463499546,0.0,0.0,0.0,0.0014896392822265,0.0,-0.0905847549438476
rotated45_recursive__v2020__B1|7234,211007,11.34641933441162,0.2219381332397461,0.940044403076172,1.4932584762573242,0.4260042283298096,0.0,0.0,0.0544325113296508,0.0,0.0,0.0,0.0014896392822265,0.0,1.2713203430175781
rotated45_recursive__v2020__B1|7234,211008,11.34641933441162,0.5637979507446289,1.7257118225097656,1.1061973571777344,0.4762911507097553,0.0,0.0,0.0557152666151523,0.0,0.0,0.0,0.0014896392822265,0.0,0.5423994064331055
rotated45_recursive__v2020__B1|7234,211009,11.34641933441162,0.854151725769043,2.0165977478027344,0.9778509140014648,0.5377529447296889,0.0,0.0,0.0558877363801002,0.0,0.0,0.0,0.0014896392822265,0.0,0.12369918823242188
rotated45_recursive__v2020__B1|7234,211010,11.34641933441162,0.4877882003784179,1.650132179260254,1.4647417068481443,0.4705527031108426,0.0,0.0,0.0545513741672039,0.0,0.0,0.0,0.0014896392822265,0.0,0.9769535064697263
rotated45_recursive__v2020__B1|7234,211011,11.34641933441162,0.8809633255004883,2.043415069580078,1.3125267028808594,0.6041981274539414,0.0,0.0,0.0539982840418815,0.0,0.0,0.0,0.0014896392822265,0.0,0.4315633773803711
rotated45_recursive__v2020__B1|7234,211012,11.34641933441162,0.0172739028930664,1.1449403762817385,1.5597295761108398,0.4719118091211114,0.0,0.0,0.0548957847058773,0.0,0.0,0.0,0.0014896392822265,0.0,1.5424556732177734
rotated45_recursive__v2020__B1|7234,211013,11.34641933441162,0.2876853942871094,0.8741216659545898,1.4176664352416992,0.4317426759287224,0.0,0.0,0.0552822910249233,0.0,0.0,0.0,0.0014896392822265,0.0,1.1299810409545898
rotated45_recursive__v2020__B1|7234,211014,11.34641933441162,1.04766845703125,2.209850311279297,1.393352508544922,0.4959226819691936,0.0,0.0,0.0553402602672576,0.0,0.0,0.0,0.0014896392822265,0.0,0.3456840515136721
rotated45_recursive__v2020__B1|7234,211015,11.34641933441162,0.6756629943847656,1.8377065658569336,0.7026271820068359,0.554968287526427,0.0,0.0,0.0557422786951065,0.0,0.0,0.0,0.0014896392822265,0.0,0.026964187622070312
rotated45_recursive__v2020__B1|7234,211016,11.34641933441162,0.0947141647338867,1.0674219131469729,1.1632986068725586,0.519178495922682,0.0,0.0,0.0568908303976058,0.0,0.0,0.0,0.0014896392822265,0.0,1.0685844421386719
rotated45_recursive__v2020__B1|7234,211017,11.34641933441162,0.2775287628173828,1.4397544860839844,1.5088844299316406,0.5172153427967381,0.0,0.0,0.0555154979228973,0.0,0.0,0.0,0.0014896392822265,0.0,1.2313556671142578
rotated45_recursive__v2020__B1|7234,211018,11.34641933441162,0.4984750747680664,1.660233497619629,1.2316789627075195,0.53276955602537,0.0,0.0,0.0535204634070396,0.0,0.0,0.0,0.0014896392822265,0.0,0.7332038879394531
rotated45_recursive__v2020__B1|7234,211019,11.34641933441162,0.5073642730712891,1.6697540283203125,0.925323486328125,0.5167623074599819,0.0,0.0,0.0559869371354579,0.0,0.0,0.0,0.0014896392822265,0.0,0.41795921325683594
rotated45_recursive__v2020__B1|7234,211020,11.34641933441162,0.5336942672729492,1.6959409713745115,0.7361679077148438,0.5078526125037753,0.0,0.0,0.0547334887087345,0.0,0.0,0.0,0.0014896392822265,0.0,0.20247364044189453
rotated45_recursive__v2020__B2|3329,211001,17.742679595947266,3.1766481399536133,0.7666664123535156,3.5751466751098637,0.1088794926004228,0.0,0.0,0.057643573731184,0.0,1.9073486328125e-06,1.9073486328125e-06,0.0008583068847656,1.9073486328125e-06,0.39849853515625044
rotated45_recursive__v2020__B2|3329,211002,17.742679595947266,1.7407283782958984,2.195514678955078,2.894392967224121,0.3616732105104198,0.0,0.0,0.0567923039197921,0.0,1.9073486328125e-06,1.9073486328125e-06,0.0008583068847656,1.9073486328125e-06,1.1536645889282227
rotated45_recursive__v2020__B2|3329,211003,17.742679595947266,2.8618087768554688,1.0811119079589844,3.639618873596192,0.2627604953186348,0.0,0.0,0.0568310283124446,0.0,1.9073486328125e-06,1.9073486328125e-06,0.0008583068847656,1.9073486328125e-06,0.7778100967407231
rotated45_recursive__v2020__B2|3329,211004,17.742679595947266,2.035403251647949,1.9083166122436523,3.642586708068848,0.3165206886137119,0.0,0.0,0.0571001097559928,0.0,1.9073486328125e-06,1.9073486328125e-06,0.0008583068847656,1.9073486328125e-06,1.6071834564208989
rotated45_recursive__v2020__B2|3329,211005,17.742679595947266,2.5186338424682617,1.4207916259765625,3.61628532409668,0.160676532769556,0.0,0.0,0.0561257600784301,0.0,1.9073486328125e-06,1.9073486328125e-06,0.0008583068847656,1.9073486328125e-06,1.0976514816284184
rotated45_recursive__v2020__B2|3329,211006,17.742679595947266,2.273501396179199,1.670942306518555,3.2189626693725586,0.2019027484143763,0.0,0.0,0.0572725385427475,0.0,1.9073486328125e-06,1.9073486328125e-06,0.0008583068847656,1.9073486328125e-06,0.9454612731933594
rotated45_recursive__v2020__B2|3329,211007,17.742679595947266,2.1989479064941406,1.7444419860839844,2.2925987243652344,0.0659921473874962,0.0,0.0,0.0585107058286666,0.0,1.9073486328125e-06,1.9073486328125e-06,0.0008583068847656,1.9073486328125e-06,0.09365081787109375
rotated45_recursive__v2020__B2|3329,211008,17.742679595947266,2.561746597290039,1.3821029663085938,3.0736160278320312,0.1319842947749924,0.0,0.0,0.0576551780104637,0.0,1.9073486328125e-06,1.9073486328125e-06,0.0008583068847656,1.9073486328125e-06,0.5118694305419922
rotated45_recursive__v2020__B2|3329,211009,17.742679595947266,1.8969182968139648,2.0475845336914062,4.000822067260742,0.2817879794623981,0.0,0.0,0.0558252893388271,0.0,1.9073486328125e-06,1.9073486328125e-06,0.0008583068847656,1.9073486328125e-06,2.1039037704467773
rotated45_recursive__v2020__B2|3329,211010,17.742679595947266,2.2761402130126958,1.6640586853027344,3.809712409973145,0.1331923890063425,0.0,0.0,0.0562994852662086,0.0,1.9073486328125e-06,1.9073486328125e-06,0.0008583068847656,1.9073486328125e-06,1.5335721969604492
rotated45_recursive__v2020__B2|3329,211011,17.742679595947266,1.5958633422851562,2.3429155349731445,4.05579948425293,0.2829960736937481,0.0,0.0,0.0555569380521774,0.0,1.9073486328125e-06,1.9073486328125e-06,0.0008583068847656,1.9073486328125e-06,2.4599361419677734
rotated45_recursive__v2020__B2|3329,211012,17.742679595947266,1.595418930053711,2.34844970703125,3.954098701477051,0.1372697070371489,0.0,0.0,0.0578916408121585,0.0,1.9073486328125e-06,1.9073486328125e-06,0.0008583068847656,1.9073486328125e-06,2.35867977142334
rotated45_recursive__v2020__B2|3329,211013,17.742679595947266,2.777224540710449,1.1639862060546875,3.702767372131348,0.0824524312896406,0.0,0.0,0.0557662509381771,0.0,1.9073486328125e-06,1.9073486328125e-06,0.0008583068847656,1.9073486328125e-06,0.9255428314208989
rotated45_recursive__v2020__B2|3329,211014,17.742679595947266,2.7416820526123047,1.202287673950195,2.835177421569824,0.180459075807913,0.0,0.0,0.0581832639873027,0.0,1.9073486328125e-06,1.9073486328125e-06,0.0008583068847656,1.9073486328125e-06,0.09349536895751953
rotated45_recursive__v2020__B2|3329,211015,17.742679595947266,2.2612924575805664,1.6802425384521484,2.6210336685180664,0.2389006342494714,0.0,0.0,0.056248627603054,0.0,1.9073486328125e-06,1.9073486328125e-06,0.0008583068847656,1.9073486328125e-06,0.3597412109375
rotated45_recursive__v2020__B2|3329,211016,17.742679595947266,1.7571172714233398,2.184504508972168,3.730422973632813,0.2681969193597101,0.0,0.0,0.0568553768098354,0.0,1.9073486328125e-06,1.9073486328125e-06,0.0008583068847656,1.9073486328125e-06,1.973305702209473
rotated45_recursive__v2020__B2|3329,211017,17.742679595947266,2.848529815673828,1.0955066680908203,3.346346855163574,0.2174569616430081,0.0,0.0,0.0560946613550186,0.0,1.9073486328125e-06,1.9073486328125e-06,0.0008583068847656,1.9073486328125e-06,0.4978170394897461
rotated45_recursive__v2020__B2|3329,211018,17.742679595947266,2.639535903930664,1.3013935089111328,3.5841941833496094,0.2244035034732709,0.0,0.0,0.056266464293003,0.0,1.9073486328125e-06,1.9073486328125e-06,0.0008583068847656,1.9073486328125e-06,0.9446582794189453
rotated45_recursive__v2020__B2|3329,211019,17.742679595947266,2.902196884155273,1.0422916412353516,3.625530242919922,0.1472364844457867,0.0,0.0,0.0568168088793754,0.0,1.9073486328125e-06,1.9073486328125e-06,0.0008583068847656,1.9073486328125e-06,0.7233333587646489
rotated45_recursive__v2020__B2|3329,211020,17.742679595947266,1.2194957733154297,2.715841293334961,3.065511703491211,0.2707641196013289,0.0,0.0,0.0566408969461917,0.0,1.9073486328125e-06,1.9073486328125e-06,0.0008583068847656,1.9073486328125e-06,1.8460159301757812
rotated45_recursive__v2020__B2|8165,211001,14.260799407958984,0.9315919876098632,1.398512840270996,0.0379962921142578,0.3906674720628209,0.0,0.0,0.056754894554615,0.0,9.5367431640625e-07,9.5367431640625e-07,0.0004558563232421,9.5367431640625e-07,-0.8935956954956054
rotated45_recursive__v2020__B2|8165,211002,14.260799407958984,1.046953201293945,1.5142974853515625,1.0159235000610352,0.5776200543642404,0.0,0.0,0.0572731457650661,0.0,9.5367431640625e-07,9.5367431640625e-07,0.0004558563232421,9.5367431640625e-07,-0.031029701232909934
rotated45_recursive__v2020__B2|8165,211003,14.260799407958984,0.3645591735839844,0.8321008682250977,0.6173725128173828,0.4590758079130172,0.0,0.0,0.056901179254055,0.0,9.5367431640625e-07,9.5367431640625e-07,0.0004558563232421,9.5367431640625e-07,0.25281333923339844
rotated45_recursive__v2020__B2|8165,211004,14.260799407958984,0.7835216522216797,1.251932144165039,0.5759849548339844,0.4972817879794624,0.0,0.0,0.0571127347648143,0.0,9.5367431640625e-07,9.5367431640625e-07,0.0004558563232421,9.5367431640625e-07,-0.2075366973876953
rotated45_recursive__v2020__B2|8165,211005,14.260799407958984,1.0534744262695312,1.5209217071533203,0.1846303939819336,0.4645122319540924,0.0,0.0,0.0575412921607494,0.0,9.5367431640625e-07,9.5367431640625e-07,0.0004558563232421,9.5367431640625e-07,-0.8688440322875977
rotated45_recursive__v2020__B2|8165,211006,14.260799407958984,0.7534770965576172,1.2215242385864258,0.2015066146850586,0.4708547266686801,0.0,0.0,0.05796455219388,0.0,9.5367431640625e-07,9.5367431640625e-07,0.0004558563232421,9.5367431640625e-07,-0.5519704818725586
rotated45_recursive__v2020__B2|8165,211007,14.260799407958984,0.9784879684448242,1.4466705322265625,0.1244630813598632,0.5412262156448203,0.0,0.0,0.056587416678667,0.0,9.5367431640625e-07,9.5367431640625e-07,0.0004558563232421,9.5367431640625e-07,-0.854024887084961
rotated45_recursive__v2020__B2|8165,211008,14.260799407958984,0.6594619750976562,1.1286888122558594,0.2965345382690429,0.4331017819389912,0.0,0.0,0.0575489550828933,0.0,9.5367431640625e-07,9.5367431640625e-07,0.0004558563232421,9.5367431640625e-07,-0.36292743682861334
rotated45_recursive__v2020__B2|8165,211009,14.260799407958984,0.7801475524902344,1.2483749389648438,0.6072330474853516,0.547568710359408,0.0,0.0,0.0572618208825588,0.0,9.5367431640625e-07,9.5367431640625e-07,0.0004558563232421,9.5367431640625e-07,-0.1729145050048828
rotated45_recursive__v2020__B2|8165,211010,14.260799407958984,1.0128841400146484,1.479994773864746,0.774998664855957,0.5652370884929024,0.0,0.0,0.0577040165662765,0.0,9.5367431640625e-07,9.5367431640625e-07,0.0004558563232421,9.5367431640625e-07,-0.2378854751586914
rotated45_recursive__v2020__B2|8165,211011,14.260799407958984,1.0464258193969729,1.513875961303711,0.5707979202270508,0.5425853216550891,0.0,0.0,0.0571161769330501,0.0,9.5367431640625e-07,9.5367431640625e-07,0.0004558563232421,9.5367431640625e-07,-0.4756278991699221
rotated45_recursive__v2020__B2|8165,211012,14.260799407958984,0.9962701797485352,1.4640636444091797,0.6364498138427734,0.4187556629417094,0.0,0.0,0.0573910884559154,0.0,9.5367431640625e-07,9.5367431640625e-07,0.0004558563232421,9.5367431640625e-07,-0.3598203659057617
rotated45_recursive__v2020__B2|8165,211013,14.260799407958984,0.5511617660522461,1.0195646286010742,0.3761739730834961,0.3707339172455451,0.0,0.0,0.057485431432724,0.0,9.5367431640625e-07,9.5367431640625e-07,0.0004558563232421,9.5367431640625e-07,-0.17498779296875
rotated45_recursive__v2020__B2|8165,211014,14.260799407958984,0.8638668060302734,1.3313941955566406,0.2816905975341797,0.4081848384173965,0.0,0.0,0.0572729781270027,0.0,9.5367431640625e-07,9.5367431640625e-07,0.0004558563232421,9.5367431640625e-07,-0.5821762084960938
rotated45_recursive__v2020__B2|8165,211015,14.260799407958984,0.9829320907592772,1.4496774673461914,0.917572021484375,0.4738749622470553,0.0,0.0,0.0575849525630474,0.0,9.5367431640625e-07,9.5367431640625e-07,0.0004558563232421,9.5367431640625e-07,-0.06536006927490223
rotated45_recursive__v2020__B2|8165,211016,14.260799407958984,0.9633350372314452,1.4309301376342771,0.689204216003418,0.509211718514044,0.0,0.0,0.058400884270668,0.0,9.5367431640625e-07,9.5367431640625e-07,0.0004558563232421,9.5367431640625e-07,-0.27413082122802723
rotated45_recursive__v2020__B2|8165,211017,14.260799407958984,1.0357046127319336,1.5036230087280271,0.704564094543457,0.4661733615221987,0.0,0.0,0.0569238811731338,0.0,9.5367431640625e-07,9.5367431640625e-07,0.0004558563232421,9.5367431640625e-07,-0.33114051818847656
rotated45_recursive__v2020__B2|8165,211018,14.260799407958984,1.025430679321289,1.4928112030029297,0.6073751449584961,0.5167623074599819,0.0,0.0,0.0566953383386135,0.0,9.5367431640625e-07,9.5367431640625e-07,0.0004558563232421,9.5367431640625e-07,-0.41805553436279297
rotated45_recursive__v2020__B2|8165,211019,14.260799407958984,0.2987623214721679,0.7672643661499023,0.6484766006469727,0.3787375415282392,0.0,0.0,0.0572578683495521,0.0,9.5367431640625e-07,9.5367431640625e-07,0.0004558563232421,9.5367431640625e-07,0.34971427917480474
rotated45_recursive__v2020__B2|8165,211020,14.260799407958984,1.0470380783081057,1.5140390396118164,0.3123731613159179,0.5505889459377832,0.0,0.0,0.0571661405265331,0.0,9.5367431640625e-07,9.5367431640625e-07,0.0004558563232421,9.5367431640625e-07,-0.7346649169921877
rotated45_recursive__v2020__B2|3749,211001,15.29103946685791,0.0173807144165039,1.5132579803466797,1.3605804443359375,0.3243733011174872,0.0,0.0,0.0592882968485355,0.0,9.5367431640625e-07,9.5367431640625e-07,1.1444091796875e-05,9.5367431640625e-07,1.3431997299194336
rotated45_recursive__v2020__B2|3749,211002,15.29103946685791,0.5645465850830078,2.0603456497192383,1.5964784622192385,0.3421926910299003,0.0,0.0,0.0556871369481086,0.0,9.5367431640625e-07,9.5367431640625e-07,1.1444091796875e-05,9.5367431640625e-07,1.0319318771362307
rotated45_recursive__v2020__B2|3749,211003,15.29103946685791,0.6602020263671875,0.8356380462646484,1.6959962844848633,0.2659317426759287,0.0,0.0,0.0568070001900196,0.0,9.5367431640625e-07,9.5367431640625e-07,1.1444091796875e-05,9.5367431640625e-07,1.0357942581176758
rotated45_recursive__v2020__B2|3749,211004,15.29103946685791,0.3981513977050781,1.893965721130371,1.4738168716430664,0.3411356085774691,0.0,0.0,0.0555193051695823,0.0,9.5367431640625e-07,9.5367431640625e-07,1.1444091796875e-05,9.5367431640625e-07,1.0756654739379883
rotated45_recursive__v2020__B2|3749,211005,15.29103946685791,0.3567628860473633,1.852529525756836,1.4064998626708984,0.2709151313802477,0.0,0.0,0.0560554228723049,0.0,9.5367431640625e-07,9.5367431640625e-07,1.1444091796875e-05,9.5367431640625e-07,1.0497369766235352
rotated45_recursive__v2020__B2|3749,211006,15.29103946685791,0.3503561019897461,1.8462247848510744,0.4842510223388672,0.3328299607369374,0.0,0.0,0.0564852617681026,0.0,9.5367431640625e-07,9.5367431640625e-07,1.1444091796875e-05,9.5367431640625e-07,0.1338949203491211
rotated45_recursive__v2020__B2|3749,211007,15.29103946685791,0.4133224487304687,1.9091758728027344,0.4568519592285156,0.2817879794623981,0.0,0.0,0.0571025349199771,0.0,9.5367431640625e-07,9.5367431640625e-07,1.1444091796875e-05,9.5367431640625e-07,0.04352951049804693
rotated45_recursive__v2020__B2|3749,211008,15.29103946685791,0.7053623199462891,2.201222419738769,1.669851303100586,0.2327091513138025,0.0,0.0,0.0594548471271991,0.0,9.5367431640625e-07,9.5367431640625e-07,1.1444091796875e-05,9.5367431640625e-07,0.9644889831542969
rotated45_recursive__v2020__B2|3749,211009,15.29103946685791,0.4867868423461914,1.9825983047485352,1.5383338928222656,0.3551797040169133,0.0,0.0,0.0558218397200107,0.0,9.5367431640625e-07,9.5367431640625e-07,1.1444091796875e-05,9.5367431640625e-07,1.0515470504760742
rotated45_recursive__v2020__B2|3749,211010,15.29103946685791,1.1886301040649414,2.6843690872192383,2.1146135330200195,0.3264874660223498,0.0,0.0,0.0554020479321479,0.0,9.5367431640625e-07,9.5367431640625e-07,1.1444091796875e-05,9.5367431640625e-07,0.9259834289550781
rotated45_recursive__v2020__B2|3749,211011,15.29103946685791,0.4148693084716797,1.9106740951538088,1.3857307434082031,0.3645424343098762,0.0,0.0,0.0566229410469532,0.0,9.5367431640625e-07,9.5367431640625e-07,1.1444091796875e-05,9.5367431640625e-07,0.9708614349365234
rotated45_recursive__v2020__B2|3749,211012,15.29103946685791,0.4519920349121094,1.9477806091308596,1.6611003875732422,0.3450619148293567,0.0,0.0,0.057755708694458,0.0,9.5367431640625e-07,9.5367431640625e-07,1.1444091796875e-05,9.5367431640625e-07,1.2091083526611328
rotated45_recursive__v2020__B2|3749,211013,15.29103946685791,1.0607919692993164,2.556598663330078,1.5387086868286133,0.2858652974932045,0.0,0.0,0.0574877262115478,0.0,9.5367431640625e-07,9.5367431640625e-07,1.1444091796875e-05,9.5367431640625e-07,0.4779167175292969
rotated45_recursive__v2020__B2|3749,211014,15.29103946685791,0.1014766693115234,1.3944778442382812,0.2281532287597656,0.2487163998791905,0.0,0.0,0.0557071976363658,0.0,9.5367431640625e-07,9.5367431640625e-07,1.1444091796875e-05,9.5367431640625e-07,0.1266765594482422
rotated45_recursive__v2020__B2|3749,211015,15.29103946685791,0.0012922286987304,1.497145652770996,1.565673828125,0.3361522198731501,0.0,0.0,0.0567709878087043,0.0,9.5367431640625e-07,9.5367431640625e-07,1.1444091796875e-05,9.5367431640625e-07,1.5643815994262695
rotated45_recursive__v2020__B2|3749,211016,15.29103946685791,1.144597053527832,2.640356063842773,1.5406122207641602,0.3652974932044699,0.0,0.0,0.0594356842339038,0.0,9.5367431640625e-07,9.5367431640625e-07,1.1444091796875e-05,9.5367431640625e-07,0.3960151672363281
rotated45_recursive__v2020__B2|3749,211017,15.29103946685791,0.7778072357177734,0.7180690765380859,1.5398225784301758,0.3225611597704621,0.0,0.0,0.0560676082968711,0.0,9.5367431640625e-07,9.5367431640625e-07,1.1444091796875e-05,9.5367431640625e-07,0.7620153427124023
rotated45_recursive__v2020__B2|3749,211018,15.29103946685791,1.150507926940918,2.6462879180908203,1.2946462631225586,0.3637873754152823,0.0,0.0,0.055668581277132,0.0,9.5367431640625e-07,9.5367431640625e-07,1.1444091796875e-05,9.5367431640625e-07,0.14413833618164062
rotated45_recursive__v2020__B2|3749,211019,15.29103946685791,0.7451992034912109,0.7506132125854492,1.8250102996826167,0.2621564482029598,0.0,0.0,0.0561474934220314,0.0,9.5367431640625e-07,9.5367431640625e-07,1.1444091796875e-05,9.5367431640625e-07,1.0798110961914058
rotated45_recursive__v2020__B2|3749,211020,15.29103946685791,1.2336912155151367,2.729376792907715,1.76177978515625,0.3230141951072183,0.0,0.0,0.0590739510953426,0.0,9.5367431640625e-07,9.5367431640625e-07,1.1444091796875e-05,9.5367431640625e-07,0.5280885696411133
rotated45_recursive__v2020__B3|4035,211001,12.899229049682615,1.3325939178466797,1.1695966720581057,2.4336471557617188,0.0608577469042585,0.0,0.0,0.0604839324951171,0.0,9.5367431640625e-07,9.5367431640625e-07,0.0001306533813476,9.5367431640625e-07,1.101053237915039
rotated45_recursive__v2020__B3|4035,211002,12.899229049682615,0.5391464233398438,1.9630985260009768,1.8257980346679688,0.1712473572938689,0.0,0.0,0.0607286989688873,0.0,9.5367431640625e-07,9.5367431640625e-07,0.0001306533813476,9.5367431640625e-07,1.286651611328125
rotated45_recursive__v2020__B3|4035,211003,12.899229049682615,0.8537120819091797,1.6482477188110352,2.782301902770996,0.1479915433403805,0.0,0.0,0.0595941506326198,0.0,9.5367431640625e-07,9.5367431640625e-07,0.0001306533813476,9.5367431640625e-07,1.9285898208618164
rotated45_recursive__v2020__B3|4035,211004,12.899229049682615,0.1912097930908203,2.693058013916016,2.8523340225219727,0.2567200241618846,0.0,0.0,0.0606212094426155,0.0,9.5367431640625e-07,9.5367431640625e-07,0.0001306533813476,9.5367431640625e-07,2.6611242294311523
rotated45_recursive__v2020__B3|4035,211005,12.899229049682615,1.2908039093017578,1.2115812301635742,2.504216194152832,0.2025067955300513,0.0,0.0,0.0612121410667896,0.0,9.5367431640625e-07,9.5367431640625e-07,0.0001306533813476,9.5367431640625e-07,1.2134122848510742
rotated45_recursive__v2020__B3|4035,211006,12.899229049682615,0.3862409591674804,2.115560531616211,2.39594841003418,0.0749018423437028,0.0,0.0,0.0614961609244346,0.0,9.5367431640625e-07,9.5367431640625e-07,0.0001306533813476,9.5367431640625e-07,2.0097074508666997
rotated45_recursive__v2020__B3|4035,211007,12.899229049682615,0.1084175109863281,2.393768310546875,0.6216487884521484,0.1697372395046813,0.0,0.0,0.0600548461079597,0.0,9.5367431640625e-07,9.5367431640625e-07,0.0001306533813476,9.5367431640625e-07,0.5132312774658203
rotated45_recursive__v2020__B3|4035,211008,12.899229049682615,0.1248207092285156,2.3773488998413086,2.164224624633789,0.1093325279371791,0.0,0.0,0.0621106587350368,0.0,9.5367431640625e-07,9.5367431640625e-07,0.0001306533813476,9.5367431640625e-07,2.0394039154052734
rotated45_recursive__v2020__B3|4035,211009,12.899229049682615,0.0632514953613281,2.5655717849731445,2.826531410217285,0.1895197825430383,0.0,0.0,0.0605179481208324,0.0,9.5367431640625e-07,9.5367431640625e-07,0.0001306533813476,9.5367431640625e-07,2.763279914855957
rotated45_recursive__v2020__B3|4035,211010,12.899229049682615,0.3220720291137695,2.1797637939453125,2.775729179382324,0.1855934762911507,0.0,0.0,0.0606154352426528,0.0,9.5367431640625e-07,9.5367431640625e-07,0.0001306533813476,9.5367431640625e-07,2.4536571502685547
rotated45_recursive__v2020__B3|4035,211011,12.899229049682615,0.0484180450439453,2.4538230895996094,2.4351024627685547,0.1700392630625188,0.0,0.0,0.0597459562122821,0.0,9.5367431640625e-07,9.5367431640625e-07,0.0001306533813476,9.5367431640625e-07,2.3866844177246094
rotated45_recursive__v2020__B3|4035,211012,12.899229049682615,0.0009527206420898,2.501153945922852,2.7405967712402344,0.1445182724252491,0.0,0.0,0.0604206807911396,0.0,9.5367431640625e-07,9.5367431640625e-07,0.0001306533813476,9.5367431640625e-07,2.7396440505981445
rotated45_recursive__v2020__B3|4035,211013,12.899229049682615,1.7977790832519531,0.7041234970092773,2.3685617446899414,0.1263968589549984,0.0,0.0,0.0618343763053417,0.0,9.5367431640625e-07,9.5367431640625e-07,0.0001306533813476,9.5367431640625e-07,0.5707826614379883
rotated45_recursive__v2020__B3|4035,211014,12.899229049682615,1.3113327026367188,1.1909799575805664,1.1478605270385742,0.0874358199939595,0.0,0.0,0.0608674325048923,0.0,9.5367431640625e-07,9.5367431640625e-07,0.0001306533813476,9.5367431640625e-07,-0.16347217559814453
rotated45_recursive__v2020__B3|4035,211015,12.899229049682615,1.1230802536010742,1.3789405822753906,2.05727767944336,0.1192993053458169,0.0,0.0,0.0614047162234783,0.0,9.5367431640625e-07,9.5367431640625e-07,0.0001306533813476,9.5367431640625e-07,0.9341974258422856
rotated45_recursive__v2020__B3|4035,211016,12.899229049682615,0.46405029296875,2.965949058532715,2.550044059753418,0.2441860465116279,0.0,0.0,0.0618948638439178,0.0,9.5367431640625e-07,9.5367431640625e-07,0.0001306533813476,9.5367431640625e-07,2.085993766784668
rotated45_recursive__v2020__B3|4035,211017,12.899229049682615,1.8126153945922847,0.6893997192382812,1.4833965301513672,0.0996677740863787,0.0,0.0,0.0616425648331642,0.0,9.5367431640625e-07,9.5367431640625e-07,0.0001306533813476,9.5367431640625e-07,-0.3292188644409175
rotated45_recursive__v2020__B3|4035,211018,12.899229049682615,2.086087226867676,0.4157190322875976,1.9023551940917969,0.2411658109332527,0.0,0.0,0.060135044157505,0.0,9.5367431640625e-07,9.5367431640625e-07,0.0001306533813476,9.5367431640625e-07,-0.1837320327758789
rotated45_recursive__v2020__B3|4035,211019,12.899229049682615,1.4019060134887695,1.100240707397461,2.7500429153442383,0.1043491392328601,0.0,0.0,0.0610746555030345,0.0,9.5367431640625e-07,9.5367431640625e-07,0.0001306533813476,9.5367431640625e-07,1.3481369018554688
rotated45_recursive__v2020__B3|4035,211020,12.899229049682615,0.2044563293457031,2.296999931335449,2.2071752548217773,0.1502567200241619,0.0,0.0,0.0610023885965347,0.0,9.5367431640625e-07,9.5367431640625e-07,0.0001306533813476,9.5367431640625e-07,2.002718925476074
rotated45_recursive__v2020__B3|2948,211001,10.151874542236328,3.913113594055176,1.3406295776367188,5.590187072753906,0.0723346421020839,0.0,0.0,0.1389064043760299,0.0,9.5367431640625e-07,9.5367431640625e-07,0.0355844497680664,9.5367431640625e-07,1.6770734786987305
rotated45_recursive__v2020__B3|2948,211002,10.151874542236328,1.3742437362670898,3.877376556396485,3.481316566467285,0.3474781032920567,0.0,0.0,0.1440834403038025,0.0,9.5367431640625e-07,9.5367431640625e-07,0.0355844497680664,9.5367431640625e-07,2.1070728302001953
rotated45_recursive__v2020__B3|2948,211003,10.151874542236328,3.740578651428223,1.5080480575561523,4.938331604003906,0.1694352159468438,0.0,0.0,0.1391574144363403,0.0,9.5367431640625e-07,9.5367431640625e-07,0.0355844497680664,9.5367431640625e-07,1.1977529525756831
rotated45_recursive__v2020__B3|2948,211004,10.151874542236328,3.4037914276123047,1.84516716003418,5.235568046569824,0.328148595590456,0.0,0.0,0.1454279571771621,0.0,9.5367431640625e-07,9.5367431640625e-07,0.0355844497680664,9.5367431640625e-07,1.8317766189575195
rotated45_recursive__v2020__B3|2948,211005,10.151874542236328,3.818239212036133,1.4387741088867188,5.599418640136719,0.2355783751132588,0.0,0.0,0.1422519087791443,0.0,9.5367431640625e-07,9.5367431640625e-07,0.0355844497680664,9.5367431640625e-07,1.781179428100586
rotated45_recursive__v2020__B3|2948,211006,10.151874542236328,1.0870351791381836,4.1623640060424805,6.34228515625,0.1078224101479915,0.0,0.0,0.1435160189867019,0.0,9.5367431640625e-07,9.5367431640625e-07,0.0355844497680664,9.5367431640625e-07,5.255249977111816
rotated45_recursive__v2020__B3|2948,211007,10.151874542236328,0.362640380859375,4.886054992675781,0.929469108581543,0.3654485049833887,0.0,0.0,0.1433387100696563,0.0,9.5367431640625e-07,9.5367431640625e-07,0.0355844497680664,9.5367431640625e-07,0.566828727722168
rotated45_recursive__v2020__B3|2948,211008,10.151874542236328,0.7550935745239258,4.4933061599731445,4.179950714111328,0.2900936273029296,0.0,0.0,0.1422131955623626,0.0,9.5367431640625e-07,9.5367431640625e-07,0.0355844497680664,9.5367431640625e-07,3.4248571395874023
rotated45_recursive__v2020__B3|2948,211009,10.151874542236328,0.5114002227783203,4.738844871520996,5.294772148132324,0.3533675626698882,0.0,0.0,0.1462369412183761,0.0,9.5367431640625e-07,9.5367431640625e-07,0.0355844497680664,9.5367431640625e-07,4.783371925354004
rotated45_recursive__v2020__B3|2948,211010,10.151874542236328,0.8248558044433594,4.425270080566406,4.895879745483398,0.2684989429175475,0.0,0.0,0.1422392576932907,0.0,9.5367431640625e-07,9.5367431640625e-07,0.0355844497680664,9.5367431640625e-07,4.071023941040039
rotated45_recursive__v2020__B3|2948,211011,10.151874542236328,0.8490161895751953,4.397982597351074,5.157162666320801,0.2626094835397161,0.0,0.0,0.1425521373748779,0.0,9.5367431640625e-07,9.5367431640625e-07,0.0355844497680664,9.5367431640625e-07,4.3081464767456055
rotated45_recursive__v2020__B3|2948,211012,10.151874542236328,0.1023597717285156,5.349299430847168,5.049307823181152,0.3212020537601933,0.0,0.0,0.1442204862833023,0.0,9.5367431640625e-07,9.5367431640625e-07,0.0355844497680664,9.5367431640625e-07,4.946948051452637
rotated45_recursive__v2020__B3|2948,211013,10.151874542236328,4.594388961791992,0.6554393768310547,4.310504913330078,0.1200543642404107,0.0,0.0,0.13705475628376,0.0,9.5367431640625e-07,9.5367431640625e-07,0.0355844497680664,9.5367431640625e-07,-0.28388404846191406
rotated45_recursive__v2020__B3|2948,211014,10.151874542236328,3.097576141357422,2.159918785095215,1.7236242294311523,0.2423739051646028,0.0,0.0,0.1405937224626541,0.0,9.5367431640625e-07,9.5367431640625e-07,0.0355844497680664,9.5367431640625e-07,-1.3739519119262695
rotated45_recursive__v2020__B3|2948,211015,10.151874542236328,3.006525993347168,2.2380590438842773,3.7927513122558594,0.2509815765629719,0.0,0.0,0.1400780230760574,0.0,9.5367431640625e-07,9.5367431640625e-07,0.0355844497680664,9.5367431640625e-07,0.7862253189086914
rotated45_recursive__v2020__B3|2948,211016,10.151874542236328,0.445779800415039,4.80137825012207,5.099193572998047,0.2864693446088794,0.0,0.0,0.1435862928628921,0.0,9.5367431640625e-07,9.5367431640625e-07,0.0355844497680664,9.5367431640625e-07,4.653413772583008
rotated45_recursive__v2020__B3|2948,211017,10.151874542236328,4.061454772949219,1.1843996047973633,3.367300033569336,0.2283298097251586,0.0,0.0,0.1380192339420318,0.0,9.5367431640625e-07,9.5367431640625e-07,0.0355844497680664,9.5367431640625e-07,-0.6941547393798828
rotated45_recursive__v2020__B3|2948,211018,10.151874542236328,4.126622200012207,1.1221513748168943,4.249800682067871,0.3945937783147085,0.0,0.0,0.142255038022995,0.0,9.5367431640625e-07,9.5367431640625e-07,0.0355844497680664,9.5367431640625e-07,0.12317848205566406
rotated45_recursive__v2020__B3|2948,211019,10.151874542236328,3.05898666381836,2.1918716430664062,5.00529670715332,0.2707641196013289,0.0,0.0,0.1414918750524521,0.0,9.5367431640625e-07,9.5367431640625e-07,0.0355844497680664,9.5367431640625e-07,1.9463100433349605
rotated45_recursive__v2020__B3|2948,211020,10.151874542236328,0.5944118499755859,4.65404224395752,4.936771392822266,0.347931138628813,0.0,0.0,0.1391664743423462,0.0,9.5367431640625e-07,9.5367431640625e-07,0.0355844497680664,9.5367431640625e-07,4.34235954284668
rotated45_recursive__v2020__B3|1198,211001,10.519091606140137,4.103706359863281,0.7851877212524414,5.323083877563477,0.0249169435215946,0.0,0.0,0.0821579471230506,0.0,9.5367431640625e-07,9.5367431640625e-07,0.001988410949707,9.5367431640625e-07,1.2193775177001953
rotated45_recursive__v2020__B3|1198,211002,10.519091606140137,0.7108535766601562,4.178008079528809,3.997962951660156,0.0591966173361522,0.0,0.0,0.0813298225402832,0.0,9.5367431640625e-07,9.5367431640625e-07,0.001988410949707,9.5367431640625e-07,3.2871093749999996
rotated45_recursive__v2020__B3|1198,211003,10.519091606140137,4.041499137878418,0.8472871780395508,4.932921409606934,-0.008003624282694,0.0,0.0,0.081165611743927,0.0,9.5367431640625e-07,9.5367431640625e-07,0.001988410949707,9.5367431640625e-07,0.8914222717285156
rotated45_recursive__v2020__B3|1198,211004,10.519091606140137,2.590555191040039,2.2982177734375,5.269417762756348,0.20144971307762,0.0,0.0,0.0822555571794509,0.0,9.5367431640625e-07,9.5367431640625e-07,0.001988410949707,9.5367431640625e-07,2.6788625717163086
rotated45_recursive__v2020__B3|1198,211005,10.519091606140137,4.18596076965332,0.7030572891235352,5.584372520446777,0.1138628813047417,0.0,0.0,0.0834185853600502,0.0,9.5367431640625e-07,9.5367431640625e-07,0.001988410949707,9.5367431640625e-07,1.398411750793457
rotated45_recursive__v2020__B3|1198,211006,10.519091606140137,0.2796249389648437,4.609132766723633,5.334627151489258,0.0241618846270009,0.0,0.0,0.0816292390227317,0.0,9.5367431640625e-07,9.5367431640625e-07,0.001988410949707,9.5367431640625e-07,5.055002212524414
rotated45_recursive__v2020__B3|1198,211007,10.519091606140137,0.5627069473266602,5.451324462890625,0.1830825805664062,0.1380247659317426,0.0,0.0,0.0825879424810409,0.0,9.5367431640625e-07,9.5367431640625e-07,0.001988410949707,9.5367431640625e-07,-0.37962436676025396
rotated45_recursive__v2020__B3|1198,211008,10.519091606140137,0.7116498947143555,4.177180290222168,3.6300878524780273,0.0324675324675324,0.0,0.0,0.083279401063919,0.0,9.5367431640625e-07,9.5367431640625e-07,0.001988410949707,9.5367431640625e-07,2.918437957763672
rotated45_recursive__v2020__B3|1198,211009,10.519091606140137,0.1747255325317382,4.713957786560059,5.331575393676758,0.2499244941105406,0.0,0.0,0.0829926133155822,0.0,9.5367431640625e-07,9.5367431640625e-07,0.001988410949707,9.5367431640625e-07,5.1568498611450195
rotated45_recursive__v2020__B3|1198,211010,10.519091606140137,0.2341547012329101,4.654692649841309,5.015570640563965,0.0745998187858652,0.0,0.0,0.0810730010271072,0.0,9.5367431640625e-07,9.5367431640625e-07,0.001988410949707,9.5367431640625e-07,4.781415939331055
rotated45_recursive__v2020__B3|1198,211011,10.519091606140137,4.0412139892578125,0.8473396301269531,4.805474281311035,0.1226215644820295,0.0,0.0,0.0812155306339263,0.0,9.5367431640625e-07,9.5367431640625e-07,0.001988410949707,9.5367431640625e-07,0.7642602920532227
rotated45_recursive__v2020__B3|1198,211012,10.519091606140137,0.1687297821044922,4.720063209533691,4.566922187805176,0.1703412866203563,0.0,0.0,0.0814818292856216,0.0,9.5367431640625e-07,9.5367431640625e-07,0.001988410949707,9.5367431640625e-07,4.398192405700684
rotated45_recursive__v2020__B3|1198,211013,10.519091606140137,4.367259979248047,0.5214805603027344,4.219987869262695,0.1194503171247357,0.0,0.0,0.0833171010017395,0.0,9.5367431640625e-07,9.5367431640625e-07,0.001988410949707,9.5367431640625e-07,-0.14727210998535156
rotated45_recursive__v2020__B3|1198,211014,10.519091606140137,3.748307228088379,1.1406869888305664,1.4949045181274414,0.0665961945031712,0.0,0.0,0.0809059217572212,0.0,9.5367431640625e-07,9.5367431640625e-07,0.001988410949707,9.5367431640625e-07,-2.2534027099609375
rotated45_recursive__v2020__B3|1198,211015,10.519091606140137,3.671940803527832,1.216817855834961,4.275151252746582,0.1125037752944729,0.0,0.0,0.0824334546923637,0.0,9.5367431640625e-07,9.5367431640625e-07,0.001988410949707,9.5367431640625e-07,0.60321044921875
rotated45_recursive__v2020__B3|1198,211016,10.519091606140137,0.4538440704345703,5.342564582824707,4.953230857849121,0.1516158260344307,0.0,0.0,0.0830950364470481,0.0,9.5367431640625e-07,9.5367431640625e-07,0.001988410949707,9.5367431640625e-07,4.499386787414551
rotated45_recursive__v2020__B3|1198,211017,10.519091606140137,4.139338493347168,0.7494029998779297,3.352961540222168,0.1389308366052552,0.0,0.0,0.0824924334883689,0.0,9.5367431640625e-07,9.5367431640625e-07,0.001988410949707,9.5367431640625e-07,-0.786376953125
rotated45_recursive__v2020__B3|1198,211018,10.519091606140137,0.2910070419311523,4.59781551361084,4.288975715637207,0.2707641196013289,0.0,0.0,0.0810420513153076,0.0,9.5367431640625e-07,9.5367431640625e-07,0.001988410949707,9.5367431640625e-07,3.9979686737060547
rotated45_recursive__v2020__B3|1198,211019,10.519091606140137,3.732126235961914,1.1567087173461914,4.71278190612793,0.0967985502869223,0.0,0.0,0.082579880952835,0.0,9.5367431640625e-07,9.5367431640625e-07,0.001988410949707,9.5367431640625e-07,0.9806556701660156
rotated45_recursive__v2020__B3|1198,211020,10.519091606140137,0.3159780502319336,4.572854995727539,5.264542579650879,0.0430383569918453,0.0,0.0,0.0810078755021095,0.0,9.5367431640625e-07,9.5367431640625e-07,0.001988410949707,9.5367431640625e-07,4.948564529418945
rotated45_recursive__v2020__B4|718,211001,10.854658126831056,2.0939817428588867,0.7861995697021484,2.573087692260742,0.2980972515856236,0.0,0.0,0.0658180490136146,0.0,0.0,0.0,0.0005559921264648,0.0,0.47910594940185547
rotated45_recursive__v2020__B4|718,211002,10.854658126831056,1.3641080856323242,1.516005516052246,1.7475013732910156,0.2073391724554515,0.0,0.0,0.065306432545185,0.0,0.0,0.0,0.0005559921264648,0.0,0.3833932876586914
rotated45_recursive__v2020__B4|718,211003,10.854658126831056,2.1486854553222656,0.7314624786376953,2.5174074172973637,0.2225913621262458,0.0,0.0,0.0647845193743705,0.0,0.0,0.0,0.0005559921264648,0.0,0.3687219619750981
rotated45_recursive__v2020__B4|718,211004,10.854658126831056,0.5185966491699219,2.36148452758789,2.592946052551269,0.3440048323769253,0.0,0.0,0.0650376677513122,0.0,0.0,0.0,0.0005559921264648,0.0,2.074349403381347
rotated45_recursive__v2020__B4|718,211005,10.854658126831056,1.8971633911132808,0.9829721450805664,2.824236869812012,0.1768347931138628,0.0,0.0,0.0665091052651405,0.0,0.0,0.0,0.0005559921264648,0.0,0.9270734786987314
rotated45_recursive__v2020__B4|718,211006,10.854658126831056,1.1195621490478516,1.7604351043701172,3.0571489334106445,0.3731501057082452,0.0,0.0,0.0666778162121772,0.0,0.0,0.0,0.0005559921264648,0.0,1.937586784362793
rotated45_recursive__v2020__B4|718,211007,10.854658126831056,0.7506036758422852,2.129549980163574,0.6747560501098633,0.3526125037752945,0.0,0.0,0.065427154302597,0.0,0.0,0.0,0.0005559921264648,0.0,-0.07584762573242188
rotated45_recursive__v2020__B4|718,211008,10.854658126831056,1.384134292602539,1.495950698852539,1.3386564254760742,0.3562367864693446,0.0,0.0,0.0663945749402046,0.0,0.0,0.0,0.0005559921264648,0.0,-0.045477867126464844
rotated45_recursive__v2020__B4|718,211009,10.854658126831056,1.5444002151489258,1.3357858657836914,2.786776542663574,0.3243733011174872,0.0,0.0,0.0656917169690132,0.0,0.0,0.0,0.0005559921264648,0.0,1.2423763275146484
rotated45_recursive__v2020__B4|718,211010,10.854658126831056,1.5027799606323242,1.3772611618041992,2.635688781738281,0.1294170945333736,0.0,0.0,0.0658932775259018,0.0,0.0,0.0,0.0005559921264648,0.0,1.1329088211059566
rotated45_recursive__v2020__B4|718,211011,10.854658126831056,1.079669952392578,1.8003721237182615,3.084068298339844,0.2700090607067351,0.0,0.0,0.065087541937828,0.0,0.0,0.0,0.0005559921264648,0.0,2.0043983459472665
rotated45_recursive__v2020__B4|718,211012,10.854658126831056,0.9460411071777344,1.934064865112305,2.605706214904785,0.2985502869223799,0.0,0.0,0.0656621754169464,0.0,0.0,0.0,0.0005559921264648,0.0,1.6596651077270508
rotated45_recursive__v2020__B4|718,211013,10.854658126831056,2.265867233276367,0.6143026351928711,1.7281017303466797,0.2256115977046209,0.0,0.0,0.0664195120334625,0.0,0.0,0.0,0.0005559921264648,0.0,-0.5377655029296875
rotated45_recursive__v2020__B4|718,211014,10.854658126831056,1.6819572448730469,1.1981687545776367,1.6740036010742188,0.213228631833283,0.0,0.0,0.0656183063983917,0.0,0.0,0.0,0.0005559921264648,0.0,-0.007953643798828125
rotated45_recursive__v2020__B4|718,211015,10.854658126831056,1.594194412231445,1.286001205444336,1.6715173721313477,0.2382965871337964,0.0,0.0,0.0662409961223602,0.0,0.0,0.0,0.0005559921264648,0.0,0.07732295989990257
rotated45_recursive__v2020__B4|718,211016,10.854658126831056,0.5507640838623047,2.329312324523926,2.016892433166504,0.3443068559347629,0.0,0.0,0.067033976316452,0.0,0.0,0.0,0.0005559921264648,0.0,1.4661283493041992
rotated45_recursive__v2020__B4|718,211017,10.854658126831056,1.4520940780639648,1.4281082153320312,1.9822139739990237,0.1250377529447296,0.0,0.0,0.0658523440361023,0.0,0.0,0.0,0.0005559921264648,0.0,0.5301198959350588
rotated45_recursive__v2020__B4|718,211018,10.854658126831056,1.349644660949707,1.5305747985839844,2.9128427505493164,0.2828450619148293,0.0,0.0,0.0643266588449478,0.0,0.0,0.0,0.0005559921264648,0.0,1.5631980895996094
rotated45_recursive__v2020__B4|718,211019,10.854658126831056,1.7682514190673828,1.111882209777832,2.7797679901123047,0.2777106614315917,0.0,0.0,0.0661330819129943,0.0,0.0,0.0,0.0005559921264648,0.0,1.0115165710449219
rotated45_recursive__v2020__B4|718,211020,10.854658126831056,1.486222267150879,1.3938894271850586,1.8789663314819336,0.207037148897614,0.0,0.0,0.0656672120094299,0.0,0.0,0.0,0.0005559921264648,0.0,0.3927440643310547
rotated45_recursive__v2020__B4|2009,211001,11.483476638793944,1.872894287109375,0.3803348541259765,2.3661184310913086,-0.0234068257324071,0.0,0.0,0.069212220609188,0.0,0.0,0.0,0.0016384124755859,0.0,0.4932241439819336
rotated45_recursive__v2020__B4|2009,211002,11.483476638793944,1.1167869567871094,1.136566162109375,1.2192935943603516,0.1738145575354877,0.0,0.0,0.069200150668621,0.0,0.0,0.0,0.0016384124755859,0.0,0.10250663757324219
rotated45_recursive__v2020__B4|2009,211003,11.483476638793944,1.5525217056274414,0.7002277374267578,2.077939033508301,0.1304741769858048,0.0,0.0,0.0692915543913841,0.0,0.0,0.0,0.0016384124755859,0.0,0.5254173278808594
rotated45_recursive__v2020__B4|2009,211004,11.483476638793944,1.198103904724121,1.0547943115234375,2.387469291687012,0.1899728178797946,0.0,0.0,0.0696005001664161,0.0,0.0,0.0,0.0016384124755859,0.0,1.189365386962891
rotated45_recursive__v2020__B4|2009,211005,11.483476638793944,1.1107902526855469,1.1428232192993164,2.64522647857666,0.1458773784355179,0.0,0.0,0.0702638700604438,0.0,0.0,0.0,0.0016384124755859,0.0,1.5344362258911133
rotated45_recursive__v2020__B4|2009,211006,11.483476638793944,1.2028446197509766,1.0498104095458984,2.1372499465942383,0.1809121111446693,0.0,0.0,0.0711324885487556,0.0,0.0,0.0,0.0016384124755859,0.0,0.9344053268432617
rotated45_recursive__v2020__B4|2009,211007,11.483476638793944,0.9993629455566406,1.2530736923217771,1.270547866821289,0.2191180912111144,0.0,0.0,0.0695390924811363,0.0,0.0,0.0,0.0016384124755859,0.0,0.27118492126464844
rotated45_recursive__v2020__B4|2009,211008,11.483476638793944,1.1253557205200195,1.1271371841430664,1.177638053894043,0.2681969193597101,0.0,0.0,0.0695411637425422,0.0,0.0,0.0,0.0016384124755859,0.0,0.05228233337402344
rotated45_recursive__v2020__B4|2009,211009,11.483476638793944,0.7190608978271484,1.5339269638061523,2.0190086364746094,0.3249773482331621,0.0,0.0,0.0694915577769279,0.0,0.0,0.0,0.0016384124755859,0.0,1.299947738647461
rotated45_recursive__v2020__B4|2009,211010,11.483476638793944,1.574565887451172,0.6777048110961914,2.317179679870605,0.0646330413772274,0.0,0.0,0.0693877041339874,0.0,0.0,0.0,0.0016384124755859,0.0,0.7426137924194329
rotated45_recursive__v2020__B4|2009,211011,11.483476638793944,0.6798286437988281,1.5732765197753906,2.216011047363281,0.2955300513440048,0.0,0.0,0.0694334059953689,0.0,0.0,0.0,0.0016384124755859,0.0,1.5361824035644527
rotated45_recursive__v2020__B4|2009,211012,11.483476638793944,0.9025840759277344,1.3503427505493164,2.018472671508789,0.1907278767743884,0.0,0.0,0.0695971027016639,0.0,0.0,0.0,0.0016384124755859,0.0,1.1158885955810547
rotated45_recursive__v2020__B4|2009,211013,11.483476638793944,1.6019840240478516,0.6509990692138672,1.9528074264526367,0.0480217456961643,0.0,0.0,0.0700140297412872,0.0,0.0,0.0,0.0016384124755859,0.0,0.35082340240478516
rotated45_recursive__v2020__B4|2009,211014,11.483476638793944,1.250873565673828,1.0022363662719729,1.9218769073486328,0.0442464512231954,0.0,0.0,0.0691942647099495,0.0,0.0,0.0,0.0016384124755859,0.0,0.6710033416748049
rotated45_recursive__v2020__B4|2009,211015,11.483476638793944,1.146432876586914,1.1062583923339844,1.1744842529296875,0.1241316822712171,0.0,0.0,0.0695060044527053,0.0,0.0,0.0,0.0016384124755859,0.0,0.028051376342773438
rotated45_recursive__v2020__B4|2009,211016,11.483476638793944,1.0619869232177734,1.191166877746582,1.9575557708740237,0.1179401993355481,0.0,0.0,0.0709252208471298,0.0,0.0,0.0,0.0016384124755859,0.0,0.8955688476562502
rotated45_recursive__v2020__B4|2009,211017,11.483476638793944,1.1421527862548828,1.1114225387573242,1.572662353515625,0.173663545756569,0.0,0.0,0.0690656155347824,0.0,0.0,0.0,0.0016384124755859,0.0,0.4305095672607422
rotated45_recursive__v2020__B4|2009,211018,11.483476638793944,0.8362131118774414,1.4167985916137695,2.3166399002075195,0.2922077922077922,0.0,0.0,0.0688700899481773,0.0,0.0,0.0,0.0016384124755859,0.0,1.4804267883300781
rotated45_recursive__v2020__B4|2009,211019,11.483476638793944,1.1737775802612305,1.079751968383789,2.1237030029296875,0.1386288130474177,0.0,0.0,0.0695217922329902,0.0,0.0,0.0,0.0016384124755859,0.0,0.949925422668457
rotated45_recursive__v2020__B4|2009,211020,11.483476638793944,1.6591863632202148,0.5934743881225586,1.7722301483154297,0.0794321957112654,0.0,0.0,0.0692893713712692,0.0,0.0,0.0,0.0016384124755859,0.0,0.11304378509521484
rotated45_recursive__v2020__B4|119,211001,14.073020935058594,0.6537685394287109,0.9980258941650392,0.5091619491577148,0.6679250981576563,0.0,0.0,0.0570392310619354,0.0,0.0,0.0,0.000711441040039,0.0,-0.1446065902709961
rotated45_recursive__v2020__B4|119,211002,14.073020935058594,0.7248058319091797,1.0690364837646484,0.1804666519165039,0.7463002114164904,0.0,0.0,0.0570622235536575,0.0,0.0,0.0,0.000711441040039,0.0,-0.5443391799926758
rotated45_recursive__v2020__B4|119,211003,14.073020935058594,0.4781742095947265,0.822422981262207,0.4830245971679687,0.6605255209906372,0.0,0.0,0.0569993592798709,0.0,0.0,0.0,0.000711441040039,0.0,0.0048503875732421875
rotated45_recursive__v2020__B4|119,211004,14.073020935058594,0.5056571960449219,0.8498563766479492,0.3647117614746094,0.6855934762911507,0.0,0.0,0.0568688809871673,0.0,0.0,0.0,0.000711441040039,0.0,-0.1409454345703125
rotated45_recursive__v2020__B4|119,211005,14.073020935058594,0.0859241485595703,0.4301643371582031,0.4702568054199219,0.6700392630625188,0.0,0.0,0.0583598315715789,0.0,0.0,0.0,0.000711441040039,0.0,0.38433265686035156
rotated45_recursive__v2020__B4|119,211006,14.073020935058594,0.7248020172119141,1.0689973831176758,0.1957740783691406,0.7348233162186649,0.0,0.0,0.0579771697521209,0.0,0.0,0.0,0.000711441040039,0.0,-0.5290279388427734
rotated45_recursive__v2020__B4|119,211007,14.073020935058594,0.6838884353637695,1.0280961990356443,0.1594209671020507,0.7088492902446392,0.0,0.0,0.0572252124547958,0.0,0.0,0.0,0.000711441040039,0.0,-0.5244674682617189
rotated45_recursive__v2020__B4|119,211008,14.073020935058594,0.6952190399169922,1.0394086837768557,0.0074615478515625,0.7610993657505285,0.0,0.0,0.0580071844160556,0.0,0.0,0.0,0.000711441040039,0.0,-0.6877574920654297
rotated45_recursive__v2020__B4|119,211009,14.073020935058594,0.6598930358886719,1.0041847229003906,0.4869575500488281,0.6890667472062821,0.0,0.0,0.0571992620825767,0.0,0.0,0.0,0.000711441040039,0.0,-0.17293548583984375
rotated45_recursive__v2020__B4|119,211010,14.073020935058594,0.7248067855834961,1.0690393447875977,0.4169445037841797,0.7390516460283901,0.0,0.0,0.0574902631342411,0.0,0.0,0.0,0.000711441040039,0.0,-0.3078622817993164
rotated45_recursive__v2020__B4|119,211011,14.073020935058594,0.6977338790893555,1.0419330596923828,0.3875637054443359,0.722440350347327,0.0,0.0,0.0565081983804702,0.0,0.0,0.0,0.000711441040039,0.0,-0.3101701736450196
rotated45_recursive__v2020__B4|119,211012,14.073020935058594,0.7247905731201172,1.0689992904663086,0.4856491088867187,0.7218363032316522,0.0,0.0,0.0568956546485424,0.0,0.0,0.0,0.000711441040039,0.0,-0.2391414642333985
rotated45_recursive__v2020__B4|119,211013,14.073020935058594,0.6538877487182617,0.9980916976928712,0.3816661834716797,0.6679250981576563,0.0,0.0,0.0578044131398201,0.0,0.0,0.0,0.000711441040039,0.0,-0.27222156524658203
rotated45_recursive__v2020__B4|119,211014,14.073020935058594,0.7248239517211914,1.069047927856445,0.3386354446411133,0.7278767743884023,0.0,0.0,0.0570460595190525,0.0,0.0,0.0,0.000711441040039,0.0,-0.3861885070800781
rotated45_recursive__v2020__B4|119,211015,14.073020935058594,0.7248220443725586,1.069035530090332,0.0141878128051757,0.7210812443370583,0.0,0.0,0.0577118806540966,0.0,0.0,0.0,0.000711441040039,0.0,-0.7106342315673829
rotated45_recursive__v2020__B4|119,211016,14.073020935058594,0.6539249420166016,0.998042106628418,0.0787916183471679,0.7022047719722138,0.0,0.0,0.058533851057291,0.0,0.0,0.0,0.000711441040039,0.0,-0.5751333236694337
rotated45_recursive__v2020__B4|119,211017,14.073020935058594,0.5983734130859375,0.9426479339599608,0.576563835144043,0.7361824222289339,0.0,0.0,0.0576198324561119,0.0,0.0,0.0,0.000711441040039,0.0,-0.02180957794189453
rotated45_recursive__v2020__B4|119,211018,14.073020935058594,0.7118358612060547,1.0560235977172852,0.4212427139282226,0.7316520688613711,0.0,0.0,0.0561492927372455,0.0,0.0,0.0,0.000711441040039,0.0,-0.2905931472778321
rotated45_recursive__v2020__B4|119,211019,14.073020935058594,0.598388671875,0.9426546096801758,0.3310956954956054,0.6908788885533071,0.0,0.0,0.0577854476869106,0.0,0.0,0.0,0.000711441040039,0.0,-0.2672929763793946
rotated45_recursive__v2020__B4|119,211020,14.073020935058594,0.6875429153442383,1.031759262084961,0.5319232940673828,0.6985804892781636,0.0,0.0,0.0566977821290493,0.0,0.0,0.0,0.000711441040039,0.0,-0.15561962127685547
y_equal_count_stripes__v2010__B1|5731,211001,11.00269603729248,0.9485139846801758,1.2894220352172852,0.1673450469970703,0.7786167321051043,0.0,0.0,0.0582689978182315,0.0,9.5367431640625e-07,9.5367431640625e-07,4.76837158203125e-05,9.5367431640625e-07,-0.7811689376831055
y_equal_count_stripes__v2010__B1|5731,211002,11.00269603729248,2.507632255554199,2.8487367630004883,0.2962970733642578,0.7615524010872848,0.0,0.0,0.0572438389062881,0.0,9.5367431640625e-07,9.5367431640625e-07,4.76837158203125e-05,9.5367431640625e-07,-2.2113351821899414
y_equal_count_stripes__v2010__B1|5731,211003,11.00269603729248,2.6893930435180664,3.030423164367676,0.8954620361328125,0.7888855330715796,0.0,0.0,0.0564789921045303,0.0,9.5367431640625e-07,9.5367431640625e-07,4.76837158203125e-05,9.5367431640625e-07,-1.793931007385254
y_equal_count_stripes__v2010__B1|5731,211004,11.00269603729248,2.5840864181518555,2.925029754638672,0.8186244964599609,0.813349441256418,0.0,0.0,0.0568556785583496,0.0,9.5367431640625e-07,9.5367431640625e-07,4.76837158203125e-05,9.5367431640625e-07,-1.7654619216918945
y_equal_count_stripes__v2010__B1|5731,211005,11.00269603729248,3.1962056159973145,3.537184715270996,0.3157329559326172,0.8085170643310178,0.0,0.0,0.0567639581859111,0.0,9.5367431640625e-07,9.5367431640625e-07,4.76837158203125e-05,9.5367431640625e-07,-2.8804726600646973
y_equal_count_stripes__v2010__B1|5731,211006,11.00269603729248,2.0358400344848637,2.3767852783203125,0.4986629486083984,0.6685291452733313,0.0,0.0,0.0575454346835613,0.0,9.5367431640625e-07,9.5367431640625e-07,4.76837158203125e-05,9.5367431640625e-07,-1.5371770858764653
y_equal_count_stripes__v2010__B1|5731,211007,11.00269603729248,2.16446590423584,2.50552749633789,0.1997032165527343,0.7553609181516158,0.0,0.0,0.0576175414025783,0.0,9.5367431640625e-07,9.5367431640625e-07,4.76837158203125e-05,9.5367431640625e-07,-1.9647626876831055
y_equal_count_stripes__v2010__B1|5731,211008,11.00269603729248,0.5170373916625977,0.8579826354980469,0.968994140625,0.7337662337662337,0.0,0.0,0.0589114986360073,0.0,9.5367431640625e-07,9.5367431640625e-07,4.76837158203125e-05,9.5367431640625e-07,0.45195674896240234
y_equal_count_stripes__v2010__B1|5731,211009,11.00269603729248,2.737799644470215,3.07891845703125,1.0584030151367188,0.7352763515554213,0.0,0.0,0.056813970208168,0.0,9.5367431640625e-07,9.5367431640625e-07,4.76837158203125e-05,9.5367431640625e-07,-1.679396629333496
y_equal_count_stripes__v2010__B1|5731,211010,11.00269603729248,2.280890464782715,2.622016906738281,0.9923915863037108,0.6946541830262761,0.0,0.0,0.0575840771198272,0.0,9.5367431640625e-07,9.5367431640625e-07,4.76837158203125e-05,9.5367431640625e-07,-1.288498878479004
y_equal_count_stripes__v2010__B1|5731,211011,11.00269603729248,2.2050952911376958,2.546041488647461,0.1793375015258789,0.7422228933856841,0.0,0.0,0.0569947510957717,0.0,9.5367431640625e-07,9.5367431640625e-07,4.76837158203125e-05,9.5367431640625e-07,-2.025757789611817
y_equal_count_stripes__v2010__B1|5731,211012,11.00269603729248,1.0123577117919922,1.3533077239990234,0.7978458404541016,0.7558139534883721,0.0,0.0,0.0575569383800029,0.0,9.5367431640625e-07,9.5367431640625e-07,4.76837158203125e-05,9.5367431640625e-07,-0.21451187133789062
y_equal_count_stripes__v2010__B1|5731,211013,11.00269603729248,1.442403793334961,1.7832269668579102,0.9129877090454102,0.7517366354575656,0.0,0.0,0.0573878921568393,0.0,9.5367431640625e-07,9.5367431640625e-07,4.76837158203125e-05,9.5367431640625e-07,-0.5294160842895508
y_equal_count_stripes__v2010__B1|5731,211014,11.00269603729248,1.687164306640625,2.028094291687012,2.160202980041504,0.770764119601329,0.0,0.0,0.0571131259202957,0.0,9.5367431640625e-07,9.5367431640625e-07,4.76837158203125e-05,9.5367431640625e-07,0.4730386734008789
y_equal_count_stripes__v2010__B1|5731,211015,11.00269603729248,3.0162253379821777,3.357240676879883,1.443075180053711,0.725611597704621,0.0,0.0,0.0571663528680801,0.0,9.5367431640625e-07,9.5367431640625e-07,4.76837158203125e-05,9.5367431640625e-07,-1.5731501579284668
y_equal_count_stripes__v2010__B1|5731,211016,11.00269603729248,1.9298582077026367,2.2709531784057617,0.8158178329467773,0.7230443974630021,0.0,0.0,0.0608437806367874,0.0,9.5367431640625e-07,9.5367431640625e-07,4.76837158203125e-05,9.5367431640625e-07,-1.1140403747558594
y_equal_count_stripes__v2010__B1|5731,211017,11.00269603729248,3.2029409408569336,3.543912887573242,0.5300884246826172,0.8002114164904863,0.0,0.0,0.0577744841575622,0.0,9.5367431640625e-07,9.5367431640625e-07,4.76837158203125e-05,9.5367431640625e-07,-2.6728525161743164
y_equal_count_stripes__v2010__B1|5731,211018,11.00269603729248,2.048233985900879,2.389249801635742,0.0214929580688476,0.7426759287224403,0.0,0.0,0.0571202337741851,0.0,9.5367431640625e-07,9.5367431640625e-07,4.76837158203125e-05,9.5367431640625e-07,-2.0267410278320312
y_equal_count_stripes__v2010__B1|5731,211019,11.00269603729248,3.2642736434936523,3.605320930480957,0.3488187789916992,0.8098761703412866,0.0,0.0,0.0569799654185771,0.0,9.5367431640625e-07,9.5367431640625e-07,4.76837158203125e-05,9.5367431640625e-07,-2.915454864501953
y_equal_count_stripes__v2010__B1|5731,211020,11.00269603729248,1.1417055130004885,1.4827404022216797,0.273721694946289,0.7304439746300211,0.0,0.0,0.0574865005910396,0.0,9.5367431640625e-07,9.5367431640625e-07,4.76837158203125e-05,9.5367431640625e-07,-0.8679838180541994
y_equal_count_stripes__v2010__B1|5787,211001,12.10915184020996,1.5581550598144531,2.337421417236328,1.4236831665039062,0.1691331923890063,0.0,0.0,0.058108739554882,0.0,9.5367431640625e-07,9.5367431640625e-07,0.001932144165039,9.5367431640625e-07,-0.13447189331054688
y_equal_count_stripes__v2010__B1|5787,211002,12.10915184020996,1.7833986282348633,2.562752723693848,0.8062782287597656,0.1720024161884626,0.0,0.0,0.0578969754278659,0.0,9.5367431640625e-07,9.5367431640625e-07,0.001932144165039,9.5367431640625e-07,-0.9771203994750977
y_equal_count_stripes__v2010__B1|5787,211003,12.10915184020996,1.404287338256836,2.183807373046875,1.6094160079956057,0.2248565388100271,0.0,0.0,0.0575253069400787,0.0,9.5367431640625e-07,9.5367431640625e-07,0.001932144165039,9.5367431640625e-07,0.20512866973876975
y_equal_count_stripes__v2010__B1|5787,211004,12.10915184020996,2.553622245788574,3.3327226638793945,1.3178844451904297,0.1864995469646632,0.0,0.0,0.0579338334500789,0.0,9.5367431640625e-07,9.5367431640625e-07,0.001932144165039,9.5367431640625e-07,-1.2357378005981445
y_equal_count_stripes__v2010__B1|5787,211005,12.10915184020996,3.032010078430176,3.811781883239746,1.1315889358520508,0.1511627906976744,0.0,0.0,0.0586044266819953,0.0,9.5367431640625e-07,9.5367431640625e-07,0.001932144165039,9.5367431640625e-07,-1.900421142578125
y_equal_count_stripes__v2010__B1|5787,211006,12.10915184020996,2.99208927154541,3.771738052368164,0.1180057525634765,0.3050437934158864,0.0,0.0,0.0582978539168834,0.0,9.5367431640625e-07,9.5367431640625e-07,0.001932144165039,9.5367431640625e-07,-2.8740835189819336
y_equal_count_stripes__v2010__B1|5787,211007,12.10915184020996,2.513364791870117,3.2924375534057617,0.3156909942626953,0.1772878284506191,0.0,0.0,0.0574436262249946,0.0,9.5367431640625e-07,9.5367431640625e-07,0.001932144165039,9.5367431640625e-07,-2.197673797607422
y_equal_count_stripes__v2010__B1|5787,211008,12.10915184020996,2.44948959350586,3.2286148071289062,0.2968006134033203,0.2423739051646028,0.0,0.0,0.0584609247744083,0.0,9.5367431640625e-07,9.5367431640625e-07,0.001932144165039,9.5367431640625e-07,-2.1526889801025395
y_equal_count_stripes__v2010__B1|5787,211009,12.10915184020996,1.8226346969604488,2.6021738052368164,1.1162347793579102,0.2686499546964663,0.0,0.0,0.0581964179873466,0.0,9.5367431640625e-07,9.5367431640625e-07,0.001932144165039,9.5367431640625e-07,-0.7063999176025386
y_equal_count_stripes__v2010__B1|5787,211010,12.10915184020996,2.629176139831543,3.4085731506347656,1.839871406555176,0.174267592872244,0.0,0.0,0.0581241026520729,0.0,9.5367431640625e-07,9.5367431640625e-07,0.001932144165039,9.5367431640625e-07,-0.789304733276367
y_equal_count_stripes__v2010__B1|5787,211011,12.10915184020996,2.553677558898926,3.333146095275879,1.6298112869262695,0.2357293868921775,0.0,0.0,0.0576072968542575,0.0,9.5367431640625e-07,9.5367431640625e-07,0.001932144165039,9.5367431640625e-07,-0.9238662719726562
y_equal_count_stripes__v2010__B1|5787,211012,12.10915184020996,2.4966630935668945,3.276187896728516,0.0429553985595703,0.2618544246451223,0.0,0.0,0.0583854019641876,0.0,9.5367431640625e-07,9.5367431640625e-07,0.001932144165039,9.5367431640625e-07,-2.453707695007324
y_equal_count_stripes__v2010__B1|5787,211013,12.10915184020996,2.905904769897461,3.6851844787597656,1.4181442260742188,0.1103896103896104,0.0,0.0,0.058583203703165,0.0,9.5367431640625e-07,9.5367431640625e-07,0.001932144165039,9.5367431640625e-07,-1.4877605438232422
y_equal_count_stripes__v2010__B1|5787,211014,12.10915184020996,0.0865840911865234,0.6919441223144531,2.11001968383789,-0.062367864693446,0.0,0.0,0.0582785196602344,0.0,9.5367431640625e-07,9.5367431640625e-07,0.001932144165039,9.5367431640625e-07,2.0234355926513667
y_equal_count_stripes__v2010__B1|5787,211015,12.10915184020996,1.4429798126220703,2.2220191955566406,0.7623748779296875,0.1017819389912413,0.0,0.0,0.0582219511270523,0.0,9.5367431640625e-07,9.5367431640625e-07,0.001932144165039,9.5367431640625e-07,-0.6806049346923828
y_equal_count_stripes__v2010__B1|5787,211016,12.10915184020996,3.062793731689453,3.842622756958008,0.0375490188598632,0.2479613409845968,0.0,0.0,0.0592621155083179,0.0,9.5367431640625e-07,9.5367431640625e-07,0.001932144165039,9.5367431640625e-07,-3.02524471282959
y_equal_count_stripes__v2010__B1|5787,211017,12.10915184020996,1.6534194946289062,2.432584762573242,1.3078279495239258,0.2053760193295077,0.0,0.0,0.058123592287302,0.0,9.5367431640625e-07,9.5367431640625e-07,0.001932144165039,9.5367431640625e-07,-0.34559154510498047
y_equal_count_stripes__v2010__B1|5787,211018,12.10915184020996,2.768074989318848,3.5474672317504883,1.2570390701293943,0.2503775294472969,0.0,0.0,0.0575296990573406,0.0,9.5367431640625e-07,9.5367431640625e-07,0.001932144165039,9.5367431640625e-07,-1.5110359191894538
y_equal_count_stripes__v2010__B1|5787,211019,12.10915184020996,1.5861263275146484,2.365325927734375,2.223470687866211,0.2195711265478707,0.0,0.0,0.0583668202161788,0.0,9.5367431640625e-07,9.5367431640625e-07,0.001932144165039,9.5367431640625e-07,0.6373443603515625
y_equal_count_stripes__v2010__B1|5787,211020,12.10915184020996,1.3621330261230469,2.1413345336914062,0.5684652328491211,0.1553911205073996,0.0,0.0,0.0577541105449199,0.0,9.5367431640625e-07,9.5367431640625e-07,0.001932144165039,9.5367431640625e-07,-0.7936677932739258
y_equal_count_stripes__v2010__B1|7322,211001,14.62913990020752,1.8010005950927734,1.4970664978027344,3.282137870788574,-0.1729084868619752,0.0,0.0,0.0644925236701965,0.0,9.5367431640625e-07,9.5367431640625e-07,0.0008726119995117,9.5367431640625e-07,1.4811372756958008
y_equal_count_stripes__v2010__B1|7322,211002,14.62913990020752,3.6773061752319336,6.975476264953613,1.245722770690918,0.0046813651464814,0.0,0.0,0.0626085847616195,0.0,9.5367431640625e-07,9.5367431640625e-07,0.0008726119995117,9.5367431640625e-07,-2.4315834045410156
y_equal_count_stripes__v2010__B1|7322,211003,14.62913990020752,1.1889419555664062,4.487051010131836,3.959362030029297,-0.0388100271821202,0.0,0.0,0.0622448846697807,0.0,9.5367431640625e-07,9.5367431640625e-07,0.0008726119995117,9.5367431640625e-07,2.7704200744628906
y_equal_count_stripes__v2010__B1|7322,211004,14.62913990020752,0.3384103775024414,2.9596757888793945,3.833660125732422,0.000604047115675,0.0,0.0,0.0640013739466667,0.0,9.5367431640625e-07,9.5367431640625e-07,0.0008726119995117,9.5367431640625e-07,3.4952497482299805
y_equal_count_stripes__v2010__B1|7322,211005,14.62913990020752,1.5723981857299805,1.725717544555664,2.905708312988281,-0.1209604349139232,0.0,0.0,0.0657016038894653,0.0,9.5367431640625e-07,9.5367431640625e-07,0.0008726119995117,9.5367431640625e-07,1.3333101272583003
y_equal_count_stripes__v2010__B1|7322,211006,14.62913990020752,3.752284049987793,7.050342559814453,2.8110265731811523,0.0922681969193597,0.0,0.0,0.064823567867279,0.0,9.5367431640625e-07,9.5367431640625e-07,0.0008726119995117,9.5367431640625e-07,-0.9412574768066406
y_equal_count_stripes__v2010__B1|7322,211007,14.62913990020752,0.8006362915039062,2.497378349304199,1.5888948440551758,-0.0736937481123527,0.0,0.0,0.0648562312126159,0.0,9.5367431640625e-07,9.5367431640625e-07,0.0008726119995117,9.5367431640625e-07,0.7882585525512695
y_equal_count_stripes__v2010__B1|7322,211008,14.62913990020752,2.381361961364746,5.679429054260254,1.3286809921264648,-0.0169133192389006,0.0,0.0,0.0646273046731948,0.0,9.5367431640625e-07,9.5367431640625e-07,0.0008726119995117,9.5367431640625e-07,-1.0526809692382812
y_equal_count_stripes__v2010__B1|7322,211009,14.62913990020752,0.776031494140625,4.074244499206543,1.8594379425048828,0.0397160978556327,0.0,0.0,0.0638579279184341,0.0,9.5367431640625e-07,9.5367431640625e-07,0.0008726119995117,9.5367431640625e-07,1.0834064483642578
y_equal_count_stripes__v2010__B1|7322,211010,14.62913990020752,2.6418561935424805,5.939981460571289,4.998539924621582,-0.0750528541226215,0.0,0.0,0.0623392537236213,0.0,9.5367431640625e-07,9.5367431640625e-07,0.0008726119995117,9.5367431640625e-07,2.3566837310791016
y_equal_count_stripes__v2010__B1|7322,211011,14.62913990020752,3.6207685470581055,6.918960094451904,3.769983291625977,0.0264270613107822,0.0,0.0,0.0617904961109161,0.0,9.5367431640625e-07,9.5367431640625e-07,0.0008726119995117,9.5367431640625e-07,0.14921474456787154
y_equal_count_stripes__v2010__B1|7322,211012,14.62913990020752,3.330264091491699,6.6283063888549805,3.550748825073242,-0.0356387798248263,0.0,0.0,0.0646852850914001,0.0,9.5367431640625e-07,9.5367431640625e-07,0.0008726119995117,9.5367431640625e-07,0.22048473358154297
y_equal_count_stripes__v2010__B1|7322,211013,14.62913990020752,1.4519834518432615,4.750020980834961,3.0920896530151367,-0.0833585019631531,0.0,0.0,0.063963733613491,0.0,9.5367431640625e-07,9.5367431640625e-07,0.0008726119995117,9.5367431640625e-07,1.6401062011718752
y_equal_count_stripes__v2010__B1|7322,211014,14.62913990020752,1.9528923034667969,1.3451147079467771,2.260200500488281,-0.1374207188160676,0.0,0.0,0.0637242868542671,0.0,9.5367431640625e-07,9.5367431640625e-07,0.0008726119995117,9.5367431640625e-07,0.30730819702148393
y_equal_count_stripes__v2010__B1|7322,211015,14.62913990020752,1.9962005615234373,1.3018712997436523,0.3550348281860351,-0.0986106916339474,0.0,0.0,0.0640615820884704,0.0,9.5367431640625e-07,9.5367431640625e-07,0.0008726119995117,9.5367431640625e-07,-1.6411657333374021
y_equal_count_stripes__v2010__B1|7322,211016,14.62913990020752,0.1097583770751953,3.4079742431640625,0.4645633697509765,0.0052854122621564,0.0,0.0,0.0668542757630348,0.0,9.5367431640625e-07,9.5367431640625e-07,0.0008726119995117,9.5367431640625e-07,0.3548049926757812
y_equal_count_stripes__v2010__B1|7322,211017,14.62913990020752,1.175675392150879,2.122435569763184,3.820003509521485,-0.0703714889761401,0.0,0.0,0.064997524023056,0.0,9.5367431640625e-07,9.5367431640625e-07,0.0008726119995117,9.5367431640625e-07,2.644328117370606
y_equal_count_stripes__v2010__B1|7322,211018,14.62913990020752,2.8824377059936523,6.180500030517578,4.195773124694824,0.0061914829356689,0.0,0.0,0.0623955205082893,0.0,9.5367431640625e-07,9.5367431640625e-07,0.0008726119995117,9.5367431640625e-07,1.3133354187011719
y_equal_count_stripes__v2010__B1|7322,211019,14.62913990020752,0.4734811782836914,2.824648857116699,5.233907699584961,-0.0422832980972515,0.0,0.0,0.0640778020024299,0.0,9.5367431640625e-07,9.5367431640625e-07,0.0008726119995117,9.5367431640625e-07,4.7604265213012695
y_equal_count_stripes__v2010__B1|7322,211020,14.62913990020752,0.6072797775268555,3.905447006225586,2.7413759231567383,-0.0347327091513138,0.0,0.0,0.0629458352923393,0.0,9.5367431640625e-07,9.5367431640625e-07,0.0008726119995117,9.5367431640625e-07,2.134096145629883
y_equal_count_stripes__v2010__B2|5305,211001,13.134893417358398,0.6549320220947266,1.391214370727539,1.1948184967041016,0.3240712775596496,0.0,0.0,0.0584268569946289,0.0,9.5367431640625e-07,9.5367431640625e-07,0.0017852783203125,9.5367431640625e-07,0.539886474609375
y_equal_count_stripes__v2010__B2|5305,211002,13.134893417358398,0.7349042892456055,1.471421241760254,1.4203128814697266,0.3503473270915131,0.0,0.0,0.0579879060387611,0.0,9.5367431640625e-07,9.5367431640625e-07,0.0017852783203125,9.5367431640625e-07,0.6854085922241211
y_equal_count_stripes__v2010__B2|5305,211003,13.134893417358398,0.4009876251220703,1.1374883651733398,0.5811309814453125,0.3366052552099063,0.0,0.0,0.0576013140380382,0.0,9.5367431640625e-07,9.5367431640625e-07,0.0017852783203125,9.5367431640625e-07,0.1801433563232422
y_equal_count_stripes__v2010__B2|5305,211004,13.134893417358398,1.5733003616333008,2.3093748092651367,0.5325784683227539,0.4323467230443974,0.0,0.0,0.0578628443181514,0.0,9.5367431640625e-07,9.5367431640625e-07,0.0017852783203125,9.5367431640625e-07,-1.0407218933105469
y_equal_count_stripes__v2010__B2|5305,211005,13.134893417358398,0.3924083709716797,1.1287965774536133,0.7602548599243164,0.3278465720326186,0.0,0.0,0.0590659193694591,0.0,9.5367431640625e-07,9.5367431640625e-07,0.0017852783203125,9.5367431640625e-07,0.3678464889526367
y_equal_count_stripes__v2010__B2|5305,211006,13.134893417358398,1.5560359954833984,2.292322158813477,0.5492877960205078,0.4167925098157656,0.0,0.0,0.0588087923824787,0.0,9.5367431640625e-07,9.5367431640625e-07,0.0017852783203125,9.5367431640625e-07,-1.0067481994628906
y_equal_count_stripes__v2010__B2|5305,211007,13.134893417358398,1.2453384399414062,1.9817161560058596,0.0141830444335937,0.4098459679855029,0.0,0.0,0.0578306727111339,0.0,9.5367431640625e-07,9.5367431640625e-07,0.0017852783203125,9.5367431640625e-07,-1.2311553955078125
y_equal_count_stripes__v2010__B2|5305,211008,13.134893417358398,1.1715145111083984,1.9080495834350584,0.8030233383178711,0.4370280881908788,0.0,0.0,0.0590427331626415,0.0,9.5367431640625e-07,9.5367431640625e-07,0.0017852783203125,9.5367431640625e-07,-0.36849117279052734
y_equal_count_stripes__v2010__B2|5305,211009,13.134893417358398,1.0727481842041016,1.8088445663452148,0.774378776550293,0.3592570220477197,0.0,0.0,0.0582954138517379,0.0,9.5367431640625e-07,9.5367431640625e-07,0.0017852783203125,9.5367431640625e-07,-0.2983694076538086
y_equal_count_stripes__v2010__B2|5305,211010,13.134893417358398,1.0389652252197266,1.7756385803222656,0.130157470703125,0.3785865297493204,0.0,0.0,0.0580367073416709,0.0,9.5367431640625e-07,9.5367431640625e-07,0.0017852783203125,9.5367431640625e-07,-0.9088077545166016
y_equal_count_stripes__v2010__B2|5305,211011,13.134893417358398,1.0560026168823242,1.7925920486450195,0.491912841796875,0.2630625188764723,0.0,0.0,0.057668425142765,0.0,9.5367431640625e-07,9.5367431640625e-07,0.0017852783203125,9.5367431640625e-07,-0.5640897750854492
y_equal_count_stripes__v2010__B2|5305,211012,13.134893417358398,1.2311620712280271,1.9674978256225584,0.6140480041503906,0.3841739655693144,0.0,0.0,0.0582297071814537,0.0,9.5367431640625e-07,9.5367431640625e-07,0.0017852783203125,9.5367431640625e-07,-0.6171140670776365
y_equal_count_stripes__v2010__B2|5305,211013,13.134893417358398,0.3982229232788086,1.1347370147705078,0.6417865753173828,0.4380851706433102,0.0,0.0,0.0585664100944995,0.0,9.5367431640625e-07,9.5367431640625e-07,0.0017852783203125,9.5367431640625e-07,0.24356365203857422
y_equal_count_stripes__v2010__B2|5305,211014,13.134893417358398,0.5676364898681641,1.3039779663085938,0.7938594818115234,0.3296587133796436,0.0,0.0,0.0583500228822231,0.0,9.5367431640625e-07,9.5367431640625e-07,0.0017852783203125,9.5367431640625e-07,0.22622299194335938
y_equal_count_stripes__v2010__B2|5305,211015,13.134893417358398,1.4737663269042969,2.209737777709961,1.4075050354003906,0.3322259136212624,0.0,0.0,0.0589583590626716,0.0,9.5367431640625e-07,9.5367431640625e-07,0.0017852783203125,9.5367431640625e-07,-0.06626129150390625
y_equal_count_stripes__v2010__B2|5305,211016,13.134893417358398,1.3436059951782229,2.079875946044922,0.7283830642700195,0.3921775898520084,0.0,0.0,0.0592686012387275,0.0,9.5367431640625e-07,9.5367431640625e-07,0.0017852783203125,9.5367431640625e-07,-0.6152229309082033
y_equal_count_stripes__v2010__B2|5305,211017,13.134893417358398,0.026895523071289,0.7639179229736328,0.0379962921142578,0.2665357897916037,0.0,0.0,0.058791559189558,0.0,9.5367431640625e-07,9.5367431640625e-07,0.0017852783203125,9.5367431640625e-07,0.011100769042968799
y_equal_count_stripes__v2010__B2|5305,211018,13.134893417358398,1.338353157043457,2.074728012084961,0.1362648010253906,0.3794926004228329,0.0,0.0,0.0577699728310108,0.0,9.5367431640625e-07,9.5367431640625e-07,0.0017852783203125,9.5367431640625e-07,-1.2020883560180664
y_equal_count_stripes__v2010__B2|5305,211019,13.134893417358398,0.4926137924194336,1.2288436889648438,0.2922754287719726,0.4130172153427968,0.0,0.0,0.0589571855962276,0.0,9.5367431640625e-07,9.5367431640625e-07,0.0017852783203125,9.5367431640625e-07,-0.200338363647461
y_equal_count_stripes__v2010__B2|5305,211020,13.134893417358398,1.0261049270629885,1.7625274658203125,1.7427425384521484,0.367109634551495,0.0,0.0,0.0576345659792423,0.0,9.5367431640625e-07,9.5367431640625e-07,0.0017852783203125,9.5367431640625e-07,0.7166376113891599
y_equal_count_stripes__v2010__B2|7991,211001,10.900532722473145,0.380833625793457,1.0917291641235352,2.917855262756348,-0.0534581697372395,0.0,0.0,0.1546661704778671,0.0,9.5367431640625e-07,9.5367431640625e-07,0.0503959655761718,9.5367431640625e-07,2.537021636962891
y_equal_count_stripes__v2010__B2|7991,211002,10.900532722473145,2.1348228454589844,3.607537269592285,0.6915817260742188,0.1192993053458169,0.0,0.0,0.1508911550045013,0.0,9.5367431640625e-07,9.5367431640625e-07,0.0503959655761718,9.5367431640625e-07,-1.4432411193847656
y_equal_count_stripes__v2010__B2|7991,211003,10.900532722473145,0.029031753540039,1.442326545715332,1.1684684753417969,0.0738447598912715,0.0,0.0,0.1522866040468216,0.0,9.5367431640625e-07,9.5367431640625e-07,0.0503959655761718,9.5367431640625e-07,1.1394367218017578
y_equal_count_stripes__v2010__B2|7991,211004,10.900532722473145,0.0721750259399414,1.4012823104858398,1.9960870742797847,0.0344306855934762,0.0,0.0,0.1486232131719589,0.0,9.5367431640625e-07,9.5367431640625e-07,0.0503959655761718,9.5367431640625e-07,1.9239120483398433
y_equal_count_stripes__v2010__B2|7991,211005,10.900532722473145,2.4336605072021484,3.906089782714844,1.1912031173706057,-0.0492298399275143,0.0,0.0,0.1465221792459488,0.0,9.5367431640625e-07,9.5367431640625e-07,0.0503959655761718,9.5367431640625e-07,-1.2424573898315427
y_equal_count_stripes__v2010__B2|7991,211006,10.900532722473145,2.236083984375,3.706747055053711,2.381077766418457,0.0912111144669284,0.0,0.0,0.1438856869935989,0.0,9.5367431640625e-07,9.5367431640625e-07,0.0503959655761718,9.5367431640625e-07,0.14499378204345703
y_equal_count_stripes__v2010__B2|7991,211007,10.900532722473145,2.383297920227051,3.8583192825317374,0.8490161895751953,0.0863787375415282,0.0,0.0,0.1460172683000564,0.0,9.5367431640625e-07,9.5367431640625e-07,0.0503959655761718,9.5367431640625e-07,-1.5342817306518555
y_equal_count_stripes__v2010__B2|7991,211008,10.900532722473145,1.7738685607910156,3.2478342056274414,1.8532114028930664,0.021594684385382,0.0,0.0,0.1475920379161834,0.0,9.5367431640625e-07,9.5367431640625e-07,0.0503959655761718,9.5367431640625e-07,0.07934284210205078
y_equal_count_stripes__v2010__B2|7991,211009,10.900532722473145,2.442328453063965,3.915548324584961,1.5626888275146484,0.1638477801268499,0.0,0.0,0.1463699340820312,0.0,9.5367431640625e-07,9.5367431640625e-07,0.0503959655761718,9.5367431640625e-07,-0.8796396255493164
y_equal_count_stripes__v2010__B2|7991,211010,10.900532722473145,2.3140411376953125,3.7877044677734375,1.4772319793701172,0.1460283902144367,0.0,0.0,0.1474504768848419,0.0,9.5367431640625e-07,9.5367431640625e-07,0.0503959655761718,9.5367431640625e-07,-0.8368091583251953
y_equal_count_stripes__v2010__B2|7991,211011,10.900532722473145,1.9602527618408203,3.432375907897949,0.881373405456543,0.0758079130172153,0.0,0.0,0.1515568494796753,0.0,9.5367431640625e-07,9.5367431640625e-07,0.0503959655761718,9.5367431640625e-07,-1.0788793563842773
y_equal_count_stripes__v2010__B2|7991,211012,10.900532722473145,2.011322021484375,3.484858512878418,1.3174915313720703,0.0798852310480217,0.0,0.0,0.1423876285552978,0.0,9.5367431640625e-07,9.5367431640625e-07,0.0503959655761718,9.5367431640625e-07,-0.6938304901123047
y_equal_count_stripes__v2010__B2|7991,211013,10.900532722473145,0.567753791809082,2.041256904602051,1.9932613372802732,0.1134098459679855,0.0,0.0,0.1493587344884872,0.0,9.5367431640625e-07,9.5367431640625e-07,0.0503959655761718,9.5367431640625e-07,1.4255075454711912
y_equal_count_stripes__v2010__B2|7991,211014,10.900532722473145,0.0247755050659179,1.4469995498657229,0.0514497756958007,0.0149501661129568,0.0,0.0,0.1489136666059494,0.0,9.5367431640625e-07,9.5367431640625e-07,0.0503959655761718,9.5367431640625e-07,0.0266742706298828
y_equal_count_stripes__v2010__B2|7991,211015,10.900532722473145,1.802517890930176,3.276405334472656,1.4948968887329102,0.0262760495318634,0.0,0.0,0.1546844691038131,0.0,9.5367431640625e-07,9.5367431640625e-07,0.0503959655761718,9.5367431640625e-07,-0.30762100219726585
y_equal_count_stripes__v2010__B2|7991,211016,10.900532722473145,1.9209966659545896,3.3945560455322266,1.056767463684082,0.0377529447296889,0.0,0.0,0.1464344412088394,0.0,9.5367431640625e-07,9.5367431640625e-07,0.0503959655761718,9.5367431640625e-07,-0.8642292022705076
y_equal_count_stripes__v2010__B2|7991,211017,10.900532722473145,0.42681884765625,1.0459566116333008,0.6578388214111328,0.0182724252491694,0.0,0.0,0.1528576463460922,0.0,9.5367431640625e-07,9.5367431640625e-07,0.0503959655761718,9.5367431640625e-07,0.2310199737548828
y_equal_count_stripes__v2010__B2|7991,211018,10.900532722473145,1.6705617904663086,3.1419506072998047,1.8103103637695312,0.1227725762609483,0.0,0.0,0.1511870473623275,0.0,9.5367431640625e-07,9.5367431640625e-07,0.0503959655761718,9.5367431640625e-07,0.13974857330322266
y_equal_count_stripes__v2010__B2|7991,211019,10.900532722473145,0.562687873840332,2.036221504211426,2.412520408630371,0.0440954394442766,0.0,0.0,0.1467908322811126,0.0,9.5367431640625e-07,9.5367431640625e-07,0.0503959655761718,9.5367431640625e-07,1.849832534790039
y_equal_count_stripes__v2010__B2|7991,211020,10.900532722473145,2.121039390563965,3.5960693359375,1.9538469314575195,0.0536091815161582,0.0,0.0,0.1493122726678848,0.0,9.5367431640625e-07,9.5367431640625e-07,0.0503959655761718,9.5367431640625e-07,-0.1671924591064453
y_equal_count_stripes__v2010__B2|3611,211001,14.219755172729492,1.2627906799316406,0.5653877258300781,1.909870147705078,0.3645561976396645,0.0,0.0,0.0619014836847782,0.0,9.5367431640625e-07,9.5367431640625e-07,0.0007743835449218,9.5367431640625e-07,0.6470794677734373
y_equal_count_stripes__v2010__B2|3611,211002,14.219755172729492,0.4652395248413086,1.363032341003418,1.7569036483764648,0.3820598006644518,0.0,0.0,0.060898121446371,0.0,9.5367431640625e-07,9.5367431640625e-07,0.0007743835449218,9.5367431640625e-07,1.2916641235351562
y_equal_count_stripes__v2010__B2|3611,211003,14.219755172729492,1.0547847747802734,0.7734737396240234,1.8514280319213867,0.396103896103896,0.0,0.0,0.0611502081155777,0.0,9.5367431640625e-07,9.5367431640625e-07,0.0007743835449218,9.5367431640625e-07,0.7966432571411133
y_equal_count_stripes__v2010__B2|3611,211004,14.219755172729492,0.2943353652954101,1.5338144302368164,1.998549461364746,0.5768649954696466,0.0,0.0,0.0609035864472389,0.0,9.5367431640625e-07,9.5367431640625e-07,0.0007743835449218,9.5367431640625e-07,1.704214096069336
y_equal_count_stripes__v2010__B2|3611,211005,14.219755172729492,1.0095901489257812,0.8187828063964844,1.953569412231445,0.4805194805194805,0.0,0.0,0.0622551217675209,0.0,9.5367431640625e-07,9.5367431640625e-07,0.0007743835449218,9.5367431640625e-07,0.9439792633056638
y_equal_count_stripes__v2010__B2|3611,211006,14.219755172729492,0.3734655380249023,1.4548587799072266,1.6816339492797852,0.3982180610087587,0.0,0.0,0.0620433129370212,0.0,9.5367431640625e-07,9.5367431640625e-07,0.0007743835449218,9.5367431640625e-07,1.3081684112548828
y_equal_count_stripes__v2010__B2|3611,211007,14.219755172729492,0.0850286483764648,1.9132108688354488,0.897547721862793,0.5157052250075506,0.0,0.0,0.0611138120293617,0.0,9.5367431640625e-07,9.5367431640625e-07,0.0007743835449218,9.5367431640625e-07,0.8125190734863281
y_equal_count_stripes__v2010__B2|3611,211008,14.219755172729492,0.0463180541992187,1.7821149826049805,1.7866172790527344,0.4861069163394744,0.0,0.0,0.0617509745061397,0.0,9.5367431640625e-07,9.5367431640625e-07,0.0007743835449218,9.5367431640625e-07,1.7402992248535156
y_equal_count_stripes__v2010__B2|3611,211009,14.219755172729492,0.0664129257202148,1.761871337890625,2.009346008300781,0.4664753850800362,0.0,0.0,0.0613147988915443,0.0,9.5367431640625e-07,9.5367431640625e-07,0.0007743835449218,9.5367431640625e-07,1.942933082580566
y_equal_count_stripes__v2010__B2|3611,211010,14.219755172729492,0.338510513305664,1.4899663925170898,1.7030258178710938,0.3853820598006645,0.0,0.0,0.0609397068619728,0.0,9.5367431640625e-07,9.5367431640625e-07,0.0007743835449218,9.5367431640625e-07,1.3645153045654297
y_equal_count_stripes__v2010__B2|3611,211011,14.219755172729492,0.3361053466796875,1.4921236038208008,1.9281988143920896,0.40048323769254,0.0,0.0,0.0605288483202457,0.0,9.5367431640625e-07,9.5367431640625e-07,0.0007743835449218,9.5367431640625e-07,1.5920934677124021
y_equal_count_stripes__v2010__B2|3611,211012,14.219755172729492,0.0853261947631836,1.7428722381591797,1.7461442947387695,0.4845967985502869,0.0,0.0,0.0612847805023193,0.0,9.5367431640625e-07,9.5367431640625e-07,0.0007743835449218,9.5367431640625e-07,1.660818099975586
y_equal_count_stripes__v2010__B2|3611,211013,14.219755172729492,0.4377908706665039,1.3905563354492188,1.7222566604614258,0.3651464814255512,0.0,0.0,0.0615310445427894,0.0,9.5367431640625e-07,9.5367431640625e-07,0.0007743835449218,9.5367431640625e-07,1.2844657897949219
y_equal_count_stripes__v2010__B2|3611,211014,14.219755172729492,0.5710468292236328,1.2572174072265625,0.6027946472167969,0.4655693144065237,0.0,0.0,0.061422299593687,0.0,9.5367431640625e-07,9.5367431640625e-07,0.0007743835449218,9.5367431640625e-07,0.03174781799316406
y_equal_count_stripes__v2010__B2|3611,211015,14.219755172729492,1.1878585815429688,0.6404094696044922,1.4494647979736328,0.3767743884022953,0.0,0.0,0.0621483959257602,0.0,9.5367431640625e-07,9.5367431640625e-07,0.0007743835449218,9.5367431640625e-07,0.26160621643066406
y_equal_count_stripes__v2010__B2|3611,211016,14.219755172729492,0.273289680480957,2.101438522338867,2.195280075073242,0.4930534581697373,0.0,0.0,0.0629605129361152,0.0,9.5367431640625e-07,9.5367431640625e-07,0.0007743835449218,9.5367431640625e-07,1.9219903945922852
y_equal_count_stripes__v2010__B2|3611,211017,14.219755172729492,0.7929916381835938,1.03533935546875,1.273725509643555,0.4694956206584113,0.0,0.0,0.0615392699837684,0.0,9.5367431640625e-07,9.5367431640625e-07,0.0007743835449218,9.5367431640625e-07,0.48073387145996116
y_equal_count_stripes__v2010__B2|3611,211018,14.219755172729492,0.0282459259033203,1.7999267578125,1.8642091751098635,0.5252189670794323,0.0,0.0,0.0605089925229549,0.0,9.5367431640625e-07,9.5367431640625e-07,0.0007743835449218,9.5367431640625e-07,1.8359632492065432
y_equal_count_stripes__v2010__B2|3611,211019,14.219755172729492,0.5833663940429688,1.2450246810913086,1.548172950744629,0.4637571730594986,0.0,0.0,0.061440359801054,0.0,9.5367431640625e-07,9.5367431640625e-07,0.0007743835449218,9.5367431640625e-07,0.9648065567016602
y_equal_count_stripes__v2010__B2|3611,211020,14.219755172729492,0.6160984039306641,1.2121400833129885,1.5708370208740234,0.3184838417396556,0.0,0.0,0.0610874891281127,0.0,9.5367431640625e-07,9.5367431640625e-07,0.0007743835449218,9.5367431640625e-07,0.9547386169433594
y_equal_count_stripes__v2010__B3|2783,211001,16.83629608154297,1.316472053527832,1.1815071105957031,2.5502872467041016,0.2260646330413772,0.0,0.0,0.0590626038610935,0.0,0.0,0.0,0.0003242492675781,0.0,1.2338151931762695
y_equal_count_stripes__v2010__B3|2783,211002,16.83629608154297,0.6240177154541016,1.874222755432129,2.191838264465332,0.2126245847176079,0.0,0.0,0.0583162158727645,0.0,0.0,0.0,0.0003242492675781,0.0,1.5678205490112305
y_equal_count_stripes__v2010__B3|2783,211003,16.83629608154297,0.9137849807739258,1.583939552307129,2.488797187805176,0.1763817577771066,0.0,0.0,0.0593626722693443,0.0,0.0,0.0,0.0003242492675781,0.0,1.57501220703125
y_equal_count_stripes__v2010__B3|2783,211004,16.83629608154297,0.5669879913330078,1.930638313293457,1.410872459411621,0.3414376321353065,0.0,0.0,0.058684442192316,0.0,0.0,0.0,0.0003242492675781,0.0,0.8438844680786133
y_equal_count_stripes__v2010__B3|2783,211005,16.83629608154297,0.7314376831054688,1.7664003372192385,2.6489973068237305,0.2931138628813047,0.0,0.0,0.0603113546967506,0.0,0.0,0.0,0.0003242492675781,0.0,1.9175596237182617
y_equal_count_stripes__v2010__B3|2783,211006,16.83629608154297,1.0249671936035156,1.4728775024414062,2.3868846893310547,0.227423739051646,0.0,0.0,0.0593444369733333,0.0,0.0,0.0,0.0003242492675781,0.0,1.361917495727539
y_equal_count_stripes__v2010__B3|2783,211007,16.83629608154297,0.9284839630126952,1.5694732666015625,2.0697479248046875,0.2893385684083358,0.0,0.0,0.0583955124020576,0.0,0.0,0.0,0.0003242492675781,0.0,1.1412639617919922
y_equal_count_stripes__v2010__B3|2783,211008,16.83629608154297,1.507097244262695,0.9911441802978516,1.9844293594360352,0.0238598610691633,0.0,0.0,0.0588477067649364,0.0,0.0,0.0,0.0003242492675781,0.0,0.47733211517334007
y_equal_count_stripes__v2010__B3|2783,211009,16.83629608154297,1.271280288696289,1.2267913818359375,2.20310115814209,0.2836001208094231,0.0,0.0,0.0590072013437747,0.0,0.0,0.0,0.0003242492675781,0.0,0.9318208694458008
y_equal_count_stripes__v2010__B3|2783,211010,16.83629608154297,0.6706695556640625,1.8270063400268557,2.091785430908203,0.2956810631229236,0.0,0.0,0.059004820883274,0.0,0.0,0.0,0.0003242492675781,0.0,1.4211158752441406
y_equal_count_stripes__v2010__B3|2783,211011,16.83629608154297,0.6185035705566406,1.8788938522338867,2.358792304992676,0.2962851102385986,0.0,0.0,0.0577058941125869,0.0,0.0,0.0,0.0003242492675781,0.0,1.7402887344360352
y_equal_count_stripes__v2010__B3|2783,211012,16.83629608154297,1.3408737182617188,1.1571922302246094,2.26993465423584,0.2197221383267894,0.0,0.0,0.0583317726850509,0.0,0.0,0.0,0.0003242492675781,0.0,0.9290609359741211
y_equal_count_stripes__v2010__B3|2783,211013,16.83629608154297,1.073531150817871,1.4244499206542969,1.4448156356811523,0.2752944729688916,0.0,0.0,0.0589278377592563,0.0,0.0,0.0,0.0003242492675781,0.0,0.37128448486328125
y_equal_count_stripes__v2010__B3|2783,211014,16.83629608154297,0.9497613906860352,1.5477886199951172,1.7698049545288086,0.2736333434007852,0.0,0.0,0.0588453039526939,0.0,0.0,0.0,0.0003242492675781,0.0,0.8200435638427734
y_equal_count_stripes__v2010__B3|2783,211015,16.83629608154297,1.0090045928955078,1.4885807037353516,1.6813039779663086,0.2606463304137723,0.0,0.0,0.0593413598835468,0.0,0.0,0.0,0.0003242492675781,0.0,0.6722993850708008
y_equal_count_stripes__v2010__B3|2783,211016,16.83629608154297,1.012160301208496,1.4857072830200195,2.091747283935547,0.1914829356689822,0.0,0.0,0.0601346269249916,0.0,0.0,0.0,0.0003242492675781,0.0,1.0795869827270508
y_equal_count_stripes__v2010__B3|2783,211017,16.83629608154297,0.7984542846679688,1.6994543075561523,1.923190116882324,0.3218061008758683,0.0,0.0,0.0592528581619262,0.0,0.0,0.0,0.0003242492675781,0.0,1.1247358322143552
y_equal_count_stripes__v2010__B3|2783,211018,16.83629608154297,0.7170772552490234,1.7809600830078125,2.089879035949707,0.3255813953488372,0.0,0.0,0.0572536587715148,0.0,0.0,0.0,0.0003242492675781,0.0,1.3728017807006836
y_equal_count_stripes__v2010__B3|2783,211019,16.83629608154297,1.415999412536621,1.0819826126098633,1.655014991760254,0.2870733917245545,0.0,0.0,0.059646476060152,0.0,0.0,0.0,0.0003242492675781,0.0,0.2390155792236328
y_equal_count_stripes__v2010__B3|2783,211020,16.83629608154297,0.54473876953125,1.9529123306274412,2.2670488357543945,0.2789187556629417,0.0,0.0,0.0581926666200161,0.0,0.0,0.0,0.0003242492675781,0.0,1.7223100662231445
y_equal_count_stripes__v2010__B3|2394,211001,13.844806671142578,0.0785799026489257,0.4120931625366211,0.6506929397583008,0.2307459981878586,0.0,0.0,0.0583425387740135,0.0,9.5367431640625e-07,9.5367431640625e-07,0.0014619827270507,9.5367431640625e-07,0.5721130371093751
y_equal_count_stripes__v2010__B3|2394,211002,13.844806671142578,0.4111566543579101,0.9022188186645508,0.2574272155761719,0.375113258834189,0.0,0.0,0.0578821487724781,0.0,9.5367431640625e-07,9.5367431640625e-07,0.0014619827270507,9.5367431640625e-07,-0.15372943878173823
y_equal_count_stripes__v2010__B3|2394,211003,13.844806671142578,0.3959112167358398,0.8864707946777344,0.2959938049316406,0.2817879794623981,0.0,0.0,0.0573788248002529,0.0,9.5367431640625e-07,9.5367431640625e-07,0.0014619827270507,9.5367431640625e-07,-0.09991741180419916
y_equal_count_stripes__v2010__B3|2394,211004,13.844806671142578,0.7197532653808594,1.2096710205078125,0.8919296264648438,0.4601328903654484,0.0,0.0,0.0578693859279155,0.0,9.5367431640625e-07,9.5367431640625e-07,0.0014619827270507,9.5367431640625e-07,0.17217636108398438
y_equal_count_stripes__v2010__B3|2394,211005,13.844806671142578,0.4796648025512695,0.9701261520385742,0.0431928634643554,0.3897614013893083,0.0,0.0,0.0587041899561882,0.0,9.5367431640625e-07,9.5367431640625e-07,0.0014619827270507,9.5367431640625e-07,-0.43647193908691406
y_equal_count_stripes__v2010__B3|2394,211006,13.844806671142578,0.794189453125,1.2846155166625977,0.6168498992919922,0.3674116581093324,0.0,0.0,0.0588580854237079,0.0,9.5367431640625e-07,9.5367431640625e-07,0.0014619827270507,9.5367431640625e-07,-0.1773395538330078
y_equal_count_stripes__v2010__B3|2394,211007,13.844806671142578,0.6045265197753906,1.0947504043579102,0.2252912521362304,0.3779824826336454,0.0,0.0,0.057901956140995,0.0,9.5367431640625e-07,9.5367431640625e-07,0.0014619827270507,9.5367431640625e-07,-0.3792352676391602
y_equal_count_stripes__v2010__B3|2394,211008,13.844806671142578,0.3819665908813476,0.8723783493041992,0.0222883224487304,0.3672606463304138,0.0,0.0,0.0590203776955604,0.0,9.5367431640625e-07,9.5367431640625e-07,0.0014619827270507,9.5367431640625e-07,-0.3596782684326172
y_equal_count_stripes__v2010__B3|2394,211009,13.844806671142578,0.7501277923583984,1.2406320571899414,0.9345636367797852,0.3865901540320145,0.0,0.0,0.0580943152308464,0.0,9.5367431640625e-07,9.5367431640625e-07,0.0014619827270507,9.5367431640625e-07,0.18443584442138672
y_equal_count_stripes__v2010__B3|2394,211010,13.844806671142578,0.4486217498779297,0.9391794204711914,0.5846719741821289,0.3388704318936877,0.0,0.0,0.058042787015438,0.0,9.5367431640625e-07,9.5367431640625e-07,0.0014619827270507,9.5367431640625e-07,0.13605022430419922
y_equal_count_stripes__v2010__B3|2394,211011,13.844806671142578,0.5839824676513672,1.074711799621582,0.0647096633911132,0.427061310782241,0.0,0.0,0.0572206974029541,0.0,9.5367431640625e-07,9.5367431640625e-07,0.0014619827270507,9.5367431640625e-07,-0.519272804260254
y_equal_count_stripes__v2010__B3|2394,211012,13.844806671142578,0.4763813018798828,0.9670858383178712,0.9347620010375975,0.3444578677136816,0.0,0.0,0.0580942779779434,0.0,9.5367431640625e-07,9.5367431640625e-07,0.0014619827270507,9.5367431640625e-07,0.45838069915771473
y_equal_count_stripes__v2010__B3|2394,211013,13.844806671142578,0.8139228820800781,1.3044147491455078,1.0585880279541016,0.3967079432195711,0.0,0.0,0.0587521120905876,0.0,9.5367431640625e-07,9.5367431640625e-07,0.0014619827270507,9.5367431640625e-07,0.24466514587402344
y_equal_count_stripes__v2010__B3|2394,211014,13.844806671142578,0.2311611175537109,0.7216768264770508,1.0090904235839844,0.2950770160072485,0.0,0.0,0.0579985938966274,0.0,9.5367431640625e-07,9.5367431640625e-07,0.0014619827270507,9.5367431640625e-07,0.7779293060302734
y_equal_count_stripes__v2010__B3|2394,211015,13.844806671142578,0.4627618789672851,0.953598976135254,0.2130517959594726,0.2832980972515856,0.0,0.0,0.058653499931097,0.0,9.5367431640625e-07,9.5367431640625e-07,0.0014619827270507,9.5367431640625e-07,-0.2497100830078125
y_equal_count_stripes__v2010__B3|2394,211016,13.844806671142578,0.1723718643188476,0.6626882553100586,0.6868438720703125,0.2766535789791604,0.0,0.0,0.0593863725662231,0.0,9.5367431640625e-07,9.5367431640625e-07,0.0014619827270507,9.5367431640625e-07,0.5144720077514648
y_equal_count_stripes__v2010__B3|2394,211017,13.844806671142578,0.5958881378173828,1.086503982543945,0.5403013229370117,0.4155844155844156,0.0,0.0,0.0586936473846435,0.0,9.5367431640625e-07,9.5367431640625e-07,0.0014619827270507,9.5367431640625e-07,-0.055586814880371094
y_equal_count_stripes__v2010__B3|2394,211018,13.844806671142578,0.6537561416625977,1.144880294799805,0.1844539642333984,0.4926004228329809,0.0,0.0,0.0572613701224327,0.0,9.5367431640625e-07,9.5367431640625e-07,0.0014619827270507,9.5367431640625e-07,-0.4693021774291992
y_equal_count_stripes__v2010__B3|2394,211019,13.844806671142578,0.4164390563964844,0.9073286056518556,0.1704034805297851,0.3554817275747508,0.0,0.0,0.0585917532444,0.0,9.5367431640625e-07,9.5367431640625e-07,0.0014619827270507,9.5367431640625e-07,-0.24603557586669927
y_equal_count_stripes__v2010__B3|2394,211020,13.844806671142578,0.0690975189208984,0.5599374771118164,0.2602806091308594,0.2983992751434611,0.0,0.0,0.057702649384737,0.0,9.5367431640625e-07,9.5367431640625e-07,0.0014619827270507,9.5367431640625e-07,0.191183090209961
y_equal_count_stripes__v2010__B3|2610,211001,11.191802978515623,2.338407516479492,0.8072147369384766,2.9882631301879883,0.282392026578073,0.0,0.0,0.1068979650735855,0.0,9.5367431640625e-07,9.5367431640625e-07,0.0014495849609375,9.5367431640625e-07,0.6498556137084961
y_equal_count_stripes__v2010__B3|2610,211002,11.191802978515623,1.5039329528808594,1.6414213180541992,1.9159183502197263,0.3767743884022953,0.0,0.0,0.100976213812828,0.0,9.5367431640625e-07,9.5367431640625e-07,0.0014495849609375,9.5367431640625e-07,0.41198539733886697
y_equal_count_stripes__v2010__B3|2610,211003,11.191802978515623,1.8413286209106443,1.3025846481323242,2.995745658874512,0.3927816369676835,0.0,0.0,0.1029252707958221,0.0,9.5367431640625e-07,9.5367431640625e-07,0.0014495849609375,9.5367431640625e-07,1.1544170379638679
y_equal_count_stripes__v2010__B3|2610,211004,11.191802978515623,1.0194711685180664,2.1250762939453125,1.7401485443115234,0.3276955602536998,0.0,0.0,0.0987318232655525,0.0,9.5367431640625e-07,9.5367431640625e-07,0.0014495849609375,9.5367431640625e-07,0.720677375793457
y_equal_count_stripes__v2010__B3|2610,211005,11.191802978515623,1.0799036026000977,2.0647544860839844,2.2315731048583984,0.3237692540018121,0.0,0.0,0.1029791757464408,0.0,9.5367431640625e-07,9.5367431640625e-07,0.0014495849609375,9.5367431640625e-07,1.1516695022583008
y_equal_count_stripes__v2010__B3|2610,211006,11.191802978515623,1.2736339569091797,1.8714351654052732,3.004863739013672,0.4453337360314104,0.0,0.0,0.1031948998570442,0.0,9.5367431640625e-07,9.5367431640625e-07,0.0014495849609375,9.5367431640625e-07,1.7312297821044922
y_equal_count_stripes__v2010__B3|2610,211007,11.191802978515623,1.031362533569336,2.1137046813964844,1.8316850662231443,0.342947749924494,0.0,0.0,0.1060223653912544,0.0,9.5367431640625e-07,9.5367431640625e-07,0.0014495849609375,9.5367431640625e-07,0.8003225326538084
y_equal_count_stripes__v2010__B3|2610,211008,11.191802978515623,1.7534122467041016,1.3920516967773438,2.8723926544189453,0.3177287828450619,0.0,0.0,0.1009726971387863,0.0,9.5367431640625e-07,9.5367431640625e-07,0.0014495849609375,9.5367431640625e-07,1.1189804077148438
y_equal_count_stripes__v2010__B3|2610,211009,11.191802978515623,0.7327423095703125,2.41238021850586,2.4237518310546875,0.4429175475687104,0.0,0.0,0.1024644002318382,0.0,9.5367431640625e-07,9.5367431640625e-07,0.0014495849609375,9.5367431640625e-07,1.691009521484375
y_equal_count_stripes__v2010__B3|2610,211010,11.191802978515623,1.286259651184082,1.85835075378418,2.95253849029541,0.4252491694352159,0.0,0.0,0.101332314312458,0.0,9.5367431640625e-07,9.5367431640625e-07,0.0014495849609375,9.5367431640625e-07,1.6662788391113281
y_equal_count_stripes__v2010__B3|2610,211011,11.191802978515623,0.6577281951904297,2.4870738983154297,2.046269416809082,0.4873150105708245,0.0,0.0,0.0990912169218063,0.0,9.5367431640625e-07,9.5367431640625e-07,0.0014495849609375,9.5367431640625e-07,1.3885412216186523
y_equal_count_stripes__v2010__B3|2610,211012,11.191802978515623,1.1590576171875,1.9859695434570312,3.125961303710937,0.3894593778314708,0.0,0.0,0.1052125319838523,0.0,9.5367431640625e-07,9.5367431640625e-07,0.0014495849609375,9.5367431640625e-07,1.966903686523437
y_equal_count_stripes__v2010__B3|2610,211013,11.191802978515623,1.388533592224121,1.7563886642456057,2.1352930068969727,0.388704318936877,0.0,0.0,0.1059106960892677,0.0,9.5367431640625e-07,9.5367431640625e-07,0.0014495849609375,9.5367431640625e-07,0.7467594146728516
y_equal_count_stripes__v2010__B3|2610,211014,11.191802978515623,0.5246458053588867,2.6193981170654297,2.7238807678222656,0.3988221081244337,0.0,0.0,0.0978409275412559,0.0,9.5367431640625e-07,9.5367431640625e-07,0.0014495849609375,9.5367431640625e-07,2.199234962463379
y_equal_count_stripes__v2010__B3|2610,211015,11.191802978515623,1.2290534973144531,1.915998458862305,2.144465446472168,0.3779824826336454,0.0,0.0,0.1010877341032028,0.0,9.5367431640625e-07,9.5367431640625e-07,0.0014495849609375,9.5367431640625e-07,0.9154119491577148
y_equal_count_stripes__v2010__B3|2610,211016,11.191802978515623,1.0815696716308594,2.0632457733154297,2.344717025756836,0.3308668076109937,0.0,0.0,0.1089619323611259,0.0,9.5367431640625e-07,9.5367431640625e-07,0.0014495849609375,9.5367431640625e-07,1.2631473541259766
y_equal_count_stripes__v2010__B3|2610,211017,11.191802978515623,1.5708322525024414,1.574655532836914,2.557506561279297,0.4163394744790094,0.0,0.0,0.1045650541782379,0.0,9.5367431640625e-07,9.5367431640625e-07,0.0014495849609375,9.5367431640625e-07,0.9866743087768555
y_equal_count_stripes__v2010__B3|2610,211018,11.191802978515623,1.144394874572754,2.0008058547973637,2.4788599014282227,0.4364240410752039,0.0,0.0,0.0955457985401153,0.0,9.5367431640625e-07,9.5367431640625e-07,0.0014495849609375,9.5367431640625e-07,1.3344650268554688
y_equal_count_stripes__v2010__B3|2610,211019,11.191802978515623,1.1785669326782229,1.96613883972168,3.200870513916016,0.4154334038054968,0.0,0.0,0.1036778390407562,0.0,9.5367431640625e-07,9.5367431640625e-07,0.0014495849609375,9.5367431640625e-07,2.022303581237793
y_equal_count_stripes__v2010__B3|2610,211020,11.191802978515623,2.0711889266967773,1.073948860168457,2.1082563400268555,0.2769556025369978,0.0,0.0,0.1034820228815078,0.0,9.5367431640625e-07,9.5367431640625e-07,0.0014495849609375,9.5367431640625e-07,0.037067413330078125
y_equal_count_stripes__v2010__B4|894,211001,8.732513427734375,3.2002201080322266,1.7969627380371094,4.635724067687988,0.1481425551192993,0.0,0.0,0.1051936298608779,0.0,0.0,0.0,0.0069808959960937,0.0,1.4355039596557617
y_equal_count_stripes__v2010__B4|894,211002,8.732513427734375,2.3820247650146484,2.6152477264404297,2.67170524597168,0.3079130172153427,0.0,0.0,0.1061680763959884,0.0,0.0,0.0,0.0069808959960937,0.0,0.2896804809570317
y_equal_count_stripes__v2010__B4|894,211003,8.732513427734375,3.845148086547852,1.151991844177246,4.811814308166504,0.187858652974932,0.0,0.0,0.1056881248950958,0.0,0.0,0.0,0.0069808959960937,0.0,0.9666662216186519
y_equal_count_stripes__v2010__B4|894,211004,8.732513427734375,2.666446685791016,2.330594062805176,5.225350379943848,0.3350951374207188,0.0,0.0,0.1060378104448318,0.0,0.0,0.0,0.0069808959960937,0.0,2.5589036941528316
y_equal_count_stripes__v2010__B4|894,211005,8.732513427734375,1.7816219329833984,3.2153892517089844,5.132101058959961,0.2612503775294473,0.0,0.0,0.107825644314289,0.0,0.0,0.0,0.0069808959960937,0.0,3.3504791259765625
y_equal_count_stripes__v2010__B4|894,211006,8.732513427734375,1.4839439392089844,3.513063430786133,4.00758171081543,0.3394744790093627,0.0,0.0,0.1075923666357994,0.0,0.0,0.0,0.0069808959960937,0.0,2.5236377716064453
y_equal_count_stripes__v2010__B4|894,211007,8.732513427734375,2.7654504776000977,2.2316112518310547,3.347733497619629,0.2848082150407732,0.0,0.0,0.1058927178382873,0.0,0.0,0.0,0.0069808959960937,0.0,0.5822830200195312
y_equal_count_stripes__v2010__B4|894,211008,8.732513427734375,2.499835968017578,2.4973220825195312,3.562962532043457,0.2650256720024162,0.0,0.0,0.1073516234755516,0.0,0.0,0.0,0.0069808959960937,0.0,1.063126564025879
y_equal_count_stripes__v2010__B4|894,211009,8.732513427734375,1.3424997329711914,3.654522895812988,4.979732513427734,0.4211718514044095,0.0,0.0,0.1073866263031959,0.0,0.0,0.0,0.0069808959960937,0.0,3.637232780456543
y_equal_count_stripes__v2010__B4|894,211010,8.732513427734375,2.0339183807373047,2.963359832763672,4.886556625366211,0.339927514346119,0.0,0.0,0.1071737706661224,0.0,0.0,0.0,0.0069808959960937,0.0,2.8526382446289062
y_equal_count_stripes__v2010__B4|894,211011,8.732513427734375,1.3171615600585938,3.680130004882813,4.180757522583008,0.4309876170341287,0.0,0.0,0.1043374761939048,0.0,0.0,0.0,0.0069808959960937,0.0,2.863595962524414
y_equal_count_stripes__v2010__B4|894,211012,8.732513427734375,1.381728172302246,3.6152400970458975,4.816466331481934,0.3468740561763818,0.0,0.0,0.1062895953655242,0.0,0.0,0.0,0.0069808959960937,0.0,3.4347381591796875
y_equal_count_stripes__v2010__B4|894,211013,8.732513427734375,3.4363269805908203,1.56072998046875,5.313855171203613,0.2114164904862578,0.0,0.0,0.1059422269463539,0.0,0.0,0.0,0.0069808959960937,0.0,1.877528190612793
y_equal_count_stripes__v2010__B4|894,211014,8.732513427734375,2.7616167068481445,2.235445976257324,4.09050178527832,0.1984294774992449,0.0,0.0,0.1062293723225593,0.0,0.0,0.0,0.0069808959960937,0.0,1.3288850784301758
y_equal_count_stripes__v2010__B4|894,211015,8.732513427734375,2.51031494140625,2.4870615005493164,2.7304000854492188,0.2318030806402899,0.0,0.0,0.1068166196346283,0.0,0.0,0.0,0.0069808959960937,0.0,0.22008514404296875
y_equal_count_stripes__v2010__B4|894,211016,8.732513427734375,2.2667150497436523,2.7302942276000977,4.446769714355469,0.2290848686197523,0.0,0.0,0.1089631095528602,0.0,0.0,0.0,0.0069808959960937,0.0,2.1800546646118164
y_equal_count_stripes__v2010__B4|894,211017,8.732513427734375,2.8120574951171875,2.185033798217773,4.214194297790527,0.1445182724252491,0.0,0.0,0.1065636500716209,0.0,0.0,0.0,0.0069808959960937,0.0,1.4021368026733398
y_equal_count_stripes__v2010__B4|894,211018,8.732513427734375,2.31509017944336,2.6818923950195312,3.949014663696289,0.413470250679553,0.0,0.0,0.1040923446416854,0.0,0.0,0.0,0.0069808959960937,0.0,1.6339244842529292
y_equal_count_stripes__v2010__B4|894,211019,8.732513427734375,1.9666643142700195,3.0305376052856445,4.630473136901856,0.3002114164904862,0.0,0.0,0.1075218692421913,0.0,0.0,0.0,0.0069808959960937,0.0,2.663808822631837
y_equal_count_stripes__v2010__B4|894,211020,8.732513427734375,1.330160140991211,3.667128562927246,4.540986061096191,0.3157656297191181,0.0,0.0,0.1047837361693382,0.0,0.0,0.0,0.0069808959960937,0.0,3.2108259201049805
y_equal_count_stripes__v2010__B4|1783,211001,12.455289840698242,0.2330379486083984,1.0326404571533203,1.8701190948486328,0.2173059498640894,0.0,0.0,0.0574649199843406,0.0,9.5367431640625e-07,9.5367431640625e-07,0.0048561096191406,9.5367431640625e-07,1.6370811462402344
y_equal_count_stripes__v2010__B4|1783,211002,12.455289840698242,0.9258871078491212,2.195056915283203,0.2331571578979492,0.2345212926608275,0.0,0.0,0.0572404749691486,0.0,9.5367431640625e-07,9.5367431640625e-07,0.0048561096191406,9.5367431640625e-07,-0.692729949951172
y_equal_count_stripes__v2010__B4|1783,211003,12.455289840698242,0.3710441589355469,1.639017105102539,1.052450180053711,0.2742373905164603,0.0,0.0,0.0568494983017444,0.0,9.5367431640625e-07,9.5367431640625e-07,0.0048561096191406,9.5367431640625e-07,0.6814060211181641
y_equal_count_stripes__v2010__B4|1783,211004,12.455289840698242,0.6138248443603516,1.8799095153808596,0.6164617538452148,0.2456961643008154,0.0,0.0,0.057458259165287,0.0,9.5367431640625e-07,9.5367431640625e-07,0.0048561096191406,9.5367431640625e-07,0.0026369094848632812
y_equal_count_stripes__v2010__B4|1783,211005,12.455289840698242,0.1834440231323242,1.4497556686401367,1.5354042053222656,0.1325883418906674,0.0,0.0,0.0578598640859127,0.0,9.5367431640625e-07,9.5367431640625e-07,0.0048561096191406,9.5367431640625e-07,1.3519601821899414
y_equal_count_stripes__v2010__B4|1783,211006,12.455289840698242,0.6075019836425781,1.8770618438720703,1.3552818298339844,0.2996073693748112,0.0,0.0,0.0577456019818782,0.0,9.5367431640625e-07,9.5367431640625e-07,0.0048561096191406,9.5367431640625e-07,0.7477798461914062
y_equal_count_stripes__v2010__B4|1783,211007,12.455289840698242,0.2068920135498047,1.0583734512329102,1.362910270690918,0.1893687707641196,0.0,0.0,0.0574083514511585,0.0,9.5367431640625e-07,9.5367431640625e-07,0.0048561096191406,9.5367431640625e-07,1.1560182571411133
y_equal_count_stripes__v2010__B4|1783,211008,12.455289840698242,0.3562507629394531,1.6229581832885742,0.3643121719360351,0.2408637873754152,0.0,0.0,0.0575259141623973,0.0,9.5367431640625e-07,9.5367431640625e-07,0.0048561096191406,9.5367431640625e-07,0.008061408996581976
y_equal_count_stripes__v2010__B4|1783,211009,12.455289840698242,0.6347284317016602,1.9056425094604488,1.3127574920654297,0.2875264270613107,0.0,0.0,0.0569494925439357,0.0,9.5367431640625e-07,9.5367431640625e-07,0.0048561096191406,9.5367431640625e-07,0.6780290603637695
y_equal_count_stripes__v2010__B4|1783,211010,12.455289840698242,0.138763427734375,1.1331510543823242,0.9688920974731444,0.2376925400181214,0.0,0.0,0.0568513832986354,0.0,9.5367431640625e-07,9.5367431640625e-07,0.0048561096191406,9.5367431640625e-07,0.8301286697387694
y_equal_count_stripes__v2010__B4|1783,211011,12.455289840698242,1.2934865951538086,2.56400203704834,1.3310918807983398,0.3202959830866808,0.0,0.0,0.0568890944123268,0.0,9.5367431640625e-07,9.5367431640625e-07,0.0048561096191406,9.5367431640625e-07,0.03760528564453125
y_equal_count_stripes__v2010__B4|1783,211012,12.455289840698242,0.7467498779296875,2.01296615600586,1.468547821044922,0.1707943219571126,0.0,0.0,0.0582680329680442,0.0,9.5367431640625e-07,9.5367431640625e-07,0.0048561096191406,9.5367431640625e-07,0.7217979431152346
y_equal_count_stripes__v2010__B4|1783,211013,12.455289840698242,0.1304893493652343,1.1352624893188477,0.7822237014770508,0.1313802476593174,0.0,0.0,0.0573707222938537,0.0,9.5367431640625e-07,9.5367431640625e-07,0.0048561096191406,9.5367431640625e-07,0.6517343521118165
y_equal_count_stripes__v2010__B4|1783,211014,12.455289840698242,0.5389814376831055,1.806537628173828,0.686640739440918,0.1630927212322561,0.0,0.0,0.057340420782566,0.0,9.5367431640625e-07,9.5367431640625e-07,0.0048561096191406,9.5367431640625e-07,0.1476593017578125
y_equal_count_stripes__v2010__B4|1783,211015,12.455289840698242,0.4838228225708008,1.754547119140625,0.047607421875,0.2272727272727272,0.0,0.0,0.0573779232800006,0.0,9.5367431640625e-07,9.5367431640625e-07,0.0048561096191406,9.5367431640625e-07,-0.4362154006958008
y_equal_count_stripes__v2010__B4|1783,211016,12.455289840698242,0.3284721374511719,0.935368537902832,0.0273199081420898,0.1727574750830565,0.0,0.0,0.0587636083364486,0.0,9.5367431640625e-07,9.5367431640625e-07,0.0048561096191406,9.5367431640625e-07,-0.3011522293090821
y_equal_count_stripes__v2010__B4|1783,211017,12.455289840698242,0.1984500885009765,1.4649457931518557,0.8593082427978516,0.0430383569918453,0.0,0.0,0.0574052818119525,0.0,9.5367431640625e-07,9.5367431640625e-07,0.0048561096191406,9.5367431640625e-07,0.660858154296875
y_equal_count_stripes__v2010__B4|1783,211018,12.455289840698242,0.6662187576293945,1.9329519271850584,1.05810546875,0.2597402597402597,0.0,0.0,0.0572885051369667,0.0,9.5367431640625e-07,9.5367431640625e-07,0.0048561096191406,9.5367431640625e-07,0.39188671112060547
y_equal_count_stripes__v2010__B4|1783,211019,12.455289840698242,0.5675830841064453,1.839354515075684,1.2424278259277344,0.2025067955300513,0.0,0.0,0.0570940114557743,0.0,9.5367431640625e-07,9.5367431640625e-07,0.0048561096191406,9.5367431640625e-07,0.6748447418212891
y_equal_count_stripes__v2010__B4|1783,211020,12.455289840698242,0.1629610061645507,1.1065893173217771,0.571537971496582,0.2290848686197523,0.0,0.0,0.056850578635931,0.0,9.5367431640625e-07,9.5367431640625e-07,0.0048561096191406,9.5367431640625e-07,0.40857696533203136
y_equal_count_stripes__v2010__B4|1630,211001,9.329859733581545,3.447274208068848,0.944920539855957,3.539182662963867,0.0721836303231652,0.0,0.0,0.3042152822017669,0.0,9.5367431640625e-07,9.5367431640625e-07,0.0128850936889648,9.5367431640625e-07,0.09190845489501909
y_equal_count_stripes__v2010__B4|1630,211002,9.329859733581545,2.9803924560546875,1.416940689086914,2.759852409362793,0.2469042585321655,0.0,0.0,0.3492888808250427,0.0,9.5367431640625e-07,9.5367431640625e-07,0.0128850936889648,9.5367431640625e-07,-0.22054004669189453
y_equal_count_stripes__v2010__B4|1630,211003,9.329859733581545,3.165000915527344,1.2286376953125,4.257915496826172,0.2964361220175173,0.0,0.0,0.3615531623363495,0.0,9.5367431640625e-07,9.5367431640625e-07,0.0128850936889648,9.5367431640625e-07,1.0929145812988277
y_equal_count_stripes__v2010__B4|1630,211004,9.329859733581545,2.6880550384521484,1.704533576965332,4.146554946899414,0.2197221383267894,0.0,0.0,0.2904731929302215,0.0,9.5367431640625e-07,9.5367431640625e-07,0.0128850936889648,9.5367431640625e-07,1.4584999084472656
y_equal_count_stripes__v2010__B4|1630,211005,9.329859733581545,2.151076316833496,2.241129875183105,4.318890571594238,0.1339474479009362,0.0,0.0,0.3301038146018982,0.0,9.5367431640625e-07,9.5367431640625e-07,0.0128850936889648,9.5367431640625e-07,2.167814254760742
y_equal_count_stripes__v2010__B4|1630,211006,9.329859733581545,2.8889083862304688,1.5037050247192385,2.61771297454834,0.2317363236446003,0.0,0.0,0.3443694710731506,0.0,9.5367431640625e-07,9.5367431640625e-07,0.0128850936889648,9.5367431640625e-07,-0.2711954116821289
y_equal_count_stripes__v2010__B4|1630,211007,9.329859733581545,3.6661415100097656,0.7262601852416992,3.94816780090332,0.1546360616128058,0.0,0.0,0.321121871471405,0.0,9.5367431640625e-07,9.5367431640625e-07,0.0128850936889648,9.5367431640625e-07,0.28202629089355424
y_equal_count_stripes__v2010__B4|1630,211008,9.329859733581545,2.006119728088379,2.3883066177368164,3.1999311447143555,0.2678948958018725,0.0,0.0,0.3591348826885223,0.0,9.5367431640625e-07,9.5367431640625e-07,0.0128850936889648,9.5367431640625e-07,1.1938114166259766
y_equal_count_stripes__v2010__B4|1630,211009,9.329859733581545,3.5163354873657227,0.8802118301391602,4.380792617797852,0.2887345212926608,0.0,0.0,0.3413440287113189,0.0,9.5367431640625e-07,9.5367431640625e-07,0.0128850936889648,9.5367431640625e-07,0.8644571304321289
y_equal_count_stripes__v2010__B4|1630,211010,9.329859733581545,3.2420005798339844,1.1552581787109375,4.374790191650391,0.2808819087888855,0.0,0.0,0.3613758385181427,0.0,9.5367431640625e-07,9.5367431640625e-07,0.0128850936889648,9.5367431640625e-07,1.1327896118164062
y_equal_count_stripes__v2010__B4|1630,211011,9.329859733581545,1.9181642532348635,2.477602005004883,4.229657173156738,0.3775294472968892,0.0,0.0,0.3322445750236511,0.0,9.5367431640625e-07,9.5367431640625e-07,0.0128850936889648,9.5367431640625e-07,2.311492919921875
y_equal_count_stripes__v2010__B4|1630,211012,9.329859733581545,3.241025924682617,1.1473121643066406,4.261373519897461,0.2414678344910903,0.0,0.0,0.2444756180047989,0.0,9.5367431640625e-07,9.5367431640625e-07,0.0128850936889648,9.5367431640625e-07,1.0203475952148438
y_equal_count_stripes__v2010__B4|1630,211013,9.329859733581545,2.213009834289551,2.179144859313965,4.453484535217285,0.2748414376321353,0.0,0.0,0.3083863258361816,0.0,9.5367431640625e-07,9.5367431640625e-07,0.0128850936889648,9.5367431640625e-07,2.2404747009277344
y_equal_count_stripes__v2010__B4|1630,211014,9.329859733581545,1.5843381881713867,2.8117895126342773,4.028100967407227,0.1905768649954696,0.0,0.0,0.3789288699626922,0.0,9.5367431640625e-07,9.5367431640625e-07,0.0128850936889648,9.5367431640625e-07,2.44376277923584
y_equal_count_stripes__v2010__B4|1630,211015,9.329859733581545,1.8546457290649412,2.54470443725586,2.414308547973633,0.1306251887647236,0.0,0.0,0.3662633895874023,0.0,9.5367431640625e-07,9.5367431640625e-07,0.0128850936889648,9.5367431640625e-07,0.5596628189086916
y_equal_count_stripes__v2010__B4|1630,211016,9.329859733581545,3.0980472564697266,1.2955236434936523,3.693324089050293,0.180459075807913,0.0,0.0,0.3274880647659302,0.0,9.5367431640625e-07,9.5367431640625e-07,0.0128850936889648,9.5367431640625e-07,0.5952768325805664
y_equal_count_stripes__v2010__B4|1630,211017,9.329859733581545,2.805819511413574,1.588883399963379,4.377545356750488,0.0372999093929326,0.0,0.0,0.3357404470443725,0.0,9.5367431640625e-07,9.5367431640625e-07,0.0128850936889648,9.5367431640625e-07,1.571725845336914
y_equal_count_stripes__v2010__B4|1630,211018,9.329859733581545,1.982449531555176,2.4136829376220703,4.138206481933594,0.3367562669888251,0.0,0.0,0.3310317695140838,0.0,9.5367431640625e-07,9.5367431640625e-07,0.0128850936889648,9.5367431640625e-07,2.155756950378418
y_equal_count_stripes__v2010__B4|1630,211019,9.329859733581545,2.288410186767578,2.1065616607666016,3.641350746154785,0.314557535487768,0.0,0.0,0.3469772636890411,0.0,9.5367431640625e-07,9.5367431640625e-07,0.0128850936889648,9.5367431640625e-07,1.352940559387207
y_equal_count_stripes__v2010__B4|1630,211020,9.329859733581545,1.7040185928344729,2.692349433898926,3.4914979934692383,0.340531561461794,0.0,0.0,0.3572795689105987,0.0,9.5367431640625e-07,9.5367431640625e-07,0.0128850936889648,9.5367431640625e-07,1.7874794006347654
y_equal_count_stripes__v2020__B1|6305,211001,16.46904754638672,2.701444625854492,0.5166511535644531,2.9515981674194336,0.2331621866505587,0.0,0.0,0.0579764209687709,0.0,1.9073486328125e-06,1.9073486328125e-06,0.0002689361572265,1.9073486328125e-06,0.2501535415649414
y_equal_count_stripes__v2020__B1|6305,211002,16.46904754638672,0.5242280960083008,2.693815231323242,1.070415496826172,0.3465720326185442,0.0,0.0,0.0586287193000316,0.0,1.9073486328125e-06,1.9073486328125e-06,0.0002689361572265,1.9073486328125e-06,0.5461874008178713
y_equal_count_stripes__v2020__B1|6305,211003,16.46904754638672,1.0155296325683594,2.2024459838867188,2.871510505676269,0.2271217154938085,0.0,0.0,0.0582236163318157,0.0,1.9073486328125e-06,1.9073486328125e-06,0.0002689361572265,1.9073486328125e-06,1.8559808731079097
y_equal_count_stripes__v2020__B1|6305,211004,16.46904754638672,1.054396629333496,2.163789749145508,3.0957250595092773,0.3814557535487768,0.0,0.0,0.0577299408614635,0.0,1.9073486328125e-06,1.9073486328125e-06,0.0002689361572265,1.9073486328125e-06,2.0413284301757812
y_equal_count_stripes__v2020__B1|6305,211005,16.46904754638672,1.7949581146240234,1.4230098724365234,2.779801368713379,0.2768045907580791,0.0,0.0,0.0596359968185424,0.0,1.9073486328125e-06,1.9073486328125e-06,0.0002689361572265,1.9073486328125e-06,0.9848432540893555
y_equal_count_stripes__v2020__B1|6305,211006,16.46904754638672,1.139362335205078,2.078407287597656,4.441446304321289,0.2009966777408638,0.0,0.0,0.0595312006771564,0.0,1.9073486328125e-06,1.9073486328125e-06,0.0002689361572265,1.9073486328125e-06,3.302083969116211
y_equal_count_stripes__v2020__B1|6305,211007,16.46904754638672,1.5062713623046875,1.7116613388061523,1.635420799255371,0.2807308970099668,0.0,0.0,0.0581269226968288,0.0,1.9073486328125e-06,1.9073486328125e-06,0.0002689361572265,1.9073486328125e-06,0.1291494369506836
y_equal_count_stripes__v2020__B1|6305,211008,16.46904754638672,1.1073017120361328,2.1105833053588867,1.898725509643555,0.2364844457867713,0.0,0.0,0.0595331899821758,0.0,1.9073486328125e-06,1.9073486328125e-06,0.0002689361572265,1.9073486328125e-06,0.7914237976074221
y_equal_count_stripes__v2020__B1|6305,211009,16.46904754638672,1.5217924118041992,1.696202278137207,3.159248352050781,0.2757475083056478,0.0,0.0,0.0590998344123363,0.0,1.9073486328125e-06,1.9073486328125e-06,0.0002689361572265,1.9073486328125e-06,1.6374559402465816
y_equal_count_stripes__v2020__B1|6305,211010,16.46904754638672,0.7251596450805664,2.492709159851074,2.8424434661865234,0.2962851102385986,0.0,0.0,0.0587222874164581,0.0,1.9073486328125e-06,1.9073486328125e-06,0.0002689361572265,1.9073486328125e-06,2.117283821105957
y_equal_count_stripes__v2020__B1|6305,211011,16.46904754638672,0.994670867919922,2.2231388092041016,3.160916328430176,0.2796738145575355,0.0,0.0,0.0575067698955535,0.0,1.9073486328125e-06,1.9073486328125e-06,0.0002689361572265,1.9073486328125e-06,2.166245460510254
y_equal_count_stripes__v2020__B1|6305,211012,16.46904754638672,0.156707763671875,3.3746824264526367,3.476889610290528,0.2467532467532467,0.0,0.0,0.0583203174173831,0.0,1.9073486328125e-06,1.9073486328125e-06,0.0002689361572265,1.9073486328125e-06,3.320181846618653
y_equal_count_stripes__v2020__B1|6305,211013,16.46904754638672,2.014235496520996,1.203594207763672,2.676161766052246,0.0893989731199033,0.0,0.0,0.0596304424107074,0.0,1.9073486328125e-06,1.9073486328125e-06,0.0002689361572265,1.9073486328125e-06,0.66192626953125
y_equal_count_stripes__v2020__B1|6305,211014,16.46904754638672,1.3445234298706057,1.873695373535156,2.7800750732421875,0.2227423739051646,0.0,0.0,0.0576929599046707,0.0,1.9073486328125e-06,1.9073486328125e-06,0.0002689361572265,1.9073486328125e-06,1.4355516433715818
y_equal_count_stripes__v2020__B1|6305,211015,16.46904754638672,1.174285888671875,2.043765068054199,1.4899959564208984,0.3181818181818182,0.0,0.0,0.0589743070304393,0.0,1.9073486328125e-06,1.9073486328125e-06,0.0002689361572265,1.9073486328125e-06,0.31571006774902344
y_equal_count_stripes__v2020__B1|6305,211016,16.46904754638672,0.8736982345581055,2.3445215225219727,2.333049774169922,0.3409845967985503,0.0,0.0,0.059493064880371,0.0,1.9073486328125e-06,1.9073486328125e-06,0.0002689361572265,1.9073486328125e-06,1.4593515396118164
y_equal_count_stripes__v2020__B1|6305,211017,16.46904754638672,1.2210025787353516,1.9971723556518557,2.6270055770874023,0.3604651162790697,0.0,0.0,0.0586161911487579,0.0,1.9073486328125e-06,1.9073486328125e-06,0.0002689361572265,1.9073486328125e-06,1.4060029983520508
y_equal_count_stripes__v2020__B1|6305,211018,16.46904754638672,0.4420680999755859,2.775834083557129,3.1788721084594727,0.4566596194503172,0.0,0.0,0.0572923012077808,0.0,1.9073486328125e-06,1.9073486328125e-06,0.0002689361572265,1.9073486328125e-06,2.7368040084838867
y_equal_count_stripes__v2020__B1|6305,211019,16.46904754638672,1.949481010437012,1.2685317993164062,2.9259939193725586,0.2552099063726971,0.0,0.0,0.0585363954305648,0.0,1.9073486328125e-06,1.9073486328125e-06,0.0002689361572265,1.9073486328125e-06,0.9765129089355467
y_equal_count_stripes__v2020__B1|6305,211020,16.46904754638672,1.7485294342041016,1.4694671630859375,1.6119441986083984,0.2382965871337964,0.0,0.0,0.0579051189124584,0.0,1.9073486328125e-06,1.9073486328125e-06,0.0002689361572265,1.9073486328125e-06,-0.13658523559570312
y_equal_count_stripes__v2020__B1|7606,211001,18.12129783630371,4.206415176391602,0.6702709197998047,4.902924537658691,0.3811537299909393,0.0,0.0,0.0504394024610519,0.0,1.9073486328125e-06,1.9073486328125e-06,0.0002593994140625,1.9073486328125e-06,0.6965093612670898
y_equal_count_stripes__v2020__B1|7606,211002,18.12129783630371,2.856724739074707,2.019804000854492,2.086830139160156,0.443068559347629,0.0,0.0,0.0511270873248577,0.0,1.9073486328125e-06,1.9073486328125e-06,0.0002593994140625,1.9073486328125e-06,-0.7698945999145512
y_equal_count_stripes__v2020__B1|7606,211003,18.12129783630371,3.9080810546875,0.968149185180664,4.548398971557617,0.3020235578375113,0.0,0.0,0.0510633550584316,0.0,1.9073486328125e-06,1.9073486328125e-06,0.0002593994140625,1.9073486328125e-06,0.6403179168701172
y_equal_count_stripes__v2020__B1|7606,211004,18.12129783630371,0.5106277465820312,4.366090774536133,5.011735916137695,0.547568710359408,0.0,0.0,0.0509199537336826,0.0,1.9073486328125e-06,1.9073486328125e-06,0.0002593994140625,1.9073486328125e-06,4.501108169555664
y_equal_count_stripes__v2020__B1|7606,211005,18.12129783630371,2.219306945800781,2.657358169555664,5.138759613037109,0.3693748112352763,0.0,0.0,0.051964234560728,0.0,1.9073486328125e-06,1.9073486328125e-06,0.0002593994140625,1.9073486328125e-06,2.9194526672363286
y_equal_count_stripes__v2020__B1|7606,211006,18.12129783630371,2.983902931213379,1.8920879364013672,4.415595054626465,0.3701298701298701,0.0,0.0,0.0527117997407913,0.0,1.9073486328125e-06,1.9073486328125e-06,0.0002593994140625,1.9073486328125e-06,1.431692123413086
y_equal_count_stripes__v2020__B1|7606,211007,18.12129783630371,2.875659942626953,2.0004959106445312,3.2722206115722656,0.4222289338568408,0.0,0.0,0.0510584414005279,0.0,1.9073486328125e-06,1.9073486328125e-06,0.0002593994140625,1.9073486328125e-06,0.3965606689453125
y_equal_count_stripes__v2020__B1|7606,211008,18.12129783630371,3.024139404296875,1.8519630432128904,3.488443374633789,0.3793415886439142,0.0,0.0,0.0525264330208301,0.0,1.9073486328125e-06,1.9073486328125e-06,0.0002593994140625,1.9073486328125e-06,0.46430397033691406
y_equal_count_stripes__v2020__B1|7606,211009,18.12129783630371,3.4257354736328125,1.4505901336669922,4.789126396179199,0.4441256418000603,0.0,0.0,0.0515136830508708,0.0,1.9073486328125e-06,1.9073486328125e-06,0.0002593994140625,1.9073486328125e-06,1.3633909225463867
y_equal_count_stripes__v2020__B1|7606,211010,18.12129783630371,2.992298126220703,1.88397216796875,4.553318977355957,0.3921775898520084,0.0,0.0,0.0514576807618141,0.0,1.9073486328125e-06,1.9073486328125e-06,0.0002593994140625,1.9073486328125e-06,1.561020851135254
y_equal_count_stripes__v2020__B1|7606,211011,18.12129783630371,1.357583999633789,3.518867492675781,4.816524505615234,0.3302627604953186,0.0,0.0,0.0502877496182918,0.0,1.9073486328125e-06,1.9073486328125e-06,0.0002593994140625,1.9073486328125e-06,3.4589405059814453
y_equal_count_stripes__v2020__B1|7606,211012,18.12129783630371,0.5280647277832031,4.348444938659668,4.441120147705078,0.5016611295681063,0.0,0.0,0.0514040440320968,0.0,1.9073486328125e-06,1.9073486328125e-06,0.0002593994140625,1.9073486328125e-06,3.913055419921875
y_equal_count_stripes__v2020__B1|7606,211013,18.12129783630371,4.123635292053223,0.7526607513427734,4.585625648498535,0.293566898218061,0.0,0.0,0.0512496568262577,0.0,1.9073486328125e-06,1.9073486328125e-06,0.0002593994140625,1.9073486328125e-06,0.4619903564453125
y_equal_count_stripes__v2020__B1|7606,211014,18.12129783630371,2.098989486694336,2.7778024673461914,3.847646713256836,0.4261552401087284,0.0,0.0,0.0503891184926033,0.0,1.9073486328125e-06,1.9073486328125e-06,0.0002593994140625,1.9073486328125e-06,1.7486572265625
y_equal_count_stripes__v2020__B1|7606,211015,18.12129783630371,2.091747283935547,2.7850399017333984,1.9512042999267576,0.3379643612201752,0.0,0.0,0.0510849468410015,0.0,1.9073486328125e-06,1.9073486328125e-06,0.0002593994140625,1.9073486328125e-06,-0.14054298400878928
y_equal_count_stripes__v2020__B1|7606,211016,18.12129783630371,2.464611053466797,2.411995887756348,4.0887451171875,0.4983388704318937,0.0,0.0,0.0520219802856445,0.0,1.9073486328125e-06,1.9073486328125e-06,0.0002593994140625,1.9073486328125e-06,1.6241340637207031
y_equal_count_stripes__v2020__B1|7606,211017,18.12129783630371,1.743642807006836,3.133138656616211,4.344768524169922,0.4341588643914225,0.0,0.0,0.0509503632783889,0.0,1.9073486328125e-06,1.9073486328125e-06,0.0002593994140625,1.9073486328125e-06,2.601125717163086
y_equal_count_stripes__v2020__B1|7606,211018,18.12129783630371,0.8229866027832031,4.053295135498047,4.830413818359375,0.459830866807611,0.0,0.0,0.0494017899036407,0.0,1.9073486328125e-06,1.9073486328125e-06,0.0002593994140625,1.9073486328125e-06,4.007427215576172
y_equal_count_stripes__v2020__B1|7606,211019,18.12129783630371,2.114410400390625,2.7619876861572266,4.711775779724121,0.4379341588643913,0.0,0.0,0.0516394339501857,0.0,1.9073486328125e-06,1.9073486328125e-06,0.0002593994140625,1.9073486328125e-06,2.597365379333496
y_equal_count_stripes__v2020__B1|7606,211020,18.12129783630371,3.3677005767822266,1.508981704711914,2.6240358352661133,0.40169133192389,0.0,0.0,0.0499612353742122,0.0,1.9073486328125e-06,1.9073486328125e-06,0.0002593994140625,1.9073486328125e-06,-0.7436647415161133
y_equal_count_stripes__v2020__B1|4412,211001,15.73746109008789,2.1091833114624023,0.3827905654907226,2.637579917907715,0.147085472666868,0.0,0.0,0.0529233589768409,0.0,0.0,0.0,0.0003032684326171,0.0,0.5283966064453125
y_equal_count_stripes__v2020__B1|4412,211002,15.73746109008789,0.308013916015625,2.183683395385742,1.1529321670532229,0.2324071277559649,0.0,0.0,0.0544582232832908,0.0,0.0,0.0,0.0003032684326171,0.0,0.8449182510375979
y_equal_count_stripes__v2020__B1|4412,211003,15.73746109008789,1.1877155303955078,1.3040876388549805,2.337484359741211,0.040773180308064,0.0,0.0,0.0536873675882816,0.0,0.0,0.0,0.0003032684326171,0.0,1.1497688293457031
y_equal_count_stripes__v2020__B1|4412,211004,15.73746109008789,0.7080411911010742,1.783893585205078,2.478566169738769,0.0875868317728782,0.0,0.0,0.0535007864236831,0.0,0.0,0.0,0.0003032684326171,0.0,1.7705249786376949
y_equal_count_stripes__v2020__B1|4412,211005,15.73746109008789,2.0509939193725586,0.4408378601074219,2.716244697570801,-0.0225007550588945,0.0,0.0,0.0547687783837318,0.0,0.0,0.0,0.0003032684326171,0.0,0.6652507781982422
y_equal_count_stripes__v2020__B1|4412,211006,15.73746109008789,0.4129676818847656,2.0786266326904297,2.465390205383301,0.0533071579583207,0.0,0.0,0.0553873516619205,0.0,0.0,0.0,0.0003032684326171,0.0,2.052422523498535
y_equal_count_stripes__v2020__B1|4412,211007,15.73746109008789,0.9104042053222656,1.5813589096069336,0.9868707656860352,0.1336454243430987,0.0,0.0,0.0535144656896591,0.0,0.0,0.0,0.0003032684326171,0.0,0.07646656036376953
y_equal_count_stripes__v2020__B1|4412,211008,15.73746109008789,0.4291915893554687,2.062570571899414,1.332563400268555,0.1177891875566294,0.0,0.0,0.0551519505679607,0.0,0.0,0.0,0.0003032684326171,0.0,0.9033718109130862
y_equal_count_stripes__v2020__B1|4412,211009,15.73746109008789,1.3963232040405271,1.09539794921875,2.414728164672852,0.0952884324977348,0.0,0.0,0.0548417717218399,0.0,0.0,0.0,0.0003032684326171,0.0,1.0184049606323249
y_equal_count_stripes__v2020__B1|4412,211010,15.73746109008789,0.4794378280639648,2.01204776763916,2.477079391479492,0.0058894593778314,0.0,0.0,0.0538848787546157,0.0,0.0,0.0,0.0003032684326171,0.0,1.9976415634155273
y_equal_count_stripes__v2020__B1|4412,211011,15.73746109008789,1.1833257675170898,1.308349609375,2.502938270568848,0.0773180308064029,0.0,0.0,0.052967295050621,0.0,0.0,0.0,0.0003032684326171,0.0,1.3196125030517583
y_equal_count_stripes__v2020__B1|4412,211012,15.73746109008789,1.1560258865356443,1.335831642150879,2.70797061920166,0.1078224101479915,0.0,0.0,0.0538828000426292,0.0,0.0,0.0,0.0003032684326171,0.0,1.5519447326660158
y_equal_count_stripes__v2020__B1|4412,211013,15.73746109008789,0.8702678680419922,1.621358871459961,2.1742401123046875,0.0545152521896707,0.0,0.0,0.0544587597250938,0.0,0.0,0.0,0.0003032684326171,0.0,1.3039722442626953
y_equal_count_stripes__v2020__B1|4412,211014,15.73746109008789,1.6856794357299805,0.806147575378418,2.095701217651367,0.1117487163998791,0.0,0.0,0.0529153831303119,0.0,0.0,0.0,0.0003032684326171,0.0,0.4100217819213867
y_equal_count_stripes__v2020__B1|4412,211015,15.73746109008789,1.6766414642333984,0.8151378631591797,1.6261320114135742,0.1078224101479915,0.0,0.0,0.0540449991822242,0.0,0.0,0.0,0.0003032684326171,0.0,-0.05050945281982422
y_equal_count_stripes__v2020__B1|4412,211016,15.73746109008789,0.8433761596679688,1.6487045288085938,1.7332830429077148,0.1901238296587133,0.0,0.0,0.055173609405756,0.0,0.0,0.0,0.0003032684326171,0.0,0.8899068832397461
y_equal_count_stripes__v2020__B1|4412,211017,15.73746109008789,1.9379339218139648,0.5539302825927734,2.0487985610961914,0.2026578073089701,0.0,0.0,0.054101288318634,0.0,0.0,0.0,0.0003032684326171,0.0,0.11086463928222656
y_equal_count_stripes__v2020__B1|4412,211018,15.73746109008789,0.2425117492675781,2.24893856048584,2.3171091079711914,0.228027786167321,0.0,0.0,0.0529496781527996,0.0,0.0,0.0,0.0003032684326171,0.0,2.0745973587036133
y_equal_count_stripes__v2020__B1|4412,211019,15.73746109008789,2.073494911193848,0.4182624816894531,2.441161155700684,0.0372999093929326,0.0,0.0,0.0541726015508174,0.0,0.0,0.0,0.0003032684326171,0.0,0.36766624450683594
y_equal_count_stripes__v2020__B1|4412,211020,15.73746109008789,1.093769073486328,1.398050308227539,2.51425838470459,0.0872848082150407,0.0,0.0,0.0535426475107669,0.0,0.0,0.0,0.0003032684326171,0.0,1.420489311218262
y_equal_count_stripes__v2020__B2|5725,211001,14.27803897857666,1.3797693252563477,1.8740568161010744,0.8479604721069336,0.5706735125339776,0.0,0.0,0.0592980049550533,0.0,9.5367431640625e-07,9.5367431640625e-07,0.0038414001464843,9.5367431640625e-07,-0.5318088531494141
y_equal_count_stripes__v2020__B2|5725,211002,14.27803897857666,1.3610916137695312,1.854979515075684,0.9681339263916016,0.6942011476895198,0.0,0.0,0.0585741400718688,0.0,9.5367431640625e-07,9.5367431640625e-07,0.0038414001464843,9.5367431640625e-07,-0.3929576873779297
y_equal_count_stripes__v2020__B2|5725,211003,14.27803897857666,1.397928237915039,1.8922758102416992,0.53118896484375,0.5336756266988826,0.0,0.0,0.0590797513723373,0.0,9.5367431640625e-07,9.5367431640625e-07,0.0038414001464843,9.5367431640625e-07,-0.8667392730712891
y_equal_count_stripes__v2020__B2|5725,211004,14.27803897857666,1.377460479736328,1.871851921081543,0.637812614440918,0.6792509815765629,0.0,0.0,0.0587799027562141,0.0,9.5367431640625e-07,9.5367431640625e-07,0.0038414001464843,9.5367431640625e-07,-0.7396478652954099
y_equal_count_stripes__v2020__B2|5725,211005,14.27803897857666,1.3524541854858398,1.8465700149536133,0.4504966735839844,0.5647840531561461,0.0,0.0,0.0604183152318,0.0,9.5367431640625e-07,9.5367431640625e-07,0.0038414001464843,9.5367431640625e-07,-0.9019575119018555
y_equal_count_stripes__v2020__B2|5725,211006,14.27803897857666,1.3700227737426758,1.86434268951416,0.9969987869262696,0.6455753548776805,0.0,0.0,0.0590251237154006,0.0,9.5367431640625e-07,9.5367431640625e-07,0.0038414001464843,9.5367431640625e-07,-0.37302398681640614
y_equal_count_stripes__v2020__B2|5725,211007,14.27803897857666,1.344710350036621,1.839029312133789,0.8618059158325195,0.6316822712171549,0.0,0.0,0.0583880990743637,0.0,9.5367431640625e-07,9.5367431640625e-07,0.0038414001464843,9.5367431640625e-07,-0.48290443420410156
y_equal_count_stripes__v2020__B2|5725,211008,14.27803897857666,1.3525962829589844,1.8469629287719729,0.3233938217163086,0.6434611899728179,0.0,0.0,0.0600808598101139,0.0,9.5367431640625e-07,9.5367431640625e-07,0.0038414001464843,9.5367431640625e-07,-1.0292024612426758
y_equal_count_stripes__v2020__B2|5725,211009,14.27803897857666,1.361161231994629,1.8551454544067385,0.5833425521850586,0.6203563877982483,0.0,0.0,0.0587053559720516,0.0,9.5367431640625e-07,9.5367431640625e-07,0.0038414001464843,9.5367431640625e-07,-0.7778186798095703
y_equal_count_stripes__v2020__B2|5725,211010,14.27803897857666,1.0607547760009766,1.5551576614379885,0.6557102203369141,0.6851404409543944,0.0,0.0,0.0590888187289238,0.0,9.5367431640625e-07,9.5367431640625e-07,0.0038414001464843,9.5367431640625e-07,-0.4050445556640625
y_equal_count_stripes__v2020__B2|5725,211011,14.27803897857666,1.4209661483764648,1.9151878356933596,0.4738340377807617,0.6402899426155241,0.0,0.0,0.0582886189222335,0.0,9.5367431640625e-07,9.5367431640625e-07,0.0038414001464843,9.5367431640625e-07,-0.9471321105957031
y_equal_count_stripes__v2020__B2|5725,211012,14.27803897857666,1.035658836364746,1.5300521850585938,0.5487327575683594,0.6233766233766234,0.0,0.0,0.0588759183883667,0.0,9.5367431640625e-07,9.5367431640625e-07,0.0038414001464843,9.5367431640625e-07,-0.4869260787963867
y_equal_count_stripes__v2020__B2|5725,211013,14.27803897857666,1.4209089279174805,1.914926528930664,0.4555082321166992,0.585925702204772,0.0,0.0,0.059920746833086,0.0,9.5367431640625e-07,9.5367431640625e-07,0.0038414001464843,9.5367431640625e-07,-0.9654006958007812
y_equal_count_stripes__v2020__B2|5725,211014,14.27803897857666,1.044473648071289,1.5387983322143557,0.5078353881835938,0.5161582603443069,0.0,0.0,0.0592571087181568,0.0,9.5367431640625e-07,9.5367431640625e-07,0.0038414001464843,9.5367431640625e-07,-0.5366382598876953
y_equal_count_stripes__v2020__B2|5725,211015,14.27803897857666,1.0324296951293943,1.526484489440918,1.0038461685180664,0.6023859861069163,0.0,0.0,0.0597733072936534,0.0,9.5367431640625e-07,9.5367431640625e-07,0.0038414001464843,9.5367431640625e-07,-0.028583526611327903
y_equal_count_stripes__v2020__B2|5725,211016,14.27803897857666,1.3797073364257812,1.8741626739501955,0.618072509765625,0.6942011476895198,0.0,0.0,0.0596562549471855,0.0,9.5367431640625e-07,9.5367431640625e-07,0.0038414001464843,9.5367431640625e-07,-0.7616348266601562
y_equal_count_stripes__v2020__B2|5725,211017,14.27803897857666,0.1953239440917968,0.2991390228271484,0.1407966613769531,0.5889459377831471,0.0,0.0,0.0601832009851932,0.0,9.5367431640625e-07,9.5367431640625e-07,0.0038414001464843,9.5367431640625e-07,-0.054527282714843694
y_equal_count_stripes__v2020__B2|5725,211018,14.27803897857666,1.3756723403930664,1.870098114013672,0.3894987106323242,0.6265478707339172,0.0,0.0,0.0587702840566635,0.0,9.5367431640625e-07,9.5367431640625e-07,0.0038414001464843,9.5367431640625e-07,-0.9861736297607422
y_equal_count_stripes__v2020__B2|5725,211019,14.27803897857666,1.3669767379760742,1.8613824844360352,0.3778543472290039,0.5309574146783449,0.0,0.0,0.0604075044393539,0.0,9.5367431640625e-07,9.5367431640625e-07,0.0038414001464843,9.5367431640625e-07,-0.9891223907470703
y_equal_count_stripes__v2020__B2|5725,211020,14.27803897857666,1.3474359512329102,1.8416519165039065,1.0390262603759766,0.6123527635155541,0.0,0.0,0.0580732896924018,0.0,9.5367431640625e-07,9.5367431640625e-07,0.0038414001464843,9.5367431640625e-07,-0.3084096908569336
y_equal_count_stripes__v2020__B2|3668,211001,16.576936721801758,2.643929481506348,0.1499462127685547,2.998164176940918,-0.0478707339172455,0.0,0.0,0.1259839981794357,0.0,0.0,0.0,0.0015544891357421,0.0,0.35423469543456987
y_equal_count_stripes__v2020__B2|3668,211002,16.576936721801758,1.156529426574707,1.6373271942138672,2.534408569335937,0.2700090607067351,0.0,0.0,0.1092718169093132,0.0,0.0,0.0,0.0015544891357421,0.0,1.37787914276123
y_equal_count_stripes__v2020__B2|3668,211003,16.576936721801758,2.574782371520996,0.2192649841308593,2.820310592651367,0.0453035336756267,0.0,0.0,0.1403675377368927,0.0,0.0,0.0,0.0015544891357421,0.0,0.2455282211303711
y_equal_count_stripes__v2020__B2|3668,211004,16.576936721801758,1.7037296295166016,1.090132713317871,2.782247543334961,0.1845363938387194,0.0,0.0,0.1151097938418388,0.0,0.0,0.0,0.0015544891357421,0.0,1.0785179138183594
y_equal_count_stripes__v2020__B2|3668,211005,16.576936721801758,0.7566251754760742,2.0371217727661133,2.862726211547852,0.1244337058290546,0.0,0.0,0.1232828125357627,0.0,0.0,0.0,0.0015544891357421,0.0,2.106101036071778
y_equal_count_stripes__v2020__B2|3668,211006,16.576936721801758,1.2048816680908203,1.5889625549316406,2.13332462310791,0.0714285714285714,0.0,0.0,0.1141696944832801,0.0,0.0,0.0,0.0015544891357421,0.0,0.9284429550170898
y_equal_count_stripes__v2020__B2|3668,211007,16.576936721801758,0.9116058349609376,1.8821697235107424,1.053325653076172,0.1060102688009664,0.0,0.0,0.1147055551409721,0.0,0.0,0.0,0.0015544891357421,0.0,0.14171981811523449
y_equal_count_stripes__v2020__B2|3668,211008,16.576936721801758,0.067422866821289,2.7262754440307617,2.548459053039551,0.1573542736333434,0.0,0.0,0.1237128376960754,0.0,0.0,0.0,0.0015544891357421,0.0,2.4810361862182617
y_equal_count_stripes__v2020__B2|3668,211009,16.576936721801758,0.7568445205688477,2.0367374420166016,2.743527412414551,0.1677740863787375,0.0,0.0,0.1026611477136612,0.0,0.0,0.0,0.0015544891357421,0.0,1.9866828918457031
y_equal_count_stripes__v2020__B2|3668,211010,16.576936721801758,0.3157176971435547,2.4775562286376958,2.934084892272949,0.2065841135608577,0.0,0.0,0.1106138452887535,0.0,0.0,0.0,0.0015544891357421,0.0,2.6183671951293945
y_equal_count_stripes__v2020__B2|3668,211011,16.576936721801758,0.74517822265625,2.048524856567383,2.808990478515625,0.1760797342192691,0.0,0.0,0.1114855781197547,0.0,0.0,0.0,0.0015544891357421,0.0,2.063812255859375
y_equal_count_stripes__v2020__B2|3668,211012,16.576936721801758,1.2248382568359375,1.5692996978759766,2.89419174194336,0.1158260344306855,0.0,0.0,0.1301342695951461,0.0,0.0,0.0,0.0015544891357421,0.0,1.6693534851074223
y_equal_count_stripes__v2020__B2|3668,211013,16.576936721801758,1.6643104553222656,1.1292438507080078,2.560033798217773,0.0833585019631531,0.0,0.0,0.1147636026144027,0.0,0.0,0.0,0.0015544891357421,0.0,0.8957233428955074
y_equal_count_stripes__v2020__B2|3668,211014,16.576936721801758,1.3673086166381836,1.4262428283691406,1.5692615509033203,0.1186952582301419,0.0,0.0,0.1113085001707077,0.0,0.0,0.0,0.0015544891357421,0.0,0.20195293426513672
y_equal_count_stripes__v2020__B2|3668,211015,16.576936721801758,1.2260189056396484,1.567426681518555,2.403318405151367,0.1759287224403503,0.0,0.0,0.1043568328022956,0.0,0.0,0.0,0.0015544891357421,0.0,1.1772994995117188
y_equal_count_stripes__v2020__B2|3668,211016,16.576936721801758,0.8601264953613281,1.933950424194336,2.9484901428222656,0.1405919661733615,0.0,0.0,0.1227576434612274,0.0,0.0,0.0,0.0015544891357421,0.0,2.0883636474609375
y_equal_count_stripes__v2020__B2|3668,211017,16.576936721801758,2.1425132751464844,0.6515235900878906,2.490701675415039,0.1495016611295681,0.0,0.0,0.1287026405334472,0.0,0.0,0.0,0.0015544891357421,0.0,0.3481884002685547
y_equal_count_stripes__v2020__B2|3668,211018,16.576936721801758,2.0928173065185547,0.7010898590087891,2.713374137878418,0.3272425249169435,0.0,0.0,0.1092211082577705,0.0,0.0,0.0,0.0015544891357421,0.0,0.6205568313598633
y_equal_count_stripes__v2020__B2|3668,211019,16.576936721801758,2.2191781997680664,0.5748615264892578,2.5487289428710938,0.0960434913923286,0.0,0.0,0.1201420053839683,0.0,0.0,0.0,0.0015544891357421,0.0,0.32955074310302734
y_equal_count_stripes__v2020__B2|3668,211020,16.576936721801758,0.3310317993164062,2.462278366088867,2.4051971435546875,0.2126245847176079,0.0,0.0,0.0988850742578506,0.0,0.0,0.0,0.0015544891357421,0.0,2.0741653442382812
y_equal_count_stripes__v2020__B2|5554,211001,16.372922897338867,2.225148200988769,0.3699760437011719,2.679692268371582,-0.0412262156448203,0.0,0.0,0.2873394191265106,0.0,0.0,0.0,0.0066337585449218,0.0,0.45454406738281294
y_equal_count_stripes__v2020__B2|5554,211002,16.372922897338867,0.9828758239746094,1.6123418807983398,1.9800596237182615,0.1428571428571428,0.0,0.0,0.250191330909729,0.0,0.0,0.0,0.0066337585449218,0.0,0.9971837997436521
y_equal_count_stripes__v2020__B2|5554,211003,16.372922897338867,2.200542449951172,0.3946466445922851,2.50032901763916,-0.0931742675928722,0.0,0.0,0.2844377756118774,0.0,0.0,0.0,0.0066337585449218,0.0,0.2997865676879883
y_equal_count_stripes__v2020__B2|5554,211004,16.372922897338867,1.6231012344360352,0.9721546173095704,2.633275985717773,-0.0453035336756267,0.0,0.0,0.2448226660490036,0.0,0.0,0.0,0.0066337585449218,0.0,1.0101747512817378
y_equal_count_stripes__v2020__B2|5554,211005,16.372922897338867,1.6039562225341797,0.9912052154541016,2.5995187759399414,-0.0072485653881002,0.0,0.0,0.264214277267456,0.0,0.0,0.0,0.0066337585449218,0.0,0.9955625534057617
y_equal_count_stripes__v2020__B2|5554,211006,16.372922897338867,0.8025941848754883,1.7925748825073242,2.804612159729004,-0.0031712473572938,0.0,0.0,0.2649235725402832,0.0,0.0,0.0,0.0066337585449218,0.0,2.0020179748535156
y_equal_count_stripes__v2020__B2|5554,211007,16.372922897338867,0.414224624633789,2.1810073852539062,0.5788259506225586,-0.054364240410752,0.0,0.0,0.2528660893440246,0.0,0.0,0.0,0.0066337585449218,0.0,0.1646013259887696
y_equal_count_stripes__v2020__B2|5554,211008,16.372922897338867,0.3533344268798828,2.2418575286865234,2.045084953308105,0.2025067955300513,0.0,0.0,0.2815748751163482,0.0,0.0,0.0,0.0066337585449218,0.0,1.6917505264282222
y_equal_count_stripes__v2020__B2|5554,211009,16.372922897338867,0.779083251953125,1.8158254623413088,2.5220394134521484,0.0478707339172455,0.0,0.0,0.230388805270195,0.0,0.0,0.0,0.0066337585449218,0.0,1.7429561614990234
y_equal_count_stripes__v2020__B2|5554,211010,16.372922897338867,0.9508543014526368,1.6442880630493164,2.821461677551269,0.0835095137420718,0.0,0.0,0.2639714181423187,0.0,0.0,0.0,0.0066337585449218,0.0,1.8706073760986324
y_equal_count_stripes__v2020__B2|5554,211011,16.372922897338867,0.4049501419067383,2.190187454223633,2.555827140808105,0.1112956810631229,0.0,0.0,0.2506303787231445,0.0,0.0,0.0,0.0066337585449218,0.0,2.1508769989013667
y_equal_count_stripes__v2020__B2|5554,211012,16.372922897338867,0.2822608947753906,2.313004493713379,2.6773805618286133,0.0903050437934158,0.0,0.0,0.2696218490600586,0.0,0.0,0.0,0.0066337585449218,0.0,2.3951196670532227
y_equal_count_stripes__v2020__B2|5554,211013,16.372922897338867,2.3159942626953125,0.2792282104492187,2.033214569091797,0.0208396254907882,0.0,0.0,0.2980280816555023,0.0,0.0,0.0,0.0066337585449218,0.0,-0.2827796936035156
y_equal_count_stripes__v2020__B2|5554,211014,16.372922897338867,1.5414819717407229,1.0537023544311523,1.246262550354004,0.0045303533675626,0.0,0.0,0.2748701274394989,0.0,0.0,0.0,0.0066337585449218,0.0,-0.29521942138671897
y_equal_count_stripes__v2020__B2|5554,211015,16.372922897338867,1.5300302505493164,1.0649986267089844,1.943699836730957,0.1374207188160676,0.0,0.0,0.2589527368545532,0.0,0.0,0.0,0.0066337585449218,0.0,0.4136695861816406
y_equal_count_stripes__v2020__B2|5554,211016,16.372922897338867,0.4115114212036133,2.183924674987793,2.665803909301758,-0.0134400483237692,0.0,0.0,0.27176034450531,0.0,0.0,0.0,0.0066337585449218,0.0,2.2542924880981445
y_equal_count_stripes__v2020__B2|5554,211017,16.372922897338867,1.759321212768555,0.8359794616699219,1.9285707473754885,0.0391120507399577,0.0,0.0,0.2848193645477295,0.0,0.0,0.0,0.0066337585449218,0.0,0.1692495346069336
y_equal_count_stripes__v2020__B2|5554,211018,16.372922897338867,1.680607795715332,0.9145174026489258,2.357368469238281,0.122319540924192,0.0,0.0,0.2412388622760772,0.0,0.0,0.0,0.0066337585449218,0.0,0.6767606735229488
y_equal_count_stripes__v2020__B2|5554,211019,16.372922897338867,1.5823659896850586,1.0128841400146484,2.46207332611084,-0.021594684385382,0.0,0.0,0.2683578133583069,0.0,0.0,0.0,0.0066337585449218,0.0,0.8797073364257812
y_equal_count_stripes__v2020__B2|5554,211020,16.372922897338867,0.9976673126220704,1.5975370407104492,2.0171422958374023,-0.0237088492902446,0.0,0.0,0.2685242593288421,0.0,0.0,0.0,0.0066337585449218,0.0,1.019474983215332
y_equal_count_stripes__v2020__B3|7007,211001,11.29924201965332,3.504927635192871,0.9616451263427734,3.781888008117676,0.2748414376321353,0.0,0.0,0.1045306399464607,0.0,1.9073486328125e-06,1.9073486328125e-06,0.0195236206054687,1.9073486328125e-06,0.2769603729248047
y_equal_count_stripes__v2020__B3|7007,211002,11.29924201965332,3.463775634765625,1.0031661987304688,2.916206359863281,0.3349441256418,0.0,0.0,0.1047902107238769,0.0,1.9073486328125e-06,1.9073486328125e-06,0.0195236206054687,1.9073486328125e-06,-0.5475692749023442
y_equal_count_stripes__v2020__B3|7007,211003,11.29924201965332,3.034391403198242,1.4321260452270508,4.02890682220459,0.3279975838115372,0.0,0.0,0.1039491444826126,0.0,1.9073486328125e-06,1.9073486328125e-06,0.0195236206054687,1.9073486328125e-06,0.9945154190063477
y_equal_count_stripes__v2020__B3|7007,211004,11.29924201965332,1.802870750427246,2.663135528564453,3.5910873413085938,0.5294472968891574,0.0,0.0,0.1064671427011489,0.0,1.9073486328125e-06,1.9073486328125e-06,0.0195236206054687,1.9073486328125e-06,1.7882165908813477
y_equal_count_stripes__v2020__B3|7007,211005,11.29924201965332,2.420975685119629,2.0455455780029297,3.845126152038574,0.4036544850498338,0.0,0.0,0.1057606264948844,0.0,1.9073486328125e-06,1.9073486328125e-06,0.0195236206054687,1.9073486328125e-06,1.4241504669189453
y_equal_count_stripes__v2020__B3|7007,211006,11.29924201965332,2.986149787902832,1.480341911315918,3.454800605773926,0.421473874962247,0.0,0.0,0.1044963151216507,0.0,1.9073486328125e-06,1.9073486328125e-06,0.0195236206054687,1.9073486328125e-06,0.46865081787109375
y_equal_count_stripes__v2020__B3|7007,211007,11.29924201965332,3.2347898483276367,1.2318964004516602,3.290013313293457,0.287979462398067,0.0,0.0,0.1049317046999931,0.0,1.9073486328125e-06,1.9073486328125e-06,0.0195236206054687,1.9073486328125e-06,0.05522346496582031
y_equal_count_stripes__v2020__B3|7007,211008,11.29924201965332,3.244842529296875,1.2220191955566406,3.2993173599243164,0.3634853518574448,0.0,0.0,0.1069840416312217,0.0,1.9073486328125e-06,1.9073486328125e-06,0.0195236206054687,1.9073486328125e-06,0.054474830627441406
y_equal_count_stripes__v2020__B3|7007,211009,11.29924201965332,2.8267507553100586,1.639582633972168,3.6328086853027344,0.3882512836001208,0.0,0.0,0.1046128794550895,0.0,1.9073486328125e-06,1.9073486328125e-06,0.0195236206054687,1.9073486328125e-06,0.8060579299926758
y_equal_count_stripes__v2020__B3|7007,211010,11.29924201965332,2.704641342163086,1.761948585510254,4.076282501220703,0.3356991845363938,0.0,0.0,0.1058168411254882,0.0,1.9073486328125e-06,1.9073486328125e-06,0.0195236206054687,1.9073486328125e-06,1.3716411590576172
y_equal_count_stripes__v2020__B3|7007,211011,11.29924201965332,2.433767318725586,2.0325708389282227,3.488999366760254,0.3385684083358501,0.0,0.0,0.1037820801138877,0.0,1.9073486328125e-06,1.9073486328125e-06,0.0195236206054687,1.9073486328125e-06,1.055232048034668
y_equal_count_stripes__v2020__B3|7007,211012,11.29924201965332,3.5602893829345703,0.9064722061157228,3.350465774536133,0.1813651464814255,0.0,0.0,0.1051668673753738,0.0,1.9073486328125e-06,1.9073486328125e-06,0.0195236206054687,1.9073486328125e-06,-0.2098236083984375
y_equal_count_stripes__v2020__B3|7007,211013,11.29924201965332,3.2783451080322266,1.1886520385742188,3.446940422058105,0.367109634551495,0.0,0.0,0.1044085547327995,0.0,1.9073486328125e-06,1.9073486328125e-06,0.0195236206054687,1.9073486328125e-06,0.16859531402587846
y_equal_count_stripes__v2020__B3|7007,211014,11.29924201965332,2.4965085983276367,1.9702262878417969,3.882670402526856,0.3849290244639082,0.0,0.0,0.1065930500626564,0.0,1.9073486328125e-06,1.9073486328125e-06,0.0195236206054687,1.9073486328125e-06,1.3861618041992192
y_equal_count_stripes__v2020__B3|7007,211015,11.29924201965332,2.0616579055786133,2.404412269592285,2.938913345336914,0.3947447900936273,0.0,0.0,0.1050535067915916,0.0,1.9073486328125e-06,1.9073486328125e-06,0.0195236206054687,1.9073486328125e-06,0.8772554397583008
y_equal_count_stripes__v2020__B3|7007,211016,11.29924201965332,3.230264663696289,1.236342430114746,3.902719497680664,0.3852310480217457,0.0,0.0,0.1077451780438423,0.0,1.9073486328125e-06,1.9073486328125e-06,0.0195236206054687,1.9073486328125e-06,0.672454833984375
y_equal_count_stripes__v2020__B3|7007,211017,11.29924201965332,2.4460525512695312,2.0206031799316406,3.4610471725463867,0.3144065237088493,0.0,0.0,0.1043835058808326,0.0,1.9073486328125e-06,1.9073486328125e-06,0.0195236206054687,1.9073486328125e-06,1.0149946212768555
y_equal_count_stripes__v2020__B3|7007,211018,11.29924201965332,2.346890449523926,2.120162010192871,3.4611387252807617,0.5351857444880701,0.0,0.0,0.1041750684380531,0.0,1.9073486328125e-06,1.9073486328125e-06,0.0195236206054687,1.9073486328125e-06,1.114248275756836
y_equal_count_stripes__v2020__B3|7007,211019,11.29924201965332,2.9040842056274414,1.5627107620239258,3.671858787536621,0.2932648746602235,0.0,0.0,0.1038095355033874,0.0,1.9073486328125e-06,1.9073486328125e-06,0.0195236206054687,1.9073486328125e-06,0.7677745819091797
y_equal_count_stripes__v2020__B3|7007,211020,11.29924201965332,3.2273483276367188,1.2401056289672852,3.1689252853393555,0.3985200845665961,0.0,0.0,0.1029059290885925,0.0,1.9073486328125e-06,1.9073486328125e-06,0.0195236206054687,1.9073486328125e-06,-0.05842304229736328
y_equal_count_stripes__v2020__B3|3099,211001,10.90719509124756,3.96402645111084,0.9289541244506836,4.990283966064453,0.0907580791301721,0.0,0.0,0.1176640391349792,0.0,9.5367431640625e-07,9.5367431640625e-07,0.0348825454711914,9.5367431640625e-07,1.0262575149536133
y_equal_count_stripes__v2020__B3|3099,211002,10.90719509124756,1.770914077758789,3.1197309494018555,3.450678825378418,0.2594382361824222,0.0,0.0,0.1220898255705833,0.0,9.5367431640625e-07,9.5367431640625e-07,0.0348825454711914,9.5367431640625e-07,1.679764747619629
y_equal_count_stripes__v2020__B3|3099,211003,10.90719509124756,4.030298233032227,0.8623332977294922,4.731602668762207,0.1265478707339172,0.0,0.0,0.1176634728908538,0.0,9.5367431640625e-07,9.5367431640625e-07,0.0348825454711914,9.5367431640625e-07,0.7013044357299805
y_equal_count_stripes__v2020__B3|3099,211004,10.90719509124756,3.28889274597168,1.603907585144043,4.58547306060791,0.3589549984898822,0.0,0.0,0.1212121918797493,0.0,9.5367431640625e-07,9.5367431640625e-07,0.0348825454711914,9.5367431640625e-07,1.29658031463623
y_equal_count_stripes__v2020__B3|3099,211005,10.90719509124756,3.51906681060791,1.3731403350830078,4.750091552734375,0.2358803986710963,0.0,0.0,0.1202314645051956,0.0,9.5367431640625e-07,9.5367431640625e-07,0.0348825454711914,9.5367431640625e-07,1.2310247421264648
y_equal_count_stripes__v2020__B3|3099,211006,10.90719509124756,1.1956548690795898,3.69595718383789,5.667328834533691,0.2331621866505587,0.0,0.0,0.1214327290654182,0.0,9.5367431640625e-07,9.5367431640625e-07,0.0348825454711914,9.5367431640625e-07,4.471673965454102
y_equal_count_stripes__v2020__B3|3099,211007,10.90719509124756,0.8723373413085938,4.01887321472168,0.9962339401245116,0.2594382361824222,0.0,0.0,0.1203913614153862,0.0,9.5367431640625e-07,9.5367431640625e-07,0.0348825454711914,9.5367431640625e-07,0.12389659881591786
y_equal_count_stripes__v2020__B3|3099,211008,10.90719509124756,1.5316925048828125,3.359564781188965,3.9749250411987305,0.1733615221987315,0.0,0.0,0.1214087605476379,0.0,9.5367431640625e-07,9.5367431640625e-07,0.0348825454711914,9.5367431640625e-07,2.443232536315918
y_equal_count_stripes__v2020__B3|3099,211009,10.90719509124756,1.302690505981445,3.588661193847656,4.873069763183594,0.2752944729688916,0.0,0.0,0.1224530562758445,0.0,9.5367431640625e-07,9.5367431640625e-07,0.0348825454711914,9.5367431640625e-07,3.5703792572021484
y_equal_count_stripes__v2020__B3|3099,211010,10.90719509124756,0.9505863189697266,3.939916610717773,4.381541252136231,0.36650558743582,0.0,0.0,0.1213126257061958,0.0,9.5367431640625e-07,9.5367431640625e-07,0.0348825454711914,9.5367431640625e-07,3.430954933166505
y_equal_count_stripes__v2020__B3|3099,211011,10.90719509124756,0.7076740264892578,4.182803153991699,4.841379165649414,0.3717909996979764,0.0,0.0,0.1204132884740829,0.0,9.5367431640625e-07,9.5367431640625e-07,0.0348825454711914,9.5367431640625e-07,4.133705139160156
y_equal_count_stripes__v2020__B3|3099,211012,10.90719509124756,1.073533058166504,3.817370414733887,4.56121826171875,0.2831470854726668,0.0,0.0,0.1218723729252815,0.0,9.5367431640625e-07,9.5367431640625e-07,0.0348825454711914,9.5367431640625e-07,3.487685203552246
y_equal_count_stripes__v2020__B3|3099,211013,10.90719509124756,4.363194465637207,0.5317678451538086,3.963611602783203,0.2308970099667774,0.0,0.0,0.1167038455605506,0.0,9.5367431640625e-07,9.5367431640625e-07,0.0348825454711914,9.5367431640625e-07,-0.3995828628540039
y_equal_count_stripes__v2020__B3|3099,211014,10.90719509124756,3.602781295776367,1.289656639099121,2.3643598556518555,0.1691331923890063,0.0,0.0,0.1202363148331642,0.0,9.5367431640625e-07,9.5367431640625e-07,0.0348825454711914,9.5367431640625e-07,-1.2384214401245117
y_equal_count_stripes__v2020__B3|3099,211015,10.90719509124756,3.320363998413086,1.571608543395996,3.690896987915039,0.2210812443370583,0.0,0.0,0.1195414066314697,0.0,9.5367431640625e-07,9.5367431640625e-07,0.0348825454711914,9.5367431640625e-07,0.3705329895019531
y_equal_count_stripes__v2020__B3|3099,211016,10.90719509124756,0.8547468185424805,4.03562068939209,4.468515396118164,0.2733313198429477,0.0,0.0,0.1225207224488258,0.0,9.5367431640625e-07,9.5367431640625e-07,0.0348825454711914,9.5367431640625e-07,3.6137685775756836
y_equal_count_stripes__v2020__B3|3099,211017,10.90719509124756,3.698454856872559,1.1944198608398438,3.117929458618164,0.2494714587737843,0.0,0.0,0.1185323968529701,0.0,9.5367431640625e-07,9.5367431640625e-07,0.0348825454711914,9.5367431640625e-07,-0.580525398254395
y_equal_count_stripes__v2020__B3|3099,211018,10.90719509124756,3.8249740600585938,1.0683088302612305,4.26938533782959,0.4408033826638478,0.0,0.0,0.1221227869391441,0.0,9.5367431640625e-07,9.5367431640625e-07,0.0348825454711914,9.5367431640625e-07,0.4444112777709961
y_equal_count_stripes__v2020__B3|3099,211019,10.90719509124756,3.4330825805664062,1.4581966400146484,4.644769668579102,0.2840531561461794,0.0,0.0,0.1200137883424758,0.0,9.5367431640625e-07,9.5367431640625e-07,0.0348825454711914,9.5367431640625e-07,1.2116870880126953
y_equal_count_stripes__v2020__B3|3099,211020,10.90719509124756,1.82733154296875,3.0623292922973637,4.197360038757324,0.234823316218665,0.0,0.0,0.1204590201377868,0.0,9.5367431640625e-07,9.5367431640625e-07,0.0348825454711914,9.5367431640625e-07,2.370028495788574
y_equal_count_stripes__v2020__B3|1278,211001,10.091781616210938,4.452983856201172,1.2588005065917969,6.168617248535156,-0.0255209906372697,0.0,0.0,0.1619300693273544,0.0,0.0,0.0,0.0233678817749023,0.0,1.7156333923339844
y_equal_count_stripes__v2020__B3|1278,211002,10.091781616210938,1.4105443954467771,4.296850204467773,3.75482177734375,0.2328601630927212,0.0,0.0,0.1660443097352981,0.0,0.0,0.0,0.0233678817749023,0.0,2.3442773818969727
y_equal_count_stripes__v2020__B3|1278,211003,10.091781616210938,4.222320556640625,1.4892559051513672,5.688267707824707,0.1920869827846572,0.0,0.0,0.1583098173141479,0.0,0.0,0.0,0.0233678817749023,0.0,1.465947151184082
y_equal_count_stripes__v2020__B3|1278,211004,10.091781616210938,3.645480155944824,2.062829971313477,6.544900894165039,0.2751434611899728,0.0,0.0,0.1663284301757812,0.0,0.0,0.0,0.0233678817749023,0.0,2.899420738220215
y_equal_count_stripes__v2020__B3|1278,211005,10.091781616210938,4.478089332580566,1.2307729721069336,5.663074493408203,0.115524010872848,0.0,0.0,0.1655760258436203,0.0,0.0,0.0,0.0233678817749023,0.0,1.1849851608276367
y_equal_count_stripes__v2020__B3|1278,211006,10.091781616210938,1.2059011459350586,4.502017974853516,5.34714412689209,0.1790999697976442,0.0,0.0,0.1646850407123565,0.0,0.0,0.0,0.0233678817749023,0.0,4.141242980957031
y_equal_count_stripes__v2020__B3|1278,211007,10.091781616210938,0.3549299240112304,5.351788520812988,1.4050817489624023,0.1797040169133192,0.0,0.0,0.1673067361116409,0.0,0.0,0.0,0.0233678817749023,0.0,1.0501518249511719
y_equal_count_stripes__v2020__B3|1278,211008,10.091781616210938,1.1297988891601562,4.5759477615356445,5.604766845703125,0.0601026880096647,0.0,0.0,0.1692746877670288,0.0,0.0,0.0,0.0233678817749023,0.0,4.474967956542969
y_equal_count_stripes__v2020__B3|1278,211009,10.091781616210938,0.1522045135498047,5.556303024291992,5.954511642456055,0.3320749018423437,0.0,0.0,0.1703606247901916,0.0,0.0,0.0,0.0233678817749023,0.0,5.80230712890625
y_equal_count_stripes__v2020__B3|1278,211010,10.091781616210938,0.0924453735351562,5.611848831176758,5.755002975463867,0.260193295077016,0.0,0.0,0.1679538637399673,0.0,0.0,0.0,0.0233678817749023,0.0,5.662557601928711
y_equal_count_stripes__v2020__B3|1278,211011,10.091781616210938,0.3978738784790039,5.306746482849121,5.704078674316406,0.2684989429175475,0.0,0.0,0.1646332293748855,0.0,0.0,0.0,0.0233678817749023,0.0,5.306204795837402
y_equal_count_stripes__v2020__B3|1278,211012,10.091781616210938,0.3149175643920898,6.019330978393555,4.792076110839844,0.1437632135306553,0.0,0.0,0.1704998165369033,0.0,0.0,0.0,0.0233678817749023,0.0,4.477158546447754
y_equal_count_stripes__v2020__B3|1278,211013,10.091781616210938,4.507481575012207,1.2089300155639648,5.281943321228027,0.1383267894895802,0.0,0.0,0.1618070602416992,0.0,0.0,0.0,0.0233678817749023,0.0,0.7744617462158203
y_equal_count_stripes__v2020__B3|1278,211014,10.091781616210938,3.618858337402344,2.09035587310791,2.922203063964844,0.0845665961945031,0.0,0.0,0.1651919335126876,0.0,0.0,0.0,0.0233678817749023,0.0,-0.6966552734375
y_equal_count_stripes__v2020__B3|1278,211015,10.091781616210938,2.7650041580200195,2.942831039428711,4.443438529968262,0.2499244941105406,0.0,0.0,0.1648994386196136,0.0,0.0,0.0,0.0233678817749023,0.0,1.6784343719482422
y_equal_count_stripes__v2020__B3|1278,211016,10.091781616210938,0.8591976165771484,4.845685958862305,5.469491958618164,0.1665659921473875,0.0,0.0,0.1687226742506027,0.0,0.0,0.0,0.0233678817749023,0.0,4.610294342041016
y_equal_count_stripes__v2020__B3|1278,211017,10.091781616210938,4.083541870117188,1.6244354248046875,4.351652145385742,0.1180912111144669,0.0,0.0,0.1610363870859146,0.0,0.0,0.0,0.0233678817749023,0.0,0.2681102752685538
y_equal_count_stripes__v2020__B3|1278,211018,10.091781616210938,4.236667633056641,1.476761817932129,5.27287483215332,0.3243733011174872,0.0,0.0,0.1687660962343216,0.0,0.0,0.0,0.0233678817749023,0.0,1.0362071990966797
y_equal_count_stripes__v2020__B3|1278,211019,10.091781616210938,3.1954345703125,2.5140676498413086,6.235145568847656,0.1837813349441256,0.0,0.0,0.1674484461545944,0.0,0.0,0.0,0.0233678817749023,0.0,3.0397109985351562
y_equal_count_stripes__v2020__B3|1278,211020,10.091781616210938,0.931565284729004,4.773159980773926,5.655316352844238,0.1706433101781938,0.0,0.0,0.1643630862236023,0.0,0.0,0.0,0.0233678817749023,0.0,4.723751068115234
y_equal_count_stripes__v2020__B4|159,211001,12.244943618774414,1.8894462585449217,0.338815689086914,1.592851638793945,0.1565992147387496,0.0,0.0,0.0639095902442932,0.0,0.0,0.0,0.0012063980102539,0.0,-0.29659461975097656
y_equal_count_stripes__v2020__B4|159,211002,12.244943618774414,1.256791114807129,0.971909523010254,1.8471355438232424,0.3388704318936877,0.0,0.0,0.0634331107139587,0.0,0.0,0.0,0.0012063980102539,0.0,0.5903444290161135
y_equal_count_stripes__v2020__B4|159,211003,12.244943618774414,1.697427749633789,0.53106689453125,1.8482799530029297,0.2399577167019027,0.0,0.0,0.0628637447953224,0.0,0.0,0.0,0.0012063980102539,0.0,0.15085220336914062
y_equal_count_stripes__v2020__B4|159,211004,12.244943618774414,1.3202524185180664,0.9079904556274414,1.93887996673584,0.4439746300211417,0.0,0.0,0.0636271759867668,0.0,0.0,0.0,0.0012063980102539,0.0,0.6186275482177737
y_equal_count_stripes__v2020__B4|159,211005,12.244943618774414,1.732640266418457,0.4955101013183594,1.8279104232788088,0.1688311688311688,0.0,0.0,0.0643482878804206,0.0,0.0,0.0,0.0012063980102539,0.0,0.09527015686035178
y_equal_count_stripes__v2020__B4|159,211006,12.244943618774414,1.1669931411743164,1.061786651611328,1.8795270919799805,0.3165206886137119,0.0,0.0,0.0643330141901969,0.0,0.0,0.0,0.0012063980102539,0.0,0.7125339508056641
y_equal_count_stripes__v2020__B4|159,211007,12.244943618774414,1.339557647705078,0.8884572982788086,1.3714313507080078,0.3095741467834491,0.0,0.0,0.0637537762522697,0.0,0.0,0.0,0.0012063980102539,0.0,0.03187370300292991
y_equal_count_stripes__v2020__B4|159,211008,12.244943618774414,1.762895584106445,0.4650154113769531,1.497467041015625,0.2090003020235578,0.0,0.0,0.065208725631237,0.0,0.0,0.0,0.0012063980102539,0.0,-0.2654285430908201
y_equal_count_stripes__v2020__B4|159,211009,12.244943618774414,1.3633813858032229,0.8653078079223633,1.952010154724121,0.3566898218061008,0.0,0.0,0.0636918470263481,0.0,0.0,0.0,0.0012063980102539,0.0,0.5886287689208982
y_equal_count_stripes__v2020__B4|159,211010,12.244943618774414,1.2100181579589844,1.0188875198364258,1.904165267944336,0.3073089700996678,0.0,0.0,0.0634333416819572,0.0,0.0,0.0,0.0012063980102539,0.0,0.6941471099853516
y_equal_count_stripes__v2020__B4|159,211011,12.244943618774414,1.0343389511108398,1.1942195892333984,1.7990055084228516,0.3588039867109635,0.0,0.0,0.0626032575964927,0.0,0.0,0.0,0.0012063980102539,0.0,0.7646665573120117
y_equal_count_stripes__v2020__B4|159,211012,12.244943618774414,1.3020515441894531,0.9263992309570312,2.127285957336426,0.2746904258532165,0.0,0.0,0.0641199424862861,0.0,0.0,0.0,0.0012063980102539,0.0,0.8252344131469727
y_equal_count_stripes__v2020__B4|159,211013,12.244943618774414,1.743804931640625,0.4844884872436523,1.7197065353393557,0.1988825128360012,0.0,0.0,0.0643849223852157,0.0,0.0,0.0,0.0012063980102539,0.0,-0.02409839630126931
y_equal_count_stripes__v2020__B4|159,211014,12.244943618774414,1.3286962509155271,0.8997373580932617,1.469374656677246,0.3370582905466626,0.0,0.0,0.0644217878580093,0.0,0.0,0.0,0.0012063980102539,0.0,0.14067840576171897
y_equal_count_stripes__v2020__B4|159,211015,12.244943618774414,1.468301773071289,0.7600870132446289,1.7862777709960938,0.3631833282996073,0.0,0.0,0.0638040900230407,0.0,0.0,0.0,0.0012063980102539,0.0,0.3179759979248047
y_equal_count_stripes__v2020__B4|159,211016,12.244943618774414,0.923426628112793,1.305307388305664,1.7440223693847656,0.3930836605255209,0.0,0.0,0.0653418824076652,0.0,0.0,0.0,0.0012063980102539,0.0,0.8205957412719727
y_equal_count_stripes__v2020__B4|159,211017,12.244943618774414,1.1054067611694336,1.1225824356079102,1.8591251373291016,0.3835699184536394,0.0,0.0,0.0641643032431602,0.0,0.0,0.0,0.0012063980102539,0.0,0.753718376159668
y_equal_count_stripes__v2020__B4|159,211018,12.244943618774414,1.3074769973754885,0.9212398529052734,2.0392332077026367,0.3435517970401691,0.0,0.0,0.0635454282164573,0.0,0.0,0.0,0.0012063980102539,0.0,0.7317562103271482
y_equal_count_stripes__v2020__B4|159,211019,12.244943618774414,1.6387977600097656,0.5902442932128906,1.697042465209961,0.2363334340078526,0.0,0.0,0.0633971914649009,0.0,0.0,0.0,0.0012063980102539,0.0,0.05824470520019531
y_equal_count_stripes__v2020__B4|159,211020,12.244943618774414,1.0501766204833984,1.1787242889404297,1.6531400680541992,0.2781636967683479,0.0,0.0,0.0627185031771659,0.0,0.0,0.0,0.0012063980102539,0.0,0.6029634475708008
y_equal_count_stripes__v2020__B4|1719,211001,12.76220417022705,1.3967504501342771,0.3198518753051758,1.3377323150634766,0.0732407127755965,0.0,0.0,0.0568661168217659,0.0,9.5367431640625e-07,9.5367431640625e-07,0.0018596649169921,9.5367431640625e-07,-0.05901813507080056
y_equal_count_stripes__v2020__B4|1719,211002,12.76220417022705,1.2857818603515625,0.4305572509765625,0.2754983901977539,0.0596496526729084,0.0,0.0,0.0565456598997116,0.0,9.5367431640625e-07,9.5367431640625e-07,0.0018596649169921,9.5367431640625e-07,-1.0102834701538086
y_equal_count_stripes__v2020__B4|1719,211003,12.76220417022705,0.968557357788086,0.7482194900512695,1.5487642288208008,-0.0749018423437028,0.0,0.0,0.0563926398754119,0.0,9.5367431640625e-07,9.5367431640625e-07,0.0018596649169921,9.5367431640625e-07,0.5802068710327147
y_equal_count_stripes__v2020__B4|1719,211004,12.76220417022705,0.3620872497558594,1.3544044494628906,1.5303144454956057,0.1117487163998791,0.0,0.0,0.0566536337137222,0.0,9.5367431640625e-07,9.5367431640625e-07,0.0018596649169921,9.5367431640625e-07,1.1682271957397463
y_equal_count_stripes__v2020__B4|1719,211005,12.76220417022705,0.7198333740234375,0.9957351684570312,1.3428726196289062,-0.0318634853518574,0.0,0.0,0.0567359775304794,0.0,9.5367431640625e-07,9.5367431640625e-07,0.0018596649169921,9.5367431640625e-07,0.6230392456054688
y_equal_count_stripes__v2020__B4|1719,211006,12.76220417022705,0.646148681640625,1.070906639099121,1.347734451293945,0.1041981274539414,0.0,0.0,0.0573064610362052,0.0,9.5367431640625e-07,9.5367431640625e-07,0.0018596649169921,9.5367431640625e-07,0.7015857696533201
y_equal_count_stripes__v2020__B4|1719,211007,12.76220417022705,1.2512102127075195,0.4655313491821289,1.8285398483276367,0.0303533675626698,0.0,0.0,0.0567575953900814,0.0,9.5367431640625e-07,9.5367431640625e-07,0.0018596649169921,9.5367431640625e-07,0.5773296356201172
y_equal_count_stripes__v2020__B4|1719,211008,12.76220417022705,0.8201217651367188,0.8960170745849609,0.99627685546875,0.06674720628209,0.0,0.0,0.057719238102436,0.0,9.5367431640625e-07,9.5367431640625e-07,0.0018596649169921,9.5367431640625e-07,0.17615509033203125
y_equal_count_stripes__v2020__B4|1719,211009,12.76220417022705,1.1665496826171875,0.5496835708618164,1.7840900421142578,0.1593174267592872,0.0,0.0,0.0573197789490222,0.0,9.5367431640625e-07,9.5367431640625e-07,0.0018596649169921,9.5367431640625e-07,0.6175403594970703
y_equal_count_stripes__v2020__B4|1719,211010,12.76220417022705,0.5722665786743164,1.144083023071289,1.6097288131713867,-0.0087586831772878,0.0,0.0,0.0567104518413543,0.0,9.5367431640625e-07,9.5367431640625e-07,0.0018596649169921,9.5367431640625e-07,1.0374622344970703
y_equal_count_stripes__v2020__B4|1719,211011,12.76220417022705,0.6693563461303711,1.046865463256836,1.7654895782470703,0.0819993959528843,0.0,0.0,0.0565682649612426,0.0,9.5367431640625e-07,9.5367431640625e-07,0.0018596649169921,9.5367431640625e-07,1.0961332321166992
y_equal_count_stripes__v2020__B4|1719,211012,12.76220417022705,0.6433820724487305,1.0720500946044922,1.8414535522460935,0.0424343098761703,0.0,0.0,0.0579600743949413,0.0,9.5367431640625e-07,9.5367431640625e-07,0.0018596649169921,9.5367431640625e-07,1.198071479797363
y_equal_count_stripes__v2020__B4|1719,211013,12.76220417022705,0.6984291076660156,1.0184364318847656,1.5091657638549805,0.0244639081848384,0.0,0.0,0.0575804971158504,0.0,9.5367431640625e-07,9.5367431640625e-07,0.0018596649169921,9.5367431640625e-07,0.8107366561889648
y_equal_count_stripes__v2020__B4|1719,211014,12.76220417022705,0.2827968597412109,1.4339351654052734,1.855262756347656,0.1147689519782543,0.0,0.0,0.0569327026605606,0.0,9.5367431640625e-07,9.5367431640625e-07,0.0018596649169921,9.5367431640625e-07,1.572465896606445
y_equal_count_stripes__v2020__B4|1719,211015,12.76220417022705,0.3818120956420898,1.334355354309082,0.3750495910644531,0.1259438236182422,0.0,0.0,0.0576184019446373,0.0,9.5367431640625e-07,9.5367431640625e-07,0.0018596649169921,9.5367431640625e-07,-0.006762504577636663
y_equal_count_stripes__v2020__B4|1719,211016,12.76220417022705,0.9945526123046876,0.7222070693969727,1.1104774475097656,0.0717305949864089,0.0,0.0,0.0576776191592216,0.0,9.5367431640625e-07,9.5367431640625e-07,0.0018596649169921,9.5367431640625e-07,0.11592483520507801
y_equal_count_stripes__v2020__B4|1719,211017,12.76220417022705,0.2986965179443359,1.4172067642211914,1.653276443481445,0.1511627906976744,0.0,0.0,0.0568965226411819,0.0,9.5367431640625e-07,9.5367431640625e-07,0.0018596649169921,9.5367431640625e-07,1.3545799255371092
y_equal_count_stripes__v2020__B4|1719,211018,12.76220417022705,0.0220546722412109,1.6939172744750977,1.662078857421875,0.1386288130474177,0.0,0.0,0.0567217916250228,0.0,9.5367431640625e-07,9.5367431640625e-07,0.0018596649169921,9.5367431640625e-07,1.640024185180664
y_equal_count_stripes__v2020__B4|1719,211019,12.76220417022705,0.571415901184082,1.1449012756347656,1.5149993896484375,0.1369676834793114,0.0,0.0,0.0572987422347068,0.0,9.5367431640625e-07,9.5367431640625e-07,0.0018596649169921,9.5367431640625e-07,0.9435834884643555
y_equal_count_stripes__v2020__B4|1719,211020,12.76220417022705,0.9303855895996094,0.7867116928100586,0.7703771591186523,0.0335246149199637,0.0,0.0,0.0563710033893585,0.0,9.5367431640625e-07,9.5367431640625e-07,0.0018596649169921,9.5367431640625e-07,-0.16000843048095703
y_equal_count_stripes__v2020__B4|1448,211001,10.46849250793457,2.8993959426879883,1.100102424621582,3.255456924438477,0.329356689821806,0.0,0.0,0.0664047598838806,0.0,9.5367431640625e-07,9.5367431640625e-07,2.765655517578125e-05,9.5367431640625e-07,0.3560609817504887
y_equal_count_stripes__v2020__B4|1448,211002,10.46849250793457,2.959766387939453,1.0429410934448242,2.4024829864501958,0.3690727876774388,0.0,0.0,0.066344067454338,0.0,9.5367431640625e-07,9.5367431640625e-07,2.765655517578125e-05,9.5367431640625e-07,-0.5572834014892574
y_equal_count_stripes__v2020__B4|1448,211003,10.46849250793457,2.828749656677246,1.173264503479004,3.431338310241699,0.2899426155240108,0.0,0.0,0.0660208761692047,0.0,9.5367431640625e-07,9.5367431640625e-07,2.765655517578125e-05,9.5367431640625e-07,0.6025886535644531
y_equal_count_stripes__v2020__B4|1448,211004,10.46849250793457,2.3559370040893555,1.6446142196655271,3.8465147018432617,0.3423437028088191,0.0,0.0,0.0646237730979919,0.0,9.5367431640625e-07,9.5367431640625e-07,2.765655517578125e-05,9.5367431640625e-07,1.4905776977539062
y_equal_count_stripes__v2020__B4|1448,211005,10.46849250793457,2.4090709686279297,1.591843605041504,3.725472450256348,0.300362428269405,0.0,0.0,0.0677944645285606,0.0,9.5367431640625e-07,9.5367431640625e-07,2.765655517578125e-05,9.5367431640625e-07,1.3164014816284184
y_equal_count_stripes__v2020__B4|1448,211006,10.46849250793457,2.2722091674804688,1.7329912185668943,3.699809074401856,0.3870431893687707,0.0,0.0,0.066047690808773,0.0,9.5367431640625e-07,9.5367431640625e-07,2.765655517578125e-05,9.5367431640625e-07,1.4275999069213872
y_equal_count_stripes__v2020__B4|1448,211007,10.46849250793457,2.631603240966797,1.3684558868408203,2.8075685501098637,0.220024161884627,0.0,0.0,0.0668158158659935,0.0,9.5367431640625e-07,9.5367431640625e-07,2.765655517578125e-05,9.5367431640625e-07,0.17596530914306685
y_equal_count_stripes__v2020__B4|1448,211008,10.46849250793457,1.9218149185180664,2.080325126647949,2.4464244842529297,0.3551797040169133,0.0,0.0,0.0652964413166046,0.0,9.5367431640625e-07,9.5367431640625e-07,2.765655517578125e-05,9.5367431640625e-07,0.5246095657348633
y_equal_count_stripes__v2020__B4|1448,211009,10.46849250793457,2.6912221908569336,1.3118553161621094,3.919781684875488,0.3684687405617639,0.0,0.0,0.0670020282268524,0.0,9.5367431640625e-07,9.5367431640625e-07,2.765655517578125e-05,9.5367431640625e-07,1.2285594940185542
y_equal_count_stripes__v2020__B4|1448,211010,10.46849250793457,3.0172481536865234,0.9872140884399414,3.702045440673828,0.2786167321051042,0.0,0.0,0.0646872669458389,0.0,9.5367431640625e-07,9.5367431640625e-07,2.765655517578125e-05,9.5367431640625e-07,0.6847972869873047
y_equal_count_stripes__v2020__B4|1448,211011,10.46849250793457,2.174788475036621,1.8305330276489256,3.718204498291016,0.3305647840531561,0.0,0.0,0.0650219172239303,0.0,9.5367431640625e-07,9.5367431640625e-07,2.765655517578125e-05,9.5367431640625e-07,1.543416023254395
y_equal_count_stripes__v2020__B4|1448,211012,10.46849250793457,2.822925567626953,1.1795721054077148,3.868864059448242,0.354726668680157,0.0,0.0,0.0674019604921341,0.0,9.5367431640625e-07,9.5367431640625e-07,2.765655517578125e-05,9.5367431640625e-07,1.045938491821289
y_equal_count_stripes__v2020__B4|1448,211013,10.46849250793457,2.526388168334961,1.478358268737793,3.2389650344848637,0.3239202657807308,0.0,0.0,0.0644087493419647,0.0,9.5367431640625e-07,9.5367431640625e-07,2.765655517578125e-05,9.5367431640625e-07,0.7125768661499028
y_equal_count_stripes__v2020__B4|1448,211014,10.46849250793457,2.317221641540528,1.684856414794922,3.461104393005371,0.3486861975234068,0.0,0.0,0.0655452162027359,0.0,9.5367431640625e-07,9.5367431640625e-07,2.765655517578125e-05,9.5367431640625e-07,1.1438827514648433
y_equal_count_stripes__v2020__B4|1448,211015,10.46849250793457,2.251161575317383,1.7514982223510742,2.1175098419189453,0.3420416792509815,0.0,0.0,0.0650214701890945,0.0,9.5367431640625e-07,9.5367431640625e-07,2.765655517578125e-05,9.5367431640625e-07,-0.1336517333984375
y_equal_count_stripes__v2020__B4|1448,211016,10.46849250793457,2.3298282623291016,1.6715211868286133,3.2823495864868164,0.3746602234974328,0.0,0.0,0.0688982754945755,0.0,9.5367431640625e-07,9.5367431640625e-07,2.765655517578125e-05,9.5367431640625e-07,0.9525213241577148
y_equal_count_stripes__v2020__B4|1448,211017,10.46849250793457,2.087982177734375,1.914525032043457,3.568448066711426,0.4995469646632438,0.0,0.0,0.0655313730239868,0.0,9.5367431640625e-07,9.5367431640625e-07,2.765655517578125e-05,9.5367431640625e-07,1.4804658889770508
y_equal_count_stripes__v2020__B4|1448,211018,10.46849250793457,1.9444494247436523,2.059532165527344,3.908228874206543,0.4013893083660525,0.0,0.0,0.0667463690042495,0.0,9.5367431640625e-07,9.5367431640625e-07,2.765655517578125e-05,9.5367431640625e-07,1.9637794494628906
y_equal_count_stripes__v2020__B4|1448,211019,10.46849250793457,2.449870109558105,1.5525236129760742,3.343439102172852,0.2829960736937481,0.0,0.0,0.0649154633283615,0.0,9.5367431640625e-07,9.5367431640625e-07,2.765655517578125e-05,9.5367431640625e-07,0.893568992614747
y_equal_count_stripes__v2020__B4|1448,211020,10.46849250793457,2.991011619567871,1.0140771865844729,2.757863044738769,0.2783147085472667,0.0,0.0,0.0643442347645759,0.0,9.5367431640625e-07,9.5367431640625e-07,2.765655517578125e-05,9.5367431640625e-07,-0.233148574829102
polar_north_clockwise_equal_count__v2010__B1|1235,211001,9.012609481811523,3.661431312561035,0.6609878540039062,3.927959442138672,-0.0048323769254001,0.0,0.0,0.1069534718990325,0.0,0.0,0.0,0.0046157836914062,0.0,0.2665281295776367
polar_north_clockwise_equal_count__v2010__B1|1235,211002,9.012609481811523,0.5044136047363281,3.8174562454223633,2.82473373413086,0.1667170039263062,0.0,0.0,0.1095108762383461,0.0,0.0,0.0,0.0046157836914062,0.0,2.3203201293945317
polar_north_clockwise_equal_count__v2010__B1|1235,211003,9.012609481811523,3.244979858398437,1.077469825744629,5.448407173156738,0.1091815161582603,0.0,0.0,0.1068722754716873,0.0,0.0,0.0,0.0046157836914062,0.0,2.2034273147583012
polar_north_clockwise_equal_count__v2010__B1|1235,211004,9.012609481811523,1.9994535446166992,2.322469711303711,4.904646873474121,0.2473572938689218,0.0,0.0,0.108697734773159,0.0,0.0,0.0,0.0046157836914062,0.0,2.905193328857422
polar_north_clockwise_equal_count__v2010__B1|1235,211005,9.012609481811523,2.8361854553222656,1.4857673645019531,4.589201927185059,0.0672002416188462,0.0,0.0,0.111238919198513,0.0,0.0,0.0,0.0046157836914062,0.0,1.753016471862793
polar_north_clockwise_equal_count__v2010__B1|1235,211006,9.012609481811523,0.1463766098022461,4.175551414489746,4.54078483581543,0.0907580791301721,0.0,0.0,0.1097946017980575,0.0,0.0,0.0,0.0046157836914062,0.0,4.394408226013184
polar_north_clockwise_equal_count__v2010__B1|1235,211007,9.012609481811523,0.031829833984375,4.290124893188477,0.4124279022216797,0.1336454243430987,0.0,0.0,0.1075408086180687,0.0,0.0,0.0,0.0046157836914062,0.0,0.3805980682373047
polar_north_clockwise_equal_count__v2010__B1|1235,211008,9.012609481811523,0.4490165710449219,3.872882843017578,3.541366577148437,0.1041981274539414,0.0,0.0,0.1097118631005287,0.0,0.0,0.0,0.0046157836914062,0.0,3.092350006103515
polar_north_clockwise_equal_count__v2010__B1|1235,211009,9.012609481811523,0.4030284881591797,4.7247467041015625,4.885353088378906,0.1881606765327695,0.0,0.0,0.1086830720305442,0.0,0.0,0.0,0.0046157836914062,0.0,4.482324600219727
polar_north_clockwise_equal_count__v2010__B1|1235,211010,9.012609481811523,0.0141868591308593,4.3357038497924805,5.357892990112305,0.1066143159166415,0.0,0.0,0.1105989068746566,0.0,0.0,0.0,0.0046157836914062,0.0,5.343706130981445
polar_north_clockwise_equal_count__v2010__B1|1235,211011,9.012609481811523,0.3735857009887695,4.6954193115234375,4.395910263061523,0.1344004832376925,0.0,0.0,0.1081970781087875,0.0,0.0,0.0,0.0046157836914062,0.0,4.022324562072754
polar_north_clockwise_equal_count__v2010__B1|1235,211012,9.012609481811523,0.6881828308105469,5.0102386474609375,4.299208641052246,0.1768347931138628,0.0,0.0,0.1088451072573661,0.0,0.0,0.0,0.0046157836914062,0.0,3.611025810241699
polar_north_clockwise_equal_count__v2010__B1|1235,211013,9.012609481811523,3.695929527282715,0.6260128021240234,4.204275131225586,0.0081546360616128,0.0,0.0,0.1085257679224014,0.0,0.0,0.0,0.0046157836914062,0.0,0.5083456039428711
polar_north_clockwise_equal_count__v2010__B1|1235,211014,9.012609481811523,2.605020523071289,1.7170133590698242,1.636458396911621,0.0563273935366958,0.0,0.0,0.1091815084218978,0.0,0.0,0.0,0.0046157836914062,0.0,-0.968562126159668
polar_north_clockwise_equal_count__v2010__B1|1235,211015,9.012609481811523,2.8252954483032227,1.4968833923339844,2.6960229873657227,0.0356387798248263,0.0,0.0,0.108930766582489,0.0,0.0,0.0,0.0046157836914062,0.0,-0.1292724609375
polar_north_clockwise_equal_count__v2010__B1|1235,211016,9.012609481811523,0.2773723602294922,4.59925651550293,3.99247932434082,0.1312292358803986,0.0,0.0,0.1111964583396911,0.0,0.0,0.0,0.0046157836914062,0.0,3.7151069641113277
polar_north_clockwise_equal_count__v2010__B1|1235,211017,9.012609481811523,2.488584518432617,1.8333797454833984,3.0310211181640625,0.2375415282392026,0.0,0.0,0.1082983687520027,0.0,0.0,0.0,0.0046157836914062,0.0,0.5424365997314453
polar_north_clockwise_equal_count__v2010__B1|1235,211018,9.012609481811523,2.351612091064453,1.9706525802612305,3.977665901184082,0.2787677438840229,0.0,0.0,0.1070524379611015,0.0,0.0,0.0,0.0046157836914062,0.0,1.626053810119629
polar_north_clockwise_equal_count__v2010__B1|1235,211019,9.012609481811523,2.70906925201416,1.6126937866210938,4.833269119262695,0.1629417094533373,0.0,0.0,0.110557235777378,0.0,0.0,0.0,0.0046157836914062,0.0,2.124199867248535
polar_north_clockwise_equal_count__v2010__B1|1235,211020,9.012609481811523,0.3653793334960937,3.9564733505249023,3.1698150634765625,0.1099365750528541,0.0,0.0,0.106872409582138,0.0,0.0,0.0,0.0046157836914062,0.0,2.8044357299804688
polar_north_clockwise_equal_count__v2010__B1|1005,211001,9.77540683746338,2.495388984680176,1.077312469482422,3.065884590148926,-0.0308064028994261,0.0,0.0,0.3043365776538849,0.0,0.0,0.0,0.1073951721191406,0.0,0.57049560546875
polar_north_clockwise_equal_count__v2010__B1|1005,211002,9.77540683746338,1.518270492553711,5.073254585266113,2.418642044067383,0.0978556327393536,0.0,0.0,0.317522794008255,0.0,0.0,0.0,0.1073951721191406,0.0,0.9003715515136719
polar_north_clockwise_equal_count__v2010__B1|1005,211003,9.77540683746338,1.3710145950317385,2.1954870223999023,4.757786750793457,0.0572334642102084,0.0,0.0,0.3083494901657104,0.0,0.0,0.0,0.1073951721191406,0.0,3.3867721557617188
polar_north_clockwise_equal_count__v2010__B1|1005,211004,9.77540683746338,1.687387466430664,5.2515363693237305,4.876543998718262,0.1987315010570824,0.0,0.0,0.3115063309669494,0.0,0.0,0.0,0.1073951721191406,0.0,3.1891565322875977
polar_north_clockwise_equal_count__v2010__B1|1005,211005,9.77540683746338,2.141026496887207,1.4158954620361328,3.827282905578613,0.0517970401691331,0.0,0.0,0.3083159029483795,0.0,0.0,0.0,0.1073951721191406,0.0,1.6862564086914058
polar_north_clockwise_equal_count__v2010__B1|1005,211006,9.77540683746338,1.95536470413208,5.520657539367676,3.8435983657836914,0.0539112050739957,0.0,0.0,0.3180624544620514,0.0,0.0,0.0,0.1073951721191406,0.0,1.8882336616516113
polar_north_clockwise_equal_count__v2010__B1|1005,211007,9.77540683746338,0.7208223342895508,4.283371925354004,0.2179183959960937,0.0517970401691331,0.0,0.0,0.3130368292331695,0.0,0.0,0.0,0.1073951721191406,0.0,-0.502903938293457
polar_north_clockwise_equal_count__v2010__B1|1005,211008,9.77540683746338,1.116682052612305,4.678737640380859,3.667838096618652,0.1218665055874358,0.0,0.0,0.3135621845722198,0.0,0.0,0.0,0.1073951721191406,0.0,2.5511560440063468
polar_north_clockwise_equal_count__v2010__B1|1005,211009,9.77540683746338,2.0208330154418945,5.577339172363281,4.116421699523926,0.247206282090003,0.0,0.0,0.3165276944637298,0.0,0.0,0.0,0.1073951721191406,0.0,2.0955886840820312
polar_north_clockwise_equal_count__v2010__B1|1005,211010,9.77540683746338,1.8882036209106443,5.441977500915527,5.038626670837402,0.1572032618544246,0.0,0.0,0.3134855926036834,0.0,0.0,0.0,0.1073951721191406,0.0,3.150423049926758
polar_north_clockwise_equal_count__v2010__B1|1005,211011,9.77540683746338,2.5633201599121094,6.117850303649902,3.79496955871582,0.1276049531863485,0.0,0.0,0.3150812089443207,0.0,0.0,0.0,0.1073951721191406,0.0,1.2316493988037105
polar_north_clockwise_equal_count__v2010__B1|1005,211012,9.77540683746338,1.5064048767089844,5.068471908569336,3.91252326965332,0.1058592570220477,0.0,0.0,0.3152591586112976,0.0,0.0,0.0,0.1073951721191406,0.0,2.4061183929443355
polar_north_clockwise_equal_count__v2010__B1|1005,211013,9.77540683746338,2.7905168533325195,0.7890968322753906,4.060829162597656,0.0070975536091815,0.0,0.0,0.303495854139328,0.0,0.0,0.0,0.1073951721191406,0.0,1.2703123092651367
polar_north_clockwise_equal_count__v2010__B1|1005,211014,9.77540683746338,1.4913740158081057,2.07209587097168,0.020024299621582,0.0288432497734823,0.0,0.0,0.3111274838447571,0.0,0.0,0.0,0.1073951721191406,0.0,-1.4713497161865237
polar_north_clockwise_equal_count__v2010__B1|1005,211015,9.77540683746338,2.0491786003112797,5.611299514770508,1.8852558135986328,0.1135608577469042,0.0,0.0,0.3105554580688476,0.0,0.0,0.0,0.1073951721191406,0.0,-0.16392278671264693
polar_north_clockwise_equal_count__v2010__B1|1005,211016,9.77540683746338,1.982010841369629,5.534189224243164,3.0325698852539062,0.0108728480821504,0.0,0.0,0.3183087408542633,0.0,0.0,0.0,0.1073951721191406,0.0,1.0505590438842773
polar_north_clockwise_equal_count__v2010__B1|1005,211017,9.77540683746338,1.936288833618164,1.6309585571289062,2.917686462402344,0.0853216550890969,0.0,0.0,0.3048596978187561,0.0,0.0,0.0,0.1073951721191406,0.0,0.9813976287841801
polar_north_clockwise_equal_count__v2010__B1|1005,211018,9.77540683746338,1.8572683334350584,5.420528411865234,3.042454719543457,0.2307459981878586,0.0,0.0,0.3123621940612793,0.0,0.0,0.0,0.1073951721191406,0.0,1.1851863861083987
polar_north_clockwise_equal_count__v2010__B1|1005,211019,9.77540683746338,1.986525535583496,1.577554702758789,4.82536506652832,0.0996677740863787,0.0,0.0,0.3090482950210571,0.0,0.0,0.0,0.1073951721191406,0.0,2.838839530944824
polar_north_clockwise_equal_count__v2010__B1|1005,211020,9.77540683746338,1.7002906799316406,5.256185531616211,2.4737043380737305,0.1360616128057988,0.0,0.0,0.3127057254314422,0.0,0.0,0.0,0.1073951721191406,0.0,0.7734136581420898
polar_north_clockwise_equal_count__v2010__B1|3503,211001,17.654714584350586,3.354551315307617,0.9405307769775392,4.247288703918457,0.0714285714285714,0.0,0.0,0.0925132036209106,0.0,0.0,0.0,0.025665283203125,0.0,0.8927373886108398
polar_north_clockwise_equal_count__v2010__B1|3503,211002,17.654714584350586,3.8463306427001953,0.4526233673095703,0.2413063049316406,0.194050135910601,0.0,0.0,0.0858306214213371,0.0,0.0,0.0,0.025665283203125,0.0,-3.6050243377685547
polar_north_clockwise_equal_count__v2010__B1|3503,211003,17.654714584350586,2.2955617904663086,2.00490665435791,4.587127685546875,0.1232256115977046,0.0,0.0,0.0945373922586441,0.0,0.0,0.0,0.025665283203125,0.0,2.2915658950805664
polar_north_clockwise_equal_count__v2010__B1|3503,211004,17.654714584350586,1.8595514297485352,2.4341840744018555,4.146158218383789,0.2302929628511024,0.0,0.0,0.0937741622328758,0.0,0.0,0.0,0.025665283203125,0.0,2.286606788635254
polar_north_clockwise_equal_count__v2010__B1|3503,211005,17.654714584350586,2.562821388244629,1.7336139678955078,4.177451133728027,0.0804892781636967,0.0,0.0,0.0911419466137886,0.0,0.0,0.0,0.025665283203125,0.0,1.6146297454833984
polar_north_clockwise_equal_count__v2010__B1|3503,211006,17.654714584350586,1.4480953216552734,2.8487319946289062,4.252202987670898,0.1256418000604047,0.0,0.0,0.0923045724630355,0.0,0.0,0.0,0.025665283203125,0.0,2.804107666015625
polar_north_clockwise_equal_count__v2010__B1|3503,211007,17.654714584350586,3.7207107543945312,0.5746345520019531,3.88472843170166,0.0921171851404409,0.0,0.0,0.0938509702682495,0.0,0.0,0.0,0.025665283203125,0.0,0.1640176773071289
polar_north_clockwise_equal_count__v2010__B1|3503,211008,17.654714584350586,2.3004074096679688,1.997178077697754,2.378257751464844,0.1384778012684989,0.0,0.0,0.0912826582789421,0.0,0.0,0.0,0.025665283203125,0.0,0.07785034179687544
polar_north_clockwise_equal_count__v2010__B1|3503,211009,17.654714584350586,1.8340702056884768,2.459188461303711,4.251465797424316,0.1094835397160978,0.0,0.0,0.0935462191700935,0.0,0.0,0.0,0.025665283203125,0.0,2.41739559173584
polar_north_clockwise_equal_count__v2010__B1|3503,211010,17.654714584350586,3.962226867675781,0.3349647521972656,4.571067810058594,0.0767139836907278,0.0,0.0,0.0896463766694068,0.0,0.0,0.0,0.025665283203125,0.0,0.6088409423828129
polar_north_clockwise_equal_count__v2010__B1|3503,211011,17.654714584350586,2.4856414794921875,1.8118400573730469,4.152796745300293,0.1251887647236484,0.0,0.0,0.0918920636177063,0.0,0.0,0.0,0.025665283203125,0.0,1.6671552658081055
polar_north_clockwise_equal_count__v2010__B1|3503,211012,17.654714584350586,3.1440916061401367,1.1506366729736328,4.385275840759277,0.140893989731199,0.0,0.0,0.0918626487255096,0.0,0.0,0.0,0.025665283203125,0.0,1.2411842346191406
polar_north_clockwise_equal_count__v2010__B1|3503,211013,17.654714584350586,2.276331901550293,2.021868705749512,4.034282684326172,0.0368468740561763,0.0,0.0,0.0891298502683639,0.0,0.0,0.0,0.025665283203125,0.0,1.757950782775879
polar_north_clockwise_equal_count__v2010__B1|3503,211014,17.654714584350586,1.7168264389038086,2.5790252685546875,4.211431503295898,0.2006946541830262,0.0,0.0,0.0961548164486885,0.0,0.0,0.0,0.025665283203125,0.0,2.49460506439209
polar_north_clockwise_equal_count__v2010__B1|3503,211015,17.654714584350586,1.8527374267578125,2.4412755966186523,0.6017398834228516,0.0576864995469646,0.0,0.0,0.0864781439304351,0.0,0.0,0.0,0.025665283203125,0.0,-1.250997543334961
polar_north_clockwise_equal_count__v2010__B1|3503,211016,17.654714584350586,3.683100700378418,0.6150608062744141,2.719003677368164,0.2123225611597704,0.0,0.0,0.091701328754425,0.0,0.0,0.0,0.025665283203125,0.0,-0.9640970230102539
polar_north_clockwise_equal_count__v2010__B1|3503,211017,17.654714584350586,2.5832290649414062,1.7147140502929688,3.215304374694824,0.1396858954998489,0.0,0.0,0.0876813158392906,0.0,0.0,0.0,0.025665283203125,0.0,0.632075309753418
polar_north_clockwise_equal_count__v2010__B1|3503,211018,17.654714584350586,0.8842983245849609,3.417308807373047,3.397924423217773,0.3118393234672305,0.0,0.0,0.0871299356222152,0.0,0.0,0.0,0.025665283203125,0.0,2.513626098632812
polar_north_clockwise_equal_count__v2010__B1|3503,211019,17.654714584350586,1.7818984985351562,2.514113426208496,4.446907043457031,0.2225913621262458,0.0,0.0,0.0885179340839386,0.0,0.0,0.0,0.025665283203125,0.0,2.665008544921875
polar_north_clockwise_equal_count__v2010__B1|3503,211020,17.654714584350586,3.6230735778808594,0.6744842529296875,2.733281135559082,0.20144971307762,0.0,0.0,0.0912341177463531,0.0,0.0,0.0,0.025665283203125,0.0,-0.8897924423217773
polar_north_clockwise_equal_count__v2010__B2|6418,211001,13.00817584991455,1.7120685577392578,0.7416877746582031,3.11942195892334,-0.1152219873150105,0.0,0.0,0.0558453425765037,0.0,0.0,0.0,0.0005359649658203,0.0,1.407353401184082
polar_north_clockwise_equal_count__v2010__B2|6418,211002,13.00817584991455,4.297419548034668,6.751388072967529,1.5071401596069336,-0.0794321957112654,0.0,0.0,0.0564778223633766,0.0,0.0,0.0,0.0005359649658203,0.0,-2.7902793884277344
polar_north_clockwise_equal_count__v2010__B2|6418,211003,13.00817584991455,0.4333305358886719,2.8871240615844727,4.249712944030762,-0.0916641498036846,0.0,0.0,0.0563365370035171,0.0,0.0,0.0,0.0005359649658203,0.0,3.81638240814209
polar_north_clockwise_equal_count__v2010__B2|6418,211004,13.00817584991455,2.2866010665893555,4.7406816482543945,3.679600715637207,0.0105708245243128,0.0,0.0,0.055971410125494,0.0,0.0,0.0,0.0005359649658203,0.0,1.3929996490478516
polar_north_clockwise_equal_count__v2010__B2|6418,211005,13.00817584991455,0.460698127746582,2.914950370788574,2.539767265319824,-0.03518574448807,0.0,0.0,0.057282168418169,0.0,0.0,0.0,0.0005359649658203,0.0,2.079069137573242
polar_north_clockwise_equal_count__v2010__B2|6418,211006,13.00817584991455,2.1543970108032227,4.608298301696777,3.2850637435913086,-0.0471156750226517,0.0,0.0,0.0571769252419471,0.0,0.0,0.0,0.0005359649658203,0.0,1.130666732788086
polar_north_clockwise_equal_count__v2010__B2|6418,211007,13.00817584991455,0.0318422317504882,2.4855470657348637,1.644515037536621,-0.0484747810329205,0.0,0.0,0.0555730611085891,0.0,0.0,0.0,0.0005359649658203,0.0,1.6126728057861328
polar_north_clockwise_equal_count__v2010__B2|6418,211008,13.00817584991455,1.884235382080078,4.33819580078125,1.806600570678711,-0.0872848082150407,0.0,0.0,0.057127546519041,0.0,0.0,0.0,0.0005359649658203,0.0,-0.07763481140136697
polar_north_clockwise_equal_count__v2010__B2|6418,211009,13.00817584991455,2.5105152130126958,4.964567184448242,2.9362707138061523,0.1147689519782543,0.0,0.0,0.0565848760306835,0.0,0.0,0.0,0.0005359649658203,0.0,0.4257555007934566
polar_north_clockwise_equal_count__v2010__B2|6418,211010,13.00817584991455,0.1482524871826172,2.6020078659057617,4.47152042388916,-0.1491996375717305,0.0,0.0,0.056382916867733,0.0,0.0,0.0,0.0005359649658203,0.0,4.323267936706543
polar_north_clockwise_equal_count__v2010__B2|6418,211011,13.00817584991455,2.154971122741699,4.609274864196777,2.8284454345703125,-0.0708245243128964,0.0,0.0,0.0551930367946624,0.0,0.0,0.0,0.0005359649658203,0.0,0.6734743118286133
polar_north_clockwise_equal_count__v2010__B2|6418,211012,13.00817584991455,2.10225772857666,4.556443214416504,2.9122562408447266,-0.0243128964059196,0.0,0.0,0.0562970973551273,0.0,0.0,0.0,0.0005359649658203,0.0,0.8099985122680664
polar_north_clockwise_equal_count__v2010__B2|6418,211013,13.00817584991455,0.2708492279052734,2.7245874404907227,4.3381757736206055,-0.0578375113258834,0.0,0.0,0.0562677010893821,0.0,0.0,0.0,0.0005359649658203,0.0,4.067326545715332
polar_north_clockwise_equal_count__v2010__B2|6418,211014,13.00817584991455,0.1540861129760742,2.608222007751465,1.384749412536621,-0.1899728178797946,0.0,0.0,0.0560058429837226,0.0,0.0,0.0,0.0005359649658203,0.0,1.2306632995605469
polar_north_clockwise_equal_count__v2010__B2|6418,211015,13.00817584991455,0.3396520614624023,2.793940544128418,1.2959280014038086,-0.1196013289036544,0.0,0.0,0.0564963072538375,0.0,0.0,0.0,0.0005359649658203,0.0,0.9562759399414062
polar_north_clockwise_equal_count__v2010__B2|6418,211016,13.00817584991455,0.1949920654296875,2.648944854736328,0.7377510070800781,-0.0528541226215644,0.0,0.0,0.0570468008518219,0.0,0.0,0.0,0.0005359649658203,0.0,0.5427589416503906
polar_north_clockwise_equal_count__v2010__B2|6418,211017,13.00817584991455,0.5773820877075195,3.031558990478516,3.3029661178588867,0.0048323769254001,0.0,0.0,0.0564295426011085,0.0,0.0,0.0,0.0005359649658203,0.0,2.725584030151367
polar_north_clockwise_equal_count__v2010__B2|6418,211018,13.00817584991455,4.100775718688965,6.554824352264404,2.4401988983154297,0.040773180308064,0.0,0.0,0.0551709160208702,0.0,0.0,0.0,0.0005359649658203,0.0,-1.6605768203735352
polar_north_clockwise_equal_count__v2010__B2|6418,211019,13.00817584991455,0.4358768463134765,2.8899545669555664,3.922488212585449,0.0576864995469646,0.0,0.0,0.0565876178443431,0.0,0.0,0.0,0.0005359649658203,0.0,3.4866113662719727
polar_north_clockwise_equal_count__v2010__B2|6418,211020,13.00817584991455,0.0142574310302734,2.439375877380371,0.1973237991333007,-0.1674720628209,0.0,0.0,0.0555052608251571,0.0,0.0,0.0,0.0005359649658203,0.0,0.1830663681030273
polar_north_clockwise_equal_count__v2010__B2|5154,211001,10.995087623596191,1.6881093978881836,2.12263298034668,3.017998695373535,0.5308064028994262,0.0,0.0,0.0580298565328121,0.0,9.5367431640625e-07,9.5367431640625e-07,0.0027055740356445,9.5367431640625e-07,1.3298892974853516
polar_north_clockwise_equal_count__v2010__B2|5154,211002,10.995087623596191,2.508305549621582,2.9429006576538086,0.2328805923461914,0.6096345514950167,0.0,0.0,0.0576782710850238,0.0,9.5367431640625e-07,9.5367431640625e-07,0.0027055740356445,9.5367431640625e-07,-2.2754249572753906
polar_north_clockwise_equal_count__v2010__B2|5154,211003,10.995087623596191,1.468332290649414,1.9022283554077148,1.5659494400024414,0.5372999093929327,0.0,0.0,0.0572047345340251,0.0,9.5367431640625e-07,9.5367431640625e-07,0.0027055740356445,9.5367431640625e-07,0.09761714935302734
polar_north_clockwise_equal_count__v2010__B2|5154,211004,10.995087623596191,3.954874038696289,4.389547348022461,0.8468608856201172,0.6667170039263062,0.0,0.0,0.0573697835206985,0.0,9.5367431640625e-07,9.5367431640625e-07,0.0027055740356445,9.5367431640625e-07,-3.108013153076172
polar_north_clockwise_equal_count__v2010__B2|5154,211005,10.995087623596191,2.5343027114868164,2.969795227050781,0.2586994171142578,0.6076713983690728,0.0,0.0,0.0589925684034824,0.0,9.5367431640625e-07,9.5367431640625e-07,0.0027055740356445,9.5367431640625e-07,-2.2756032943725586
polar_north_clockwise_equal_count__v2010__B2|5154,211006,10.995087623596191,2.615565299987793,3.0492100715637207,0.2969532012939453,0.5687103594080338,0.0,0.0,0.0585595592856407,0.0,9.5367431640625e-07,9.5367431640625e-07,0.0027055740356445,9.5367431640625e-07,-2.3186120986938477
polar_north_clockwise_equal_count__v2010__B2|5154,211007,10.995087623596191,2.9456701278686523,3.3801097869873047,0.1664266586303711,0.5895499848988222,0.0,0.0,0.0574304088950157,0.0,9.5367431640625e-07,9.5367431640625e-07,0.0027055740356445,9.5367431640625e-07,-2.7792434692382812
polar_north_clockwise_equal_count__v2010__B2|5154,211008,10.995087623596191,2.784029960632324,3.217562675476074,0.6556587219238281,0.6712473572938689,0.0,0.0,0.0586635507643222,0.0,9.5367431640625e-07,9.5367431640625e-07,0.0027055740356445,9.5367431640625e-07,-2.128371238708496
polar_north_clockwise_equal_count__v2010__B2|5154,211009,10.995087623596191,2.5558090209960938,2.9898252487182617,0.4249649047851562,0.5564784053156145,0.0,0.0,0.0578579418361187,0.0,9.5367431640625e-07,9.5367431640625e-07,0.0027055740356445,9.5367431640625e-07,-2.1308441162109375
polar_north_clockwise_equal_count__v2010__B2|5154,211010,10.995087623596191,1.0955276489257812,1.5300893783569336,1.62054443359375,0.5800362428269406,0.0,0.0,0.0579515099525451,0.0,9.5367431640625e-07,9.5367431640625e-07,0.0027055740356445,9.5367431640625e-07,0.5250167846679688
polar_north_clockwise_equal_count__v2010__B2|5154,211011,10.995087623596191,4.090630531311035,4.525062561035156,1.339618682861328,0.585925702204772,0.0,0.0,0.0570719353854656,0.0,9.5367431640625e-07,9.5367431640625e-07,0.0027055740356445,9.5367431640625e-07,-2.751011848449707
polar_north_clockwise_equal_count__v2010__B2|5154,211012,10.995087623596191,4.093951225280762,4.528508186340332,0.7864789962768555,0.6437632135306555,0.0,0.0,0.0577762015163898,0.0,9.5367431640625e-07,9.5367431640625e-07,0.0027055740356445,9.5367431640625e-07,-3.3074722290039062
polar_north_clockwise_equal_count__v2010__B2|5154,211013,10.995087623596191,2.526071548461914,2.959784507751465,0.823826789855957,0.4965267290848686,0.0,0.0,0.058632168918848,0.0,9.5367431640625e-07,9.5367431640625e-07,0.0027055740356445,9.5367431640625e-07,-1.702244758605957
polar_north_clockwise_equal_count__v2010__B2|5154,211014,10.995087623596191,1.4821205139160156,1.9162635803222656,2.684447288513184,0.4252491694352159,0.0,0.0,0.0579616911709308,0.0,9.5367431640625e-07,9.5367431640625e-07,0.0027055740356445,9.5367431640625e-07,1.2023267745971684
polar_north_clockwise_equal_count__v2010__B2|5154,211015,10.995087623596191,3.036794662475586,3.471030712127685,1.5590314865112305,0.6413470250679554,0.0,0.0,0.0584631524980068,0.0,9.5367431640625e-07,9.5367431640625e-07,0.0027055740356445,9.5367431640625e-07,-1.4777631759643555
polar_north_clockwise_equal_count__v2010__B2|5154,211016,10.995087623596191,2.936274528503418,3.3703904151916504,0.0224771499633789,0.6325883418906675,0.0,0.0,0.0591673739254474,0.0,9.5367431640625e-07,9.5367431640625e-07,0.0027055740356445,9.5367431640625e-07,-2.913797378540039
polar_north_clockwise_equal_count__v2010__B2|5154,211017,10.995087623596191,2.756218910217285,3.1907615661621094,0.8166437149047852,0.6291150709755361,0.0,0.0,0.058381263166666,0.0,9.5367431640625e-07,9.5367431640625e-07,0.0027055740356445,9.5367431640625e-07,-1.9395751953125
polar_north_clockwise_equal_count__v2010__B2|5154,211018,10.995087623596191,3.46205997467041,3.8957481384277344,0.2796669006347656,0.7056780428873453,0.0,0.0,0.0570902079343795,0.0,9.5367431640625e-07,9.5367431640625e-07,0.0027055740356445,9.5367431640625e-07,-3.1823930740356445
polar_north_clockwise_equal_count__v2010__B2|5154,211019,10.995087623596191,2.160098075866699,2.595081329345703,1.1744184494018557,0.6525218967079432,0.0,0.0,0.0584138594567775,0.0,9.5367431640625e-07,9.5367431640625e-07,0.0027055740356445,9.5367431640625e-07,-0.9856796264648435
polar_north_clockwise_equal_count__v2010__B2|5154,211020,10.995087623596191,2.0897035598754883,2.524092674255371,0.6662683486938477,0.6553911205073996,0.0,0.0,0.0575793161988258,0.0,9.5367431640625e-07,9.5367431640625e-07,0.0027055740356445,9.5367431640625e-07,-1.4234352111816406
polar_north_clockwise_equal_count__v2010__B2|7977,211001,16.68044662475586,4.830986976623535,1.2964515686035156,6.779674530029297,0.0356387798248263,0.0,0.0,0.3481898903846741,0.0,0.0,0.0,0.0078716278076171,0.0,1.9486875534057617
polar_north_clockwise_equal_count__v2010__B2|7977,211002,16.68044662475586,0.1629829406738281,5.964157104492188,0.6114044189453125,0.2225913621262458,0.0,0.0,0.3099696040153503,0.0,0.0,0.0,0.0078716278076171,0.0,0.4484214782714844
polar_north_clockwise_equal_count__v2010__B2|7977,211003,16.68044662475586,2.3740148544311523,3.75389575958252,7.206544876098633,0.1561461794019933,0.0,0.0,0.3175371289253235,0.0,0.0,0.0,0.0078716278076171,0.0,4.8325300216674805
polar_north_clockwise_equal_count__v2010__B2|7977,211004,16.68044662475586,1.4321537017822266,7.5608110427856445,5.576433181762695,0.2993053458169737,0.0,0.0,0.3309251368045807,0.0,0.0,0.0,0.0078716278076171,0.0,4.144279479980469
polar_north_clockwise_equal_count__v2010__B2|7977,211005,16.68044662475586,0.5635032653808594,5.565054893493652,5.998879432678223,0.2450921171851404,0.0,0.0,0.3260155618190765,0.0,0.0,0.0,0.0078716278076171,0.0,5.435376167297363
polar_north_clockwise_equal_count__v2010__B2|7977,211006,16.68044662475586,1.0448036193847656,5.083404541015625,5.290596961975098,0.2562669888251284,0.0,0.0,0.3178957402706146,0.0,0.0,0.0,0.0078716278076171,0.0,4.245793342590332
polar_north_clockwise_equal_count__v2010__B2|7977,211007,16.68044662475586,2.9006567001342773,3.227106094360352,4.930327415466309,0.0993657505285412,0.0,0.0,0.3381414711475372,0.0,0.0,0.0,0.0078716278076171,0.0,2.0296707153320312
polar_north_clockwise_equal_count__v2010__B2|7977,211008,16.68044662475586,2.5769710540771484,3.5502758026123047,5.605373382568359,0.1085774690425853,0.0,0.0,0.2988879680633545,0.0,0.0,0.0,0.0078716278076171,0.0,3.028402328491211
polar_north_clockwise_equal_count__v2010__B2|7977,211009,16.68044662475586,0.9047489166259766,7.034278869628906,5.23463249206543,0.3284506191482935,0.0,0.0,0.3102648854255676,0.0,0.0,0.0,0.0078716278076171,0.0,4.329883575439453
polar_north_clockwise_equal_count__v2010__B2|7977,211010,16.68044662475586,1.398381233215332,4.729495048522949,6.803249359130859,0.2872244035034733,0.0,0.0,0.3245372474193573,0.0,0.0,0.0,0.0078716278076171,0.0,5.404868125915527
polar_north_clockwise_equal_count__v2010__B2|7977,211011,16.68044662475586,1.6286773681640625,7.757854461669922,6.714737892150879,0.2052250075505889,0.0,0.0,0.3141560852527618,0.0,0.0,0.0,0.0078716278076171,0.0,5.086060523986816
polar_north_clockwise_equal_count__v2010__B2|7977,211012,16.68044662475586,2.067489624023437,8.197208404541016,5.0022382736206055,0.2422228933856841,0.0,0.0,0.3290838003158569,0.0,0.0,0.0,0.0078716278076171,0.0,2.9347486495971684
polar_north_clockwise_equal_count__v2010__B2|7977,211013,16.68044662475586,2.301180839538574,3.825800895690918,6.431363105773926,0.2157958320749018,0.0,0.0,0.3370610177516937,0.0,0.0,0.0,0.0078716278076171,0.0,4.130182266235352
polar_north_clockwise_equal_count__v2010__B2|7977,211014,16.68044662475586,1.2797508239746094,4.849501609802246,2.3408327102661133,0.0631229235880398,0.0,0.0,0.3226141929626465,0.0,0.0,0.0,0.0078716278076171,0.0,1.061081886291504
polar_north_clockwise_equal_count__v2010__B2|7977,211015,16.68044662475586,2.022445678710937,4.107595443725586,0.2821502685546875,0.1407429779522803,0.0,0.0,0.3255289196968078,0.0,0.0,0.0,0.0078716278076171,0.0,-1.7402954101562496
polar_north_clockwise_equal_count__v2010__B2|7977,211016,16.68044662475586,3.0509185791015625,3.076377868652344,3.698686599731445,0.1845363938387194,0.0,0.0,0.3630505800247192,0.0,0.0,0.0,0.0078716278076171,0.0,0.6477680206298824
polar_north_clockwise_equal_count__v2010__B2|7977,211017,16.68044662475586,0.0069999694824218,6.136466026306152,7.311758995056152,0.2852612503775295,0.0,0.0,0.3316787183284759,0.0,0.0,0.0,0.0078716278076171,0.0,7.3047590255737305
polar_north_clockwise_equal_count__v2010__B2|7977,211018,16.68044662475586,2.0052967071533203,8.134746551513672,5.994312286376953,0.3178797946239806,0.0,0.0,0.3013759255409241,0.0,0.0,0.0,0.0078716278076171,0.0,3.989015579223633
polar_north_clockwise_equal_count__v2010__B2|7977,211019,16.68044662475586,0.4741592407226562,5.655853271484375,8.247365951538086,0.3314708547266686,0.0,0.0,0.318866103887558,0.0,0.0,0.0,0.0078716278076171,0.0,7.77320671081543
polar_north_clockwise_equal_count__v2010__B2|7977,211020,16.68044662475586,3.3128528594970703,2.81436824798584,2.694337844848633,0.2315010570824524,0.0,0.0,0.3659597337245941,0.0,0.0,0.0,0.0078716278076171,0.0,-0.6185150146484375
polar_north_clockwise_equal_count__v2010__B3|2107,211001,10.123302459716797,1.5641536712646484,1.422832489013672,2.14509391784668,0.169284204167925,0.0,0.0,0.0599198527634143,0.0,0.0,0.0,5.245208740234375e-05,0.0,0.5809402465820317
polar_north_clockwise_equal_count__v2010__B3|2107,211002,10.123302459716797,1.5994806289672852,1.3868427276611328,0.6974887847900391,0.286771368166717,0.0,0.0,0.0593595430254936,0.0,0.0,0.0,5.245208740234375e-05,0.0,-0.9019918441772461
polar_north_clockwise_equal_count__v2010__B3|2107,211003,10.123302459716797,0.9292354583740234,2.057307243347168,2.578964233398437,0.1800060404711567,0.0,0.0,0.059147723019123,0.0,0.0,0.0,5.245208740234375e-05,0.0,1.6497287750244136
polar_north_clockwise_equal_count__v2010__B3|2107,211004,10.123302459716797,0.2519111633300781,2.7344675064086914,3.069394111633301,0.2734823316218664,0.0,0.0,0.0590955018997192,0.0,0.0,0.0,5.245208740234375e-05,0.0,2.8174829483032227
polar_north_clockwise_equal_count__v2010__B3|2107,211005,10.123302459716797,0.63104248046875,2.355182647705078,3.1465654373168945,0.1822712171549381,0.0,0.0,0.059538085013628,0.0,0.0,0.0,5.245208740234375e-05,0.0,2.5155229568481445
polar_north_clockwise_equal_count__v2010__B3|2107,211006,10.123302459716797,1.0844841003417969,1.902146339416504,2.584213256835937,0.3443068559347629,0.0,0.0,0.0583580210804939,0.0,0.0,0.0,5.245208740234375e-05,0.0,1.4997291564941402
polar_north_clockwise_equal_count__v2010__B3|2107,211007,10.123302459716797,1.7318191528320312,1.2548589706420898,4.063026428222656,0.2701600724856539,0.0,0.0,0.0591740831732749,0.0,0.0,0.0,5.245208740234375e-05,0.0,2.331207275390625
polar_north_clockwise_equal_count__v2010__B3|2107,211008,10.123302459716797,1.492487907409668,1.4944143295288086,2.234927177429199,0.2644216248867412,0.0,0.0,0.060383953154087,0.0,0.0,0.0,5.245208740234375e-05,0.0,0.7424392700195312
polar_north_clockwise_equal_count__v2010__B3|2107,211009,10.123302459716797,0.7440395355224609,3.7307052612304688,3.3700990676879883,0.4107520386590154,0.0,0.0,0.058411318808794,0.0,0.0,0.0,5.245208740234375e-05,0.0,2.6260595321655273
polar_north_clockwise_equal_count__v2010__B3|2107,211010,10.123302459716797,1.468796730041504,1.5171833038330078,2.6563615798950195,0.3067049229839927,0.0,0.0,0.0602739453315734,0.0,0.0,0.0,5.245208740234375e-05,0.0,1.1875648498535156
polar_north_clockwise_equal_count__v2010__B3|2107,211011,10.123302459716797,0.6357173919677734,3.6224069595336914,3.676759719848633,0.3649954696466324,0.0,0.0,0.0596043355762958,0.0,0.0,0.0,5.245208740234375e-05,0.0,3.0410423278808594
polar_north_clockwise_equal_count__v2010__B3|2107,211012,10.123302459716797,0.3330907821655273,3.3197383880615234,2.811427116394043,0.3332829960736937,0.0,0.0,0.0584510378539562,0.0,0.0,0.0,5.245208740234375e-05,0.0,2.4783363342285156
polar_north_clockwise_equal_count__v2010__B3|2107,211013,10.123302459716797,1.2613096237182615,1.7251205444335938,3.382354736328125,0.3073089700996678,0.0,0.0,0.0612981505692005,0.0,0.0,0.0,5.245208740234375e-05,0.0,2.1210451126098633
polar_north_clockwise_equal_count__v2010__B3|2107,211014,10.123302459716797,0.4427356719970703,3.429091453552246,3.4806699752807617,0.3366052552099063,0.0,0.0,0.0589252598583698,0.0,0.0,0.0,5.245208740234375e-05,0.0,3.0379343032836914
polar_north_clockwise_equal_count__v2010__B3|2107,211015,10.123302459716797,0.7842845916748047,3.77065658569336,0.6797466278076172,0.3852310480217457,0.0,0.0,0.0607349649071693,0.0,0.0,0.0,5.245208740234375e-05,0.0,-0.1045379638671875
polar_north_clockwise_equal_count__v2010__B3|2107,211016,10.123302459716797,1.6651411056518557,1.3216123580932615,2.7849016189575195,0.2162488674116581,0.0,0.0,0.061728149652481,0.0,0.0,0.0,5.245208740234375e-05,0.0,1.1197605133056638
polar_north_clockwise_equal_count__v2010__B3|2107,211017,10.123302459716797,0.0355663299560546,3.021864891052246,2.924278259277344,0.3471760797342192,0.0,0.0,0.0601902976632118,0.0,0.0,0.0,5.245208740234375e-05,0.0,2.8887119293212895
polar_north_clockwise_equal_count__v2010__B3|2107,211018,10.123302459716797,0.1382150650024414,3.1244497299194336,2.404019355773926,0.4501661129568106,0.0,0.0,0.060800015926361,0.0,0.0,0.0,5.245208740234375e-05,0.0,2.2658042907714844
polar_north_clockwise_equal_count__v2010__B3|2107,211019,10.123302459716797,0.2364978790283203,2.74997615814209,2.2212629318237305,0.262005436424041,0.0,0.0,0.0594744458794593,0.0,0.0,0.0,5.245208740234375e-05,0.0,1.9847650527954102
polar_north_clockwise_equal_count__v2010__B3|2107,211020,10.123302459716797,1.7119207382202148,1.274271011352539,0.6385908126831055,0.1262458471760797,0.0,0.0,0.0613951161503791,0.0,0.0,0.0,5.245208740234375e-05,0.0,-1.0733299255371094
polar_north_clockwise_equal_count__v2010__B3|5701,211001,14.573098182678224,0.378117561340332,1.83365535736084,2.101351737976074,0.4445786771368166,0.0,0.0,0.0553520731627941,0.0,9.5367431640625e-07,9.5367431640625e-07,0.0008764266967773,9.5367431640625e-07,1.7232341766357422
polar_north_clockwise_equal_count__v2010__B3|5701,211002,14.573098182678224,1.0821962356567385,2.537947654724121,2.233851432800293,0.4441256418000603,0.0,0.0,0.0550994835793972,0.0,9.5367431640625e-07,9.5367431640625e-07,0.0008764266967773,9.5367431640625e-07,1.1516551971435545
polar_north_clockwise_equal_count__v2010__B3|5701,211003,14.573098182678224,1.1308259963989258,2.587038993835449,0.3486528396606445,0.3909694956206584,0.0,0.0,0.0556889921426773,0.0,9.5367431640625e-07,9.5367431640625e-07,0.0008764266967773,9.5367431640625e-07,-0.7821731567382812
polar_north_clockwise_equal_count__v2010__B3|5701,211004,14.573098182678224,1.969172477722168,3.425583839416504,0.5824203491210938,0.5450015101177892,0.0,0.0,0.0553279407322406,0.0,9.5367431640625e-07,9.5367431640625e-07,0.0008764266967773,9.5367431640625e-07,-1.3867521286010742
polar_north_clockwise_equal_count__v2010__B3|5701,211005,14.573098182678224,1.9340696334838867,3.3904104232788086,1.451695442199707,0.4888251283600121,0.0,0.0,0.0565146394073963,0.0,9.5367431640625e-07,9.5367431640625e-07,0.0008764266967773,9.5367431640625e-07,-0.4823741912841797
polar_north_clockwise_equal_count__v2010__B3|5701,211006,14.573098182678224,0.9009647369384766,2.3570661544799805,0.1815595626831054,0.5299003322259136,0.0,0.0,0.0566598214209079,0.0,9.5367431640625e-07,9.5367431640625e-07,0.0008764266967773,9.5367431640625e-07,-0.7194051742553711
polar_north_clockwise_equal_count__v2010__B3|5701,211007,14.573098182678224,0.8603239059448242,2.316290855407715,0.6035213470458984,0.4308366052552099,0.0,0.0,0.0555018037557601,0.0,9.5367431640625e-07,9.5367431640625e-07,0.0008764266967773,9.5367431640625e-07,-0.2568025588989258
polar_north_clockwise_equal_count__v2010__B3|5701,211008,14.573098182678224,1.7536382675170898,3.209718704223633,1.3187360763549805,0.4356689821806101,0.0,0.0,0.0565268993377685,0.0,9.5367431640625e-07,9.5367431640625e-07,0.0008764266967773,9.5367431640625e-07,-0.4349021911621094
polar_north_clockwise_equal_count__v2010__B3|5701,211009,14.573098182678224,1.2043027877807615,2.6601686477661133,0.3372707366943359,0.5,0.0,0.0,0.0558166354894638,0.0,9.5367431640625e-07,9.5367431640625e-07,0.0008764266967773,9.5367431640625e-07,-0.8670320510864256
polar_north_clockwise_equal_count__v2010__B3|5701,211010,14.573098182678224,0.4176816940307617,1.873025894165039,0.4760255813598633,0.4613409845967986,0.0,0.0,0.0558622889220714,0.0,9.5367431640625e-07,9.5367431640625e-07,0.0008764266967773,9.5367431640625e-07,0.05834388732910156
polar_north_clockwise_equal_count__v2010__B3|5701,211011,14.573098182678224,0.8217430114746094,2.277623176574707,1.6055173873901367,0.5218967079432195,0.0,0.0,0.0535625293850898,0.0,9.5367431640625e-07,9.5367431640625e-07,0.0008764266967773,9.5367431640625e-07,0.7837743759155273
polar_north_clockwise_equal_count__v2010__B3|5701,211012,14.573098182678224,0.7415437698364258,2.197334289550781,0.7215261459350586,0.4907882814859559,0.0,0.0,0.0551456175744533,0.0,9.5367431640625e-07,9.5367431640625e-07,0.0008764266967773,9.5367431640625e-07,-0.020017623901367188
polar_north_clockwise_equal_count__v2010__B3|5701,211013,14.573098182678224,1.1160736083984375,2.5717506408691406,0.7790555953979492,0.4312896405919662,0.0,0.0,0.0562849640846252,0.0,9.5367431640625e-07,9.5367431640625e-07,0.0008764266967773,9.5367431640625e-07,-0.3370180130004883
polar_north_clockwise_equal_count__v2010__B3|5701,211014,14.573098182678224,0.7826566696166992,2.238292694091797,1.2739009857177734,0.4512231954092419,0.0,0.0,0.0551131293177604,0.0,9.5367431640625e-07,9.5367431640625e-07,0.0008764266967773,9.5367431640625e-07,0.4912443161010742
polar_north_clockwise_equal_count__v2010__B3|5701,211015,14.573098182678224,0.7765932083129883,2.232219696044922,1.776266098022461,0.488221081244337,0.0,0.0,0.0556375570595264,0.0,9.5367431640625e-07,9.5367431640625e-07,0.0008764266967773,9.5367431640625e-07,0.9996728897094727
polar_north_clockwise_equal_count__v2010__B3|5701,211016,14.573098182678224,1.170393943786621,2.6261463165283203,0.8564672470092773,0.4466928420416793,0.0,0.0,0.0571914128959178,0.0,9.5367431640625e-07,9.5367431640625e-07,0.0008764266967773,9.5367431640625e-07,-0.31392669677734375
polar_north_clockwise_equal_count__v2010__B3|5701,211017,14.573098182678224,0.7832918167114258,2.239657402038574,1.183563232421875,0.514799154334038,0.0,0.0,0.0555882528424263,0.0,9.5367431640625e-07,9.5367431640625e-07,0.0008764266967773,9.5367431640625e-07,0.4002714157104492
polar_north_clockwise_equal_count__v2010__B3|5701,211018,14.573098182678224,1.8191347122192385,3.275278091430664,0.9201841354370116,0.5702204771972214,0.0,0.0,0.0529956854879856,0.0,9.5367431640625e-07,9.5367431640625e-07,0.0008764266967773,9.5367431640625e-07,-0.8989505767822269
polar_north_clockwise_equal_count__v2010__B3|5701,211019,14.573098182678224,1.129197120666504,2.585176467895508,1.6866636276245115,0.347931138628813,0.0,0.0,0.056138277053833,0.0,9.5367431640625e-07,9.5367431640625e-07,0.0008764266967773,9.5367431640625e-07,0.5574665069580076
polar_north_clockwise_equal_count__v2010__B3|5701,211020,14.573098182678224,0.3906497955322265,1.8458518981933596,2.7493762969970703,0.4148293566898217,0.0,0.0,0.0553500987589359,0.0,9.5367431640625e-07,9.5367431640625e-07,0.0008764266967773,9.5367431640625e-07,2.3587265014648438
polar_north_clockwise_equal_count__v2010__B3|5380,211001,15.627602577209473,0.3316173553466797,2.1936731338500977,2.906801223754883,0.1694352159468438,0.0,0.0,0.0537465363740921,0.0,9.5367431640625e-07,9.5367431640625e-07,0.0001792907714843,9.5367431640625e-07,2.575183868408203
polar_north_clockwise_equal_count__v2010__B3|5380,211002,15.627602577209473,0.9078702926635742,3.433361053466797,2.313265800476074,0.273784355179704,0.0,0.0,0.0546875186264514,0.0,9.5367431640625e-07,9.5367431640625e-07,0.0001792907714843,9.5367431640625e-07,1.4053955078125
polar_north_clockwise_equal_count__v2010__B3|5380,211003,15.627602577209473,0.4156484603881836,2.9412965774536133,1.8336572647094729,0.2194201147689519,0.0,0.0,0.0537071414291858,0.0,9.5367431640625e-07,9.5367431640625e-07,0.0001792907714843,9.5367431640625e-07,1.4180088043212893
polar_north_clockwise_equal_count__v2010__B3|5380,211004,15.627602577209473,1.6689691543579102,4.194867134094238,1.817569732666016,0.3258834189066747,0.0,0.0,0.0537848211824893,0.0,9.5367431640625e-07,9.5367431640625e-07,0.0001792907714843,9.5367431640625e-07,0.1486005783081059
polar_north_clockwise_equal_count__v2010__B3|5380,211005,15.627602577209473,1.5751676559448242,4.100856781005859,2.895406723022461,0.2049229839927514,0.0,0.0,0.0544346570968627,0.0,9.5367431640625e-07,9.5367431640625e-07,0.0001792907714843,9.5367431640625e-07,1.3202390670776367
polar_north_clockwise_equal_count__v2010__B3|5380,211006,15.627602577209473,0.2884740829467773,2.81436824798584,1.1573362350463867,0.2864693446088794,0.0,0.0,0.0550428219139575,0.0,9.5367431640625e-07,9.5367431640625e-07,0.0001792907714843,9.5367431640625e-07,0.8688621520996094
polar_north_clockwise_equal_count__v2010__B3|5380,211007,15.627602577209473,0.429661750793457,2.096127510070801,1.6836023330688477,0.208849290244639,0.0,0.0,0.0531454011797905,0.0,9.5367431640625e-07,9.5367431640625e-07,0.0001792907714843,9.5367431640625e-07,1.2539405822753906
polar_north_clockwise_equal_count__v2010__B3|5380,211008,15.627602577209473,1.0110902786254885,3.5366601943969727,2.549839973449707,0.1997885835095137,0.0,0.0,0.0551566518843174,0.0,9.5367431640625e-07,9.5367431640625e-07,0.0001792907714843,9.5367431640625e-07,1.5387496948242185
polar_north_clockwise_equal_count__v2010__B3|5380,211009,15.627602577209473,0.8508234024047852,3.376527786254883,1.9072246551513672,0.2597402597402597,0.0,0.0,0.0539924688637256,0.0,9.5367431640625e-07,9.5367431640625e-07,0.0001792907714843,9.5367431640625e-07,1.056401252746582
polar_north_clockwise_equal_count__v2010__B3|5380,211010,15.627602577209473,1.0592050552368164,3.584677696228028,1.602094650268555,0.3729990939293264,0.0,0.0,0.0533143915235996,0.0,9.5367431640625e-07,9.5367431640625e-07,0.0001792907714843,9.5367431640625e-07,0.5428895950317385
polar_north_clockwise_equal_count__v2010__B3|5380,211011,15.627602577209473,0.4972715377807617,3.0231199264526367,3.1607561111450195,0.1869525823014195,0.0,0.0,0.0529838763177394,0.0,9.5367431640625e-07,9.5367431640625e-07,0.0001792907714843,9.5367431640625e-07,2.663484573364258
polar_north_clockwise_equal_count__v2010__B3|5380,211012,15.627602577209473,0.2725667953491211,2.7983217239379883,1.5928382873535156,0.2908486861975234,0.0,0.0,0.0538324117660522,0.0,9.5367431640625e-07,9.5367431640625e-07,0.0001792907714843,9.5367431640625e-07,1.3202714920043945
polar_north_clockwise_equal_count__v2010__B3|5380,211013,15.627602577209473,0.6332063674926758,1.89200496673584,1.9756460189819336,0.2740863787375415,0.0,0.0,0.0541030801832675,0.0,9.5367431640625e-07,9.5367431640625e-07,0.0001792907714843,9.5367431640625e-07,1.3424396514892578
polar_north_clockwise_equal_count__v2010__B3|5380,211014,15.627602577209473,0.305948257446289,2.8310670852661133,0.3844289779663086,0.2428269405013591,0.0,0.0,0.0542718917131423,0.0,9.5367431640625e-07,9.5367431640625e-07,0.0001792907714843,9.5367431640625e-07,0.07848072052001959
polar_north_clockwise_equal_count__v2010__B3|5380,211015,15.627602577209473,0.5020895004272461,3.027414321899414,1.8472251892089844,0.3128964059196617,0.0,0.0,0.0541420839726924,0.0,9.5367431640625e-07,9.5367431640625e-07,0.0001792907714843,9.5367431640625e-07,1.3451356887817383
polar_north_clockwise_equal_count__v2010__B3|5380,211016,15.627602577209473,0.7689485549926758,3.294435501098633,1.9046144485473635,0.20024161884627,0.0,0.0,0.0570807456970214,0.0,9.5367431640625e-07,9.5367431640625e-07,0.0001792907714843,9.5367431640625e-07,1.1356658935546877
polar_north_clockwise_equal_count__v2010__B3|5380,211017,15.627602577209473,0.2863626480102539,2.239373207092285,1.8623437881469729,0.266384778012685,0.0,0.0,0.0543869510293006,0.0,9.5367431640625e-07,9.5367431640625e-07,0.0001792907714843,9.5367431640625e-07,1.575981140136719
polar_north_clockwise_equal_count__v2010__B3|5380,211018,15.627602577209473,2.07302188873291,4.598631858825684,1.742741584777832,0.4275143461189973,0.0,0.0,0.0526720210909843,0.0,9.5367431640625e-07,9.5367431640625e-07,0.0001792907714843,9.5367431640625e-07,-0.3302803039550781
polar_north_clockwise_equal_count__v2010__B3|5380,211019,15.627602577209473,0.6885175704956055,1.8369712829589844,2.8596086502075195,0.2153427967381455,0.0,0.0,0.0543363876640796,0.0,9.5367431640625e-07,9.5367431640625e-07,0.0001792907714843,9.5367431640625e-07,2.171091079711914
polar_north_clockwise_equal_count__v2010__B3|5380,211020,15.627602577209473,0.2376384735107422,2.7629566192626958,3.2073850631713867,0.2574750830564784,0.0,0.0,0.0534091852605342,0.0,9.5367431640625e-07,9.5367431640625e-07,0.0001792907714843,9.5367431640625e-07,2.9697465896606445
polar_north_clockwise_equal_count__v2010__B4|3035,211001,9.81702995300293,4.013864517211914,0.5641555786132812,4.67765998840332,0.0377529447296889,0.0,0.0,0.1127992644906044,0.0,9.5367431640625e-07,9.5367431640625e-07,0.011270523071289,9.5367431640625e-07,0.6637954711914062
polar_north_clockwise_equal_count__v2010__B4|3035,211002,9.81702995300293,1.4804582595825195,3.097341537475586,3.373737335205078,0.1475385080036242,0.0,0.0,0.116563931107521,0.0,9.5367431640625e-07,9.5367431640625e-07,0.011270523071289,9.5367431640625e-07,1.8932790756225586
polar_north_clockwise_equal_count__v2010__B4|3035,211003,9.81702995300293,3.892546653747559,0.6851444244384766,4.68761157989502,-0.0507399577167019,0.0,0.0,0.1139235198497772,0.0,9.5367431640625e-07,9.5367431640625e-07,0.011270523071289,9.5367431640625e-07,0.7950649261474614
polar_north_clockwise_equal_count__v2010__B4|3035,211004,9.81702995300293,2.437428474426269,2.141350746154785,4.434665679931641,0.1772878284506191,0.0,0.0,0.115959346294403,0.0,9.5367431640625e-07,9.5367431640625e-07,0.011270523071289,9.5367431640625e-07,1.9972372055053715
polar_north_clockwise_equal_count__v2010__B4|3035,211005,9.81702995300293,2.49123764038086,2.086944580078125,3.941743850708008,0.1733615221987315,0.0,0.0,0.114061914384365,0.0,9.5367431640625e-07,9.5367431640625e-07,0.011270523071289,9.5367431640625e-07,1.450506210327148
polar_north_clockwise_equal_count__v2010__B4|3035,211006,9.81702995300293,1.3302288055419922,3.247343063354492,4.451231956481934,0.0903050437934158,0.0,0.0,0.1168855428695678,0.0,9.5367431640625e-07,9.5367431640625e-07,0.011270523071289,9.5367431640625e-07,3.1210031509399414
polar_north_clockwise_equal_count__v2010__B4|3035,211007,9.81702995300293,0.8295688629150391,3.748367309570313,1.3672237396240234,0.0978556327393536,0.0,0.0,0.1138321831822395,0.0,9.5367431640625e-07,9.5367431640625e-07,0.011270523071289,9.5367431640625e-07,0.5376548767089844
polar_north_clockwise_equal_count__v2010__B4|3035,211008,9.81702995300293,1.097900390625,3.479973793029785,3.2235240936279297,-0.0238598610691633,0.0,0.0,0.1162975877523422,0.0,9.5367431640625e-07,9.5367431640625e-07,0.011270523071289,9.5367431640625e-07,2.1256237030029297
polar_north_clockwise_equal_count__v2010__B4|3035,211009,9.81702995300293,0.081517219543457,4.49675178527832,4.710650444030762,0.2849592268196919,0.0,0.0,0.1153536662459373,0.0,9.5367431640625e-07,9.5367431640625e-07,0.011270523071289,9.5367431640625e-07,4.629133224487305
polar_north_clockwise_equal_count__v2010__B4|3035,211010,9.81702995300293,1.4723176956176758,3.105693817138672,4.911144256591797,0.0110238598610691,0.0,0.0,0.115749217569828,0.0,9.5367431640625e-07,9.5367431640625e-07,0.011270523071289,9.5367431640625e-07,3.438826560974121
polar_north_clockwise_equal_count__v2010__B4|3035,211011,9.81702995300293,0.1633901596069336,4.414525985717773,4.3560638427734375,0.2185140440954394,0.0,0.0,0.1155442968010902,0.0,9.5367431640625e-07,9.5367431640625e-07,0.011270523071289,9.5367431640625e-07,4.192673683166504
polar_north_clockwise_equal_count__v2010__B4|3035,211012,9.81702995300293,0.0746517181396484,4.65268611907959,5.065389633178711,0.1766837813349441,0.0,0.0,0.1157197654247284,0.0,9.5367431640625e-07,9.5367431640625e-07,0.011270523071289,9.5367431640625e-07,4.9907379150390625
polar_north_clockwise_equal_count__v2010__B4|3035,211013,9.81702995300293,3.475213050842285,1.102579116821289,3.813526153564453,0.1171851404409543,0.0,0.0,0.1138273030519485,0.0,9.5367431640625e-07,9.5367431640625e-07,0.011270523071289,9.5367431640625e-07,0.33831310272216797
polar_north_clockwise_equal_count__v2010__B4|3035,211014,9.81702995300293,2.6689767837524414,1.9096479415893557,1.807794570922852,-0.0083056478405315,0.0,0.0,0.1148988679051399,0.0,9.5367431640625e-07,9.5367431640625e-07,0.011270523071289,9.5367431640625e-07,-0.8611822128295894
polar_north_clockwise_equal_count__v2010__B4|3035,211015,9.81702995300293,2.390233993530273,2.18855094909668,2.938547134399414,0.2168529145273331,0.0,0.0,0.1157694831490516,0.0,9.5367431640625e-07,9.5367431640625e-07,0.011270523071289,9.5367431640625e-07,0.5483131408691411
polar_north_clockwise_equal_count__v2010__B4|3035,211016,9.81702995300293,0.9280004501342772,3.650015830993652,4.587137222290039,0.0744488070069465,0.0,0.0,0.1173329949378967,0.0,9.5367431640625e-07,9.5367431640625e-07,0.011270523071289,9.5367431640625e-07,3.6591367721557617
polar_north_clockwise_equal_count__v2010__B4|3035,211017,9.81702995300293,2.45082950592041,2.1274805068969727,4.120429039001465,0.1230745998187858,0.0,0.0,0.1138029769062995,0.0,9.5367431640625e-07,9.5367431640625e-07,0.011270523071289,9.5367431640625e-07,1.6695995330810547
polar_north_clockwise_equal_count__v2010__B4|3035,211018,9.81702995300293,0.4741935729980469,4.104019165039063,4.400059700012207,0.06795530051344,0.0,0.0,0.1154189780354499,0.0,9.5367431640625e-07,9.5367431640625e-07,0.011270523071289,9.5367431640625e-07,3.92586612701416
polar_north_clockwise_equal_count__v2010__B4|3035,211019,9.81702995300293,1.5271644592285156,3.050973892211914,4.381365776062012,0.1112956810631229,0.0,0.0,0.1148546412587165,0.0,9.5367431640625e-07,9.5367431640625e-07,0.011270523071289,9.5367431640625e-07,2.854201316833496
polar_north_clockwise_equal_count__v2010__B4|3035,211020,9.81702995300293,1.3528327941894531,3.2254209518432617,3.096482276916504,0.0770160072485653,0.0,0.0,0.1155017390847206,0.0,9.5367431640625e-07,9.5367431640625e-07,0.011270523071289,9.5367431640625e-07,1.7436494827270508
polar_north_clockwise_equal_count__v2010__B4|2690,211001,14.126953125,1.445169448852539,1.7094440460205078,0.3054342269897461,0.7866203563877983,0.0,0.0,0.0612299442291259,0.0,9.5367431640625e-07,9.5367431640625e-07,1.049041748046875e-05,9.5367431640625e-07,-1.139735221862793
polar_north_clockwise_equal_count__v2010__B4|2690,211002,14.126953125,1.4626579284667969,1.7269315719604492,1.1641769409179688,0.8503473270915131,0.0,0.0,0.056433904916048,0.0,9.5367431640625e-07,9.5367431640625e-07,1.049041748046875e-05,9.5367431640625e-07,-0.2984809875488281
polar_north_clockwise_equal_count__v2010__B4|2690,211003,14.126953125,1.3923463821411133,1.6566200256347656,0.0197963714599609,0.7568710359408033,0.0,0.0,0.0627719238400459,0.0,9.5367431640625e-07,9.5367431640625e-07,1.049041748046875e-05,9.5367431640625e-07,-1.3725500106811523
polar_north_clockwise_equal_count__v2010__B4|2690,211004,14.126953125,1.1167707443237305,1.3810453414916992,0.3122510910034179,0.8532165508909696,0.0,0.0,0.0572573915123939,0.0,9.5367431640625e-07,9.5367431640625e-07,1.049041748046875e-05,9.5367431640625e-07,-0.8045196533203125
polar_north_clockwise_equal_count__v2010__B4|2690,211005,14.126953125,1.373194694519043,1.637468338012695,0.1545753479003906,0.7653276955602537,0.0,0.0,0.0609417334198951,0.0,9.5367431640625e-07,9.5367431640625e-07,1.049041748046875e-05,9.5367431640625e-07,-1.2186193466186523
polar_north_clockwise_equal_count__v2010__B4|2690,211006,14.126953125,1.5270280838012695,1.791301727294922,0.3056392669677734,0.8906674720628208,0.0,0.0,0.0583317801356315,0.0,9.5367431640625e-07,9.5367431640625e-07,1.049041748046875e-05,9.5367431640625e-07,-1.221388816833496
polar_north_clockwise_equal_count__v2010__B4|2690,211007,14.126953125,1.3898534774780271,1.6541271209716797,0.5748815536499023,0.8849290244639082,0.0,0.0,0.0625067502260208,0.0,9.5367431640625e-07,9.5367431640625e-07,1.049041748046875e-05,9.5367431640625e-07,-0.8149719238281248
polar_north_clockwise_equal_count__v2010__B4|2690,211008,14.126953125,1.0283002853393557,1.2925729751586914,0.0669832229614257,0.8482331621866506,0.0,0.0,0.0650091022253036,0.0,9.5367431640625e-07,9.5367431640625e-07,1.049041748046875e-05,9.5367431640625e-07,-0.96131706237793
polar_north_clockwise_equal_count__v2010__B4|2690,211009,14.126953125,1.4707574844360352,1.735030174255371,0.0424098968505859,0.8240712775596497,0.0,0.0,0.0546663701534271,0.0,9.5367431640625e-07,9.5367431640625e-07,1.049041748046875e-05,9.5367431640625e-07,-1.4283475875854492
polar_north_clockwise_equal_count__v2010__B4|2690,211010,14.126953125,1.3555402755737305,1.6198129653930664,0.4112997055053711,0.9175475687103594,0.0,0.0,0.0591359063982963,0.0,9.5367431640625e-07,9.5367431640625e-07,1.049041748046875e-05,9.5367431640625e-07,-0.9442405700683594
polar_north_clockwise_equal_count__v2010__B4|2690,211011,14.126953125,1.5619840621948242,1.8262577056884768,0.4210920333862304,0.8686197523406824,0.0,0.0,0.0563371554017066,0.0,9.5367431640625e-07,9.5367431640625e-07,1.049041748046875e-05,9.5367431640625e-07,-1.1408920288085938
polar_north_clockwise_equal_count__v2010__B4|2690,211012,14.126953125,1.4060382843017578,1.6703119277954102,0.0335559844970703,0.8977650256720023,0.0,0.0,0.0593394748866558,0.0,9.5367431640625e-07,9.5367431640625e-07,1.049041748046875e-05,9.5367431640625e-07,-1.3724822998046875
polar_north_clockwise_equal_count__v2010__B4|2690,211013,14.126953125,1.1298036575317385,1.3940773010253906,0.0600624084472656,0.7413168227121716,0.0,0.0,0.0601379014551639,0.0,9.5367431640625e-07,9.5367431640625e-07,1.049041748046875e-05,9.5367431640625e-07,-1.0697412490844729
polar_north_clockwise_equal_count__v2010__B4|2690,211014,14.126953125,1.13287353515625,1.3971471786499023,0.5204839706420898,0.8797946239806704,0.0,0.0,0.0579910762608051,0.0,9.5367431640625e-07,9.5367431640625e-07,1.049041748046875e-05,9.5367431640625e-07,-0.6123895645141602
polar_north_clockwise_equal_count__v2010__B4|2690,211015,14.126953125,1.364659309387207,1.6289329528808594,1.303309440612793,0.8270915131380248,0.0,0.0,0.0589175969362258,0.0,9.5367431640625e-07,9.5367431640625e-07,1.049041748046875e-05,9.5367431640625e-07,-0.06134986877441406
polar_north_clockwise_equal_count__v2010__B4|2690,211016,14.126953125,1.104477882385254,1.3687515258789062,0.0362777709960937,0.821353065539112,0.0,0.0,0.0646597221493721,0.0,9.5367431640625e-07,9.5367431640625e-07,1.049041748046875e-05,9.5367431640625e-07,-1.0682001113891602
polar_north_clockwise_equal_count__v2010__B4|2690,211017,14.126953125,1.5619840621948242,1.8262577056884768,0.1962652206420898,0.8218061008758683,0.0,0.0,0.0536989644169807,0.0,9.5367431640625e-07,9.5367431640625e-07,1.049041748046875e-05,9.5367431640625e-07,-1.3657188415527344
polar_north_clockwise_equal_count__v2010__B4|2690,211018,14.126953125,0.9484462738037108,1.2127189636230469,0.3463420867919922,0.8032316520688614,0.0,0.0,0.0608429908752441,0.0,9.5367431640625e-07,9.5367431640625e-07,1.049041748046875e-05,9.5367431640625e-07,-0.6021041870117186
polar_north_clockwise_equal_count__v2010__B4|2690,211019,14.126953125,0.9253110885620116,1.1895856857299805,0.252532958984375,0.8186348535185743,0.0,0.0,0.0584537684917449,0.0,9.5367431640625e-07,9.5367431640625e-07,1.049041748046875e-05,9.5367431640625e-07,-0.6727781295776366
polar_north_clockwise_equal_count__v2010__B4|2690,211020,14.126953125,0.9791879653930664,1.2434625625610352,0.8001012802124023,0.8379643612201753,0.0,0.0,0.0617726072669029,0.0,9.5367431640625e-07,9.5367431640625e-07,1.049041748046875e-05,9.5367431640625e-07,-0.17908668518066406
polar_north_clockwise_equal_count__v2010__B4|704,211001,8.218157768249512,5.547842025756836,0.6290807723999023,6.131412506103516,0.0974025974025974,0.0,0.0,0.0771050229668617,0.0,1.9073486328125e-06,1.9073486328125e-06,0.0004749298095703,1.9073486328125e-06,0.5835704803466797
polar_north_clockwise_equal_count__v2010__B4|704,211002,8.218157768249512,2.294936180114746,3.882048606872559,4.647129058837891,0.2869223799456357,0.0,0.0,0.0737636089324951,0.0,1.9073486328125e-06,1.9073486328125e-06,0.0004749298095703,1.9073486328125e-06,2.3521928787231445
polar_north_clockwise_equal_count__v2010__B4|704,211003,8.218157768249512,5.532970428466797,0.643951416015625,6.046004295349121,0.0762609483539716,0.0,0.0,0.0748653411865234,0.0,1.9073486328125e-06,1.9073486328125e-06,0.0004749298095703,1.9073486328125e-06,0.5130338668823242
polar_north_clockwise_equal_count__v2010__B4|704,211004,8.218157768249512,3.916482925415039,2.2605762481689453,5.517126083374023,0.3772274237390516,0.0,0.0,0.0745401382446289,0.0,1.9073486328125e-06,1.9073486328125e-06,0.0004749298095703,1.9073486328125e-06,1.6006431579589844
polar_north_clockwise_equal_count__v2010__B4|704,211005,8.218157768249512,3.807025909423828,2.36994743347168,5.946726799011231,0.3529145273331319,0.0,0.0,0.0740940794348716,0.0,1.9073486328125e-06,1.9073486328125e-06,0.0004749298095703,1.9073486328125e-06,2.1397008895874032
polar_north_clockwise_equal_count__v2010__B4|704,211006,8.218157768249512,2.344472885131836,3.832526206970215,6.058060646057129,0.2635155542132286,0.0,0.0,0.0747456401586532,0.0,1.9073486328125e-06,1.9073486328125e-06,0.0004749298095703,1.9073486328125e-06,3.713587760925293
polar_north_clockwise_equal_count__v2010__B4|704,211007,8.218157768249512,1.8572654724121092,4.319701194763184,2.2431955337524414,0.1653578979160374,0.0,0.0,0.0745530873537063,0.0,1.9073486328125e-06,1.9073486328125e-06,0.0004749298095703,1.9073486328125e-06,0.38593006134033225
polar_north_clockwise_equal_count__v2010__B4|704,211008,8.218157768249512,1.757099151611328,4.419794082641602,4.781926155090332,0.0919661733615222,0.0,0.0,0.0787571966648101,0.0,1.9073486328125e-06,1.9073486328125e-06,0.0004749298095703,1.9073486328125e-06,3.024827003479004
polar_north_clockwise_equal_count__v2010__B4|704,211009,8.218157768249512,1.3213262557983398,4.855685234069824,6.036218643188477,0.3604651162790697,0.0,0.0,0.0743326619267463,0.0,1.9073486328125e-06,1.9073486328125e-06,0.0004749298095703,1.9073486328125e-06,4.714892387390137
polar_north_clockwise_equal_count__v2010__B4|704,211010,8.218157768249512,2.0862045288085938,4.090836524963379,6.414590835571289,0.3011174871639988,0.0,0.0,0.0740683376789093,0.0,1.9073486328125e-06,1.9073486328125e-06,0.0004749298095703,1.9073486328125e-06,4.328386306762695
polar_north_clockwise_equal_count__v2010__B4|704,211011,8.218157768249512,1.1425390243530271,5.034369468688965,6.308921813964844,0.2766535789791604,0.0,0.0,0.0756255313754081,0.0,1.9073486328125e-06,1.9073486328125e-06,0.0004749298095703,1.9073486328125e-06,5.166382789611816
polar_north_clockwise_equal_count__v2010__B4|704,211012,8.218157768249512,2.200119972229004,3.976841926574707,6.129340171813965,0.2909996979764422,0.0,0.0,0.0748513862490654,0.0,1.9073486328125e-06,1.9073486328125e-06,0.0004749298095703,1.9073486328125e-06,3.929220199584961
polar_north_clockwise_equal_count__v2010__B4|704,211013,8.218157768249512,5.365265846252441,0.8116922378540039,5.022156715393066,0.2517366354575657,0.0,0.0,0.0757353529334068,0.0,1.9073486328125e-06,1.9073486328125e-06,0.0004749298095703,1.9073486328125e-06,-0.343109130859375
polar_north_clockwise_equal_count__v2010__B4|704,211014,8.218157768249512,4.02257251739502,2.154454231262207,2.672283172607422,0.2808819087888855,0.0,0.0,0.0736798346042633,0.0,1.9073486328125e-06,1.9073486328125e-06,0.0004749298095703,1.9073486328125e-06,-1.3502893447875985
polar_north_clockwise_equal_count__v2010__B4|704,211015,8.218157768249512,3.9602556228637695,2.216729164123535,4.370028495788574,0.3494412564180006,0.0,0.0,0.076257899403572,0.0,1.9073486328125e-06,1.9073486328125e-06,0.0004749298095703,1.9073486328125e-06,0.4097728729248047
polar_north_clockwise_equal_count__v2010__B4|704,211016,8.218157768249512,1.6899528503417969,4.48689079284668,6.211991310119629,0.2704620960434914,0.0,0.0,0.078305572271347,0.0,1.9073486328125e-06,1.9073486328125e-06,0.0004749298095703,1.9073486328125e-06,4.522038459777832
polar_north_clockwise_equal_count__v2010__B4|704,211017,8.218157768249512,4.230430603027344,1.9466876983642576,5.199481964111328,0.227423739051646,0.0,0.0,0.075510948896408,0.0,1.9073486328125e-06,1.9073486328125e-06,0.0004749298095703,1.9073486328125e-06,0.9690513610839844
polar_north_clockwise_equal_count__v2010__B4|704,211018,8.218157768249512,4.093573570251465,2.083414077758789,6.101256370544434,0.2872244035034733,0.0,0.0,0.073192112147808,0.0,1.9073486328125e-06,1.9073486328125e-06,0.0004749298095703,1.9073486328125e-06,2.0076828002929688
polar_north_clockwise_equal_count__v2010__B4|704,211019,8.218157768249512,4.056188583374023,2.120846748352051,6.066682815551758,0.2781636967683479,0.0,0.0,0.0753714516758918,0.0,1.9073486328125e-06,1.9073486328125e-06,0.0004749298095703,1.9073486328125e-06,2.0104942321777344
polar_north_clockwise_equal_count__v2010__B4|704,211020,8.218157768249512,2.452739715576172,3.724251747131348,4.686766624450684,0.1581093325279371,0.0,0.0,0.0763064250349998,0.0,1.9073486328125e-06,1.9073486328125e-06,0.0004749298095703,1.9073486328125e-06,2.2340269088745117
polar_north_clockwise_equal_count__v2020__B1|1098,211001,12.407795906066896,0.328521728515625,1.398784637451172,2.0731725692749023,0.1180912111144669,0.0,0.0,0.0769115835428237,0.0,9.5367431640625e-07,9.5367431640625e-07,0.0082740783691406,9.5367431640625e-07,1.7446508407592773
polar_north_clockwise_equal_count__v2020__B1|1098,211002,12.407795906066896,2.000730514526367,3.727416038513184,0.6187572479248047,0.1759287224403503,0.0,0.0,0.0705521553754806,0.0,9.5367431640625e-07,9.5367431640625e-07,0.0082740783691406,9.5367431640625e-07,-1.3819732666015625
polar_north_clockwise_equal_count__v2020__B1|1098,211003,12.407795906066896,0.2593555450439453,1.4677953720092771,1.902531623840332,0.1386288130474177,0.0,0.0,0.0762185379862785,0.0,9.5367431640625e-07,9.5367431640625e-07,0.0082740783691406,9.5367431640625e-07,1.6431760787963867
polar_north_clockwise_equal_count__v2020__B1|1098,211004,12.407795906066896,0.3540687561035156,1.3731918334960938,1.9751901626586916,0.2195711265478707,0.0,0.0,0.0726955011487007,0.0,9.5367431640625e-07,9.5367431640625e-07,0.0082740783691406,9.5367431640625e-07,1.621121406555176
polar_north_clockwise_equal_count__v2020__B1|1098,211005,12.407795906066896,0.3062772750854492,1.420806884765625,2.47598648071289,0.0297493204469948,0.0,0.0,0.0728186145424842,0.0,9.5367431640625e-07,9.5367431640625e-07,0.0082740783691406,9.5367431640625e-07,2.169709205627441
polar_north_clockwise_equal_count__v2020__B1|1098,211006,12.407795906066896,2.520474433898926,4.247389793395996,3.312952041625977,0.2204771972213832,0.0,0.0,0.0695343688130378,0.0,9.5367431640625e-07,9.5367431640625e-07,0.0082740783691406,9.5367431640625e-07,0.7924776077270512
polar_north_clockwise_equal_count__v2020__B1|1098,211007,12.407795906066896,2.458065986633301,4.185055732727051,1.737778663635254,0.148293566898218,0.0,0.0,0.0699512511491775,0.0,9.5367431640625e-07,9.5367431640625e-07,0.0082740783691406,9.5367431640625e-07,-0.7202873229980469
polar_north_clockwise_equal_count__v2020__B1|1098,211008,12.407795906066896,2.092864990234375,3.8195085525512695,2.1452932357788086,0.1621866505587436,0.0,0.0,0.0712421238422393,0.0,9.5367431640625e-07,9.5367431640625e-07,0.0082740783691406,9.5367431640625e-07,0.052428245544433594
polar_north_clockwise_equal_count__v2020__B1|1098,211009,12.407795906066896,2.472661018371582,4.199664115905762,1.76300048828125,0.2295379039565086,0.0,0.0,0.0719434767961502,0.0,9.5367431640625e-07,9.5367431640625e-07,0.0082740783691406,9.5367431640625e-07,-0.709660530090332
polar_north_clockwise_equal_count__v2020__B1|1098,211010,12.407795906066896,2.37723445892334,4.104304313659668,1.3269433975219729,0.2157958320749018,0.0,0.0,0.073172427713871,0.0,9.5367431640625e-07,9.5367431640625e-07,0.0082740783691406,9.5367431640625e-07,-1.050291061401367
polar_north_clockwise_equal_count__v2020__B1|1098,211011,12.407795906066896,2.647877693176269,4.375105857849121,1.862863540649414,0.1757777106614315,0.0,0.0,0.0715646520256996,0.0,9.5367431640625e-07,9.5367431640625e-07,0.0082740783691406,9.5367431640625e-07,-0.785014152526855
polar_north_clockwise_equal_count__v2020__B1|1098,211012,12.407795906066896,2.490130424499512,4.217307090759277,1.5318145751953125,0.1306251887647236,0.0,0.0,0.0703959614038467,0.0,9.5367431640625e-07,9.5367431640625e-07,0.0082740783691406,9.5367431640625e-07,-0.9583158493041997
polar_north_clockwise_equal_count__v2020__B1|1098,211013,12.407795906066896,1.82454776763916,3.551114082336426,1.5844688415527344,0.1611295681063123,0.0,0.0,0.0794030576944351,0.0,9.5367431640625e-07,9.5367431640625e-07,0.0082740783691406,9.5367431640625e-07,-0.24007892608642556
polar_north_clockwise_equal_count__v2020__B1|1098,211014,12.407795906066896,0.6716995239257812,1.0551061630249023,0.6788253784179688,0.0291452733313198,0.0,0.0,0.0780487954616546,0.0,9.5367431640625e-07,9.5367431640625e-07,0.0082740783691406,9.5367431640625e-07,0.0071258544921875
polar_north_clockwise_equal_count__v2020__B1|1098,211015,12.407795906066896,0.4480819702148437,1.2788801193237305,1.212113380432129,0.1449713077620054,0.0,0.0,0.0781755298376083,0.0,9.5367431640625e-07,9.5367431640625e-07,0.0082740783691406,9.5367431640625e-07,0.7640314102172852
polar_north_clockwise_equal_count__v2020__B1|1098,211016,12.407795906066896,2.186586380004883,3.913727760314941,1.4691162109375,0.1123527635155541,0.0,0.0,0.072071298956871,0.0,9.5367431640625e-07,9.5367431640625e-07,0.0082740783691406,9.5367431640625e-07,-0.7174701690673828
polar_north_clockwise_equal_count__v2020__B1|1098,211017,12.407795906066896,0.916790008544922,0.8098917007446289,0.6874504089355469,0.0442464512231954,0.0,0.0,0.0775142088532447,0.0,9.5367431640625e-07,9.5367431640625e-07,0.0082740783691406,9.5367431640625e-07,-0.2293395996093751
polar_north_clockwise_equal_count__v2020__B1|1098,211018,12.407795906066896,0.5820503234863281,1.1446657180786133,0.4904861450195312,0.2142857142857142,0.0,0.0,0.0734889283776283,0.0,9.5367431640625e-07,9.5367431640625e-07,0.0082740783691406,9.5367431640625e-07,-0.09156417846679693
polar_north_clockwise_equal_count__v2020__B1|1098,211019,12.407795906066896,0.0933208465576171,1.6335172653198242,1.9630098342895508,0.0306553911205073,0.0,0.0,0.0778461545705795,0.0,9.5367431640625e-07,9.5367431640625e-07,0.0082740783691406,9.5367431640625e-07,1.8696889877319336
polar_north_clockwise_equal_count__v2020__B1|1098,211020,12.407795906066896,2.44437313079834,4.1713151931762695,2.206872940063477,0.252189670794322,0.0,0.0,0.0805205404758453,0.0,9.5367431640625e-07,9.5367431640625e-07,0.0082740783691406,9.5367431640625e-07,-0.23750019073486284
polar_north_clockwise_equal_count__v2020__B1|438,211001,12.626816749572754,0.73876953125,0.7763843536376953,1.8115453720092771,0.1747206282090003,0.0,0.0,0.0696781054139137,0.0,9.5367431640625e-07,9.5367431640625e-07,0.0002336502075195,9.5367431640625e-07,1.0727758407592771
polar_north_clockwise_equal_count__v2020__B1|438,211002,12.626816749572754,1.1111688613891602,2.626418113708496,0.9307403564453124,0.1973723950468136,0.0,0.0,0.0671225488185882,0.0,9.5367431640625e-07,9.5367431640625e-07,0.0002336502075195,9.5367431640625e-07,-0.18042850494384777
polar_north_clockwise_equal_count__v2020__B1|438,211003,12.626816749572754,0.7043972015380859,0.8104047775268555,1.7350397109985352,0.1757777106614315,0.0,0.0,0.069506362080574,0.0,9.5367431640625e-07,9.5367431640625e-07,0.0002336502075195,9.5367431640625e-07,1.0306425094604492
polar_north_clockwise_equal_count__v2020__B1|438,211004,12.626816749572754,0.670384407043457,0.8445682525634766,1.933887481689453,0.2207792207792208,0.0,0.0,0.0665407329797744,0.0,9.5367431640625e-07,9.5367431640625e-07,0.0002336502075195,9.5367431640625e-07,1.2635030746459959
polar_north_clockwise_equal_count__v2020__B1|438,211005,12.626816749572754,0.5654678344726562,0.9497880935668944,2.064868927001953,0.2325581395348837,0.0,0.0,0.0689623802900314,0.0,9.5367431640625e-07,9.5367431640625e-07,0.0002336502075195,9.5367431640625e-07,1.4994010925292969
polar_north_clockwise_equal_count__v2020__B1|438,211006,12.626816749572754,1.0147600173950195,2.529789924621582,1.9663715362548828,0.1555421322863183,0.0,0.0,0.0672745183110237,0.0,9.5367431640625e-07,9.5367431640625e-07,0.0002336502075195,9.5367431640625e-07,0.9516115188598633
polar_north_clockwise_equal_count__v2020__B1|438,211007,12.626816749572754,1.1538219451904297,2.668826103210449,0.70281982421875,0.2123225611597704,0.0,0.0,0.0688179284334182,0.0,9.5367431640625e-07,9.5367431640625e-07,0.0002336502075195,9.5367431640625e-07,-0.4510021209716797
polar_north_clockwise_equal_count__v2020__B1|438,211008,12.626816749572754,0.9284257888793944,2.443621635437012,1.2743148803710938,0.161884627000906,0.0,0.0,0.0679667368531227,0.0,9.5367431640625e-07,9.5367431640625e-07,0.0002336502075195,9.5367431640625e-07,0.34588909149169933
polar_north_clockwise_equal_count__v2020__B1|438,211009,12.626816749572754,1.1071796417236328,2.6223278045654297,1.9580707550048828,0.3062518876472365,0.0,0.0,0.0681906640529632,0.0,9.5367431640625e-07,9.5367431640625e-07,0.0002336502075195,9.5367431640625e-07,0.85089111328125
polar_north_clockwise_equal_count__v2020__B1|438,211010,12.626816749572754,1.1027965545654297,2.6178884506225586,1.5116195678710938,0.2955300513440048,0.0,0.0,0.0685216933488845,0.0,9.5367431640625e-07,9.5367431640625e-07,0.0002336502075195,9.5367431640625e-07,0.40882301330566406
polar_north_clockwise_equal_count__v2020__B1|438,211011,12.626816749572754,1.1941251754760742,2.709491729736328,1.5782651901245115,0.2497734823316219,0.0,0.0,0.0689341500401496,0.0,9.5367431640625e-07,9.5367431640625e-07,0.0002336502075195,9.5367431640625e-07,0.3841400146484373
polar_north_clockwise_equal_count__v2020__B1|438,211012,12.626816749572754,1.142582893371582,2.657770156860352,1.3189325332641602,0.1780428873452129,0.0,0.0,0.0683276280760765,0.0,9.5367431640625e-07,9.5367431640625e-07,0.0002336502075195,9.5367431640625e-07,0.17634963989257812
polar_north_clockwise_equal_count__v2020__B1|438,211013,12.626816749572754,0.9236059188842772,0.5911521911621094,1.6669654846191406,0.2425249169435215,0.0,0.0,0.0700166895985603,0.0,9.5367431640625e-07,9.5367431640625e-07,0.0002336502075195,9.5367431640625e-07,0.7433595657348634
polar_north_clockwise_equal_count__v2020__B1|438,211014,12.626816749572754,0.901296615600586,0.613520622253418,0.0309562683105468,0.189066747206282,0.0,0.0,0.0687071830034256,0.0,9.5367431640625e-07,9.5367431640625e-07,0.0002336502075195,9.5367431640625e-07,-0.8703403472900393
polar_north_clockwise_equal_count__v2020__B1|438,211015,12.626816749572754,0.948481559753418,2.463564872741699,1.2727575302124023,0.1809121111446693,0.0,0.0,0.0695295482873916,0.0,9.5367431640625e-07,9.5367431640625e-07,0.0002336502075195,9.5367431640625e-07,0.3242759704589844
polar_north_clockwise_equal_count__v2020__B1|438,211016,12.626816749572754,0.948298454284668,2.463274955749512,1.106760025024414,0.2254605859257022,0.0,0.0,0.0695517733693122,0.0,9.5367431640625e-07,9.5367431640625e-07,0.0002336502075195,9.5367431640625e-07,0.1584615707397461
polar_north_clockwise_equal_count__v2020__B1|438,211017,12.626816749572754,1.0157928466796875,0.4992361068725586,0.8396024703979492,0.2697070371488976,0.0,0.0,0.0713403522968292,0.0,9.5367431640625e-07,9.5367431640625e-07,0.0002336502075195,9.5367431640625e-07,-0.17619037628173828
polar_north_clockwise_equal_count__v2020__B1|438,211018,12.626816749572754,0.7858524322509766,2.300858497619629,1.0074434280395508,0.286771368166717,0.0,0.0,0.0695525407791137,0.0,9.5367431640625e-07,9.5367431640625e-07,0.0002336502075195,9.5367431640625e-07,0.22159099578857422
polar_north_clockwise_equal_count__v2020__B1|438,211019,12.626816749572754,0.6992721557617188,0.8160591125488281,1.5832452774047852,0.1792509815765629,0.0,0.0,0.0704793035984039,0.0,9.5367431640625e-07,9.5367431640625e-07,0.0002336502075195,9.5367431640625e-07,0.8839731216430664
polar_north_clockwise_equal_count__v2020__B1|438,211020,12.626816749572754,0.758213996887207,2.2729272842407227,1.517317771911621,0.2201751736635457,0.0,0.0,0.0687349885702133,0.0,9.5367431640625e-07,9.5367431640625e-07,0.0002336502075195,9.5367431640625e-07,0.7591037750244141
polar_north_clockwise_equal_count__v2020__B1|3900,211001,8.336124420166016,4.718827247619629,1.0616207122802734,5.306859970092773,0.1380247659317426,0.0,0.0,0.1414697915315628,0.0,9.5367431640625e-07,9.5367431640625e-07,0.0514917373657226,9.5367431640625e-07,0.5880327224731445
polar_north_clockwise_equal_count__v2020__B1|3900,211002,8.336124420166016,2.731379508972168,3.062652587890625,4.583148002624512,0.2623074599818785,0.0,0.0,0.1449416130781173,0.0,9.5367431640625e-07,9.5367431640625e-07,0.0514917373657226,9.5367431640625e-07,1.8517684936523438
polar_north_clockwise_equal_count__v2020__B1|3900,211003,8.336124420166016,4.903234481811523,0.895319938659668,6.004800796508789,0.132890365448505,0.0,0.0,0.1394146829843521,0.0,9.5367431640625e-07,9.5367431640625e-07,0.0514917373657226,9.5367431640625e-07,1.1015663146972656
polar_north_clockwise_equal_count__v2020__B1|3900,211004,8.336124420166016,4.432584762573242,1.3466978073120115,6.008071899414063,0.312745394140743,0.0,0.0,0.1430297642946243,0.0,9.5367431640625e-07,9.5367431640625e-07,0.0514917373657226,9.5367431640625e-07,1.5754871368408212
polar_north_clockwise_equal_count__v2020__B1|3900,211005,8.336124420166016,4.677336692810059,1.1136398315429688,5.789008140563965,0.1931440652370885,0.0,0.0,0.1404374986886978,0.0,9.5367431640625e-07,9.5367431640625e-07,0.0514917373657226,9.5367431640625e-07,1.1116714477539062
polar_north_clockwise_equal_count__v2020__B1|3900,211006,8.336124420166016,2.322869300842285,3.4876508712768555,5.0478057861328125,0.1090305043793415,0.0,0.0,0.1415669322013855,0.0,9.5367431640625e-07,9.5367431640625e-07,0.0514917373657226,9.5367431640625e-07,2.7249364852905273
polar_north_clockwise_equal_count__v2020__B1|3900,211007,8.336124420166016,2.38802433013916,3.398416519165039,1.549774169921875,0.0878888553307157,0.0,0.0,0.1429268419742584,0.0,9.5367431640625e-07,9.5367431640625e-07,0.0514917373657226,9.5367431640625e-07,-0.8382501602172852
polar_north_clockwise_equal_count__v2020__B1|3900,211008,8.336124420166016,5.317408561706543,0.4663915634155273,4.194179534912109,0.1351555421322863,0.0,0.0,0.1423485726118087,0.0,9.5367431640625e-07,9.5367431640625e-07,0.0514917373657226,9.5367431640625e-07,-1.1232290267944336
polar_north_clockwise_equal_count__v2020__B1|3900,211009,8.336124420166016,2.0003576278686523,3.803434371948242,6.0374603271484375,0.2645726366656599,0.0,0.0,0.144165888428688,0.0,9.5367431640625e-07,9.5367431640625e-07,0.0514917373657226,9.5367431640625e-07,4.037102699279785
polar_north_clockwise_equal_count__v2020__B1|3900,211010,8.336124420166016,2.647738456726074,3.1537017822265625,6.045707702636719,0.1973723950468136,0.0,0.0,0.1419951766729354,0.0,9.5367431640625e-07,9.5367431640625e-07,0.0514917373657226,9.5367431640625e-07,3.3979692459106445
polar_north_clockwise_equal_count__v2020__B1|3900,211011,8.336124420166016,1.8684587478637693,3.913163185119629,5.3382768630981445,0.2598912715191785,0.0,0.0,0.1459508538246154,0.0,9.5367431640625e-07,9.5367431640625e-07,0.0514917373657226,9.5367431640625e-07,3.469818115234375
polar_north_clockwise_equal_count__v2020__B1|3900,211012,8.336124420166016,2.203150749206543,3.591459274291992,5.354181289672852,0.1496526729084868,0.0,0.0,0.1432325690984726,0.0,9.5367431640625e-07,9.5367431640625e-07,0.0514917373657226,9.5367431640625e-07,3.1510305404663086
polar_north_clockwise_equal_count__v2020__B1|3900,211013,8.336124420166016,4.935155868530273,0.8524761199951172,5.152584075927734,0.1857444880700694,0.0,0.0,0.1392433941364288,0.0,9.5367431640625e-07,9.5367431640625e-07,0.0514917373657226,9.5367431640625e-07,0.21742820739746094
polar_north_clockwise_equal_count__v2020__B1|3900,211014,8.336124420166016,4.8199663162231445,0.9741687774658204,3.1282920837402344,0.0776200543642404,0.0,0.0,0.1423964202404022,0.0,9.5367431640625e-07,9.5367431640625e-07,0.0514917373657226,9.5367431640625e-07,-1.6916742324829102
polar_north_clockwise_equal_count__v2020__B1|3900,211015,8.336124420166016,4.130036354064941,1.6485605239868164,4.558788299560547,0.1957112654787073,0.0,0.0,0.1444019079208374,0.0,9.5367431640625e-07,9.5367431640625e-07,0.0514917373657226,9.5367431640625e-07,0.42875194549560547
polar_north_clockwise_equal_count__v2020__B1|3900,211016,8.336124420166016,1.6940298080444336,4.105315208435059,5.322797775268555,0.1436122017517366,0.0,0.0,0.1426737904548645,0.0,9.5367431640625e-07,9.5367431640625e-07,0.0514917373657226,9.5367431640625e-07,3.628767967224121
polar_north_clockwise_equal_count__v2020__B1|3900,211017,8.336124420166016,4.975676536560059,0.8023824691772461,4.583763122558594,0.146481425551193,0.0,0.0,0.1391008049249649,0.0,9.5367431640625e-07,9.5367431640625e-07,0.0514917373657226,9.5367431640625e-07,-0.39191341400146484
polar_north_clockwise_equal_count__v2020__B1|3900,211018,8.336124420166016,4.2725830078125,1.514871597290039,5.31175422668457,0.3521594684385382,0.0,0.0,0.1432247906923294,0.0,9.5367431640625e-07,9.5367431640625e-07,0.0514917373657226,9.5367431640625e-07,1.0391712188720703
polar_north_clockwise_equal_count__v2020__B1|3900,211019,8.336124420166016,4.773075103759766,1.0219497680664062,5.565807342529297,0.1942011476895198,0.0,0.0,0.1417188197374344,0.0,9.5367431640625e-07,9.5367431640625e-07,0.0514917373657226,9.5367431640625e-07,0.7927322387695312
polar_north_clockwise_equal_count__v2020__B1|3900,211020,8.336124420166016,2.126420021057129,3.654648780822754,5.093761444091797,0.2112654787073392,0.0,0.0,0.14199298620224,0.0,9.5367431640625e-07,9.5367431640625e-07,0.0514917373657226,9.5367431640625e-07,2.967341423034668
polar_north_clockwise_equal_count__v2020__B2|6274,211001,14.71652603149414,1.8148212432861328,0.4469814300537109,2.494518280029297,0.2121715493808517,0.0,0.0,0.0575012154877185,0.0,0.0,0.0,4.76837158203125e-06,0.0,0.6796970367431641
polar_north_clockwise_equal_count__v2020__B2|6274,211002,14.71652603149414,0.7384738922119141,3.00018310546875,0.5177698135375977,0.3272425249169435,0.0,0.0,0.0535468719899654,0.0,0.0,0.0,4.76837158203125e-06,0.0,-0.2207040786743164
polar_north_clockwise_equal_count__v2020__B2|6274,211003,14.71652603149414,1.0945072174072266,1.1672239303588867,2.128202438354492,0.1984294774992449,0.0,0.0,0.057406198233366,0.0,0.0,0.0,4.76837158203125e-06,0.0,1.0336952209472656
polar_north_clockwise_equal_count__v2020__B2|6274,211004,14.71652603149414,0.938145637512207,3.1998291015625,2.4133520126342773,0.2636665659921474,0.0,0.0,0.0543783232569694,0.0,0.0,0.0,4.76837158203125e-06,0.0,1.4752063751220703
polar_north_clockwise_equal_count__v2020__B2|6274,211005,14.71652603149414,0.8757209777832031,1.3860464096069336,2.437143325805664,0.1511627906976744,0.0,0.0,0.055214449763298,0.0,0.0,0.0,4.76837158203125e-06,0.0,1.561422348022461
polar_north_clockwise_equal_count__v2020__B2|6274,211006,14.71652603149414,0.2916088104248047,1.9701290130615237,2.83758544921875,0.1858954998489882,0.0,0.0,0.0562028437852859,0.0,0.0,0.0,4.76837158203125e-06,0.0,2.5459766387939453
polar_north_clockwise_equal_count__v2020__B2|6274,211007,14.71652603149414,0.7698688507080078,1.4918928146362305,1.195296287536621,0.2825430383569918,0.0,0.0,0.0581940859556198,0.0,0.0,0.0,4.76837158203125e-06,0.0,0.4254274368286133
polar_north_clockwise_equal_count__v2020__B2|6274,211008,14.71652603149414,0.3967151641845703,1.8650131225585935,1.8163013458251955,0.2627604953186348,0.0,0.0,0.0582009106874465,0.0,0.0,0.0,4.76837158203125e-06,0.0,1.4195861816406252
polar_north_clockwise_equal_count__v2020__B2|6274,211009,14.71652603149414,0.1856002807617187,2.4473752975463867,2.245497703552246,0.1913319238900634,0.0,0.0,0.0549958273768425,0.0,0.0,0.0,4.76837158203125e-06,0.0,2.0598974227905273
polar_north_clockwise_equal_count__v2020__B2|6274,211010,14.71652603149414,0.424295425415039,1.8374061584472656,2.1451902389526367,0.2176079734219269,0.0,0.0,0.0556118451058864,0.0,0.0,0.0,4.76837158203125e-06,0.0,1.7208948135375977
polar_north_clockwise_equal_count__v2020__B2|6274,211011,14.71652603149414,0.7441339492797852,3.005887031555176,2.438650131225586,0.2559649652672908,0.0,0.0,0.053352203220129,0.0,0.0,0.0,4.76837158203125e-06,0.0,1.6945161819458008
polar_north_clockwise_equal_count__v2020__B2|6274,211012,14.71652603149414,0.700373649597168,2.962137222290039,2.494173049926758,0.2739353669586228,0.0,0.0,0.0561933368444442,0.0,0.0,0.0,4.76837158203125e-06,0.0,1.7937994003295898
polar_north_clockwise_equal_count__v2020__B2|6274,211013,14.71652603149414,1.2335968017578125,1.0281362533569336,2.2092485427856445,0.0681063122923588,0.0,0.0,0.0562909096479415,0.0,0.0,0.0,4.76837158203125e-06,0.0,0.975651741027832
polar_north_clockwise_equal_count__v2020__B2|6274,211014,14.71652603149414,0.7603435516357422,1.5014257431030271,1.750349044799805,0.2148897614013893,0.0,0.0,0.0542772822082042,0.0,0.0,0.0,4.76837158203125e-06,0.0,0.9900054931640627
polar_north_clockwise_equal_count__v2020__B2|6274,211015,14.71652603149414,0.163060188293457,2.424849510192871,0.8772668838500977,0.1905768649954696,0.0,0.0,0.0548606067895889,0.0,0.0,0.0,4.76837158203125e-06,0.0,0.7142066955566406
polar_north_clockwise_equal_count__v2020__B2|6274,211016,14.71652603149414,0.7421464920043945,1.5196046829223633,2.0145740509033203,0.3205980066445182,0.0,0.0,0.0586889758706092,0.0,0.0,0.0,4.76837158203125e-06,0.0,1.2724275588989258
polar_north_clockwise_equal_count__v2020__B2|6274,211017,14.71652603149414,0.2375965118408203,2.024160385131836,2.218805313110352,0.1849894291754757,0.0,0.0,0.0553346499800682,0.0,0.0,0.0,4.76837158203125e-06,0.0,1.9812088012695317
polar_north_clockwise_equal_count__v2020__B2|6274,211018,14.71652603149414,0.9580650329589844,3.219752311706543,2.14188003540039,0.307157958320749,0.0,0.0,0.0553065091371536,0.0,0.0,0.0,4.76837158203125e-06,0.0,1.1838150024414058
polar_north_clockwise_equal_count__v2020__B2|6274,211019,14.71652603149414,0.6047210693359375,1.6570472717285156,2.083157539367676,0.2467532467532467,0.0,0.0,0.054632045328617,0.0,0.0,0.0,4.76837158203125e-06,0.0,1.4784364700317383
polar_north_clockwise_equal_count__v2020__B2|6274,211020,14.71652603149414,0.7000389099121094,1.56170654296875,1.2382144927978516,0.2102083962549078,0.0,0.0,0.0549152307212352,0.0,0.0,0.0,4.76837158203125e-06,0.0,0.5381755828857422
polar_north_clockwise_equal_count__v2020__B2|7746,211001,17.69554901123047,4.07330322265625,1.168291091918945,5.270369529724121,0.4556025369978858,0.0,0.0,0.104227565228939,0.0,0.0,0.0,0.0056419372558593,0.0,1.197066307067871
polar_north_clockwise_equal_count__v2020__B2|7746,211002,17.69554901123047,2.5991878509521484,2.642511367797852,0.8888378143310547,0.5125339776502568,0.0,0.0,0.10334312915802,0.0,0.0,0.0,0.0056419372558593,0.0,-1.7103500366210938
polar_north_clockwise_equal_count__v2020__B2|7746,211003,17.69554901123047,3.8226261138916016,1.4190616607666016,4.477307319641113,0.3483841739655692,0.0,0.0,0.1036035791039466,0.0,0.0,0.0,0.0056419372558593,0.0,0.6546812057495117
polar_north_clockwise_equal_count__v2020__B2|7746,211004,17.69554901123047,0.0620441436767578,5.179447174072266,5.112545967102051,0.3716399879190577,0.0,0.0,0.1040991246700286,0.0,0.0,0.0,0.0056419372558593,0.0,5.050501823425293
polar_north_clockwise_equal_count__v2020__B2|7746,211005,17.69554901123047,1.259319305419922,3.982461929321289,5.679693222045898,0.3216550890969495,0.0,0.0,0.1040132716298103,0.0,0.0,0.0,0.0056419372558593,0.0,4.420373916625977
polar_north_clockwise_equal_count__v2020__B2|7746,211006,17.69554901123047,2.946544647216797,2.295072555541992,7.134925842285156,0.3545756569012383,0.0,0.0,0.1070061773061752,0.0,0.0,0.0,0.0056419372558593,0.0,4.188381195068359
polar_north_clockwise_equal_count__v2020__B2|7746,211007,17.69554901123047,2.495194435119629,2.7462158203125,2.934896469116211,0.3820598006644518,0.0,0.0,0.106110505759716,0.0,0.0,0.0,0.0056419372558593,0.0,0.43970203399658203
polar_north_clockwise_equal_count__v2020__B2|7746,211008,17.69554901123047,2.923543930053711,2.318082809448242,3.485054016113281,0.4223799456357595,0.0,0.0,0.1068958193063736,0.0,0.0,0.0,0.0056419372558593,0.0,0.5615100860595699
polar_north_clockwise_equal_count__v2020__B2|7746,211009,17.69554901123047,0.4265518188476562,5.668233871459961,4.871624946594238,0.3757173059498641,0.0,0.0,0.1066773012280464,0.0,0.0,0.0,0.0056419372558593,0.0,4.445073127746582
polar_north_clockwise_equal_count__v2020__B2|7746,211010,17.69554901123047,3.3669347763061523,1.8748226165771484,4.337752342224121,0.3654485049833887,0.0,0.0,0.1048582196235656,0.0,0.0,0.0,0.0056419372558593,0.0,0.9708175659179688
polar_north_clockwise_equal_count__v2020__B2|7746,211011,17.69554901123047,0.8722801208496094,6.113899230957031,5.115128517150879,0.4439746300211417,0.0,0.0,0.1036211997270584,0.0,0.0,0.0,0.0056419372558593,0.0,4.2428483963012695
polar_north_clockwise_equal_count__v2020__B2|7746,211012,17.69554901123047,0.9116554260253906,6.153372764587402,5.432025909423828,0.4912413168227122,0.0,0.0,0.1026841327548027,0.0,0.0,0.0,0.0056419372558593,0.0,4.5203704833984375
polar_north_clockwise_equal_count__v2020__B2|7746,211013,17.69554901123047,3.454532623291016,1.7869796752929688,3.8266849517822266,0.3006644518272425,0.0,0.0,0.1082803905010223,0.0,0.0,0.0,0.0056419372558593,0.0,0.3721523284912105
polar_north_clockwise_equal_count__v2020__B2|7746,211014,17.69554901123047,0.7812004089355469,4.460564613342285,3.543863296508789,0.4042585321655089,0.0,0.0,0.1050574332475662,0.0,0.0,0.0,0.0056419372558593,0.0,2.762662887573242
polar_north_clockwise_equal_count__v2020__B2|7746,211015,17.69554901123047,0.4672985076904297,4.7746429443359375,1.082744598388672,0.4338568408335849,0.0,0.0,0.1026071012020111,0.0,0.0,0.0,0.0056419372558593,0.0,0.6154460906982424
polar_north_clockwise_equal_count__v2020__B2|7746,211016,17.69554901123047,1.9826860427856443,3.258716583251953,4.849559783935547,0.5527031108426458,0.0,0.0,0.1106956824660301,0.0,0.0,0.0,0.0056419372558593,0.0,2.8668737411499023
polar_north_clockwise_equal_count__v2020__B2|7746,211017,17.69554901123047,0.3411979675292969,4.900649070739746,3.899972915649414,0.4584717607973422,0.0,0.0,0.1034425273537635,0.0,0.0,0.0,0.0056419372558593,0.0,3.558774948120117
polar_north_clockwise_equal_count__v2020__B2|7746,211018,17.69554901123047,0.8689250946044922,6.110626220703125,4.875263214111328,0.56795530051344,0.0,0.0,0.1029272153973579,0.0,0.0,0.0,0.0056419372558593,0.0,4.006338119506836
polar_north_clockwise_equal_count__v2020__B2|7746,211019,17.69554901123047,1.3103618621826172,3.931408882141113,4.555901527404785,0.3443068559347629,0.0,0.0,0.104887805879116,0.0,0.0,0.0,0.0056419372558593,0.0,3.245539665222168
polar_north_clockwise_equal_count__v2020__B2|7746,211020,17.69554901123047,3.1397018432617188,2.102100372314453,1.7671833038330078,0.3409845967985503,0.0,0.0,0.1034261137247085,0.0,0.0,0.0,0.0056419372558593,0.0,-1.372518539428711
polar_north_clockwise_equal_count__v2020__B2|5138,211001,18.319541931152344,4.593915939331055,1.2560977935791016,6.280499458312988,0.0739957716701902,0.0,0.0,0.0708701685070991,0.0,0.0,0.0,0.0002822875976562,0.0,1.6865835189819336
polar_north_clockwise_equal_count__v2020__B2|5138,211002,18.319541931152344,3.419544219970703,2.4304027557373047,2.0210189819335938,0.2568710359408034,0.0,0.0,0.0660837292671203,0.0,0.0,0.0,0.0002822875976562,0.0,-1.3985252380371094
polar_north_clockwise_equal_count__v2020__B2|5138,211003,18.319541931152344,3.7962799072265625,2.0537033081054688,5.586021423339844,0.0428873452129266,0.0,0.0,0.0689885467290878,0.0,0.0,0.0,0.0002822875976562,0.0,1.7897415161132812
polar_north_clockwise_equal_count__v2020__B2|5138,211004,18.319541931152344,0.8845920562744141,4.965386390686035,6.137121200561523,0.0758079130172153,0.0,0.0,0.0663420855998992,0.0,0.0,0.0,0.0002822875976562,0.0,5.252529144287109
polar_north_clockwise_equal_count__v2020__B2|5138,211005,18.319541931152344,1.603952407836914,4.246076583862305,6.226284027099609,0.0570824524312896,0.0,0.0,0.066721573472023,0.0,0.0,0.0,0.0002822875976562,0.0,4.622331619262695
polar_north_clockwise_equal_count__v2020__B2|5138,211006,18.319541931152344,3.131365776062012,2.718564987182617,5.131397247314453,0.1100875868317728,0.0,0.0,0.0674187764525413,0.0,0.0,0.0,0.0002822875976562,0.0,2.000031471252441
polar_north_clockwise_equal_count__v2020__B2|5138,211007,18.319541931152344,3.516397476196289,2.333602905273437,3.669746398925781,0.0312594382361824,0.0,0.0,0.0687905773520469,0.0,0.0,0.0,0.0002822875976562,0.0,0.15334892272949174
polar_north_clockwise_equal_count__v2020__B2|5138,211008,18.319541931152344,3.527482032775879,2.3225231170654297,5.80342960357666,0.2000906070673512,0.0,0.0,0.0711362361907959,0.0,0.0,0.0,0.0002822875976562,0.0,2.2759475708007812
polar_north_clockwise_equal_count__v2020__B2|5138,211009,18.319541931152344,0.0552272796630859,5.794829368591309,6.296125411987305,0.1250377529447296,0.0,0.0,0.06721843034029,0.0,0.0,0.0,0.0002822875976562,0.0,6.240898132324219
polar_north_clockwise_equal_count__v2020__B2|5138,211010,18.319541931152344,2.7808332443237305,3.0691347122192383,5.092267990112305,0.1902748414376321,0.0,0.0,0.0662837997078895,0.0,0.0,0.0,0.0002822875976562,0.0,2.311434745788574
polar_north_clockwise_equal_count__v2020__B2|5138,211011,18.319541931152344,0.2417831420898437,6.091760635375977,7.13006591796875,0.2327091513138025,0.0,0.0,0.0657770559191703,0.0,0.0,0.0,0.0002822875976562,0.0,6.888282775878906
polar_north_clockwise_equal_count__v2020__B2|5138,211012,18.319541931152344,0.1124076843261718,5.737649917602539,6.26107120513916,0.2724252491694352,0.0,0.0,0.0671605691313743,0.0,0.0,0.0,0.0002822875976562,0.0,6.148663520812988
polar_north_clockwise_equal_count__v2020__B2|5138,211013,18.319541931152344,4.203442573547363,1.6465225219726562,5.475167274475098,0.0321655089096949,0.0,0.0,0.0700116902589798,0.0,0.0,0.0,0.0002822875976562,0.0,1.2717247009277344
polar_north_clockwise_equal_count__v2020__B2|5138,211014,18.319541931152344,1.14727783203125,4.702762603759766,4.843733787536621,0.1020839625490788,0.0,0.0,0.0648830831050872,0.0,0.0,0.0,0.0002822875976562,0.0,3.696455955505371
polar_north_clockwise_equal_count__v2020__B2|5138,211015,18.319541931152344,0.7361679077148438,5.113862037658691,2.382120132446289,0.0839625490788281,0.0,0.0,0.065842755138874,0.0,0.0,0.0,0.0002822875976562,0.0,1.6459522247314453
polar_north_clockwise_equal_count__v2020__B2|5138,211016,18.319541931152344,2.0896759033203125,3.760319709777832,5.440184593200684,0.2148897614013893,0.0,0.0,0.0700965151190757,0.0,0.0,0.0,0.0002822875976562,0.0,3.350508689880371
polar_north_clockwise_equal_count__v2020__B2|5138,211017,18.319541931152344,0.9945049285888672,4.855504989624023,4.8563385009765625,0.1837813349441256,0.0,0.0,0.0662205591797828,0.0,0.0,0.0,0.0002822875976562,0.0,3.8618335723876953
polar_north_clockwise_equal_count__v2020__B2|5138,211018,18.319541931152344,1.2507553100585938,4.599277496337891,6.063793182373047,0.2077922077922078,0.0,0.0,0.0660400316119194,0.0,0.0,0.0,0.0002822875976562,0.0,4.813037872314453
polar_north_clockwise_equal_count__v2020__B2|5138,211019,18.319541931152344,1.606374740600586,4.243677139282227,6.834319114685059,0.1162790697674418,0.0,0.0,0.0665984600782394,0.0,0.0,0.0,0.0002822875976562,0.0,5.227944374084473
polar_north_clockwise_equal_count__v2020__B2|5138,211020,18.319541931152344,3.1320390701293945,2.717979431152344,1.7163658142089844,0.1463304137722742,0.0,0.0,0.069644957780838,0.0,0.0,0.0,0.0002822875976562,0.0,-1.4156732559204102
polar_north_clockwise_equal_count__v2020__B3|5745,211001,12.046515464782717,0.9263057708740234,1.3646011352539062,0.8522405624389648,0.1103896103896104,0.0,0.0,0.0835784897208213,0.0,9.5367431640625e-07,9.5367431640625e-07,0.0071430206298828,9.5367431640625e-07,-0.0740652084350586
polar_north_clockwise_equal_count__v2020__B3|5745,211002,12.046515464782717,0.1965675354003906,2.094082832336426,1.005274772644043,0.1517668378133494,0.0,0.0,0.0804337635636329,0.0,9.5367431640625e-07,9.5367431640625e-07,0.0071430206298828,9.5367431640625e-07,0.8087072372436523
polar_north_clockwise_equal_count__v2020__B3|5745,211003,12.046515464782717,0.0148172378540039,2.2758655548095703,2.2567834854125977,0.1048021745696164,0.0,0.0,0.0773819684982299,0.0,9.5367431640625e-07,9.5367431640625e-07,0.0071430206298828,9.5367431640625e-07,2.2419662475585938
polar_north_clockwise_equal_count__v2020__B3|5745,211004,12.046515464782717,0.1608648300170898,2.4517698287963867,2.243288993835449,0.1206584113560857,0.0,0.0,0.0865495130419731,0.0,9.5367431640625e-07,9.5367431640625e-07,0.0071430206298828,9.5367431640625e-07,2.0824241638183594
polar_north_clockwise_equal_count__v2020__B3|5745,211005,12.046515464782717,0.2802457809448242,2.5709619522094727,1.8343563079833984,0.0924192086982784,0.0,0.0,0.0791451036930084,0.0,9.5367431640625e-07,9.5367431640625e-07,0.0071430206298828,9.5367431640625e-07,1.5541105270385742
polar_north_clockwise_equal_count__v2020__B3|5745,211006,12.046515464782717,1.0186758041381836,1.271937370300293,1.644878387451172,0.0844155844155844,0.0,0.0,0.0856555625796318,0.0,9.5367431640625e-07,9.5367431640625e-07,0.0071430206298828,9.5367431640625e-07,0.6262025833129885
polar_north_clockwise_equal_count__v2020__B3|5745,211007,12.046515464782717,1.1023492813110352,1.1880817413330078,1.566509246826172,0.0385080036242826,0.0,0.0,0.0843908041715622,0.0,9.5367431640625e-07,9.5367431640625e-07,0.0071430206298828,9.5367431640625e-07,0.46415996551513694
polar_north_clockwise_equal_count__v2020__B3|5745,211008,12.046515464782717,1.0416736602783203,1.2486143112182615,1.4432392120361328,0.0122319540924192,0.0,0.0,0.0783035531640052,0.0,9.5367431640625e-07,9.5367431640625e-07,0.0071430206298828,9.5367431640625e-07,0.4015655517578125
polar_north_clockwise_equal_count__v2020__B3|5745,211009,12.046515464782717,0.386749267578125,2.6772947311401367,2.2072439193725586,0.1473874962247055,0.0,0.0,0.0800909474492073,0.0,9.5367431640625e-07,9.5367431640625e-07,0.0071430206298828,9.5367431640625e-07,1.8204946517944336
polar_north_clockwise_equal_count__v2020__B3|5745,211010,12.046515464782717,1.010228157043457,1.2803630828857422,2.228818893432617,-0.0045303533675626,0.0,0.0,0.0882692039012909,0.0,9.5367431640625e-07,9.5367431640625e-07,0.0071430206298828,9.5367431640625e-07,1.2185907363891602
polar_north_clockwise_equal_count__v2020__B3|5745,211011,12.046515464782717,0.7275390625,3.0180587768554688,2.040973663330078,0.1485955904560555,0.0,0.0,0.0808236002922058,0.0,9.5367431640625e-07,9.5367431640625e-07,0.0071430206298828,9.5367431640625e-07,1.3134346008300781
polar_north_clockwise_equal_count__v2020__B3|5745,211012,12.046515464782717,0.543797492980957,1.7467422485351562,2.7609663009643555,0.0395650860767139,0.0,0.0,0.0862866193056106,0.0,9.5367431640625e-07,9.5367431640625e-07,0.0071430206298828,9.5367431640625e-07,2.2171688079833984
polar_north_clockwise_equal_count__v2020__B3|5745,211013,12.046515464782717,1.4639043807983398,0.826655387878418,1.255472183227539,-0.0588945937783147,0.0,0.0,0.0837064161896705,0.0,9.5367431640625e-07,9.5367431640625e-07,0.0071430206298828,9.5367431640625e-07,-0.20843219757080078
polar_north_clockwise_equal_count__v2020__B3|5745,211014,12.046515464782717,0.2162685394287109,2.507288932800293,2.49072265625,0.1579583207490184,0.0,0.0,0.0853659287095069,0.0,9.5367431640625e-07,9.5367431640625e-07,0.0071430206298828,9.5367431640625e-07,2.274454116821289
polar_north_clockwise_equal_count__v2020__B3|5745,211015,12.046515464782717,0.2123804092407226,2.0784215927124023,1.0236749649047852,0.0912111144669284,0.0,0.0,0.0833183899521827,0.0,9.5367431640625e-07,9.5367431640625e-07,0.0071430206298828,9.5367431640625e-07,0.8112945556640625
polar_north_clockwise_equal_count__v2020__B3|5745,211016,12.046515464782717,0.0253610610961914,2.316161155700684,2.1001110076904297,0.1923890063424947,0.0,0.0,0.0855886712670326,0.0,9.5367431640625e-07,9.5367431640625e-07,0.0071430206298828,9.5367431640625e-07,2.0747499465942383
polar_north_clockwise_equal_count__v2020__B3|5745,211017,12.046515464782717,0.6962671279907227,2.987179756164551,2.173259735107422,0.2401087284808215,0.0,0.0,0.0834411308169364,0.0,9.5367431640625e-07,9.5367431640625e-07,0.0071430206298828,9.5367431640625e-07,1.4769926071166992
polar_north_clockwise_equal_count__v2020__B3|5745,211018,12.046515464782717,0.1303215026855468,2.421004295349121,2.4381332397460938,0.1949562065841135,0.0,0.0,0.076861672103405,0.0,9.5367431640625e-07,9.5367431640625e-07,0.0071430206298828,9.5367431640625e-07,2.307811737060547
polar_north_clockwise_equal_count__v2020__B3|5745,211019,12.046515464782717,0.1732492446899414,2.463953971862793,2.305497169494629,0.1549380851706433,0.0,0.0,0.0809056460857391,0.0,9.5367431640625e-07,9.5367431640625e-07,0.0071430206298828,9.5367431640625e-07,2.1322479248046875
polar_north_clockwise_equal_count__v2020__B3|5745,211020,12.046515464782717,0.2638416290283203,2.026780128479004,0.5752010345458984,0.0800362428269405,0.0,0.0,0.0869994983077049,0.0,9.5367431640625e-07,9.5367431640625e-07,0.0071430206298828,9.5367431640625e-07,0.3113594055175781
polar_north_clockwise_equal_count__v2020__B3|6394,211001,11.402300834655762,1.7643671035766602,1.1703271865844729,1.902583122253418,0.1369676834793114,0.0,0.0,0.0991434529423713,0.0,0.0,0.0,0.0051183700561523,0.0,0.1382160186767578
polar_north_clockwise_equal_count__v2020__B3|6394,211002,11.402300834655762,1.205592155456543,1.7291955947875977,2.28482437133789,0.2875264270613107,0.0,0.0,0.1062837392091751,0.0,0.0,0.0,0.0051183700561523,0.0,1.0792322158813472
polar_north_clockwise_equal_count__v2020__B3|6394,211003,11.402300834655762,1.932321548461914,1.002460479736328,2.639047622680664,0.206433101781939,0.0,0.0,0.1001640558242797,0.0,0.0,0.0,0.0051183700561523,0.0,0.70672607421875
polar_north_clockwise_equal_count__v2020__B3|6394,211004,11.402300834655762,1.2469758987426758,1.6877098083496094,3.088340759277344,0.0915131380247659,0.0,0.0,0.0938573032617569,0.0,0.0,0.0,0.0051183700561523,0.0,1.8413648605346684
polar_north_clockwise_equal_count__v2020__B3|6394,211005,11.402300834655762,1.1235418319702148,1.8111677169799805,2.5383310317993164,0.1277559649652672,0.0,0.0,0.0942765027284622,0.0,0.0,0.0,0.0051183700561523,0.0,1.4147891998291016
polar_north_clockwise_equal_count__v2020__B3|6394,211006,11.402300834655762,1.9535551071166992,0.9812383651733398,1.2220354080200195,0.1442162488674116,0.0,0.0,0.1075916215777397,0.0,0.0,0.0,0.0051183700561523,0.0,-0.7315196990966797
polar_north_clockwise_equal_count__v2020__B3|6394,211007,11.402300834655762,1.564936637878418,1.3698091506958008,2.4001007080078125,0.2153427967381455,0.0,0.0,0.1036003828048706,0.0,0.0,0.0,0.0051183700561523,0.0,0.8351640701293945
polar_north_clockwise_equal_count__v2020__B3|6394,211008,11.402300834655762,2.1914844512939453,0.7431755065917969,2.432723045349121,0.1327393536695862,0.0,0.0,0.0991699025034904,0.0,0.0,0.0,0.0051183700561523,0.0,0.24123859405517578
polar_north_clockwise_equal_count__v2020__B3|6394,211009,11.402300834655762,0.5278520584106445,2.4068603515625,2.8933143615722656,0.2891875566294171,0.0,0.0,0.0967307984828949,0.0,0.0,0.0,0.0051183700561523,0.0,2.365462303161621
polar_north_clockwise_equal_count__v2020__B3|6394,211010,11.402300834655762,0.6617555618286133,2.2729358673095703,2.677121162414551,0.1144669284204168,0.0,0.0,0.1062099412083625,0.0,0.0,0.0,0.0051183700561523,0.0,2.0153656005859375
polar_north_clockwise_equal_count__v2020__B3|6394,211011,11.402300834655762,0.7020158767700195,2.232721328735352,3.013176918029785,0.2938689217758985,0.0,0.0,0.1056348904967308,0.0,0.0,0.0,0.0051183700561523,0.0,2.3111610412597656
polar_north_clockwise_equal_count__v2020__B3|6394,211012,11.402300834655762,1.0909624099731443,1.8437604904174805,3.375186920166016,0.0823014195107218,0.0,0.0,0.1076823994517326,0.0,0.0,0.0,0.0051183700561523,0.0,2.284224510192872
polar_north_clockwise_equal_count__v2020__B3|6394,211013,11.402300834655762,1.9248266220092771,1.0098896026611328,2.303175926208496,0.0738447598912715,0.0,0.0,0.0982472822070121,0.0,0.0,0.0,0.0051183700561523,0.0,0.37834930419921897
polar_north_clockwise_equal_count__v2020__B3|6394,211014,11.402300834655762,0.4019403457641601,2.532838821411133,2.8027591705322266,0.2712171549380852,0.0,0.0,0.100825659930706,0.0,0.0,0.0,0.0051183700561523,0.0,2.4008188247680664
polar_north_clockwise_equal_count__v2020__B3|6394,211015,11.402300834655762,0.2991600036621094,2.635581970214844,2.1536941528320312,0.2179099969797644,0.0,0.0,0.0962929800152778,0.0,0.0,0.0,0.0051183700561523,0.0,1.8545341491699219
polar_north_clockwise_equal_count__v2020__B3|6394,211016,11.402300834655762,0.7554311752319336,2.179326057434082,3.316598892211914,0.2497734823316219,0.0,0.0,0.1002316027879715,0.0,0.0,0.0,0.0051183700561523,0.0,2.5611677169799805
polar_north_clockwise_equal_count__v2020__B3|6394,211017,11.402300834655762,1.1962547302246094,1.7385530471801758,2.5056304931640625,0.2346723044397463,0.0,0.0,0.1022066175937652,0.0,0.0,0.0,0.0051183700561523,0.0,1.3093757629394531
polar_north_clockwise_equal_count__v2020__B3|6394,211018,11.402300834655762,1.272247314453125,1.662522315979004,3.005955696105957,0.2668378133494413,0.0,0.0,0.0960376113653183,0.0,0.0,0.0,0.0051183700561523,0.0,1.733708381652832
polar_north_clockwise_equal_count__v2020__B3|6394,211019,11.402300834655762,0.9810914993286132,1.9535799026489256,2.549741744995117,0.1573542736333434,0.0,0.0,0.0961586162447929,0.0,0.0,0.0,0.0051183700561523,0.0,1.568650245666504
polar_north_clockwise_equal_count__v2020__B3|6394,211020,11.402300834655762,0.6421165466308594,2.292649269104004,1.513935089111328,0.2047719722138326,0.0,0.0,0.0904572531580925,0.0,0.0,0.0,0.0051183700561523,0.0,0.8718185424804685
polar_north_clockwise_equal_count__v2020__B3|3779,211001,12.893210411071776,0.8624553680419922,0.5779848098754883,1.1997184753417969,0.3159166414980369,0.0,0.0,0.053992748260498,0.0,9.5367431640625e-07,9.5367431640625e-07,0.0025968551635742,9.5367431640625e-07,0.3372631072998047
polar_north_clockwise_equal_count__v2020__B3|3779,211002,12.893210411071776,0.2134504318237304,1.2268695831298828,0.4060850143432617,0.3923286016309272,0.0,0.0,0.0537051036953926,0.0,9.5367431640625e-07,9.5367431640625e-07,0.0025968551635742,9.5367431640625e-07,0.1926345825195313
polar_north_clockwise_equal_count__v2020__B3|3779,211003,12.893210411071776,0.2894678115844726,1.151066780090332,1.3155841827392578,0.3249773482331621,0.0,0.0,0.0531092323362827,0.0,9.5367431640625e-07,9.5367431640625e-07,0.0025968551635742,9.5367431640625e-07,1.0261163711547852
polar_north_clockwise_equal_count__v2020__B3|3779,211004,12.893210411071776,0.4147529602050781,1.8546209335327148,1.4524307250976562,0.3976140138930836,0.0,0.0,0.0532349981367588,0.0,9.5367431640625e-07,9.5367431640625e-07,0.0025968551635742,9.5367431640625e-07,1.0376777648925781
polar_north_clockwise_equal_count__v2020__B3|3779,211005,12.893210411071776,0.2947416305541992,1.1454963684082031,1.2616100311279297,0.3008154636061613,0.0,0.0,0.0540317557752132,0.0,9.5367431640625e-07,9.5367431640625e-07,0.0025968551635742,9.5367431640625e-07,0.9668684005737305
polar_north_clockwise_equal_count__v2020__B3|3779,211006,12.893210411071776,0.7741413116455078,2.2137279510498047,0.634373664855957,0.3992751434611899,0.0,0.0,0.0539860986173152,0.0,9.5367431640625e-07,9.5367431640625e-07,0.0025968551635742,9.5367431640625e-07,-0.13976764678955078
polar_north_clockwise_equal_count__v2020__B3|3779,211007,12.893210411071776,0.6507654190063477,0.7894220352172852,2.462697982788086,0.3554817275747508,0.0,0.0,0.05302544683218,0.0,9.5367431640625e-07,9.5367431640625e-07,0.0025968551635742,9.5367431640625e-07,1.8119325637817383
polar_north_clockwise_equal_count__v2020__B3|3779,211008,12.893210411071776,1.108476638793945,2.548324584960937,0.994853973388672,0.3871942011476895,0.0,0.0,0.0544667653739452,0.0,9.5367431640625e-07,9.5367431640625e-07,0.0025968551635742,9.5367431640625e-07,-0.1136226654052731
polar_north_clockwise_equal_count__v2020__B3|3779,211009,12.893210411071776,0.2764778137207031,1.1639032363891602,1.3801584243774414,0.3248263364542434,0.0,0.0,0.0539558567106723,0.0,9.5367431640625e-07,9.5367431640625e-07,0.0025968551635742,9.5367431640625e-07,1.1036806106567383
polar_north_clockwise_equal_count__v2020__B3|3779,211010,12.893210411071776,0.8427743911743164,2.2826242446899414,1.1240367889404297,0.3427967381455754,0.0,0.0,0.0535215325653553,0.0,9.5367431640625e-07,9.5367431640625e-07,0.0025968551635742,9.5367431640625e-07,0.2812623977661133
polar_north_clockwise_equal_count__v2020__B3|3779,211011,12.893210411071776,1.343531608581543,2.783619880676269,1.426443099975586,0.4107520386590154,0.0,0.0,0.0532648153603076,0.0,9.5367431640625e-07,9.5367431640625e-07,0.0025968551635742,9.5367431640625e-07,0.08291149139404297
polar_north_clockwise_equal_count__v2020__B3|3779,211012,12.893210411071776,0.0552854537963867,1.4949102401733398,1.8373470306396484,0.3536695862277257,0.0,0.0,0.053666990250349,0.0,9.5367431640625e-07,9.5367431640625e-07,0.0025968551635742,9.5367431640625e-07,1.7820615768432617
polar_north_clockwise_equal_count__v2020__B3|3779,211013,12.893210411071776,0.4780693054199219,1.9176387786865237,1.010053634643555,0.2617034128662036,0.0,0.0,0.055174633860588,0.0,9.5367431640625e-07,9.5367431640625e-07,0.0025968551635742,9.5367431640625e-07,0.531984329223633
polar_north_clockwise_equal_count__v2020__B3|3779,211014,12.893210411071776,0.925445556640625,2.365886688232422,2.317954063415528,0.412866203563878,0.0,0.0,0.0547820702195167,0.0,9.5367431640625e-07,9.5367431640625e-07,0.0025968551635742,9.5367431640625e-07,1.3925085067749028
polar_north_clockwise_equal_count__v2020__B3|3779,211015,12.893210411071776,0.779597282409668,2.219669342041016,0.5707883834838867,0.3900634249471459,0.0,0.0,0.0548322647809982,0.0,9.5367431640625e-07,9.5367431640625e-07,0.0025968551635742,9.5367431640625e-07,-0.20880889892578125
polar_north_clockwise_equal_count__v2020__B3|3779,211016,12.893210411071776,0.4436559677124023,1.8837156295776367,1.3508262634277344,0.4361220175173663,0.0,0.0,0.0545970872044563,0.0,9.5367431640625e-07,9.5367431640625e-07,0.0025968551635742,9.5367431640625e-07,0.907170295715332
polar_north_clockwise_equal_count__v2020__B3|3779,211017,12.893210411071776,0.0704383850097656,1.3699922561645508,1.292963981628418,0.4142253095741467,0.0,0.0,0.0542540550231933,0.0,9.5367431640625e-07,9.5367431640625e-07,0.0025968551635742,9.5367431640625e-07,1.2225255966186523
polar_north_clockwise_equal_count__v2020__B3|3779,211018,12.893210411071776,1.3977880477905271,2.8382492065429688,1.565415382385254,0.4472968891573542,0.0,0.0,0.0538333132863044,0.0,9.5367431640625e-07,9.5367431640625e-07,0.0025968551635742,9.5367431640625e-07,0.16762733459472678
polar_north_clockwise_equal_count__v2020__B3|3779,211019,12.893210411071776,0.9063053131103516,2.346963882446289,1.5050621032714844,0.3634853518574448,0.0,0.0,0.0545156151056289,0.0,9.5367431640625e-07,9.5367431640625e-07,0.0025968551635742,9.5367431640625e-07,0.5987567901611328
polar_north_clockwise_equal_count__v2020__B3|3779,211020,12.893210411071776,0.2634820938110351,1.7036714553833008,0.4439411163330078,0.3523104802174569,0.0,0.0,0.0537073649466037,0.0,9.5367431640625e-07,9.5367431640625e-07,0.0025968551635742,9.5367431640625e-07,0.1804590225219727
polar_north_clockwise_equal_count__v2020__B4|2439,211001,12.131651878356934,2.204940795898437,0.8556852340698242,2.9041919708251958,0.3180308064028994,0.0,0.0,0.0989346802234649,0.0,0.0,0.0,0.0140790939331054,0.0,0.6992511749267587
polar_north_clockwise_equal_count__v2020__B4|2439,211002,12.131651878356934,0.4594335556030273,2.603269577026367,2.174159049987793,0.4522802778616732,0.0,0.0,0.1013789847493171,0.0,0.0,0.0,0.0140790939331054,0.0,1.7147254943847656
polar_north_clockwise_equal_count__v2020__B4|2439,211003,12.131651878356934,2.2117090225219727,0.8493766784667969,2.8265113830566406,0.3168227121715494,0.0,0.0,0.0985104367136955,0.0,0.0,0.0,0.0140790939331054,0.0,0.614802360534668
polar_north_clockwise_equal_count__v2020__B4|2439,211004,12.131651878356934,1.978045463562012,1.082441329956055,3.0563058853149414,0.4764421624886741,0.0,0.0,0.1008368656039238,0.0,0.0,0.0,0.0140790939331054,0.0,1.0782604217529295
polar_north_clockwise_equal_count__v2020__B4|2439,211005,12.131651878356934,1.7038459777832031,1.3578224182128906,3.1088037490844727,0.4747810329205677,0.0,0.0,0.0999480858445167,0.0,0.0,0.0,0.0140790939331054,0.0,1.4049577713012695
polar_north_clockwise_equal_count__v2020__B4|2439,211006,12.131651878356934,1.3002443313598633,1.7611808776855469,3.5568857192993164,0.2983992751434611,0.0,0.0,0.1018277183175087,0.0,0.0,0.0,0.0140790939331054,0.0,2.256641387939453
polar_north_clockwise_equal_count__v2020__B4|2439,211007,12.131651878356934,0.1232967376708984,2.937631607055664,0.6441688537597656,0.4649652672908487,0.0,0.0,0.102711409330368,0.0,0.0,0.0,0.0140790939331054,0.0,0.5208721160888672
polar_north_clockwise_equal_count__v2020__B4|2439,211008,12.131651878356934,1.4001102447509766,1.661334991455078,2.0393171310424805,0.3565388100271821,0.0,0.0,0.102529153227806,0.0,0.0,0.0,0.0140790939331054,0.0,0.6392068862915039
polar_north_clockwise_equal_count__v2020__B4|2439,211009,12.131651878356934,0.3915176391601562,2.669735908508301,3.032102584838867,0.5019631531259438,0.0,0.0,0.1015615165233612,0.0,0.0,0.0,0.0140790939331054,0.0,2.640584945678711
polar_north_clockwise_equal_count__v2020__B4|2439,211010,12.131651878356934,1.4245023727416992,1.6371917724609375,2.5782642364501958,0.3565388100271821,0.0,0.0,0.0996107086539268,0.0,0.0,0.0,0.0140790939331054,0.0,1.1537618637084965
polar_north_clockwise_equal_count__v2020__B4|2439,211011,12.131651878356934,0.6228199005126953,2.438180923461914,3.0183897018432617,0.3914225309574146,0.0,0.0,0.0992510169744491,0.0,0.0,0.0,0.0140790939331054,0.0,2.3955698013305664
polar_north_clockwise_equal_count__v2020__B4|2439,211012,12.131651878356934,0.9152870178222656,2.1456661224365234,2.796602249145508,0.3544246451223196,0.0,0.0,0.1018509790301323,0.0,0.0,0.0,0.0140790939331054,0.0,1.8813152313232422
polar_north_clockwise_equal_count__v2020__B4|2439,211013,12.131651878356934,2.217597961425781,0.8438940048217773,2.182389259338379,0.3877982482633645,0.0,0.0,0.0982424914836883,0.0,0.0,0.0,0.0140790939331054,0.0,-0.0352087020874019
polar_north_clockwise_equal_count__v2020__B4|2439,211014,12.131651878356934,1.8062782287597656,1.2552165985107422,1.0988588333129885,0.3542736333434008,0.0,0.0,0.0996146202087402,0.0,0.0,0.0,0.0140790939331054,0.0,-0.7074193954467771
polar_north_clockwise_equal_count__v2020__B4|2439,211015,12.131651878356934,1.5283727645874023,1.5315141677856443,2.33120059967041,0.4974327997583811,0.0,0.0,0.0996616184711456,0.0,0.0,0.0,0.0140790939331054,0.0,0.8028278350830078
polar_north_clockwise_equal_count__v2020__B4|2439,211016,12.131651878356934,0.1313886642456054,2.92959213256836,2.7297048568725586,0.4556025369978858,0.0,0.0,0.1021833941340446,0.0,0.0,0.0,0.0140790939331054,0.0,2.598316192626953
polar_north_clockwise_equal_count__v2020__B4|2439,211017,12.131651878356934,1.678911209106445,1.3822669982910156,2.1526880264282227,0.4427665357897916,0.0,0.0,0.0990367159247398,0.0,0.0,0.0,0.0140790939331054,0.0,0.47377681732177757
polar_north_clockwise_equal_count__v2020__B4|2439,211018,12.131651878356934,2.0818777084350586,0.9792795181274414,2.749378204345703,0.5036242826940501,0.0,0.0,0.1016707047820091,0.0,0.0,0.0,0.0140790939331054,0.0,0.6675004959106445
polar_north_clockwise_equal_count__v2020__B4|2439,211019,12.131651878356934,1.7327899932861328,1.3284339904785156,2.804391860961914,0.4263062518876472,0.0,0.0,0.0999173372983932,0.0,0.0,0.0,0.0140790939331054,0.0,1.0716018676757812
polar_north_clockwise_equal_count__v2020__B4|2439,211020,12.131651878356934,1.508169174194336,1.553030014038086,2.599580764770508,0.3719420114768952,0.0,0.0,0.1001995205879211,0.0,0.0,0.0,0.0140790939331054,0.0,1.0914115905761719
polar_north_clockwise_equal_count__v2020__B4|2348,211001,13.572057723999023,0.6134920120239258,0.9991722106933594,1.524632453918457,0.4281183932346723,0.0,0.0,0.0785971283912658,0.0,9.5367431640625e-07,9.5367431640625e-07,0.0113286972045898,9.5367431640625e-07,0.9111404418945312
polar_north_clockwise_equal_count__v2020__B4|2348,211002,13.572057723999023,0.6345186233520508,0.9771947860717772,1.264055252075195,0.4880700694654183,0.0,0.0,0.0792157649993896,0.0,9.5367431640625e-07,9.5367431640625e-07,0.0113286972045898,9.5367431640625e-07,0.6295366287231443
polar_north_clockwise_equal_count__v2020__B4|2348,211003,13.572057723999023,0.7056875228881836,0.9062471389770508,1.3524656295776367,0.4411054062216852,0.0,0.0,0.0791755393147468,0.0,9.5367431640625e-07,9.5367431640625e-07,0.0113286972045898,9.5367431640625e-07,0.6467781066894531
polar_north_clockwise_equal_count__v2020__B4|2348,211004,13.572057723999023,0.6836452484130859,0.9286289215087892,1.4393672943115234,0.4237390516460284,0.0,0.0,0.0793816074728965,0.0,9.5367431640625e-07,9.5367431640625e-07,0.0113286972045898,9.5367431640625e-07,0.7557220458984375
polar_north_clockwise_equal_count__v2020__B4|2348,211005,13.572057723999023,0.8539943695068359,0.7577733993530273,1.5935420989990234,0.2943219571126548,0.0,0.0,0.0796516239643096,0.0,9.5367431640625e-07,9.5367431640625e-07,0.0113286972045898,9.5367431640625e-07,0.7395477294921875
polar_north_clockwise_equal_count__v2020__B4|2348,211006,13.572057723999023,1.061802864074707,0.5501012802124023,1.2644519805908203,0.2896405919661733,0.0,0.0,0.0803402215242385,0.0,9.5367431640625e-07,9.5367431640625e-07,0.0113286972045898,9.5367431640625e-07,0.20264911651611328
polar_north_clockwise_equal_count__v2020__B4|2348,211007,13.572057723999023,0.6481494903564453,0.9637575149536132,1.387197494506836,0.348535185744488,0.0,0.0,0.0789367705583572,0.0,9.5367431640625e-07,9.5367431640625e-07,0.0113286972045898,9.5367431640625e-07,0.7390480041503906
polar_north_clockwise_equal_count__v2020__B4|2348,211008,13.572057723999023,0.4474973678588867,1.1642189025878906,0.8643226623535156,0.420265780730897,0.0,0.0,0.0797311812639236,0.0,9.5367431640625e-07,9.5367431640625e-07,0.0113286972045898,9.5367431640625e-07,0.4168252944946289
polar_north_clockwise_equal_count__v2020__B4|2348,211009,13.572057723999023,0.749964714050293,0.862553596496582,1.554889678955078,0.40048323769254,0.0,0.0,0.0790717601776123,0.0,9.5367431640625e-07,9.5367431640625e-07,0.0113286972045898,9.5367431640625e-07,0.8049249649047849
polar_north_clockwise_equal_count__v2020__B4|2348,211010,13.572057723999023,1.1969661712646484,0.4146099090576172,1.3052091598510742,0.3180308064028994,0.0,0.0,0.0797272026538848,0.0,9.5367431640625e-07,9.5367431640625e-07,0.0113286972045898,9.5367431640625e-07,0.10824298858642578
polar_north_clockwise_equal_count__v2020__B4|2348,211011,13.572057723999023,0.9175691604614258,0.6949729919433594,1.6436729431152344,0.3379643612201752,0.0,0.0,0.0788239762187004,0.0,9.5367431640625e-07,9.5367431640625e-07,0.0113286972045898,9.5367431640625e-07,0.7261037826538086
polar_north_clockwise_equal_count__v2020__B4|2348,211012,13.572057723999023,0.6940727233886719,0.9181032180786132,1.2554264068603516,0.3495922681969193,0.0,0.0,0.079702116549015,0.0,9.5367431640625e-07,9.5367431640625e-07,0.0113286972045898,9.5367431640625e-07,0.5613536834716797
polar_north_clockwise_equal_count__v2020__B4|2348,211013,13.572057723999023,0.8547391891479492,0.7571077346801758,1.1470985412597656,0.345514950166113,0.0,0.0,0.0795997306704521,0.0,9.5367431640625e-07,9.5367431640625e-07,0.0113286972045898,9.5367431640625e-07,0.2923593521118164
polar_north_clockwise_equal_count__v2020__B4|2348,211014,13.572057723999023,0.7357339859008789,0.8763437271118164,1.0549640655517578,0.254605859257022,0.0,0.0,0.0797122195363044,0.0,9.5367431640625e-07,9.5367431640625e-07,0.0113286972045898,9.5367431640625e-07,0.3192300796508789
polar_north_clockwise_equal_count__v2020__B4|2348,211015,13.572057723999023,0.6107196807861328,1.0022153854370115,1.0696611404418943,0.4388402295379039,0.0,0.0,0.0791279450058937,0.0,9.5367431640625e-07,9.5367431640625e-07,0.0113286972045898,9.5367431640625e-07,0.4589414596557615
polar_north_clockwise_equal_count__v2020__B4|2348,211016,13.572057723999023,0.4831094741821289,1.1292085647583008,1.2881784439086914,0.4747810329205677,0.0,0.0,0.0804435759782791,0.0,9.5367431640625e-07,9.5367431640625e-07,0.0113286972045898,9.5367431640625e-07,0.8050689697265625
polar_north_clockwise_equal_count__v2020__B4|2348,211017,13.572057723999023,0.5217952728271484,1.0897865295410156,1.224900245666504,0.3464210208396255,0.0,0.0,0.079394094645977,0.0,9.5367431640625e-07,9.5367431640625e-07,0.0113286972045898,9.5367431640625e-07,0.7031049728393555
polar_north_clockwise_equal_count__v2020__B4|2348,211018,13.572057723999023,0.9066295623779296,0.7052240371704102,1.4989585876464844,0.3947447900936273,0.0,0.0,0.0797036960721015,0.0,9.5367431640625e-07,9.5367431640625e-07,0.0113286972045898,9.5367431640625e-07,0.5923290252685548
polar_north_clockwise_equal_count__v2020__B4|2348,211019,13.572057723999023,0.7314128875732422,0.8805255889892578,1.2957353591918943,0.3569918453639384,0.0,0.0,0.0794649869203567,0.0,9.5367431640625e-07,9.5367431640625e-07,0.0113286972045898,9.5367431640625e-07,0.5643224716186521
polar_north_clockwise_equal_count__v2020__B4|2348,211020,13.572057723999023,0.9955949783325196,0.617070198059082,1.4631633758544922,0.4130172153427968,0.0,0.0,0.0792211517691612,0.0,9.5367431640625e-07,9.5367431640625e-07,0.0113286972045898,9.5367431640625e-07,0.46756839752197255
polar_north_clockwise_equal_count__v2020__B4|1889,211001,12.77393913269043,1.7641983032226562,0.6509189605712891,2.2183151245117188,0.4007852612503775,0.0,0.0,0.0626145750284195,0.0,9.5367431640625e-07,9.5367431640625e-07,0.0006723403930664,9.5367431640625e-07,0.4541168212890625
polar_north_clockwise_equal_count__v2020__B4|1889,211002,12.77393913269043,1.23870849609375,1.176370620727539,1.6275959014892578,0.5350347327091513,0.0,0.0,0.0625039562582969,0.0,9.5367431640625e-07,9.5367431640625e-07,0.0006723403930664,9.5367431640625e-07,0.3888874053955078
polar_north_clockwise_equal_count__v2020__B4|1889,211003,12.77393913269043,1.8717832565307615,0.5431938171386719,2.1674575805664062,0.4018423437028088,0.0,0.0,0.0627518072724342,0.0,9.5367431640625e-07,9.5367431640625e-07,0.0006723403930664,9.5367431640625e-07,0.29567432403564475
polar_north_clockwise_equal_count__v2020__B4|1889,211004,12.77393913269043,0.7753496170043945,1.6396446228027344,2.1858930587768555,0.5132890365448506,0.0,0.0,0.0619749650359153,0.0,9.5367431640625e-07,9.5367431640625e-07,0.0006723403930664,9.5367431640625e-07,1.410543441772461
polar_north_clockwise_equal_count__v2020__B4|1889,211005,12.77393913269043,1.199152946472168,1.2159061431884766,2.4621734619140625,0.5107218363032316,0.0,0.0,0.0638055130839347,0.0,9.5367431640625e-07,9.5367431640625e-07,0.0006723403930664,9.5367431640625e-07,1.2630205154418945
polar_north_clockwise_equal_count__v2020__B4|1889,211006,12.77393913269043,1.6111021041870115,0.8038997650146484,2.4495906829833984,0.3498942917547569,0.0,0.0,0.0632301419973373,0.0,9.5367431640625e-07,9.5367431640625e-07,0.0006723403930664,9.5367431640625e-07,0.8384885787963869
polar_north_clockwise_equal_count__v2020__B4|1889,211007,12.77393913269043,0.9947118759155272,1.4203262329101562,1.3421964645385742,0.4951676230745998,0.0,0.0,0.062164906412363,0.0,9.5367431640625e-07,9.5367431640625e-07,0.0006723403930664,9.5367431640625e-07,0.347484588623047
polar_north_clockwise_equal_count__v2020__B4|1889,211008,12.77393913269043,1.5594511032104492,0.8555164337158203,1.632847785949707,0.4098459679855029,0.0,0.0,0.0632228925824165,0.0,9.5367431640625e-07,9.5367431640625e-07,0.0006723403930664,9.5367431640625e-07,0.07339668273925781
polar_north_clockwise_equal_count__v2020__B4|1889,211009,12.77393913269043,0.6796207427978516,1.7354602813720703,2.30141544342041,0.5537601932950771,0.0,0.0,0.0621976368129253,0.0,9.5367431640625e-07,9.5367431640625e-07,0.0006723403930664,9.5367431640625e-07,1.6217947006225586
polar_north_clockwise_equal_count__v2020__B4|1889,211010,12.77393913269043,1.6962566375732422,0.7186641693115234,2.0654029846191406,0.3633343400785261,0.0,0.0,0.0628076791763305,0.0,9.5367431640625e-07,9.5367431640625e-07,0.0006723403930664,9.5367431640625e-07,0.36914634704589844
polar_north_clockwise_equal_count__v2020__B4|1889,211011,12.77393913269043,0.9340715408325196,1.4810028076171875,2.3948755264282227,0.4479009362730293,0.0,0.0,0.0606771111488342,0.0,9.5367431640625e-07,9.5367431640625e-07,0.0006723403930664,9.5367431640625e-07,1.4608039855957031
polar_north_clockwise_equal_count__v2020__B4|1889,211012,12.77393913269043,1.4150314331054688,0.9999599456787108,2.1669492721557617,0.4818785865297493,0.0,0.0,0.0626621395349502,0.0,9.5367431640625e-07,9.5367431640625e-07,0.0006723403930664,9.5367431640625e-07,0.751917839050293
polar_north_clockwise_equal_count__v2020__B4|1889,211013,12.77393913269043,1.8870925903320312,0.5278444290161133,1.658294677734375,0.429477499244941,0.0,0.0,0.0632123798131942,0.0,9.5367431640625e-07,9.5367431640625e-07,0.0006723403930664,9.5367431640625e-07,-0.22879791259765625
polar_north_clockwise_equal_count__v2020__B4|1889,211014,12.77393913269043,1.3505725860595703,1.0645771026611328,1.5063371658325195,0.3420416792509815,0.0,0.0,0.0622978694736957,0.0,9.5367431640625e-07,9.5367431640625e-07,0.0006723403930664,9.5367431640625e-07,0.15576457977294922
polar_north_clockwise_equal_count__v2020__B4|1889,211015,12.77393913269043,1.2264900207519531,1.1885147094726562,1.4928112030029297,0.5240108728480821,0.0,0.0,0.0624058209359645,0.0,9.5367431640625e-07,9.5367431640625e-07,0.0006723403930664,9.5367431640625e-07,0.26632118225097656
polar_north_clockwise_equal_count__v2020__B4|1889,211016,12.77393913269043,0.9115362167358398,1.5034732818603516,2.15045166015625,0.4984898822108123,0.0,0.0,0.0643538758158683,0.0,9.5367431640625e-07,9.5367431640625e-07,0.0006723403930664,9.5367431640625e-07,1.2389154434204102
polar_north_clockwise_equal_count__v2020__B4|1889,211017,12.77393913269043,1.2382326126098633,1.176666259765625,1.688002586364746,0.5215946843853819,0.0,0.0,0.0631677880883216,0.0,9.5367431640625e-07,9.5367431640625e-07,0.0006723403930664,9.5367431640625e-07,0.4497699737548828
polar_north_clockwise_equal_count__v2020__B4|1889,211018,12.77393913269043,1.3427209854125977,1.0723133087158203,2.351082801818848,0.5768649954696466,0.0,0.0,0.0608269497752189,0.0,9.5367431640625e-07,9.5367431640625e-07,0.0006723403930664,9.5367431640625e-07,1.0083618164062504
polar_north_clockwise_equal_count__v2020__B4|1889,211019,12.77393913269043,1.362320899963379,1.0527944564819336,2.2066946029663086,0.4759891271519177,0.0,0.0,0.0623859949409961,0.0,9.5367431640625e-07,9.5367431640625e-07,0.0006723403930664,9.5367431640625e-07,0.8443737030029297
polar_north_clockwise_equal_count__v2020__B4|1889,211020,12.77393913269043,1.6955852508544922,0.7194108963012695,1.805728912353516,0.3607671398369073,0.0,0.0,0.0620319284498691,0.0,9.5367431640625e-07,9.5367431640625e-07,0.0006723403930664,9.5367431640625e-07,0.11014366149902388
