sum_component_change,integrated_change,non_additivity_residual
0.1962491273880005,0.1962490975856781,-2.9802322387695312e-08
0.1989365667104721,0.1989365816116333,1.4901161193847656e-08
0.1982385516166687,0.1982385516166687,0.0
0.20014828443527222,0.2001483142375946,2.9802322387695312e-08
0.19988295435905457,0.19988295435905457,0.0
0.20321916043758392,0.20321914553642273,-1.4901161193847656e-08
0.2041955441236496,0.2041955441236496,0.0
0.20513707399368286,0.20513707399368286,0.0
0.028707355260849,0.0287073515355587,-3.725290298461914e-09
0.028707772493362427,0.02870776876807213,-3.725290298461914e-09
0.19819895923137665,0.19819894433021545,-1.4901161193847656e-08
0.19967013597488403,0.19967013597488403,0.0
0.20062284171581268,0.20062285661697388,1.4901161193847656e-08
0.20151540637016296,0.20151540637016296,0.0
0.20282897353172302,0.20282895863056183,-1.4901161193847656e-08
0.2038189023733139,0.2038189172744751,1.4901161193847656e-08
0.20417331159114838,0.204173281788826,-2.9802322387695312e-08
0.20559951663017273,0.20559951663017273,0.0
0.026267219334840775,0.02626722678542137,7.450580596923828e-09
0.027413785457611084,0.02741379663348198,1.1175870895385742e-08
0.1970452070236206,0.1970452070236206,0.0
0.19860979914665222,0.19860976934432983,-2.9802322387695312e-08
0.19867932796478271,0.1986793428659439,1.4901161193847656e-08
0.2003983110189438,0.2003983110189438,0.0
0.20225310325622559,0.2022530436515808,-5.960464477539063e-08
0.20193561911582947,0.20193560421466827,-1.4901161193847656e-08
0.2034568190574646,0.2034568339586258,1.4901161193847656e-08
0.20414221286773682,0.20414221286773682,0.0
0.026597678661346436,0.026597686111927032,7.450580596923828e-09
0.02981540560722351,0.029815394431352615,-1.1175870895385742e-08
0.19693085551261902,0.1969308704137802,1.4901161193847656e-08
0.1994125247001648,0.1994125247001648,0.0
0.1992848813533783,0.1992848813533783,0.0
0.20071744918823242,0.20071744918823242,0.0
0.2011675238609314,0.20116755366325378,2.9802322387695312e-08
0.20399364829063416,0.20399364829063416,0.0
0.2035331279039383,0.2035331130027771,-1.4901161193847656e-08
0.204928457736969,0.20492851734161377,5.960464477539063e-08
0.02822050452232361,0.02822050452232361,0.0
0.030541613698005676,0.030541621148586273,7.450580596923828e-09
0.19560976326465607,0.19560974836349487,-1.4901161193847656e-08
0.19834868609905243,0.19834867119789124,-1.4901161193847656e-08
0.19757428765296936,0.19757428765296936,0.0
0.19852954149246216,0.19852954149246216,0.0
0.20043236017227173,0.20043237507343292,1.4901161193847656e-08
0.20202668011188507,0.20202669501304626,1.4901161193847656e-08
0.2029072791337967,0.2029072642326355,-1.4901161193847656e-08
0.20289070904254913,0.20289069414138794,-1.4901161193847656e-08
0.029934756457805634,0.02993476763367653,1.1175870895385742e-08
0.03128024935722351,0.031280238181352615,-1.1175870895385742e-08
0.1977725625038147,0.19777259230613708,2.9802322387695312e-08
0.19873063266277313,0.19873061776161194,-1.4901161193847656e-08
0.19949336349964142,0.19949334859848022,-1.4901161193847656e-08
0.2005029022693634,0.2005028873682022,-1.4901161193847656e-08
0.2028968334197998,0.20289678871631622,-4.470348358154297e-08
0.20289190113544464,0.20289191603660583,1.4901161193847656e-08
0.20395874977111816,0.20395877957344055,2.9802322387695312e-08
0.2050173431634903,0.2050173282623291,-1.4901161193847656e-08
0.026238776743412018,0.026238776743412018,0.0
0.027086585760116577,0.027086574584245682,-1.1175870895385742e-08
0.19896529614925385,0.19896528124809265,-1.4901161193847656e-08
0.1990968883037567,0.19909685850143433,-2.9802322387695312e-08
0.20018720626831055,0.20018725097179413,4.470348358154297e-08
0.20138071477413177,0.20138071477413177,0.0
0.20235174894332886,0.20235174894332886,0.0
0.20333531498908997,0.20333531498908997,0.0
0.2040444314479828,0.2040444016456604,-2.9802322387695312e-08
0.20509842038154602,0.20509840548038483,-1.4901161193847656e-08
0.026174329221248627,0.02617432177066803,-7.450580596923828e-09
0.02954728901386261,0.029547300189733505,1.1175870895385742e-08
0.19784006476402283,0.19784006476402283,0.0
0.19941557943820953,0.19941553473472595,-4.470348358154297e-08
0.19998320937156677,0.19998323917388916,2.9802322387695312e-08
0.20177319645881653,0.20177316665649414,-2.9802322387695312e-08
0.2022830843925476,0.2022830843925476,0.0
0.203597292304039,0.2035973072052002,1.4901161193847656e-08
0.20449045300483704,0.20449042320251465,-2.9802322387695312e-08
0.20542292296886444,0.20542290806770325,-1.4901161193847656e-08
0.02558073028922081,0.02558073028922081,0.0
0.03024023026227951,0.030240219086408615,-1.1175870895385742e-08
0.1975269466638565,0.1975269317626953,-1.4901161193847656e-08
0.19898705184459686,0.19898706674575806,1.4901161193847656e-08
0.19928884506225586,0.19928881525993347,-2.9802322387695312e-08
0.20106346905231476,0.20106348395347595,1.4901161193847656e-08
0.20268604159355164,0.20268607139587402,2.9802322387695312e-08
0.20264041423797607,0.20264044404029846,2.9802322387695312e-08
0.2039298713207245,0.2039298713207245,0.0
0.2045854777097702,0.20458552241325378,4.470348358154297e-08
0.029208891093730927,0.02920890972018242,1.862645149230957e-08
0.03108014166355133,0.031080134212970734,-7.450580596923828e-09
0.19812975823879242,0.1981297880411148,2.9802322387695312e-08
0.19904223084449768,0.19904223084449768,0.0
0.20099124312400818,0.20099124312400818,0.0
0.2010805755853653,0.2010805755853653,0.0
0.20289447903633118,0.20289450883865356,2.9802322387695312e-08
0.20443300902843475,0.20443299412727356,-1.4901161193847656e-08
0.20390206575393677,0.20390206575393677,0.0
0.20590269565582275,0.20590269565582275,0.0
0.025740720331668854,0.025740712881088257,-7.450580596923828e-09
0.026370935142040253,0.026370931416749954,-3.725290298461914e-09
0.19838356971740723,0.19838356971740723,0.0
0.19970306754112244,0.19970306754112244,0.0
0.1998831182718277,0.1998831033706665,-1.4901161193847656e-08
0.20162008702754974,0.20162007212638855,-1.4901161193847656e-08
0.20154255628585815,0.20154254138469696,-1.4901161193847656e-08
0.20274551212787628,0.20274552702903748,1.4901161193847656e-08
0.20407487452030182,0.20407485961914062,-1.4901161193847656e-08
0.204961895942688,0.20496192574501038,2.9802322387695312e-08
0.029353931546211243,0.02935393899679184,7.450580596923828e-09
0.030735157430171967,0.030735153704881668,-3.725290298461914e-09
0.23318885266780853,0.23318885266780853,0.0
0.23409324884414673,0.23409321904182434,-2.9802322387695312e-08
0.23482224345207214,0.23482222855091095,-1.4901161193847656e-08
0.2341446876525879,0.2341446727514267,-1.4901161193847656e-08
0.23504453897476196,0.23504452407360077,-1.4901161193847656e-08
0.23577478528022766,0.23577475547790527,-2.9802322387695312e-08
0.23635299503803253,0.23635298013687134,-1.4901161193847656e-08
0.23780697584152222,0.2378069907426834,1.4901161193847656e-08
-0.04226884990930557,-0.04226886108517647,-1.1175870895385742e-08
-0.04437084496021271,-0.04437084496021271,0.0
0.2339661568403244,0.2339661419391632,-1.4901161193847656e-08
0.2336074560880661,0.2336074709892273,1.4901161193847656e-08
0.23440386354923248,0.23440386354923248,0.0
0.23123988509178162,0.23123988509178162,0.0
0.23565265536308289,0.23565267026424408,1.4901161193847656e-08
0.23621368408203125,0.23621371388435364,2.9802322387695312e-08
0.23656411468982697,0.23656409978866577,-1.4901161193847656e-08
0.23835991322994232,0.2383599579334259,4.470348358154297e-08
-0.040982842445373535,-0.04098282381892204,1.862645149230957e-08
-0.04168364405632019,-0.04168364405632019,0.0
0.23538774251937866,0.23538777232170105,2.9802322387695312e-08
0.23574796319007874,0.23574796319007874,0.0
0.2348444163799286,0.2348444163799286,0.0
0.23760829865932465,0.23760829865932465,0.0
0.23718243837356567,0.23718246817588806,2.9802322387695312e-08
0.2372208684682846,0.2372208535671234,-1.4901161193847656e-08
0.23748257756233215,0.23748254776000977,-2.9802322387695312e-08
0.2377556711435318,0.237755686044693,1.4901161193847656e-08
-0.041833292692899704,-0.041833292692899704,0.0
-0.04263175278902054,-0.04263174906373024,3.725290298461914e-09
0.2343732863664627,0.2343732714653015,-1.4901161193847656e-08
0.23326900601387024,0.23326899111270905,-1.4901161193847656e-08
0.23438459634780884,0.23438458144664764,-1.4901161193847656e-08
0.2354155331850052,0.2354155033826828,-2.9802322387695312e-08
0.2348795384168625,0.2348795235157013,-1.4901161193847656e-08
0.23587465286254883,0.23587468266487122,2.9802322387695312e-08
0.23759260773658752,0.23759257793426514,-2.9802322387695312e-08
0.23880831897258759,0.23880831897258759,0.0
-0.04267986863851547,-0.04267987236380577,-3.725290298461914e-09
-0.04327823966741562,-0.04327824339270592,-3.725290298461914e-09
0.23234686255455017,0.23234686255455017,0.0
0.23466117680072784,0.23466116189956665,-1.4901161193847656e-08
0.23483237624168396,0.23483237624168396,0.0
0.2356705218553543,0.2356705367565155,1.4901161193847656e-08
0.23518913984298706,0.23518916964530945,2.9802322387695312e-08
0.23475778102874756,0.23475784063339233,5.960464477539063e-08
0.23633357882499695,0.23633356392383575,-1.4901161193847656e-08
0.23775681853294373,0.23775681853294373,0.0
-0.042770951986312866,-0.042770955711603165,-3.725290298461914e-09
-0.04152914881706238,-0.04152914881706238,0.0
0.2326623797416687,0.2326623797416687,0.0
0.23448942601680756,0.23448944091796875,1.4901161193847656e-08
0.2340192347764969,0.2340192347764969,0.0
0.23461605608463287,0.23461607098579407,1.4901161193847656e-08
0.23496797680854797,0.23496797680854797,0.0
0.23565027117729187,0.23565030097961426,2.9802322387695312e-08
0.2365042269229889,0.2365042269229889,0.0
0.23752516508102417,0.23752513527870178,-2.9802322387695312e-08
-0.04271834343671799,-0.04271834343671799,0.0
-0.041542015969753265,-0.04154200851917267,7.450580596923828e-09
0.23555848002433777,0.23555846512317657,-1.4901161193847656e-08
0.23617756366729736,0.23617754876613617,-1.4901161193847656e-08
0.23655030131340027,0.23655033111572266,2.9802322387695312e-08
0.23493161797523499,0.23493161797523499,0.0
0.23711439967155457,0.23711439967155457,0.0
0.2377655953168869,0.2377656102180481,1.4901161193847656e-08
0.2383413165807724,0.2383413165807724,0.0
0.23913294076919556,0.23913295567035675,1.4901161193847656e-08
-0.041650235652923584,-0.041650231927633286,3.725290298461914e-09
-0.039961542934179306,-0.03996153548359871,7.450580596923828e-09
0.23386050760746002,0.23386047780513763,-2.9802322387695312e-08
0.2346612513065338,0.23466123640537262,-1.4901161193847656e-08
0.23586247861385345,0.23586246371269226,-1.4901161193847656e-08
0.23362168669700623,0.23362168669700623,0.0
0.23599718511104584,0.23599721491336823,2.9802322387695312e-08
0.23566573858261108,0.2356657087802887,-2.9802322387695312e-08
0.23596647381782532,0.23596644401550293,-2.9802322387695312e-08
0.23910439014434814,0.23910441994667053,2.9802322387695312e-08
-0.04100458323955536,-0.04100458696484566,-3.725290298461914e-09
-0.0438871905207634,-0.0438871905207634,0.0
0.23674100637435913,0.23674099147319794,-1.4901161193847656e-08
0.23687192797660828,0.2368718683719635,-5.960464477539063e-08
0.2373121976852417,0.2373121976852417,0.0
0.2367399036884308,0.2367399036884308,0.0
0.23791217803955078,0.23791217803955078,0.0
0.23792925477027893,0.23792925477027893,0.0
0.23870578408241272,0.2387058138847351,2.9802322387695312e-08
0.2394939661026001,0.23949399590492249,2.9802322387695312e-08
-0.040398985147476196,-0.040398985147476196,0.0
-0.039280544966459274,-0.039280544966459274,0.0
0.23503126204013824,0.23503129184246063,2.9802322387695312e-08
0.2366270273923874,0.23662708699703217,5.960464477539063e-08
0.2346149981021881,0.2346150130033493,1.4901161193847656e-08
0.2366991639137268,0.2366991490125656,-1.4901161193847656e-08
0.23713070154190063,0.23713070154190063,0.0
0.2367323786020279,0.2367323935031891,1.4901161193847656e-08
0.23862558603286743,0.23862561583518982,2.9802322387695312e-08
0.23961466550827026,0.23961463570594788,-2.9802322387695312e-08
-0.04045691713690758,-0.04045691341161728,3.725290298461914e-09
-0.039903685450553894,-0.0399036779999733,7.450580596923828e-09
0.2348887324333191,0.2348887026309967,-2.9802322387695312e-08
0.23554210364818573,0.23554208874702454,-1.4901161193847656e-08
0.23407889902591705,0.23407891392707825,1.4901161193847656e-08
0.2345462441444397,0.2345462590456009,1.4901161193847656e-08
0.23478496074676514,0.23478496074676514,0.0
0.23697085678577423,0.23697087168693542,1.4901161193847656e-08
0.23676982522010803,0.23676981031894684,-1.4901161193847656e-08
0.2381860911846161,0.23818610608577728,1.4901161193847656e-08
-0.0402306392788887,-0.0402306392788887,0.0
-0.04010982811450958,-0.040109824389219284,3.725290298461914e-09
0.2345481961965561,0.2345481961965561,0.0
0.23517602682113647,0.23517602682113647,0.0
0.23467381298542023,0.23467381298542023,0.0
0.2333180159330368,0.2333180010318756,-1.4901161193847656e-08
0.2355441004037857,0.2355440855026245,-1.4901161193847656e-08
0.23435476422309875,0.23435476422309875,0.0
0.23695264756679535,0.23695266246795654,1.4901161193847656e-08
0.2362436056137085,0.2362435758113861,-2.9802322387695312e-08
-0.041285980492830276,-0.041285980492830276,0.0
-0.040099650621414185,-0.04009964317083359,7.450580596923828e-09
0.23410183191299438,0.23410183191299438,0.0
0.23485001921653748,0.23485001921653748,0.0
0.23412643373012543,0.23412644863128662,1.4901161193847656e-08
0.23498664796352386,0.23498666286468506,1.4901161193847656e-08
0.23563075065612793,0.23563072085380554,-2.9802322387695312e-08
0.23615474998950958,0.2361547350883484,-1.4901161193847656e-08
0.23691198229789734,0.23691201210021973,2.9802322387695312e-08
0.2371004968881607,0.2371004819869995,-1.4901161193847656e-08
-0.041555482894182205,-0.04155547171831131,1.1175870895385742e-08
-0.04121239483356476,-0.04121239483356476,0.0
0.19868198037147522,0.19868196547031403,-1.4901161193847656e-08
0.19949570298194885,0.19949570298194885,0.0
0.200797438621521,0.200797438621521,0.0
0.20260542631149292,0.2026054561138153,2.9802322387695312e-08
0.2038041353225708,0.2038041204214096,-1.4901161193847656e-08
0.20365267992019653,0.20365267992019653,0.0
0.20364180207252502,0.20364178717136383,-1.4901161193847656e-08
0.20600184798240662,0.20600180327892303,-4.470348358154297e-08
0.027061425149440765,0.027061428874731064,3.725290298461914e-09
0.027709316462278366,0.02770930901169777,-7.450580596923828e-09
0.19865024089813232,0.19865022599697113,-1.4901161193847656e-08
0.19884322583675385,0.19884325563907623,2.9802322387695312e-08
0.200032040476799,0.2000320553779602,1.4901161193847656e-08
0.2004546821117401,0.2004547268152237,4.470348358154297e-08
0.20144248008728027,0.20144250988960266,2.9802322387695312e-08
0.2036091387271881,0.2036091387271881,0.0
0.20372650027275085,0.20372647047042847,-2.9802322387695312e-08
0.20529931783676147,0.2052992880344391,-2.9802322387695312e-08
0.027189336717128754,0.027189362794160843,2.60770320892334e-08
0.028936520218849182,0.02893652766942978,7.450580596923828e-09
0.197535902261734,0.19753588736057281,-1.4901161193847656e-08
0.19893629848957062,0.1989363133907318,1.4901161193847656e-08
0.20011693239212036,0.20011696219444275,2.9802322387695312e-08
0.2009921371936798,0.2009921669960022,2.9802322387695312e-08
0.20236836373806,0.2023683786392212,1.4901161193847656e-08
0.20328696072101593,0.20328691601753235,-4.470348358154297e-08
0.20444059371948242,0.20444060862064362,1.4901161193847656e-08
0.20507127046585083,0.20507127046585083,0.0
0.026966877281665802,0.026966892182826996,1.4901161193847656e-08
0.029285401105880737,0.029285412281751633,1.1175870895385742e-08
0.19773055613040924,0.19773058593273163,2.9802322387695312e-08
0.1991017609834671,0.1991017609834671,0.0
0.19983375072479248,0.19983375072479248,0.0
0.20003025233745575,0.20003026723861694,1.4901161193847656e-08
0.20135268568992615,0.20135268568992615,0.0
0.2031060755252838,0.20310606062412262,-1.4901161193847656e-08
0.20441846549510956,0.20441848039627075,1.4901161193847656e-08
0.20455406606197357,0.20455403625965118,-2.9802322387695312e-08
0.02752399444580078,0.027524009346961975,1.4901161193847656e-08
0.029281288385391235,0.029281288385391235,0.0
0.19728708267211914,0.19728711247444153,2.9802322387695312e-08
0.19682691991329193,0.19682694971561432,2.9802322387695312e-08
0.19876378774642944,0.19876378774642944,0.0
0.20059379935264587,0.20059379935264587,0.0
0.20197558403015137,0.20197558403015137,0.0
0.20323455333709717,0.20323455333709717,0.0
0.2028486728668213,0.20284870266914368,2.9802322387695312e-08
0.20416387915611267,0.20416389405727386,1.4901161193847656e-08
0.02569425106048584,0.025694243609905243,-7.450580596923828e-09
0.028317905962467194,0.028317891061306,-1.4901161193847656e-08
0.19840921461582184,0.19840919971466064,-1.4901161193847656e-08
0.1990962028503418,0.19909614324569702,-5.960464477539063e-08
0.2007691115140915,0.20076912641525269,1.4901161193847656e-08
0.202055424451828,0.202055424451828,0.0
0.2037065625190735,0.2037065327167511,-2.9802322387695312e-08
0.20362494885921478,0.20362496376037598,1.4901161193847656e-08
0.2041206955909729,0.2041206955909729,0.0
0.20483574271202087,0.20483572781085968,-1.4901161193847656e-08
0.028065450489521027,0.028065435588359833,-1.4901161193847656e-08
0.02908867597579956,0.02908867597579956,0.0
0.19882896542549133,0.19882896542549133,0.0
0.20057618618011475,0.20057621598243713,2.9802322387695312e-08
0.2010682076215744,0.2010681927204132,-1.4901161193847656e-08
0.20261722803115845,0.20261724293231964,1.4901161193847656e-08
0.20326298475265503,0.20326298475265503,0.0
0.20445038378238678,0.20445036888122559,-1.4901161193847656e-08
0.20543572306632996,0.20543575286865234,2.9802322387695312e-08
0.2061575949192047,0.2061575949192047,0.0
0.02673095464706421,0.02673095464706421,0.0
0.026757575571537018,0.026757556945085526,-1.862645149230957e-08
0.19970852136611938,0.199708491563797,-2.9802322387695312e-08
0.19925962388515472,0.1992596685886383,4.470348358154297e-08
0.200819194316864,0.200819194316864,0.0
0.2028750330209732,0.202875018119812,-1.4901161193847656e-08
0.20278356969356537,0.20278356969356537,0.0
0.20492377877235413,0.20492376387119293,-1.4901161193847656e-08
0.2048931121826172,0.204893097281456,-1.4901161193847656e-08
0.20640455186367035,0.20640455186367035,0.0
0.02646583318710327,0.02646584063768387,7.450580596923828e-09
0.029338844120502472,0.029338844120502472,0.0
0.19894570112228394,0.19894567131996155,-2.9802322387695312e-08
0.19996313750743866,0.19996310770511627,-2.9802322387695312e-08
0.20062345266342163,0.20062342286109924,-2.9802322387695312e-08
0.20216703414916992,0.2021670639514923,2.9802322387695312e-08
0.20328913629055023,0.20328910648822784,-2.9802322387695312e-08
0.203748881816864,0.20374885201454163,-2.9802322387695312e-08
0.20495694875717163,0.20495694875717163,0.0
0.20627780258655548,0.20627781748771667,1.4901161193847656e-08
0.027650699019432068,0.027650699019432068,0.0
0.02896777167916298,0.028967756778001785,-1.4901161193847656e-08
0.1986342966556549,0.1986342966556549,0.0
0.1994267702102661,0.1994267851114273,1.4901161193847656e-08
0.20007355511188507,0.20007354021072388,-1.4901161193847656e-08
0.20064008235931396,0.20064008235931396,0.0
0.20157307386398315,0.20157307386398315,0.0
0.2047206163406372,0.2047206461429596,2.9802322387695312e-08
0.20514650642871857,0.20514650642871857,0.0
0.20437508821487427,0.20437507331371307,-1.4901161193847656e-08
0.026089128106832504,0.0260891392827034,1.1175870895385742e-08
0.028046242892742157,0.02804623544216156,-7.450580596923828e-09
0.19816505908966064,0.19816507399082184,1.4901161193847656e-08
0.1994238793849945,0.19942381978034973,-5.960464477539063e-08
0.2001827508211136,0.20018270611763,-4.470348358154297e-08
0.20198528468608856,0.20198529958724976,1.4901161193847656e-08
0.20330679416656494,0.20330679416656494,0.0
0.20385465025901794,0.20385462045669556,-2.9802322387695312e-08
0.204057976603508,0.2040579468011856,-2.9802322387695312e-08
0.20463746786117554,0.20463743805885315,-2.9802322387695312e-08
0.027218937873840332,0.02721894532442093,7.450580596923828e-09
0.028936907649040222,0.02893691509962082,7.450580596923828e-09
0.19761016964912415,0.19761015474796295,-1.4901161193847656e-08
0.19863034784793854,0.19863036274909973,1.4901161193847656e-08
0.20042194426059723,0.20042192935943604,-1.4901161193847656e-08
0.2008458375930786,0.2008458375930786,0.0
0.20297212898731232,0.20297212898731232,0.0
0.20452401041984558,0.20452401041984558,0.0
0.2052549421787262,0.2052549421787262,0.0
0.20594549179077148,0.20594553649425507,4.470348358154297e-08
0.027054376900196075,0.027054384350776672,7.450580596923828e-09
0.0285022109746933,0.02850222960114479,1.862645149230957e-08
0.19861158728599548,0.19861158728599548,0.0
0.199930801987648,0.19993078708648682,-1.4901161193847656e-08
0.20078496634960175,0.20078495144844055,-1.4901161193847656e-08
0.20244592428207397,0.20244592428207397,0.0
0.2030521035194397,0.20305213332176208,2.9802322387695312e-08
0.20400944352149963,0.20400945842266083,1.4901161193847656e-08
0.2035837024450302,0.20358368754386902,-1.4901161193847656e-08
0.2051994353532791,0.2051994502544403,1.4901161193847656e-08
0.027310311794281006,0.02731030434370041,-7.450580596923828e-09
0.028911657631397247,0.028911657631397247,0.0
0.19937177002429962,0.19937177002429962,0.0
0.2004959136247635,0.20049592852592468,1.4901161193847656e-08
0.20125484466552734,0.20125484466552734,0.0
0.20225058495998383,0.20225059986114502,1.4901161193847656e-08
0.20276837050914764,0.20276835560798645,-1.4901161193847656e-08
0.2036435902118683,0.2036435902118683,0.0
0.20485058426856995,0.20485061407089233,2.9802322387695312e-08
0.2059457004070282,0.2059457004070282,0.0
0.023838791996240616,0.023838795721530914,3.725290298461914e-09
0.026158571243286133,0.02615857869386673,7.450580596923828e-09
0.19837284088134766,0.19837285578250885,1.4901161193847656e-08
0.19900169968605042,0.1990017145872116,1.4901161193847656e-08
0.20062954723834991,0.2006295919418335,4.470348358154297e-08
0.20237472653388977,0.20237472653388977,0.0
0.20336413383483887,0.20336413383483887,0.0
0.20430967211723328,0.2043096423149109,-2.9802322387695312e-08
0.2051643431186676,0.2051643431186676,0.0
0.20502910017967224,0.20502908527851105,-1.4901161193847656e-08
0.026687011122703552,0.026687011122703552,0.0
0.026377607136964798,0.0263775996863842,-7.450580596923828e-09
0.1984114944934845,0.1984114944934845,0.0
0.19914549589157104,0.19914548099040985,-1.4901161193847656e-08
0.19871275126934052,0.19871275126934052,0.0
0.20123539865016937,0.20123538374900818,-1.4901161193847656e-08
0.20282816886901855,0.20282819867134094,2.9802322387695312e-08
0.2039031684398651,0.20390313863754272,-2.9802322387695312e-08
0.20446771383285522,0.2044677436351776,2.9802322387695312e-08
0.20517858862876892,0.20517857372760773,-1.4901161193847656e-08
0.027004167437553406,0.027004163712263107,-3.725290298461914e-09
0.028519131243228912,0.028519131243228912,0.0
0.1990172266960144,0.1990172415971756,1.4901161193847656e-08
0.2006833255290985,0.2006833702325821,4.470348358154297e-08
0.20114734768867493,0.20114731788635254,-2.9802322387695312e-08
0.20220640301704407,0.20220643281936646,2.9802322387695312e-08
0.2030913233757019,0.2030913382768631,1.4901161193847656e-08
0.20573994517326355,0.20573994517326355,0.0
0.20666375756263733,0.20666375756263733,0.0
0.20659440755844116,0.20659440755844116,0.0
0.027663476765155792,0.027663476765155792,0.0
0.029826678335666656,0.029826689511537552,1.1175870895385742e-08
0.1994016319513321,0.1994016468524933,1.4901161193847656e-08
0.2011321783065796,0.2011321485042572,-2.9802322387695312e-08
0.20174337923526764,0.20174336433410645,-1.4901161193847656e-08
0.20272275805473328,0.20272274315357208,-1.4901161193847656e-08
0.20334380865097046,0.20334386825561523,5.960464477539063e-08
0.2056521326303482,0.20565208792686462,-4.470348358154297e-08
0.20653268694877625,0.20653267204761505,-1.4901161193847656e-08
0.20704399049282074,0.20704400539398193,1.4901161193847656e-08
0.02655838429927826,0.02655836194753647,-2.2351741790771484e-08
0.02957502007484436,0.029575034976005554,1.4901161193847656e-08
0.19907072186470032,0.19907070696353912,-1.4901161193847656e-08
0.20027095079421997,0.20027095079421997,0.0
0.20168089866638184,0.20168091356754303,1.4901161193847656e-08
0.20379599928855896,0.20379598438739777,-1.4901161193847656e-08
0.20410388708114624,0.20410391688346863,2.9802322387695312e-08
0.20497755706310272,0.20497754216194153,-1.4901161193847656e-08
0.20584052801132202,0.20584046840667725,-5.960464477539063e-08
0.20637433230876923,0.20637430250644684,-2.9802322387695312e-08
0.0284082293510437,0.028408214449882507,-1.4901161193847656e-08
0.029551967978477478,0.029551979154348373,1.1175870895385742e-08
0.1992175579071045,0.1992175579071045,0.0
0.20027004182338715,0.20027002692222595,-1.4901161193847656e-08
0.2015356719493866,0.2015356719493866,0.0
0.20284387469291687,0.20284385979175568,-1.4901161193847656e-08
0.20344293117523193,0.20344290137290955,-2.9802322387695312e-08
0.20484508574008942,0.2048451006412506,1.4901161193847656e-08
0.2048332393169403,0.20483320951461792,-2.9802322387695312e-08
0.2065923660993576,0.2065923810005188,1.4901161193847656e-08
0.026954084634780884,0.02695407345890999,-1.1175870895385742e-08
0.02947055548429489,0.029470551759004593,-3.725290298461914e-09
0.1988673210144043,0.1988672912120819,-2.9802322387695312e-08
0.19895890355110168,0.1989588886499405,-1.4901161193847656e-08
0.2000797688961029,0.2000797837972641,1.4901161193847656e-08
0.20198844373226166,0.20198842883110046,-1.4901161193847656e-08
0.20363396406173706,0.20363393425941467,-2.9802322387695312e-08
0.2050301879644394,0.20503023266792297,4.470348358154297e-08
0.20452925562858582,0.204529270529747,1.4901161193847656e-08
0.2054566740989685,0.2054567039012909,2.9802322387695312e-08
0.027657337486743927,0.02765733376145363,-3.725290298461914e-09
0.03011496737599373,0.030114974826574326,7.450580596923828e-09
0.19819068908691406,0.19819065928459167,-2.9802322387695312e-08
0.1994955837726593,0.19949555397033691,-2.9802322387695312e-08
0.20001712441444397,0.20001713931560516,1.4901161193847656e-08
0.20145782828330994,0.20145779848098755,-2.9802322387695312e-08
0.20298853516578674,0.20298853516578674,0.0
0.2033926546573639,0.20339266955852509,1.4901161193847656e-08
0.20488224923610687,0.20488223433494568,-1.4901161193847656e-08
0.20513717830181122,0.2051371932029724,1.4901161193847656e-08
0.027369000017642975,0.027368992567062378,-7.450580596923828e-09
0.02812378853559494,0.028123773634433746,-1.4901161193847656e-08
-0.06329580396413803,-0.06329582631587982,-2.2351741790771484e-08
-0.06404336541891098,-0.06404335796833038,7.450580596923828e-09
-0.06458055973052979,-0.06458055973052979,0.0
-0.06491182744503021,-0.06491182744503021,0.0
-0.06561844795942307,-0.06561842560768127,2.2351741790771484e-08
-0.06537666916847229,-0.06537671387195587,-4.470348358154297e-08
-0.06673744320869446,-0.06673741340637207,2.9802322387695312e-08
-0.06694185733795166,-0.06694187223911285,-1.4901161193847656e-08
0.13806240260601044,0.13806240260601044,0.0
0.14160552620887756,0.14160551130771637,-1.4901161193847656e-08
0.19949603080749512,0.1994960457086563,1.4901161193847656e-08
0.2005346715450287,0.2005346715450287,0.0
0.20134034752845764,0.20134033262729645,-1.4901161193847656e-08
0.20108768343925476,0.20108766853809357,-1.4901161193847656e-08
0.2023179978132248,0.2023179829120636,-1.4901161193847656e-08
0.20398381352424622,0.20398381352424622,0.0
0.20526309311389923,0.20526310801506042,1.4901161193847656e-08
0.20707008242607117,0.20707005262374878,-2.9802322387695312e-08
0.025597132742404938,0.02559712901711464,-3.725290298461914e-09
0.02787497639656067,0.027874980121850967,3.725290298461914e-09
0.1998552531003952,0.1998552680015564,1.4901161193847656e-08
0.20095229148864746,0.20095232129096985,2.9802322387695312e-08
0.2012733817100525,0.2012733668088913,-1.4901161193847656e-08
0.2019176185131073,0.2019175887107849,-2.9802322387695312e-08
0.20321595668792725,0.20321595668792725,0.0
0.2043912708759308,0.2043912708759308,0.0
0.2058441936969757,0.2058441936969757,0.0
0.20636016130447388,0.20636014640331268,-1.4901161193847656e-08
0.02759789675474167,0.027597904205322266,7.450580596923828e-09
0.02728881686925888,0.027288824319839478,7.450580596923828e-09
0.20035268366336823,0.20035266876220703,-1.4901161193847656e-08
0.20101609826087952,0.20101609826087952,0.0
0.2022554874420166,0.2022554874420166,0.0
0.20291952788829803,0.20291954278945923,1.4901161193847656e-08
0.20443375408649445,0.20443376898765564,1.4901161193847656e-08
0.20480091869831085,0.20480093359947205,1.4901161193847656e-08
0.20492801070213318,0.2049279808998108,-2.9802322387695312e-08
0.20624394714832306,0.20624391734600067,-2.9802322387695312e-08
0.028083428740501404,0.0280834399163723,1.1175870895385742e-08
0.030757959932088852,0.030757948756217957,-1.1175870895385742e-08
0.20030219852924347,0.20030216872692108,-2.9802322387695312e-08
0.2010667622089386,0.2010667622089386,0.0
0.20239293575286865,0.20239292085170746,-1.4901161193847656e-08
0.20309308171272278,0.20309306681156158,-1.4901161193847656e-08
0.20421670377254486,0.20421671867370605,1.4901161193847656e-08
0.20543460547924042,0.2054346203804016,1.4901161193847656e-08
0.20583757758140564,0.20583757758140564,0.0
0.2072473168373108,0.2072473019361496,-1.4901161193847656e-08
0.026165544986724854,0.026165541261434555,-3.725290298461914e-09
0.02900366485118866,0.02900368720293045,2.2351741790771484e-08
0.20094960927963257,0.20094963908195496,2.9802322387695312e-08
0.20171719789505005,0.20171719789505005,0.0
0.20305165648460388,0.2030516266822815,-2.9802322387695312e-08
0.203191876411438,0.2031918466091156,-2.9802322387695312e-08
0.20452435314655304,0.20452436804771423,1.4901161193847656e-08
0.20506462454795837,0.20506462454795837,0.0
0.20675471425056458,0.20675475895404816,4.470348358154297e-08
0.2077345848083496,0.2077346295118332,4.470348358154297e-08
0.02632160857319832,0.026321612298488617,3.725290298461914e-09
0.029608309268951416,0.02960830181837082,-7.450580596923828e-09
-0.06208427995443344,-0.062084317207336426,-3.725290298461914e-08
-0.06267064064741135,-0.06267063319683075,7.450580596923828e-09
-0.06358259171247482,-0.06358255445957184,3.725290298461914e-08
-0.06460288166999817,-0.06460286676883698,1.4901161193847656e-08
-0.06492408365011215,-0.06492407619953156,7.450580596923828e-09
-0.06643323600292206,-0.06643325090408325,-1.4901161193847656e-08
-0.06522436439990997,-0.06522434949874878,1.4901161193847656e-08
-0.0673823431134224,-0.06738235056400299,-7.450580596923828e-09
0.13924136757850647,0.13924136757850647,0.0
0.14092156291007996,0.14092156291007996,0.0
0.23145315051078796,0.2314530909061432,-5.960464477539063e-08
0.23393425345420837,0.23393425345420837,0.0
0.23230907320976257,0.23230910301208496,2.9802322387695312e-08
0.23282009363174438,0.23282012343406677,2.9802322387695312e-08
0.2342371940612793,0.2342371940612793,0.0
0.23458531498908997,0.23458531498908997,0.0
0.23423965275287628,0.2342396378517151,-1.4901161193847656e-08
0.23649954795837402,0.2364995926618576,4.470348358154297e-08
-0.04059205576777458,-0.04059205949306488,-3.725290298461914e-09
-0.04142707586288452,-0.04142707958817482,-3.725290298461914e-09
0.23451779782772064,0.23451776802539825,-2.9802322387695312e-08
0.2348816990852356,0.23488172888755798,2.9802322387695312e-08
0.23166832327842712,0.2316683828830719,5.960464477539063e-08
0.2338075339794159,0.2338075339794159,0.0
0.2362082600593567,0.23620828986167908,2.9802322387695312e-08
0.234564870595932,0.234564870595932,0.0
0.23563355207443237,0.23563355207443237,0.0
0.2370464950799942,0.2370464950799942,0.0
-0.038607656955718994,-0.0386076457798481,1.1175870895385742e-08
-0.03899133950471878,-0.03899134323000908,-3.725290298461914e-09
0.23382648825645447,0.2338264435529709,-4.470348358154297e-08
0.23550064861774445,0.23550063371658325,-1.4901161193847656e-08
0.23567238450050354,0.23567241430282593,2.9802322387695312e-08
0.2345150262117386,0.2345150113105774,-1.4901161193847656e-08
0.23624888062477112,0.23624886572360992,-1.4901161193847656e-08
0.23664416372776031,0.2366442084312439,4.470348358154297e-08
0.2372226119041443,0.2372225522994995,-5.960464477539063e-08
0.23827999830245972,0.2382800281047821,2.9802322387695312e-08
-0.04002971202135086,-0.04002971947193146,-7.450580596923828e-09
-0.04041583836078644,-0.04041583091020584,7.450580596923828e-09
0.23581302165985107,0.23581305146217346,2.9802322387695312e-08
0.23697367310523987,0.23697368800640106,1.4901161193847656e-08
0.23718568682670593,0.23718571662902832,2.9802322387695312e-08
0.2365490198135376,0.2365490198135376,0.0
0.2377452254295349,0.23774521052837372,-1.4901161193847656e-08
0.23851260542869568,0.2385125756263733,-2.9802322387695312e-08
0.23893316090106964,0.23893317580223083,1.4901161193847656e-08
0.2386086881160736,0.23860865831375122,-2.9802322387695312e-08
-0.03870686888694763,-0.03870687261223793,-3.725290298461914e-09
-0.0410553514957428,-0.0410553514957428,0.0
0.233220636844635,0.2332206517457962,1.4901161193847656e-08
0.2346193790435791,0.2346193790435791,0.0
0.23410221934318542,0.234102264046669,4.470348358154297e-08
0.23557357490062714,0.23557355999946594,-1.4901161193847656e-08
0.23582004010677338,0.23582005500793457,1.4901161193847656e-08
0.23624852299690247,0.23624849319458008,-2.9802322387695312e-08
0.2369537204504013,0.2369537055492401,-1.4901161193847656e-08
0.23818233609199524,0.23818233609199524,0.0
-0.039889320731163025,-0.039889320731163025,0.0
-0.03856106474995613,-0.03856106847524643,-3.725290298461914e-09
0.20020978152751923,0.20020979642868042,1.4901161193847656e-08
0.20158180594444275,0.20158177614212036,-2.9802322387695312e-08
0.20246464014053345,0.20246464014053345,0.0
0.20322512090206146,0.20322513580322266,1.4901161193847656e-08
0.2039373219013214,0.2039373219013214,0.0
0.20526421070098877,0.20526424050331116,2.9802322387695312e-08
0.20625080168247223,0.20625075697898865,-4.470348358154297e-08
0.2071341574192047,0.20713412761688232,-2.9802322387695312e-08
0.02847573161125183,0.02847573533654213,3.725290298461914e-09
0.029352907091379166,0.02935292199254036,1.4901161193847656e-08
0.2335413694381714,0.23354139924049377,2.9802322387695312e-08
0.23474112153053284,0.23474112153053284,0.0
0.2341730296611786,0.23417307436466217,4.470348358154297e-08
0.2346617579460144,0.2346617728471756,1.4901161193847656e-08
0.23502568900585175,0.23502570390701294,1.4901161193847656e-08
0.23559410870075226,0.23559410870075226,0.0
0.23535123467445374,0.23535123467445374,0.0
0.23531591892242432,0.23531588912010193,-2.9802322387695312e-08
-0.039408110082149506,-0.039408113807439804,-3.725290298461914e-09
-0.038411177694797516,-0.038411177694797516,0.0
0.23524340987205505,0.23524340987205505,0.0
0.2363508939743042,0.2363508939743042,0.0
0.23530250787734985,0.23530252277851105,1.4901161193847656e-08
0.23409096896648407,0.2340909242630005,-4.470348358154297e-08
0.2367374300956726,0.2367374300956726,0.0
0.23747530579566956,0.23747530579566956,0.0
0.23794735968112946,0.23794737458229065,1.4901161193847656e-08
0.23805376887321472,0.23805373907089233,-2.9802322387695312e-08
-0.038781680166721344,-0.03878167271614075,7.450580596923828e-09
-0.03852768987417221,-0.03852769732475281,-7.450580596923828e-09
0.2351660579442978,0.2351660430431366,-1.4901161193847656e-08
0.23541323840618134,0.23541323840618134,0.0
0.2339451014995575,0.2339451014995575,0.0
0.2342170625925064,0.2342170774936676,1.4901161193847656e-08
0.23654186725616455,0.23654185235500336,-1.4901161193847656e-08
0.23510703444480896,0.23510703444480896,0.0
0.23783907294273376,0.23783905804157257,-1.4901161193847656e-08
0.23879659175872803,0.23879660665988922,1.4901161193847656e-08
-0.0392124205827713,-0.0392124205827713,0.0
-0.04215453565120697,-0.04215453937649727,-3.725290298461914e-09
0.23303841054439545,0.23303839564323425,-1.4901161193847656e-08
0.23345115780830383,0.23345118761062622,2.9802322387695312e-08
0.2347497045993805,0.23474973440170288,2.9802322387695312e-08
0.2349575161933899,0.2349574863910675,-2.9802322387695312e-08
0.2364385426044464,0.2364385426044464,0.0
0.2364601194858551,0.2364601343870163,1.4901161193847656e-08
0.23678447306156158,0.2367844432592392,-2.9802322387695312e-08
0.23826496303081512,0.23826497793197632,1.4901161193847656e-08
-0.03957975655794144,-0.03957975655794144,0.0
-0.038671016693115234,-0.038671016693115234,0.0
0.20074225962162018,0.20074227452278137,1.4901161193847656e-08
0.20179767906665802,0.20179767906665802,0.0
0.20251479744911194,0.20251481235027313,1.4901161193847656e-08
0.20335251092910767,0.20335252583026886,1.4901161193847656e-08
0.2051282525062561,0.20512820780277252,-4.470348358154297e-08
0.20622198283672333,0.20622199773788452,1.4901161193847656e-08
0.20552000403404236,0.20552000403404236,0.0
0.20748409628868103,0.20748409628868103,0.0
0.027406401932239532,0.02740640565752983,3.725290298461914e-09
0.029819898307323456,0.02981988713145256,-1.1175870895385742e-08
0.2331029623746872,0.233102947473526,-1.4901161193847656e-08
0.23273558914661407,0.23273560404777527,1.4901161193847656e-08
0.231324702501297,0.2313247174024582,1.4901161193847656e-08
0.23336979746818542,0.23336975276470184,-4.470348358154297e-08
0.2340465635061264,0.2340465486049652,-1.4901161193847656e-08
0.23415826261043549,0.2341582328081131,-2.9802322387695312e-08
0.23476573824882507,0.23476572334766388,-1.4901161193847656e-08
0.23639458417892456,0.23639455437660217,-2.9802322387695312e-08
-0.03761753439903259,-0.037617530673742294,3.725290298461914e-09
-0.037996817380189896,-0.037996817380189896,0.0
0.23464567959308624,0.23464566469192505,-1.4901161193847656e-08
0.23573601245880127,0.23573602735996246,1.4901161193847656e-08
0.23533837497234344,0.23533838987350464,1.4901161193847656e-08
0.23633593320846558,0.2363359034061432,-2.9802322387695312e-08
0.23594684898853302,0.2359468787908554,2.9802322387695312e-08
0.2371206432580948,0.23712065815925598,1.4901161193847656e-08
0.23591303825378418,0.23591306805610657,2.9802322387695312e-08
0.23798072338104248,0.23798076808452606,4.470348358154297e-08
-0.03878609091043472,-0.03878609836101532,-7.450580596923828e-09
-0.03911467641592026,-0.03911467269062996,3.725290298461914e-09
0.23425443470478058,0.23425441980361938,-1.4901161193847656e-08
0.23549014329910278,0.2354901134967804,-2.9802322387695312e-08
0.23590150475502014,0.23590150475502014,0.0
0.23487801849842072,0.23487801849842072,0.0
0.23574289679527283,0.23574285209178925,-4.470348358154297e-08
0.23636427521705627,0.23636427521705627,0.0
0.23578786849975586,0.23578786849975586,0.0
0.2378503382205963,0.23785030841827393,-2.9802322387695312e-08
-0.03852607309818268,-0.03852606564760208,7.450580596923828e-09
-0.03743591159582138,-0.03743591532111168,-3.725290298461914e-09
0.20077097415924072,0.2007710039615631,2.9802322387695312e-08
0.2020600289106369,0.20205999910831451,-2.9802322387695312e-08
0.20195898413658142,0.20195896923542023,-1.4901161193847656e-08
0.20400413870811462,0.2040041834115982,4.470348358154297e-08
0.2042589783668518,0.2042590081691742,2.9802322387695312e-08
0.20490844547748566,0.20490846037864685,1.4901161193847656e-08
0.20645160973072052,0.20645159482955933,-1.4901161193847656e-08
0.20758935809135437,0.20758938789367676,2.9802322387695312e-08
0.027553141117095947,0.02755315601825714,1.4901161193847656e-08
0.029199272394180298,0.029199272394180298,0.0
0.20296084880828857,0.20296089351177216,4.470348358154297e-08
0.20302125811576843,0.20302125811576843,0.0
0.20402060449123383,0.20402058959007263,-1.4901161193847656e-08
0.20508597791194916,0.20508602261543274,4.470348358154297e-08
0.2065427303314209,0.2065427601337433,2.9802322387695312e-08
0.20573152601718903,0.20573152601718903,0.0
0.20799620449543,0.2079961895942688,-1.4901161193847656e-08
0.20908626914024353,0.20908626914024353,0.0
0.025314219295978546,0.02531420812010765,-1.1175870895385742e-08
0.02607974410057068,0.026079755276441574,1.1175870895385742e-08
0.2338062822818756,0.2338062822818756,0.0
0.23586581647396088,0.23586581647396088,0.0
0.23650716245174408,0.23650716245174408,0.0
0.23573382198810577,0.23573380708694458,-1.4901161193847656e-08
0.23622217774391174,0.23622216284275055,-1.4901161193847656e-08
0.23661348223686218,0.23661348223686218,0.0
0.23751960694789886,0.23751957714557648,-2.9802322387695312e-08
0.23815323412418365,0.23815321922302246,-1.4901161193847656e-08
-0.03881669044494629,-0.038816697895526886,-7.450580596923828e-09
-0.036326177418231964,-0.03632616624236107,1.1175870895385742e-08
0.23585808277130127,0.23585808277130127,0.0
0.23646403849124908,0.2364639937877655,-4.470348358154297e-08
0.2369745969772339,0.23697462677955627,2.9802322387695312e-08
0.2360040694475174,0.23600409924983978,2.9802322387695312e-08
0.23695357143878937,0.23695355653762817,-1.4901161193847656e-08
0.23740485310554504,0.23740486800670624,1.4901161193847656e-08
0.2379768043756485,0.2379768192768097,1.4901161193847656e-08
0.23845894634723663,0.23845893144607544,-1.4901161193847656e-08
-0.037956319749355316,-0.037956319749355316,0.0
-0.037313200533390045,-0.037313204258680344,-3.725290298461914e-09
0.23569685220718384,0.23569685220718384,0.0
0.2359555959701538,0.23595556616783142,-2.9802322387695312e-08
0.2348499894142151,0.23485000431537628,1.4901161193847656e-08
0.23715372383594513,0.23715373873710632,1.4901161193847656e-08
0.23685482144355774,0.23685482144355774,0.0
0.237592875957489,0.2375929057598114,2.9802322387695312e-08
0.23789165914058685,0.23789170384407043,4.470348358154297e-08
0.23872074484825134,0.23872074484825134,0.0
-0.037841230630874634,-0.037841230630874634,0.0
-0.03756031394004822,-0.03756030648946762,7.450580596923828e-09
0.23468834161758423,0.23468834161758423,0.0
0.23593521118164062,0.23593518137931824,-2.9802322387695312e-08
0.23360639810562134,0.23360642790794373,2.9802322387695312e-08
0.23457249999046326,0.23457248508930206,-1.4901161193847656e-08
0.23593151569366455,0.23593148589134216,-2.9802322387695312e-08
0.23555895686149597,0.23555895686149597,0.0
0.237008199095726,0.2370082437992096,4.470348358154297e-08
0.23811489343643188,0.2381148785352707,-1.4901161193847656e-08
-0.03817395120859146,-0.03817394748330116,3.725290298461914e-09
-0.036618880927562714,-0.03661887347698212,7.450580596923828e-09
0.20257414877414703,0.20257414877414703,0.0
0.2030368447303772,0.20303690433502197,5.960464477539063e-08
0.20350384712219238,0.20350384712219238,0.0
0.205587238073349,0.2055872231721878,-1.4901161193847656e-08
0.2066037356853485,0.2066037356853485,0.0
0.20734207332134247,0.20734210312366486,2.9802322387695312e-08
0.20859092473983765,0.20859089493751526,-2.9802322387695312e-08
0.20834632217884064,0.20834632217884064,0.0
0.025326140224933624,0.025326132774353027,-7.450580596923828e-09
0.027249127626419067,0.027249131351709366,3.725290298461914e-09
-0.3442455530166626,-0.3442455530166626,0.0
-0.34514886140823364,-0.34514886140823364,0.0
-0.3464520275592804,-0.3464520275592804,0.0
-0.34794744849205017,-0.34794747829437256,-2.9802322387695312e-08
-0.3485617935657501,-0.3485618233680725,-2.9802322387695312e-08
-0.34966036677360535,-0.34966036677360535,0.0
-0.35046112537384033,-0.35046112537384033,0.0
-0.351068377494812,-0.351068377494812,0.0
0.23077097535133362,0.23077096045017242,-1.4901161193847656e-08
0.23234421014785767,0.23234423995018005,2.9802322387695312e-08
-0.31155312061309814,-0.31155312061309814,0.0
-0.31372812390327454,-0.31372812390327454,0.0
-0.3112834692001343,-0.3112834393978119,2.9802322387695312e-08
-0.3131996989250183,-0.3131997287273407,-2.9802322387695312e-08
-0.3191615343093872,-0.31916147470474243,5.960464477539063e-08
-0.31685948371887207,-0.31685948371887207,0.0
-0.3219084143638611,-0.3219084143638611,0.0
-0.31575730443000793,-0.31575730443000793,0.0
0.16825708746910095,0.16825708746910095,0.0
0.16769954562187195,0.16769954562187195,0.0
0.20055299997329712,0.20055299997329712,0.0
0.20100706815719604,0.20100709795951843,2.9802322387695312e-08
0.20195387303829193,0.20195385813713074,-1.4901161193847656e-08
0.20413616299629211,0.20413614809513092,-1.4901161193847656e-08
0.20464923977851868,0.20464923977851868,0.0
0.20561450719833374,0.20561447739601135,-2.9802322387695312e-08
0.2068224847316742,0.206822469830513,-1.4901161193847656e-08
0.20785033702850342,0.20785033702850342,0.0
0.027183718979358673,0.027183715254068375,-3.725290298461914e-09
0.026635918766260147,0.02663591131567955,-7.450580596923828e-09
0.200234055519104,0.200234055519104,0.0
0.20106959342956543,0.20106959342956543,0.0
0.2015238106250763,0.2015238255262375,1.4901161193847656e-08
0.20268481969833374,0.20268481969833374,0.0
0.20444969832897186,0.20444974303245544,4.470348358154297e-08
0.20552407205104828,0.20552405714988708,-1.4901161193847656e-08
0.20662567019462585,0.20662567019462585,0.0
0.20759981870651245,0.20759981870651245,0.0
0.026212196797132492,0.026212178170681,-1.862645149230957e-08
0.028508495539426804,0.028508495539426804,0.0
0.2028140127658844,0.2028140276670456,1.4901161193847656e-08
0.2022022306919098,0.20220224559307098,1.4901161193847656e-08
0.2036626785993576,0.2036626636981964,-1.4901161193847656e-08
0.20437096059322357,0.20437097549438477,1.4901161193847656e-08
0.2052675485610962,0.2052675187587738,-2.9802322387695312e-08
0.2066769003868103,0.20667687058448792,-2.9802322387695312e-08
0.2078879475593567,0.2078879475593567,0.0
0.20786774158477783,0.20786772668361664,-1.4901161193847656e-08
0.02557937055826187,0.025579363107681274,-7.450580596923828e-09
0.02867227792739868,0.028672289103269577,1.1175870895385742e-08
0.2005327194929123,0.2005327343940735,1.4901161193847656e-08
0.20164358615875244,0.20164358615875244,0.0
0.2023729681968689,0.2023729383945465,-2.9802322387695312e-08
0.2041904628276825,0.2041904330253601,-2.9802322387695312e-08
0.20488150417804718,0.20488150417804718,0.0
0.2055458277463913,0.2055458277463913,0.0
0.20617610216140747,0.20617608726024628,-1.4901161193847656e-08
0.2073674201965332,0.2073674201965332,0.0
0.026327095925807953,0.026327095925807953,0.0
0.02931474894285202,0.02931475266814232,3.725290298461914e-09
-0.06073111295700073,-0.06073111295700073,0.0
-0.059663303196430206,-0.05966329574584961,7.450580596923828e-09
-0.06076103448867798,-0.060761019587516785,1.4901161193847656e-08
-0.060893163084983826,-0.06089317798614502,-1.4901161193847656e-08
-0.060692548751831055,-0.06069256365299225,-1.4901161193847656e-08
-0.06181464344263077,-0.06181463599205017,7.450580596923828e-09
-0.06348641961812973,-0.06348642706871033,-7.450580596923828e-09
-0.06363528221845627,-0.06363527476787567,7.450580596923828e-09
0.13621263206005096,0.13621266186237335,2.9802322387695312e-08
0.13887673616409302,0.1388767659664154,2.9802322387695312e-08
-0.05998890846967697,-0.05998891592025757,-7.450580596923828e-09
-0.06086248904466629,-0.06086251139640808,-2.2351741790771484e-08
-0.060119159519672394,-0.06011916697025299,-7.450580596923828e-09
-0.06201291084289551,-0.06201291084289551,0.0
-0.06292475014925003,-0.06292474269866943,7.450580596923828e-09
-0.062436558306217194,-0.0624365508556366,7.450580596923828e-09
-0.06339061260223389,-0.06339062750339508,-1.4901161193847656e-08
-0.0641164556145668,-0.06411643326282501,2.2351741790771484e-08
0.13635015487670898,0.1363501399755478,-1.4901161193847656e-08
0.13985159993171692,0.13985159993171692,0.0
-0.06165438890457153,-0.06165440380573273,-1.4901161193847656e-08
-0.0619853138923645,-0.0619853138923645,0.0
-0.06218370795249939,-0.06218373775482178,-2.9802322387695312e-08
-0.06318320333957672,-0.06318320333957672,0.0
-0.06418424099683762,-0.06418423354625702,7.450580596923828e-09
-0.06550859659910202,-0.06550858914852142,7.450580596923828e-09
-0.06538025289773941,-0.06538026034832001,-7.450580596923828e-09
-0.06675832718610764,-0.06675831973552704,7.450580596923828e-09
0.13700608909130096,0.13700610399246216,1.4901161193847656e-08
0.14182138442993164,0.14182138442993164,0.0
-0.06061053276062012,-0.06061053276062012,0.0
-0.061587512493133545,-0.06158746778964996,4.470348358154297e-08
-0.06255225092172623,-0.06255224347114563,7.450580596923828e-09
-0.06259404867887497,-0.06259404122829437,7.450580596923828e-09
-0.06308883428573608,-0.06308883428573608,0.0
-0.06405790895223618,-0.06405790150165558,7.450580596923828e-09
-0.06479748338460922,-0.06479747593402863,7.450580596923828e-09
-0.0650746300816536,-0.0650746077299118,2.2351741790771484e-08
0.13491633534431458,0.13491632044315338,-1.4901161193847656e-08
0.13981667160987854,0.13981667160987854,0.0
-0.06025052070617676,-0.06025052070617676,0.0
-0.06147999316453934,-0.06147998571395874,7.450580596923828e-09
-0.06328416615724564,-0.06328415870666504,7.450580596923828e-09
-0.06442224979400635,-0.06442223489284515,1.4901161193847656e-08
-0.06527373194694519,-0.06527373194694519,0.0
-0.06492997705936432,-0.06492997705936432,0.0
-0.06585168838500977,-0.06585168838500977,0.0
-0.06586498767137527,-0.06586498022079468,7.450580596923828e-09
0.13682487607002258,0.13682487607002258,0.0
0.13956639170646667,0.13956640660762787,1.4901161193847656e-08
-0.058766916394233704,-0.058766916394233704,0.0
-0.05954718589782715,-0.05954718589782715,0.0
-0.06027898192405701,-0.0602789968252182,-1.4901161193847656e-08
-0.06012327969074249,-0.06012327969074249,0.0
-0.06162416934967041,-0.0616241991519928,-2.9802322387695312e-08
-0.0623854398727417,-0.06238545477390289,-1.4901161193847656e-08
-0.06212601810693741,-0.06212601065635681,7.450580596923828e-09
-0.06400047242641449,-0.0640004426240921,2.9802322387695312e-08
0.1356092393398285,0.1356092393398285,0.0
0.1389533430337906,0.13895335793495178,1.4901161193847656e-08
-0.05880001187324524,-0.058799996972084045,1.4901161193847656e-08
-0.05966109782457352,-0.05966112017631531,-2.2351741790771484e-08
-0.06063093990087509,-0.060630932450294495,7.450580596923828e-09
-0.06191910803318024,-0.06191912293434143,-1.4901161193847656e-08
-0.06191423535346985,-0.06191425025463104,-1.4901161193847656e-08
-0.06204918026924133,-0.06204916536808014,1.4901161193847656e-08
-0.06434778869152069,-0.06434778869152069,0.0
-0.0646725445985794,-0.06467252969741821,1.4901161193847656e-08
0.13688409328460693,0.13688409328460693,0.0
0.13784542679786682,0.13784542679786682,0.0
-0.05904489755630493,-0.05904489755630493,0.0
-0.05870760977268219,-0.05870760977268219,0.0
-0.062193363904953,-0.062193363904953,0.0
-0.062180183827877045,-0.062180161476135254,2.2351741790771484e-08
-0.061482593417167664,-0.06148260831832886,-1.4901161193847656e-08
-0.06192256510257721,-0.06192256510257721,0.0
-0.06483468413352966,-0.06483468413352966,0.0
-0.06469164788722992,-0.06469164788722992,0.0
0.13643252849578857,0.1364324986934662,-2.9802322387695312e-08
0.14094091951847076,0.14094090461730957,-1.4901161193847656e-08
-0.05993025749921799,-0.059930264949798584,-7.450580596923828e-09
-0.06055079400539398,-0.060550808906555176,-1.4901161193847656e-08
-0.06119924783706665,-0.061199307441711426,-5.960464477539063e-08
-0.06244470179080963,-0.06244473159313202,-2.9802322387695312e-08
-0.06208423525094986,-0.06208422780036926,7.450580596923828e-09
-0.06218688189983368,-0.06218685209751129,2.9802322387695312e-08
-0.06314587593078613,-0.06314587593078613,0.0
-0.06482243537902832,-0.06482240557670593,2.9802322387695312e-08
0.1362452656030655,0.1362452507019043,-1.4901161193847656e-08
0.14031752943992615,0.14031752943992615,0.0
-0.061157532036304474,-0.06115750968456268,2.2351741790771484e-08
-0.06083820015192032,-0.060838207602500916,-7.450580596923828e-09
-0.06216905266046524,-0.062169045209884644,7.450580596923828e-09
-0.0626242607831955,-0.0626242458820343,1.4901161193847656e-08
-0.06442257761955261,-0.0644225925207138,-1.4901161193847656e-08
-0.0647754892706871,-0.06477552652359009,-3.725290298461914e-08
-0.06535380333662033,-0.06535379588603973,7.450580596923828e-09
-0.0638943761587143,-0.06389439105987549,-1.4901161193847656e-08
0.13445550203323364,0.13445548713207245,-1.4901161193847656e-08
0.13788385689258575,0.13788385689258575,0.0
-0.059907346963882446,-0.059907346963882446,0.0
-0.06056363880634308,-0.06056365370750427,-1.4901161193847656e-08
-0.061775222420692444,-0.06177525222301483,-2.9802322387695312e-08
-0.06262288987636566,-0.06262288987636566,0.0
-0.06436129659414291,-0.06436128914356232,7.450580596923828e-09
-0.0642026960849762,-0.06420271098613739,-1.4901161193847656e-08
-0.06476499140262604,-0.06476500630378723,-1.4901161193847656e-08
-0.06560404598712921,-0.06560401618480682,2.9802322387695312e-08
0.13656744360923767,0.13656744360923767,0.0
0.1410624086856842,0.1410624086856842,0.0
-0.06029258668422699,-0.0602925568819046,2.9802322387695312e-08
-0.06122780591249466,-0.06122778356075287,2.2351741790771484e-08
-0.06329531967639923,-0.06329527497291565,4.470348358154297e-08
-0.06388487666845322,-0.06388488411903381,-7.450580596923828e-09
-0.06492850184440613,-0.06492854654788971,-4.470348358154297e-08
-0.06530141085386276,-0.06530140340328217,7.450580596923828e-09
-0.06493648886680603,-0.06493651866912842,-2.9802322387695312e-08
-0.066732257604599,-0.066732257604599,0.0
0.13673865795135498,0.1367386430501938,-1.4901161193847656e-08
0.14254236221313477,0.14254236221313477,0.0
-0.0590568408370018,-0.0590568482875824,-7.450580596923828e-09
-0.06053570657968521,-0.060535699129104614,7.450580596923828e-09
-0.06093411147594452,-0.06093412637710571,-1.4901161193847656e-08
-0.061504535377025604,-0.061504557728767395,-2.2351741790771484e-08
-0.06144416332244873,-0.06144413352012634,2.9802322387695312e-08
-0.06311054527759552,-0.06311053037643433,1.4901161193847656e-08
-0.06279704719781876,-0.06279706954956055,-2.2351741790771484e-08
-0.06315334141254425,-0.06315332651138306,1.4901161193847656e-08
0.13518260419368744,0.13518258929252625,-1.4901161193847656e-08
0.13791026175022125,0.13791027665138245,1.4901161193847656e-08
-0.05893172323703766,-0.05893176794052124,-4.470348358154297e-08
-0.05922546237707138,-0.059225454926490784,7.450580596923828e-09
-0.060330189764499664,-0.06033018231391907,7.450580596923828e-09
-0.061306536197662354,-0.061306536197662354,0.0
-0.06097840517759323,-0.060978397727012634,7.450580596923828e-09
-0.061361536383628845,-0.06136152148246765,1.4901161193847656e-08
-0.06195909529924393,-0.06195908784866333,7.450580596923828e-09
-0.06271924078464508,-0.06271927058696747,-2.9802322387695312e-08
0.13547077775001526,0.13547076284885406,-1.4901161193847656e-08
0.13702945411205292,0.1370294690132141,1.4901161193847656e-08
-0.05808696150779724,-0.058086976408958435,-1.4901161193847656e-08
-0.05949966609477997,-0.05949966609477997,0.0
-0.05834788829088211,-0.0583479106426239,-2.2351741790771484e-08
-0.059999339282512665,-0.059999361634254456,-2.2351741790771484e-08
-0.061343714594841,-0.06134374439716339,-2.9802322387695312e-08
-0.06106163561344147,-0.06106163561344147,0.0
-0.06324902176856995,-0.06324902176856995,0.0
-0.06280858814716339,-0.0628085732460022,1.4901161193847656e-08
0.13514873385429382,0.13514873385429382,0.0
0.13685168325901031,0.1368516981601715,1.4901161193847656e-08
-0.05842219293117523,-0.058422163128852844,2.9802322387695312e-08
-0.059765540063381195,-0.0597655326128006,7.450580596923828e-09
-0.06166090816259384,-0.06166091561317444,-7.450580596923828e-09
-0.06140964478254318,-0.06140965223312378,-7.450580596923828e-09
-0.06171102076768875,-0.06171102821826935,-7.450580596923828e-09
-0.06207691878080368,-0.06207689642906189,2.2351741790771484e-08
-0.06335586309432983,-0.06335587799549103,-1.4901161193847656e-08
-0.06271753460168839,-0.0627175122499466,2.2351741790771484e-08
0.1380736231803894,0.1380736231803894,0.0
0.13949227333068848,0.13949227333068848,0.0
-0.34009575843811035,-0.34009575843811035,0.0
-0.34602370858192444,-0.34602367877960205,2.9802322387695312e-08
-0.3430602252483368,-0.3430602252483368,0.0
-0.34386152029037476,-0.34386152029037476,0.0
-0.34884756803512573,-0.34884753823280334,2.9802322387695312e-08
-0.34976762533187866,-0.3497675955295563,2.9802322387695312e-08
-0.3511694669723511,-0.3511694371700287,2.9802322387695312e-08
-0.3519814908504486,-0.3519814610481262,2.9802322387695312e-08
0.2307310253381729,0.2307310402393341,1.4901161193847656e-08
0.23216979205608368,0.23216980695724487,1.4901161193847656e-08
-0.3372504711151123,-0.3372505009174347,-2.9802322387695312e-08
-0.34610459208488464,-0.34610456228256226,2.9802322387695312e-08
-0.34397223591804504,-0.34397223591804504,0.0
-0.34539884328842163,-0.34539884328842163,0.0
-0.3457182049751282,-0.3457182049751282,0.0
-0.3465768098831177,-0.3465768098831177,0.0
-0.3470584750175476,-0.3470584750175476,0.0
-0.35223907232284546,-0.35223907232284546,0.0
0.2303524911403656,0.2303525060415268,1.4901161193847656e-08
0.23204964399337769,0.23204964399337769,0.0
-0.3405293822288513,-0.3405293822288513,0.0
-0.33796226978302,-0.33796223998069763,2.9802322387695312e-08
-0.3420494794845581,-0.3420494794845581,0.0
-0.34437137842178345,-0.3443714380264282,-5.960464477539063e-08
-0.34509554505348206,-0.34509551525115967,2.9802322387695312e-08
-0.34583455324172974,-0.34583455324172974,0.0
-0.3469352126121521,-0.3469352126121521,0.0
-0.34780436754226685,-0.34780436754226685,0.0
0.2282751202583313,0.2282751351594925,1.4901161193847656e-08
0.23193959891796112,0.23193961381912231,1.4901161193847656e-08
-0.058410659432411194,-0.058410659432411194,0.0
-0.05923999845981598,-0.05923999845981598,0.0
-0.059890009462833405,-0.059890016913414,-7.450580596923828e-09
-0.060435861349105835,-0.060435861349105835,0.0
-0.06231595575809479,-0.06231595575809479,0.0
-0.0642363578081131,-0.06423637270927429,-1.4901161193847656e-08
-0.06333944946527481,-0.0633394718170166,-2.2351741790771484e-08
-0.06363058090209961,-0.06363058090209961,0.0
0.13593509793281555,0.13593509793281555,0.0
0.1388859748840332,0.1388859748840332,0.0
-0.06166733801364899,-0.06166732311248779,1.4901161193847656e-08
-0.0636935755610466,-0.063693568110466,7.450580596923828e-09
-0.0662730410695076,-0.066273033618927,7.450580596923828e-09
-0.06594540178775787,-0.06594538688659668,1.4901161193847656e-08
-0.06725761294364929,-0.0672575980424881,1.4901161193847656e-08
-0.06759968400001526,-0.06759969890117645,-1.4901161193847656e-08
-0.0685543566942215,-0.06855437159538269,-1.4901161193847656e-08
-0.06960877031087875,-0.06960879266262054,-2.2351741790771484e-08
0.13947823643684387,0.13947823643684387,0.0
0.14549438655376434,0.14549438655376434,0.0
-0.05987120419740677,-0.05987119674682617,7.450580596923828e-09
-0.061206258833408356,-0.061206281185150146,-2.2351741790771484e-08
-0.06265583634376526,-0.06265585124492645,-1.4901161193847656e-08
-0.06449367105960846,-0.06449367105960846,0.0
-0.06579825282096863,-0.06579825282096863,0.0
-0.06608875095844269,-0.0660887211561203,2.9802322387695312e-08
-0.06599172204732895,-0.06599172949790955,-7.450580596923828e-09
-0.0672861859202385,-0.06728619337081909,-7.450580596923828e-09
0.1372123658657074,0.13721239566802979,2.9802322387695312e-08
0.14193406701087952,0.14193405210971832,-1.4901161193847656e-08
-0.06108304113149643,-0.06108303368091583,7.450580596923828e-09
-0.062055617570877075,-0.06205558776855469,2.9802322387695312e-08
-0.06441209465265274,-0.06441208720207214,7.450580596923828e-09
-0.06420435011386871,-0.06420435011386871,0.0
-0.06446321308612823,-0.06446322798728943,-1.4901161193847656e-08
-0.06477779150009155,-0.06477782130241394,-2.9802322387695312e-08
-0.06502234935760498,-0.06502233445644379,1.4901161193847656e-08
-0.06463072448968887,-0.06463071703910828,7.450580596923828e-09
0.13682200014591217,0.13682200014591217,0.0
0.14122846722602844,0.14122845232486725,-1.4901161193847656e-08
-0.34078851342201233,-0.3407885432243347,-2.9802322387695312e-08
-0.3410660922527313,-0.34106606245040894,2.9802322387695312e-08
-0.3466399312019348,-0.3466399013996124,2.9802322387695312e-08
-0.3409365117549896,-0.340936541557312,-2.9802322387695312e-08
-0.34864020347595215,-0.34864020347595215,0.0
-0.3492964804172516,-0.3492964506149292,2.9802322387695312e-08
-0.350484699010849,-0.3504846692085266,2.9802322387695312e-08
-0.34462058544158936,-0.34462058544158936,0.0
0.22950978577136993,0.22950981557369232,2.9802322387695312e-08
0.23473137617111206,0.23473137617111206,0.0
-0.3406614065170288,-0.3406614065170288,0.0
-0.3425058126449585,-0.3425058126449585,0.0
-0.34646689891815186,-0.34646689891815186,0.0
-0.34770840406417847,-0.34770843386650085,-2.9802322387695312e-08
-0.347558856010437,-0.347558856010437,0.0
-0.3489276170730591,-0.3489276170730591,0.0
-0.350157231092453,-0.3501572608947754,-2.9802322387695312e-08
-0.3477100729942322,-0.3477100729942322,0.0
0.22953084111213684,0.22953081130981445,-2.9802322387695312e-08
0.23670192062854767,0.23670192062854767,0.0
-0.3361703157424927,-0.33617037534713745,-5.960464477539063e-08
-0.34541988372802734,-0.34541988372802734,0.0
-0.34687888622283936,-0.34687888622283936,0.0
-0.34711170196533203,-0.34711170196533203,0.0
-0.34115153551101685,-0.34115150570869446,2.9802322387695312e-08
-0.3463829755783081,-0.3463830053806305,-2.9802322387695312e-08
-0.3471072316169739,-0.3471072316169739,0.0
-0.34651321172714233,-0.3465132415294647,-2.9802322387695312e-08
0.23330384492874146,0.23330383002758026,-1.4901161193847656e-08
0.23405393958091736,0.23405395448207855,1.4901161193847656e-08
-0.3377525806427002,-0.3377525806427002,0.0
-0.34164100885391235,-0.34164103865623474,-2.9802322387695312e-08
-0.33895277976989746,-0.3389527499675751,2.9802322387695312e-08
-0.34421029686927795,-0.34421029686927795,0.0
-0.34511181712150574,-0.3451118469238281,-2.9802322387695312e-08
-0.34633907675743103,-0.34633904695510864,2.9802322387695312e-08
-0.34659284353256226,-0.34659284353256226,0.0
-0.3513430058956146,-0.351343035697937,-2.9802322387695312e-08
0.22793906927108765,0.22793903946876526,-2.9802322387695312e-08
0.23498225212097168,0.23498225212097168,0.0
-0.3356778919696808,-0.3356779217720032,-2.9802322387695312e-08
-0.33737385272979736,-0.33737388253211975,-2.9802322387695312e-08
-0.33816850185394287,-0.33816850185394287,0.0
-0.34049418568611145,-0.34049421548843384,-2.9802322387695312e-08
-0.3414340019226074,-0.3414340019226074,0.0
-0.3419005274772644,-0.3419005274772644,0.0
-0.3422919511795044,-0.3422919511795044,0.0
-0.34701910614967346,-0.34701910614967346,0.0
0.22661128640174866,0.22661128640174866,0.0
0.22973895072937012,0.2297389656305313,1.4901161193847656e-08
-0.3443835377693176,-0.34438350796699524,2.9802322387695312e-08
-0.34171998500823975,-0.34171998500823975,0.0
-0.342911958694458,-0.342911958694458,0.0
-0.34390193223953247,-0.34390193223953247,0.0
-0.344448983669281,-0.344448983669281,0.0
-0.3494589030742645,-0.3494589030742645,0.0
-0.3505135178565979,-0.3505135178565979,0.0
-0.3512883186340332,-0.3512883186340332,0.0
0.22876697778701782,0.22876697778701782,0.0
0.2303779572248459,0.23037797212600708,1.4901161193847656e-08
-0.34013086557388306,-0.34013086557388306,0.0
-0.34496891498565674,-0.34496888518333435,2.9802322387695312e-08
-0.34576308727264404,-0.34576305747032166,2.9802322387695312e-08
-0.347339928150177,-0.347339928150177,0.0
-0.3480980396270752,-0.3480980396270752,0.0
-0.34895920753479004,-0.34895920753479004,0.0
-0.3498557507991791,-0.3498557507991791,0.0
-0.35049861669540405,-0.35049861669540405,0.0
0.23034004867076874,0.23034006357192993,1.4901161193847656e-08
0.23454254865646362,0.23454254865646362,0.0
-0.34095752239227295,-0.34095752239227295,0.0
-0.342157244682312,-0.342157244682312,0.0
-0.34348371624946594,-0.34348374605178833,-2.9802322387695312e-08
-0.341355562210083,-0.3413555324077606,2.9802322387695312e-08
-0.34611138701438904,-0.34611135721206665,2.9802322387695312e-08
-0.35078591108322144,-0.35078585147857666,5.960464477539063e-08
-0.34788668155670166,-0.34788668155670166,0.0
-0.34843045473098755,-0.34843048453330994,-2.9802322387695312e-08
0.22635702788829803,0.22635705769062042,2.9802322387695312e-08
0.22996893525123596,0.22996893525123596,0.0
-0.3411076068878174,-0.3411076068878174,0.0
-0.3386145830154419,-0.3386145830154419,0.0
-0.3435302972793579,-0.3435302972793579,0.0
-0.34390565752983093,-0.34390562772750854,2.9802322387695312e-08
-0.3445901870727539,-0.3445901870727539,0.0
-0.34567534923553467,-0.34567534923553467,0.0
-0.34691447019577026,-0.34691447019577026,0.0
-0.3477962017059326,-0.3477962017059326,0.0
0.22788597643375397,0.22788599133491516,1.4901161193847656e-08
0.23463521897792816,0.23463520407676697,-1.4901161193847656e-08
-0.33735471963882446,-0.3373546898365021,2.9802322387695312e-08
-0.3415173888206482,-0.3415173888206482,0.0
-0.34678247570991516,-0.3467824459075928,2.9802322387695312e-08
-0.34342116117477417,-0.34342116117477417,0.0
-0.34547340869903564,-0.34547337889671326,2.9802322387695312e-08
-0.3492833971977234,-0.3492833971977234,0.0
-0.34998196363449097,-0.34998196363449097,0.0
-0.34709638357162476,-0.34709638357162476,0.0
0.22926440834999084,0.22926440834999084,0.0
0.2351246476173401,0.2351246476173401,0.0
-0.3457096815109253,-0.3457097113132477,-2.9802322387695312e-08
-0.3433034420013428,-0.3433034420013428,0.0
-0.34834328293800354,-0.34834328293800354,0.0
-0.35003143548965454,-0.35003140568733215,2.9802322387695312e-08
-0.35061365365982056,-0.35061365365982056,0.0
-0.3512571454048157,-0.3512570858001709,5.960464477539063e-08
-0.3477095365524292,-0.3477095365524292,0.0
-0.3528198003768921,-0.3528198003768921,0.0
0.2287459671497345,0.2287459820508957,1.4901161193847656e-08
0.23395834863185883,0.23395836353302002,1.4901161193847656e-08
-0.3441757559776306,-0.3441757559776306,0.0
-0.3444889783859253,-0.3444889783859253,0.0
-0.3421468734741211,-0.3421468734741211,0.0
-0.3475606441497803,-0.3475606441497803,0.0
-0.34762275218963623,-0.34762275218963623,0.0
-0.34487056732177734,-0.34487050771713257,5.960464477539063e-08
-0.3499351739883423,-0.3499351739883423,0.0
-0.35117438435554504,-0.35117441415786743,-2.9802322387695312e-08
0.2296505868434906,0.2296505868434906,0.0
0.23725494742393494,0.23725491762161255,-2.9802322387695312e-08
-0.33709269762039185,-0.33709269762039185,0.0
-0.3394864797592163,-0.3394865095615387,-2.9802322387695312e-08
-0.3444664478302002,-0.3444664478302002,0.0
-0.3450487554073334,-0.34504878520965576,-2.9802322387695312e-08
-0.3497392237186432,-0.3497391939163208,2.9802322387695312e-08
-0.3474353551864624,-0.3474353551864624,0.0
-0.35098952054977417,-0.35098952054977417,0.0
-0.3530418574810028,-0.3530418574810028,0.0
0.22874240577220917,0.22874239087104797,-1.4901161193847656e-08
0.230900377035141,0.2309003472328186,-2.9802322387695312e-08
-0.3399518132209778,-0.3399518132209778,0.0
-0.3406461477279663,-0.3406461477279663,0.0
-0.3416282534599304,-0.3416282534599304,0.0
-0.3424641191959381,-0.3424641191959381,0.0
-0.3435916304588318,-0.3435916304588318,0.0
-0.34488439559936523,-0.34488439559936523,0.0
-0.3461090326309204,-0.3461090326309204,0.0
-0.3506055474281311,-0.3506055772304535,-2.9802322387695312e-08
0.2276219129562378,0.22762194275856018,2.9802322387695312e-08
0.23405198752880096,0.23405195772647858,-2.9802322387695312e-08
-0.34010744094848633,-0.34010744094848633,0.0
-0.34147173166275024,-0.34147173166275024,0.0
-0.3431715965270996,-0.3431715667247772,2.9802322387695312e-08
-0.3402078449726105,-0.3402078151702881,2.9802322387695312e-08
-0.34405338764190674,-0.34405338764190674,0.0
-0.3462907671928406,-0.34629079699516296,-2.9802322387695312e-08
-0.34630176424980164,-0.34630176424980164,0.0
-0.3473992347717285,-0.3473992347717285,0.0
0.2263118326663971,0.2263118326663971,0.0
0.23374396562576294,0.23374395072460175,-1.4901161193847656e-08
-0.340946227312088,-0.340946227312088,0.0
-0.3393000364303589,-0.3393000364303589,0.0
-0.34398800134658813,-0.34398800134658813,0.0
-0.343316912651062,-0.343316912651062,0.0
-0.34118789434432983,-0.34118786454200745,2.9802322387695312e-08
-0.3450924754142761,-0.3450924754142761,0.0
-0.34560275077819824,-0.34560275077819824,0.0
-0.34873414039611816,-0.34873417019844055,-2.9802322387695312e-08
0.22811540961265564,0.22811540961265564,0.0
0.23374098539352417,0.23374097049236298,-1.4901161193847656e-08
-0.3398147523403168,-0.33981478214263916,-2.9802322387695312e-08
-0.3416386842727661,-0.3416386842727661,0.0
-0.34157484769821167,-0.34157487750053406,-2.9802322387695312e-08
-0.3394293785095215,-0.3394293785095215,0.0
-0.34878304600715637,-0.34878304600715637,0.0
-0.3495340943336487,-0.3495340943336487,0.0
-0.34543174505233765,-0.34543171525001526,2.9802322387695312e-08
-0.35060885548591614,-0.3506088852882385,-2.9802322387695312e-08
0.22666046023368835,0.22666044533252716,-1.4901161193847656e-08
0.23315522074699402,0.23315519094467163,-2.9802322387695312e-08
-0.3342962861061096,-0.3342962861061096,0.0
-0.33621764183044434,-0.3362176716327667,-2.9802322387695312e-08
-0.33732932806015015,-0.33732932806015015,0.0
-0.3381294906139374,-0.338129460811615,2.9802322387695312e-08
-0.33944568037986755,-0.33944565057754517,2.9802322387695312e-08
-0.34134775400161743,-0.3413477838039398,-2.9802322387695312e-08
-0.3418598771095276,-0.3418598771095276,0.0
-0.3440292179584503,-0.3440292179584503,0.0
0.22546087205410004,0.22546085715293884,-1.4901161193847656e-08
0.22738952934741974,0.22738954424858093,1.4901161193847656e-08
-0.33438995480537415,-0.33438998460769653,-2.9802322387695312e-08
-0.33597448468208313,-0.3359745144844055,-2.9802322387695312e-08
-0.3370293378829956,-0.337029367685318,-2.9802322387695312e-08
-0.33818933367729187,-0.33818936347961426,-2.9802322387695312e-08
-0.3405790627002716,-0.3405790328979492,2.9802322387695312e-08
-0.34050896763801575,-0.34050899744033813,-2.9802322387695312e-08
-0.3427026569843292,-0.34270262718200684,2.9802322387695312e-08
-0.3435421884059906,-0.3435421884059906,0.0
0.22398735582828522,0.22398734092712402,-1.4901161193847656e-08
0.22780637443065643,0.22780637443065643,0.0
-0.33962470293045044,-0.33962467312812805,2.9802322387695312e-08
-0.3395804166793823,-0.3395804166793823,0.0
-0.34499096870422363,-0.34499096870422363,0.0
-0.33796221017837524,-0.33796221017837524,0.0
-0.3468504548072815,-0.3468504548072815,0.0
-0.34763452410697937,-0.347634494304657,2.9802322387695312e-08
-0.3447839021682739,-0.34478384256362915,5.960464477539063e-08
-0.34977424144744873,-0.3497742712497711,-2.9802322387695312e-08
0.22917065024375916,0.22917068004608154,2.9802322387695312e-08
0.2331881821155548,0.2331882119178772,2.9802322387695312e-08
-0.3394168019294739,-0.3394168019294739,0.0
-0.34354084730148315,-0.3435407876968384,5.960464477539063e-08
-0.34468597173690796,-0.34468597173690796,0.0
-0.34164345264434814,-0.34164345264434814,0.0
-0.34228748083114624,-0.34228745102882385,2.9802322387695312e-08
-0.34740278124809265,-0.34740275144577026,2.9802322387695312e-08
-0.3484376072883606,-0.3484376072883606,0.0
-0.34910082817077637,-0.34910082817077637,0.0
0.2280653864145279,0.2280653715133667,-1.4901161193847656e-08
0.2293579876422882,0.2293579876422882,0.0
-0.3400799036026001,-0.3400799036026001,0.0
-0.3411140739917755,-0.3411141037940979,-2.9802322387695312e-08
-0.3418554663658142,-0.3418554663658142,0.0
-0.34245848655700684,-0.34245848655700684,0.0
-0.3394048810005188,-0.3394048810005188,0.0
-0.3474946618080139,-0.3474946618080139,0.0
-0.3450238108634949,-0.34502384066581726,-2.9802322387695312e-08
-0.35007596015930176,-0.35007598996162415,-2.9802322387695312e-08
0.22741681337356567,0.2274167835712433,-2.9802322387695312e-08
0.22865626215934753,0.22865626215934753,0.0
-0.33526813983917236,-0.33526813983917236,0.0
-0.3374949097633362,-0.3374949097633362,0.0
-0.341502845287323,-0.341502845287323,0.0
-0.34174007177352905,-0.34174007177352905,0.0
-0.3429257869720459,-0.3429257869720459,0.0
-0.34108442068099976,-0.34108442068099976,0.0
-0.3447342813014984,-0.344734251499176,2.9802322387695312e-08
-0.345061719417572,-0.345061719417572,0.0
0.22478872537612915,0.22478872537612915,0.0
0.23136143386363983,0.23136141896247864,-1.4901161193847656e-08
-0.3398727774620056,-0.33987271785736084,5.960464477539063e-08
-0.3441106975078583,-0.3441106975078583,0.0
-0.3450983464717865,-0.3450983762741089,-2.9802322387695312e-08
-0.3386484682559967,-0.3386484980583191,-2.9802322387695312e-08
-0.3430037498474121,-0.3430037498474121,0.0
-0.34831002354621887,-0.34831005334854126,-2.9802322387695312e-08
-0.3447110056877136,-0.3447110056877136,0.0
-0.34743520617485046,-0.34743520617485046,0.0
0.2245223969221115,0.2245223969221115,0.0
0.23155909776687622,0.23155908286571503,-1.4901161193847656e-08
-0.3401763141155243,-0.3401762843132019,2.9802322387695312e-08
-0.3370315432548523,-0.3370315432548523,0.0
-0.3418352007865906,-0.34183523058891296,-2.9802322387695312e-08
-0.34599846601486206,-0.3459984362125397,2.9802322387695312e-08
-0.3426697552204132,-0.3426697254180908,2.9802322387695312e-08
-0.34191250801086426,-0.34191256761550903,-5.960464477539063e-08
-0.34566056728363037,-0.34566056728363037,0.0
-0.3467671871185303,-0.3467671871185303,0.0
0.22507621347904205,0.22507622838020325,1.4901161193847656e-08
0.2320924997329712,0.2320924699306488,-2.9802322387695312e-08
-0.3392752408981323,-0.3392752707004547,-2.9802322387695312e-08
-0.3381822407245636,-0.338182270526886,-2.9802322387695312e-08
-0.34674930572509766,-0.34674933552742004,-2.9802322387695312e-08
-0.33950650691986084,-0.3395065367221832,-2.9802322387695312e-08
-0.34504956007003784,-0.34504953026771545,2.9802322387695312e-08
-0.34279710054397583,-0.3427971303462982,-2.9802322387695312e-08
-0.34750863909721375,-0.34750866889953613,-2.9802322387695312e-08
-0.35152214765548706,-0.35152217745780945,-2.9802322387695312e-08
0.22531990706920624,0.22531992197036743,1.4901161193847656e-08
0.22757330536842346,0.22757330536842346,0.0
-0.3396223187446594,-0.3396223187446594,0.0
-0.34117430448532104,-0.34117433428764343,-2.9802322387695312e-08
-0.34515681862831116,-0.34515678882598877,2.9802322387695312e-08
-0.34261947870254517,-0.34261947870254517,0.0
-0.3396012485027313,-0.3396012783050537,-2.9802322387695312e-08
-0.3443877398967743,-0.3443877398967743,0.0
-0.3462737798690796,-0.3462737798690796,0.0
-0.35026755928993225,-0.35026752948760986,2.9802322387695312e-08
0.22423787415027618,0.224237859249115,-1.4901161193847656e-08
0.2319943904876709,0.2319943904876709,0.0
-0.33857712149620056,-0.3385770916938782,2.9802322387695312e-08
-0.341091513633728,-0.341091513633728,0.0
-0.3424820303916931,-0.3424820303916931,0.0
-0.33931922912597656,-0.3393191993236542,2.9802322387695312e-08
-0.3437049984931946,-0.3437049984931946,0.0
-0.34469372034072876,-0.34469369053840637,2.9802322387695312e-08
-0.3498189151287079,-0.3498188853263855,2.9802322387695312e-08
-0.35118040442466736,-0.35118040442466736,0.0
0.22378450632095337,0.2237844616174698,-4.470348358154297e-08
0.2266874760389328,0.2266874611377716,-1.4901161193847656e-08
-0.33526891469955444,-0.33526891469955444,0.0
-0.33686578273773193,-0.33686575293540955,2.9802322387695312e-08
-0.3420032262802124,-0.3420032262802124,0.0
-0.34315168857574463,-0.34315165877342224,2.9802322387695312e-08
-0.34482118487358093,-0.34482118487358093,0.0
-0.34543749690055847,-0.34543749690055847,0.0
-0.34638819098472595,-0.34638819098472595,0.0
-0.3511200547218323,-0.35112008452415466,-2.9802322387695312e-08
0.2233927696943283,0.22339273989200592,-2.9802322387695312e-08
0.22949054837226868,0.22949054837226868,0.0
-0.33431458473205566,-0.33431458473205566,0.0
-0.3360169231891632,-0.3360168933868408,2.9802322387695312e-08
-0.33769428730010986,-0.33769428730010986,0.0
-0.33882707357406616,-0.33882707357406616,0.0
-0.3391959071159363,-0.3391959071159363,0.0
-0.33944636583328247,-0.33944636583328247,0.0
-0.3457581400871277,-0.3457581698894501,-2.9802322387695312e-08
-0.3465738892555237,-0.34657391905784607,-2.9802322387695312e-08
0.22390174865722656,0.22390174865722656,0.0
0.22997888922691345,0.22997885942459106,-2.9802322387695312e-08
-0.33575427532196045,-0.33575430512428284,-2.9802322387695312e-08
-0.3406646251678467,-0.3406646251678467,0.0
-0.34228307008743286,-0.34228307008743286,0.0
-0.3391152322292328,-0.3391152322292328,0.0
-0.3403032422065735,-0.3403032124042511,2.9802322387695312e-08
-0.3452508747577667,-0.3452508747577667,0.0
-0.34152325987815857,-0.34152328968048096,-2.9802322387695312e-08
-0.34661149978637695,-0.34661152958869934,-2.9802322387695312e-08
0.22313754260540009,0.22313755750656128,1.4901161193847656e-08
0.23085229098796844,0.23085227608680725,-1.4901161193847656e-08
-0.3324125409126282,-0.3324125409126282,0.0
-0.33474576473236084,-0.33474576473236084,0.0
-0.3370114266872406,-0.337011456489563,-2.9802322387695312e-08
-0.33740103244781494,-0.33740103244781494,0.0
-0.3385106027126312,-0.3385106325149536,-2.9802322387695312e-08
-0.3385438323020935,-0.3385438323020935,0.0
-0.3415876626968384,-0.3415876626968384,0.0
-0.34630584716796875,-0.34630584716796875,0.0
0.2228783667087555,0.2228783667087555,0.0
0.2270192950963974,0.2270192801952362,-1.4901161193847656e-08
-0.3348689079284668,-0.3348689079284668,0.0
-0.33534878492355347,-0.33534878492355347,0.0
-0.3423173427581787,-0.3423173427581787,0.0
-0.3387141823768616,-0.3387141823768616,0.0
-0.3435438871383667,-0.3435438573360443,2.9802322387695312e-08
-0.34266841411590576,-0.34266841411590576,0.0
-0.34162408113479614,-0.34162408113479614,0.0
-0.3462858200073242,-0.3462858200073242,0.0
0.22230412065982819,0.222304105758667,-1.4901161193847656e-08
0.22644446790218353,0.22644446790218353,0.0
-0.33340680599212646,-0.3334067761898041,2.9802322387695312e-08
-0.3352264165878296,-0.3352264165878296,0.0
-0.336631715297699,-0.33663174510002136,-2.9802322387695312e-08
-0.3386043310165405,-0.3386043310165405,0.0
-0.3382858633995056,-0.3382858633995056,0.0
-0.3398856520652771,-0.3398856520652771,0.0
-0.3444907069206238,-0.3444907069206238,0.0
-0.34587159752845764,-0.34587159752845764,0.0
0.22162623703479767,0.22162623703479767,0.0
0.22472204267978668,0.22472205758094788,1.4901161193847656e-08
-0.3329402804374695,-0.3329402804374695,0.0
-0.3340720534324646,-0.3340720534324646,0.0
-0.33823084831237793,-0.33823081851005554,2.9802322387695312e-08
-0.3374621272087097,-0.33746209740638733,2.9802322387695312e-08
-0.3391486406326294,-0.3391486406326294,0.0
-0.3383420705795288,-0.3383420705795288,0.0
-0.34081941843032837,-0.34081941843032837,0.0
-0.3425261378288269,-0.3425261378288269,0.0
0.22140368819236755,0.22140365839004517,-2.9802322387695312e-08
0.22509096562862396,0.22509096562862396,0.0
-0.332480788230896,-0.3324807584285736,2.9802322387695312e-08
-0.3340342342853546,-0.334034264087677,-2.9802322387695312e-08
-0.33692610263824463,-0.33692610263824463,0.0
-0.3378853499889374,-0.3378853499889374,0.0
-0.3433905243873596,-0.343390554189682,-2.9802322387695312e-08
-0.3389867842197418,-0.3389868140220642,-2.9802322387695312e-08
-0.34071511030197144,-0.34071511030197144,0.0
-0.3424649238586426,-0.34246498346328735,-5.960464477539063e-08
0.22274817526340485,0.22274817526340485,0.0
0.22980988025665283,0.22980988025665283,0.0
-0.33341437578201294,-0.3334144055843353,-2.9802322387695312e-08
-0.3368701934814453,-0.3368701934814453,0.0
-0.33745086193084717,-0.33745086193084717,0.0
-0.3425305485725403,-0.3425305187702179,2.9802322387695312e-08
-0.3403703570365906,-0.34037038683891296,-2.9802322387695312e-08
-0.34033507108688354,-0.34033510088920593,-2.9802322387695312e-08
-0.3435833156108856,-0.3435833156108856,0.0
-0.3465588390827179,-0.3465588688850403,-2.9802322387695312e-08
0.22304116189479828,0.22304114699363708,-1.4901161193847656e-08
0.22934994101524353,0.22934994101524353,0.0
-0.33274373412132263,-0.33274373412132263,0.0
-0.3343033790588379,-0.3343033790588379,0.0
-0.3379025459289551,-0.3379025161266327,2.9802322387695312e-08
-0.3388257324695587,-0.33882570266723633,2.9802322387695312e-08
-0.33963778614997864,-0.33963775634765625,2.9802322387695312e-08
-0.3407977223396301,-0.3407977521419525,-2.9802322387695312e-08
-0.3405715823173523,-0.3405715823173523,0.0
-0.3414565324783325,-0.3414565324783325,0.0
0.22300124168395996,0.22300124168395996,0.0
0.22981968522071838,0.22981971502304077,2.9802322387695312e-08
-0.3325358033180237,-0.3325358033180237,0.0
-0.33587515354156494,-0.33587515354156494,0.0
-0.33849823474884033,-0.33849823474884033,0.0
-0.3389577865600586,-0.3389577567577362,2.9802322387695312e-08
-0.33849453926086426,-0.33849453926086426,0.0
-0.3401782512664795,-0.3401782810688019,-2.9802322387695312e-08
-0.34145891666412354,-0.34145891666412354,0.0
-0.34338584542274475,-0.34338587522506714,-2.9802322387695312e-08
0.22314506769180298,0.22314506769180298,0.0
0.22626060247421265,0.22626058757305145,-1.4901161193847656e-08
-0.33855193853378296,-0.33855193853378296,0.0
-0.3427116870880127,-0.3427117168903351,-2.9802322387695312e-08
-0.34373244643211365,-0.34373241662979126,2.9802322387695312e-08
-0.34470802545547485,-0.34470802545547485,0.0
-0.34614840149879456,-0.34614840149879456,0.0
-0.3465883433818817,-0.3465883433818817,0.0
-0.3424040675163269,-0.3424040675163269,0.0
-0.34827277064323425,-0.34827274084091187,2.9802322387695312e-08
0.2260107398033142,0.2260107547044754,1.4901161193847656e-08
0.2321021854877472,0.2321021854877472,0.0
0.24592001736164093,0.24592003226280212,1.4901161193847656e-08
0.2471090406179428,0.24710902571678162,-1.4901161193847656e-08
0.24688661098480225,0.24688661098480225,0.0
0.24738836288452148,0.2473883479833603,-1.4901161193847656e-08
0.24843108654022217,0.24843108654022217,0.0
0.24794331192970276,0.24794331192970276,0.0
0.2496694177389145,0.24966944754123688,2.9802322387695312e-08
0.2507057189941406,0.2507057189941406,0.0
-0.0386028066277504,-0.0386028066277504,0.0
-0.03912590071558952,-0.03912590071558952,0.0
0.24621248245239258,0.24621246755123138,-1.4901161193847656e-08
0.24726760387420654,0.24726760387420654,0.0
0.24533505737781525,0.24533505737781525,0.0
0.24749937653541565,0.24749939143657684,1.4901161193847656e-08
0.2483295053243637,0.24832949042320251,-1.4901161193847656e-08
0.2490910142660141,0.2490910291671753,1.4901161193847656e-08
0.24976199865341187,0.24976198375225067,-1.4901161193847656e-08
0.25063467025756836,0.25063467025756836,0.0
-0.037849899381399155,-0.037849899381399155,0.0
-0.037353791296482086,-0.037353791296482086,0.0
0.24664777517318726,0.24664779007434845,1.4901161193847656e-08
0.24739639461040497,0.24739640951156616,1.4901161193847656e-08
0.24792078137397766,0.24792081117630005,2.9802322387695312e-08
0.24788862466812134,0.24788857996463776,-4.470348358154297e-08
0.2489209920167923,0.2489209622144699,-2.9802322387695312e-08
0.24789540469646454,0.24789538979530334,-1.4901161193847656e-08
0.24993526935577393,0.2499352991580963,2.9802322387695312e-08
0.250460147857666,0.250460147857666,0.0
-0.037901706993579865,-0.037901706993579865,0.0
-0.03914207965135574,-0.039142072200775146,7.450580596923828e-09
0.24375471472740173,0.24375469982624054,-1.4901161193847656e-08
0.24471934139728546,0.24471935629844666,1.4901161193847656e-08
0.243307426571846,0.2433074712753296,4.470348358154297e-08
0.24487191438674927,0.24487188458442688,-2.9802322387695312e-08
0.2448272407054901,0.2448272407054901,0.0
0.24554282426834106,0.24554282426834106,0.0
0.2447030395269394,0.2447030246257782,-1.4901161193847656e-08
0.24548649787902832,0.24548651278018951,1.4901161193847656e-08
-0.03614949434995651,-0.03614949434995651,0.0
-0.03682125359773636,-0.03682125732302666,-3.725290298461914e-09
0.24547316133975983,0.24547317624092102,1.4901161193847656e-08
0.245727077126503,0.24572712182998657,4.470348358154297e-08
0.2432083934545517,0.2432083785533905,-1.4901161193847656e-08
0.24591942131519318,0.2459193766117096,-4.470348358154297e-08
0.2453879714012146,0.2453879714012146,0.0
0.24713563919067383,0.24713562428951263,-1.4901161193847656e-08
0.2471196949481964,0.2471197098493576,1.4901161193847656e-08
0.24793654680252075,0.24793653190135956,-1.4901161193847656e-08
-0.03784704953432083,-0.03784705698490143,-7.450580596923828e-09
-0.03801631182432175,-0.038016315549612045,-3.725290298461914e-09
0.24638673663139343,0.24638678133487701,4.470348358154297e-08
0.24612575769424438,0.24612578749656677,2.9802322387695312e-08
0.2465810775756836,0.2465810775756836,0.0
0.24680107831954956,0.24680104851722717,-2.9802322387695312e-08
0.24837885797023773,0.2483789026737213,4.470348358154297e-08
0.2488688975572586,0.2488688826560974,-1.4901161193847656e-08
0.24883516132831573,0.24883514642715454,-1.4901161193847656e-08
0.2500441372394562,0.25004416704177856,2.9802322387695312e-08
-0.03643467277288437,-0.036434661597013474,1.1175870895385742e-08
-0.03724666312336922,-0.037246666848659515,-3.725290298461914e-09
0.24635688960552216,0.24635690450668335,1.4901161193847656e-08
0.24718612432479858,0.24718615412712097,2.9802322387695312e-08
0.2476515769958496,0.24765154719352722,-2.9802322387695312e-08
0.24823415279388428,0.24823413789272308,-1.4901161193847656e-08
0.2491452693939209,0.2491452693939209,0.0
0.24824029207229614,0.24824026226997375,-2.9802322387695312e-08
0.24902155995368958,0.24902160465717316,4.470348358154297e-08
0.2509702146053314,0.25097018480300903,-2.9802322387695312e-08
-0.0372108556330204,-0.03721087425947189,-1.862645149230957e-08
-0.03740288317203522,-0.03740287572145462,7.450580596923828e-09
0.24717497825622559,0.24717500805854797,2.9802322387695312e-08
0.24900856614112854,0.24900859594345093,2.9802322387695312e-08
0.24949100613594055,0.24949097633361816,-2.9802322387695312e-08
0.24894097447395325,0.24894100427627563,2.9802322387695312e-08
0.24954378604888916,0.24954381585121155,2.9802322387695312e-08
0.24958312511444092,0.2495831400156021,1.4901161193847656e-08
0.25083041191101074,0.25083044171333313,2.9802322387695312e-08
0.25099191069602966,0.2509918808937073,-2.9802322387695312e-08
-0.03520640730857849,-0.03520640730857849,0.0
-0.03625555709004402,-0.03625555336475372,3.725290298461914e-09
0.24631360173225403,0.24631358683109283,-1.4901161193847656e-08
0.24699026346206665,0.24699026346206665,0.0
0.24641114473342896,0.24641114473342896,0.0
0.2471311092376709,0.2471311092376709,0.0
0.24754974246025085,0.24754977226257324,2.9802322387695312e-08
0.24808046221733093,0.24808043241500854,-2.9802322387695312e-08
0.24876496195793152,0.24876496195793152,0.0
0.24979308247566223,0.24979308247566223,0.0
-0.036688052117824554,-0.036688052117824554,0.0
-0.037287935614585876,-0.03728793188929558,3.725290298461914e-09
0.24650900065898895,0.24650897085666656,-2.9802322387695312e-08
0.24728034436702728,0.24728034436702728,0.0
0.24685725569725037,0.24685730040073395,4.470348358154297e-08
0.24754226207733154,0.24754226207733154,0.0
0.24790610373020172,0.24790608882904053,-1.4901161193847656e-08
0.24869249761104584,0.24869245290756226,-4.470348358154297e-08
0.2491423338651657,0.2491423785686493,4.470348358154297e-08
0.2494097203016281,0.24940970540046692,-1.4901161193847656e-08
-0.03560798242688179,-0.03560797870159149,3.725290298461914e-09
-0.03613026440143585,-0.03613025322556496,1.1175870895385742e-08
0.24225124716758728,0.24225124716758728,0.0
0.24336351454257965,0.24336357414722443,5.960464477539063e-08
0.24226422607898712,0.24226421117782593,-1.4901161193847656e-08
0.2431652843952179,0.2431652843952179,0.0
0.24303169548511505,0.24303168058395386,-1.4901161193847656e-08
0.24330730736255646,0.24330732226371765,1.4901161193847656e-08
0.24338015913963318,0.24338017404079437,1.4901161193847656e-08
0.24528169631958008,0.24528168141841888,-1.4901161193847656e-08
-0.03680212050676346,-0.03680210933089256,1.1175870895385742e-08
-0.03741241246461868,-0.037412405014038086,7.450580596923828e-09
0.2433350533246994,0.2433350682258606,1.4901161193847656e-08
0.244261234998703,0.244261234998703,0.0
0.2429019957780838,0.242902010679245,1.4901161193847656e-08
0.2439950406551361,0.2439950406551361,0.0
0.2447921484708786,0.24479219317436218,4.470348358154297e-08
0.24530939757823944,0.24530941247940063,1.4901161193847656e-08
0.24600337445735931,0.24600334465503693,-2.9802322387695312e-08
0.24683216214179993,0.24683216214179993,0.0
-0.037119410932064056,-0.03711940720677376,3.725290298461914e-09
-0.03646274283528328,-0.03646274283528328,0.0
0.24542492628097534,0.24542492628097534,0.0
0.24575915932655334,0.24575918912887573,2.9802322387695312e-08
0.24654731154441833,0.24654731154441833,0.0
0.24581989645957947,0.2458198368549347,-5.960464477539063e-08
0.24718214571475983,0.24718208611011505,-5.960464477539063e-08
0.24625250697135925,0.24625252187252045,1.4901161193847656e-08
0.24778656661510468,0.24778658151626587,1.4901161193847656e-08
0.2487243115901947,0.2487243115901947,0.0
-0.03682976961135864,-0.03682976961135864,0.0
-0.03705500811338425,-0.03705500811338425,0.0
0.2432967722415924,0.2432967573404312,-1.4901161193847656e-08
0.24193713068962097,0.24193713068962097,0.0
0.24303032457828522,0.24303029477596283,-2.9802322387695312e-08
0.2434898018836975,0.24348978698253632,-1.4901161193847656e-08
0.24495580792427063,0.24495583772659302,2.9802322387695312e-08
0.2455855756998062,0.24558554589748383,-2.9802322387695312e-08
0.2462482452392578,0.2462482452392578,0.0
0.24718379974365234,0.24718381464481354,1.4901161193847656e-08
-0.03699241951107979,-0.03699242323637009,-3.725290298461914e-09
-0.0373559296131134,-0.0373559296131134,0.0
0.2428188920021057,0.2428188920021057,0.0
0.24328041076660156,0.24328041076660156,0.0
0.24404451251029968,0.24404457211494446,5.960464477539063e-08
0.24285390973091125,0.24285386502742767,-4.470348358154297e-08
0.24336428940296173,0.2433643341064453,4.470348358154297e-08
0.24379271268844604,0.24379271268844604,0.0
0.24406543374061584,0.24406540393829346,-2.9802322387695312e-08
0.24501869082450867,0.24501869082450867,0.0
-0.03733713924884796,-0.03733714669942856,-7.450580596923828e-09
-0.037263818085193634,-0.037263818085193634,0.0
0.24132339656352997,0.24132339656352997,0.0
0.24277469515800476,0.24277469515800476,0.0
0.24216356873512268,0.24216356873512268,0.0
0.24093888700008392,0.24093884229660034,-4.470348358154297e-08
0.2407323718070984,0.2407323569059372,-1.4901161193847656e-08
0.2420344203710556,0.24203446507453918,4.470348358154297e-08
0.24453461170196533,0.24453461170196533,0.0
0.24419283866882324,0.24419283866882324,0.0
-0.036847516894340515,-0.036847520619630814,-3.725290298461914e-09
-0.03612348809838295,-0.03612349554896355,-7.450580596923828e-09
0.24193616211414337,0.24193617701530457,1.4901161193847656e-08
0.24364317953586578,0.24364319443702698,1.4901161193847656e-08
0.24403974413871765,0.24403974413871765,0.0
0.2449180781841278,0.2449180781841278,0.0
0.24407891929149628,0.24407894909381866,2.9802322387695312e-08
0.24563580751419067,0.2456357777118683,-2.9802322387695312e-08
0.24600791931152344,0.2460079789161682,5.960464477539063e-08
0.2467629611492157,0.2467629611492157,0.0
-0.037874020636081696,-0.03787403553724289,-1.4901161193847656e-08
-0.03944576531648636,-0.03944575786590576,7.450580596923828e-09
0.23984968662261963,0.23984971642494202,2.9802322387695312e-08
0.24137741327285767,0.24137738347053528,-2.9802322387695312e-08
0.2406051903963089,0.2406051754951477,-1.4901161193847656e-08
0.2402847558259964,0.2402847707271576,1.4901161193847656e-08
0.24202470481395721,0.2420247197151184,1.4901161193847656e-08
0.24277085065841675,0.24277086555957794,1.4901161193847656e-08
0.24338212609291077,0.243382066488266,-5.960464477539063e-08
0.24480006098747253,0.24480004608631134,-1.4901161193847656e-08
-0.038848813623189926,-0.03884880989789963,3.725290298461914e-09
-0.04129320755600929,-0.04129321500658989,-7.450580596923828e-09
0.23892667889595032,0.23892664909362793,-2.9802322387695312e-08
0.24019837379455566,0.24019834399223328,-2.9802322387695312e-08
0.24045732617378235,0.24045734107494354,1.4901161193847656e-08
0.2401040494441986,0.24010401964187622,-2.9802322387695312e-08
0.2409844696521759,0.2409844994544983,2.9802322387695312e-08
0.2413872629404068,0.2413872927427292,2.9802322387695312e-08
0.24107693135738373,0.24107693135738373,0.0
0.24296694993972778,0.24296694993972778,0.0
-0.041652899235486984,-0.04165289178490639,7.450580596923828e-09
-0.03977496176958084,-0.039774972945451736,-1.1175870895385742e-08
0.2398906648159027,0.2398906648159027,0.0
0.24223442375659943,0.242234468460083,4.470348358154297e-08
0.2430463433265686,0.243046373128891,2.9802322387695312e-08
0.2425587773323059,0.24255874752998352,-2.9802322387695312e-08
0.24307215213775635,0.24307215213775635,0.0
0.243525892496109,0.2435259073972702,1.4901161193847656e-08
0.2442450374364853,0.2442450374364853,0.0
0.2453281283378601,0.2453281134366989,-1.4901161193847656e-08
-0.037612784653902054,-0.037612780928611755,3.725290298461914e-09
-0.03910277038812637,-0.039102762937545776,7.450580596923828e-09
0.23564846813678741,0.23564846813678741,0.0
0.23653391003608704,0.23653393983840942,2.9802322387695312e-08
0.23623736202716827,0.23623736202716827,0.0
0.23755080997943878,0.2375507652759552,-4.470348358154297e-08
0.23698225617408752,0.2369822859764099,2.9802322387695312e-08
0.2381984293460846,0.2381984293460846,0.0
0.23892708122730255,0.23892708122730255,0.0
0.23926404118537903,0.23926404118537903,0.0
-0.0396035797894001,-0.0396035872399807,-7.450580596923828e-09
-0.03808043897151947,-0.03808043524622917,3.725290298461914e-09
0.2397141456604004,0.23971416056156158,1.4901161193847656e-08
0.2395579218864441,0.2395579069852829,-1.4901161193847656e-08
0.23856809735298157,0.23856806755065918,-2.9802322387695312e-08
0.2408362627029419,0.24083620309829712,-5.960464477539063e-08
0.23996269702911377,0.23996269702911377,0.0
0.23855049908161163,0.23855048418045044,-1.4901161193847656e-08
0.24135929346084595,0.24135929346084595,0.0
0.2426632046699524,0.2426632046699524,0.0
-0.03857722878456116,-0.03857722878456116,0.0
-0.03875506669282913,-0.038755059242248535,7.450580596923828e-09
0.23675794899463654,0.23675793409347534,-1.4901161193847656e-08
0.23762701451778412,0.23762699961662292,-1.4901161193847656e-08
0.23750224709510803,0.23750224709510803,0.0
0.23694759607315063,0.23694758117198944,-1.4901161193847656e-08
0.23745021224021912,0.23745021224021912,0.0
0.23770485818386078,0.23770484328269958,-1.4901161193847656e-08
0.2390928864479065,0.23909291625022888,2.9802322387695312e-08
0.24077335000038147,0.24077332019805908,-2.9802322387695312e-08
-0.0398351326584816,-0.039835125207901,7.450580596923828e-09
-0.03908377140760422,-0.039083775132894516,-3.725290298461914e-09
0.23555195331573486,0.23555195331573486,0.0
0.2379767894744873,0.2379767894744873,0.0
0.23721319437026978,0.23721319437026978,0.0
0.2365254908800125,0.23652547597885132,-1.4901161193847656e-08
0.23555879294872284,0.23555879294872284,0.0
0.23879046738147736,0.23879045248031616,-1.4901161193847656e-08
0.23967348039150238,0.2396734356880188,-4.470348358154297e-08
0.24001464247703552,0.2400146722793579,2.9802322387695312e-08
-0.03926707059144974,-0.03926707059144974,0.0
-0.038268204778432846,-0.038268208503723145,-3.725290298461914e-09
0.23697923123836517,0.23697924613952637,1.4901161193847656e-08
0.23776614665985107,0.23776614665985107,0.0
0.23803797364234924,0.23803800344467163,2.9802322387695312e-08
0.23742859065532684,0.23742857575416565,-1.4901161193847656e-08
0.23699508607387543,0.23699510097503662,1.4901161193847656e-08
0.2382204234600067,0.23822036385536194,-5.960464477539063e-08
0.23937834799289703,0.23937834799289703,0.0
0.24024567008018494,0.24024569988250732,2.9802322387695312e-08
-0.038191646337509155,-0.03819165378808975,-7.450580596923828e-09
-0.03704046830534935,-0.03704046830534935,0.0
0.23927420377731323,0.23927417397499084,-2.9802322387695312e-08
0.23971915245056152,0.23971915245056152,0.0
0.23925642669200897,0.23925644159317017,1.4901161193847656e-08
0.2398214340209961,0.2398214042186737,-2.9802322387695312e-08
0.24039149284362793,0.24039149284362793,0.0
0.2410350739955902,0.2410350888967514,1.4901161193847656e-08
0.24177482724189758,0.24177482724189758,0.0
0.24244853854179382,0.24244853854179382,0.0
-0.03771662712097168,-0.03771663457155228,-7.450580596923828e-09
-0.03657954931259155,-0.03657954931259155,0.0
0.2382916510105133,0.2382916361093521,-1.4901161193847656e-08
0.2375452220439911,0.2375452220439911,0.0
0.2390109747648239,0.2390110045671463,2.9802322387695312e-08
0.238248810172081,0.2382487654685974,-4.470348358154297e-08
0.2385697364807129,0.23856976628303528,2.9802322387695312e-08
0.2399279922246933,0.2399280071258545,1.4901161193847656e-08
0.24259501695632935,0.24259501695632935,0.0
0.24279572069644928,0.2427956908941269,-2.9802322387695312e-08
-0.039839185774326324,-0.039839185774326324,0.0
-0.03913166746497154,-0.039131663739681244,3.725290298461914e-09
0.23955857753753662,0.23955857753753662,0.0
0.24104684591293335,0.24104681611061096,-2.9802322387695312e-08
0.24114280939102173,0.24114283919334412,2.9802322387695312e-08
0.23833873867988586,0.23833872377872467,-1.4901161193847656e-08
0.24108685553073883,0.24108687043190002,1.4901161193847656e-08
0.24147208034992218,0.24147209525108337,1.4901161193847656e-08
0.24020911753177643,0.24020913243293762,1.4901161193847656e-08
0.24320361018180847,0.24320361018180847,0.0
-0.04115522280335426,-0.041155219078063965,3.725290298461914e-09
-0.036763232201337814,-0.03676321357488632,1.862645149230957e-08
0.2394179403781891,0.23941797018051147,2.9802322387695312e-08
0.23845842480659485,0.23845842480659485,0.0
0.24127519130706787,0.24127520620822906,1.4901161193847656e-08
0.24046510457992554,0.24046514928340912,4.470348358154297e-08
0.24098457396030426,0.24098455905914307,-1.4901161193847656e-08
0.24141110479831696,0.24141111969947815,1.4901161193847656e-08
0.24204932153224945,0.24204930663108826,-1.4901161193847656e-08
0.24285484850406647,0.24285487830638885,2.9802322387695312e-08
-0.037540871649980545,-0.03754086792469025,3.725290298461914e-09
-0.03619652986526489,-0.036196522414684296,7.450580596923828e-09
0.2396346628665924,0.2396346628665924,0.0
0.2401374727487564,0.2401374876499176,1.4901161193847656e-08
0.24074801802635193,0.24074801802635193,0.0
0.240288645029068,0.2402886301279068,-1.4901161193847656e-08
0.24079661071300507,0.24079659581184387,-1.4901161193847656e-08
0.24135082960128784,0.24135085940361023,2.9802322387695312e-08
0.24207179248332977,0.24207180738449097,1.4901161193847656e-08
0.2429826855659485,0.2429826855659485,0.0
-0.037983667105436325,-0.037983667105436325,0.0
-0.03824084624648094,-0.03824084624648094,0.0
0.23916882276535034,0.23916885256767273,2.9802322387695312e-08
0.23958146572113037,0.23958145081996918,-1.4901161193847656e-08
0.24019896984100342,0.24019896984100342,0.0
0.23962122201919556,0.23962119221687317,-2.9802322387695312e-08
0.24023783206939697,0.24023784697055817,1.4901161193847656e-08
0.24127711355686188,0.24127709865570068,-1.4901161193847656e-08
0.24155066907405853,0.24155065417289734,-1.4901161193847656e-08
0.24254636466503143,0.24254634976387024,-1.4901161193847656e-08
-0.03796933591365814,-0.03796933591365814,0.0
-0.03663602098822594,-0.03663601353764534,7.450580596923828e-09
0.23772206902503967,0.23772206902503967,0.0
0.23883500695228577,0.23883497714996338,-2.9802322387695312e-08
0.23678229749202728,0.23678229749202728,0.0
0.23724691569805145,0.23724688589572906,-2.9802322387695312e-08
0.2367524802684784,0.2367524802684784,0.0
0.23961244523525238,0.23961246013641357,1.4901161193847656e-08
0.2404315173625946,0.24043148756027222,-2.9802322387695312e-08
0.24007101356983185,0.24007099866867065,-1.4901161193847656e-08
-0.03909303620457649,-0.03909304365515709,-7.450580596923828e-09
-0.03785073012113571,-0.03785073384642601,-3.725290298461914e-09
0.23784039914608002,0.2378404140472412,1.4901161193847656e-08
0.23835057020187378,0.23835058510303497,1.4901161193847656e-08
0.2379801720380783,0.23798012733459473,-4.470348358154297e-08
0.23813402652740479,0.23813405632972717,2.9802322387695312e-08
0.23891526460647583,0.23891526460647583,0.0
0.23949503898620605,0.23949503898620605,0.0
0.24010537564754486,0.24010539054870605,1.4901161193847656e-08
0.2399960309267044,0.239996075630188,4.470348358154297e-08
-0.03804832696914673,-0.03804832324385643,3.725290298461914e-09
-0.036933161318302155,-0.03693316876888275,-7.450580596923828e-09
0.23528186976909637,0.23528185486793518,-1.4901161193847656e-08
0.23773571848869324,0.23773568868637085,-2.9802322387695312e-08
0.2353668063879013,0.2353667914867401,-1.4901161193847656e-08
0.23537129163742065,0.23537127673625946,-1.4901161193847656e-08
0.23609036207199097,0.23609033226966858,-2.9802322387695312e-08
0.2375197410583496,0.2375197410583496,0.0
0.2389814257621765,0.23898139595985413,-2.9802322387695312e-08
0.23927921056747437,0.23927924036979675,2.9802322387695312e-08
-0.03844290226697922,-0.038442905992269516,-3.725290298461914e-09
-0.037288326770067215,-0.03728830814361572,1.862645149230957e-08
0.24258089065551758,0.24258089065551758,0.0
0.2418719232082367,0.24187195301055908,2.9802322387695312e-08
0.24054153263568878,0.2405415177345276,-1.4901161193847656e-08
0.24161802232265472,0.2416180670261383,4.470348358154297e-08
0.24279846251010895,0.24279843270778656,-2.9802322387695312e-08
0.24354678392410278,0.24354678392410278,0.0
0.24401608109474182,0.24401608109474182,0.0
0.24489088356494904,0.24489088356494904,0.0
-0.03638423979282379,-0.03638423979282379,0.0
-0.03506745770573616,-0.03506745770573616,0.0
0.24390916526317596,0.24390916526317596,0.0
0.24321451783180237,0.24321454763412476,2.9802322387695312e-08
0.242848202586174,0.24284817278385162,-2.9802322387695312e-08
0.24263069033622742,0.2426307499408722,5.960464477539063e-08
0.24365383386611938,0.243653804063797,-2.9802322387695312e-08
0.24267232418060303,0.24267233908176422,1.4901161193847656e-08
0.2455940842628479,0.2455940991640091,1.4901161193847656e-08
0.24619346857070923,0.24619346857070923,0.0
-0.03560217469930649,-0.03560216724872589,7.450580596923828e-09
-0.03530232980847359,-0.03530232980847359,0.0
0.24437567591667175,0.24437567591667175,0.0
0.24503068625926971,0.24503068625926971,0.0
0.2457621991634369,0.24576221406459808,1.4901161193847656e-08
0.24655866622924805,0.24655866622924805,0.0
0.24549388885498047,0.24549387395381927,-1.4901161193847656e-08
0.24607402086257935,0.24607396125793457,-5.960464477539063e-08
0.24587561190128326,0.24587559700012207,-1.4901161193847656e-08
0.24755683541297913,0.24755683541297913,0.0
-0.03640982508659363,-0.036409832537174225,-7.450580596923828e-09
-0.03609044849872589,-0.03609044477343559,3.725290298461914e-09
0.24491563439369202,0.24491561949253082,-1.4901161193847656e-08
0.24543127417564392,0.24543124437332153,-2.9802322387695312e-08
0.24428331851959229,0.24428331851959229,0.0
0.2457772046327591,0.2457772195339203,1.4901161193847656e-08
0.24526768922805786,0.24526768922805786,0.0
0.24617886543273926,0.24617888033390045,1.4901161193847656e-08
0.24697069823741913,0.24697068333625793,-1.4901161193847656e-08
0.24781031906604767,0.24781030416488647,-1.4901161193847656e-08
-0.03572391718626022,-0.03572391718626022,0.0
-0.0360758975148201,-0.0360758975148201,0.0
0.24607501924037933,0.24607503414154053,1.4901161193847656e-08
0.2466968148946762,0.2466968148946762,0.0
0.24513410031795502,0.24513407051563263,-2.9802322387695312e-08
0.24703362584114075,0.24703359603881836,-2.9802322387695312e-08
0.24754348397254944,0.24754348397254944,0.0
0.24782371520996094,0.24782371520996094,0.0
0.2484464794397354,0.2484465092420578,2.9802322387695312e-08
0.24943256378173828,0.2494325488805771,-1.4901161193847656e-08
-0.036171309649944305,-0.0361713171005249,-7.450580596923828e-09
-0.03780776634812355,-0.03780776262283325,3.725290298461914e-09
0.24643267691135406,0.24643267691135406,0.0
0.24660855531692505,0.24660857021808624,1.4901161193847656e-08
0.24698728322982788,0.24698731303215027,2.9802322387695312e-08
0.24780556559562683,0.24780556559562683,0.0
0.24584625661373138,0.2458462119102478,-4.470348358154297e-08
0.2466147243976593,0.2466147541999817,2.9802322387695312e-08
0.24827910959720612,0.2482791244983673,1.4901161193847656e-08
0.2489740401506424,0.24897401034832,-2.9802322387695312e-08
-0.03545558080077171,-0.03545558452606201,-3.725290298461914e-09
-0.03454750031232834,-0.03454748913645744,1.1175870895385742e-08
0.24472858011722565,0.24472859501838684,1.4901161193847656e-08
0.24502485990524292,0.24502483010292053,-2.9802322387695312e-08
0.2453259825706482,0.2453259825706482,0.0
0.2457132339477539,0.2457132488489151,1.4901161193847656e-08
0.2461422234773636,0.2461422085762024,-1.4901161193847656e-08
0.2466062605381012,0.2466062307357788,-2.9802322387695312e-08
0.24709445238113403,0.24709442257881165,-2.9802322387695312e-08
0.2482452690601349,0.24824532866477966,5.960464477539063e-08
-0.035603877156972885,-0.035603877156972885,0.0
-0.03518597409129143,-0.03518596664071083,7.450580596923828e-09
0.2441984862089157,0.24419847130775452,-1.4901161193847656e-08
0.2447560727596283,0.2447560578584671,-1.4901161193847656e-08
0.24461957812309265,0.24461960792541504,2.9802322387695312e-08
0.24465864896774292,0.24465864896774292,0.0
0.24439072608947754,0.24439074099063873,1.4901161193847656e-08
0.24515151977539062,0.24515151977539062,0.0
0.24609383940696716,0.2460937798023224,-5.960464477539063e-08
0.24723826348781586,0.24723827838897705,1.4901161193847656e-08
-0.03620101511478424,-0.03620101511478424,0.0
-0.036403387784957886,-0.03640339523553848,-7.450580596923828e-09
0.24243319034576416,0.24243319034576416,0.0
0.24355314671993256,0.24355313181877136,-1.4901161193847656e-08
0.2441578060388565,0.2441578209400177,1.4901161193847656e-08
0.2432917058467865,0.2432917356491089,2.9802322387695312e-08
0.24375295639038086,0.24375295639038086,0.0
0.24428044259548187,0.24428041279315948,-2.9802322387695312e-08
0.24474556744098663,0.24474558234214783,1.4901161193847656e-08
0.24562038481235504,0.24562039971351624,1.4901161193847656e-08
-0.03630039468407631,-0.03630039468407631,0.0
-0.034678444266319275,-0.034678440541028976,3.725290298461914e-09
0.24359147250652313,0.2435915172100067,4.470348358154297e-08
0.2445661425590515,0.2445661425590515,0.0
0.244599848985672,0.2445998638868332,1.4901161193847656e-08
0.24464406073093414,0.24464406073093414,0.0
0.244398295879364,0.2443983405828476,4.470348358154297e-08
0.2458929717540741,0.2458929866552353,1.4901161193847656e-08
0.24569985270500183,0.24569986760616302,1.4901161193847656e-08
0.24685914814472198,0.2468591183423996,-2.9802322387695312e-08
-0.035603754222393036,-0.03560376167297363,-7.450580596923828e-09
-0.03495952486991882,-0.03495952859520912,-3.725290298461914e-09
0.2409134805202484,0.24091345071792603,-2.9802322387695312e-08
0.24293965101242065,0.24293968081474304,2.9802322387695312e-08
0.24304941296577454,0.24304945766925812,4.470348358154297e-08
0.24209408462047577,0.24209411442279816,2.9802322387695312e-08
0.2422492504119873,0.24224922060966492,-2.9802322387695312e-08
0.24375760555267334,0.24375757575035095,-2.9802322387695312e-08
0.24417272210121155,0.24417275190353394,2.9802322387695312e-08
0.24494856595993042,0.24494856595993042,0.0
-0.035174086689949036,-0.035174090415239334,-3.725290298461914e-09
-0.035716474056243896,-0.035716474056243896,0.0
0.2437475472688675,0.2437475323677063,-1.4901161193847656e-08
0.24431131780147552,0.24431133270263672,1.4901161193847656e-08
0.24406221508979797,0.24406221508979797,0.0
0.24459442496299744,0.24459442496299744,0.0
0.245030015707016,0.245030015707016,0.0
0.24555432796478271,0.2455543577671051,2.9802322387695312e-08
0.2463178187608719,0.2463177740573883,-4.470348358154297e-08
0.24763578176498413,0.24763581156730652,2.9802322387695312e-08
-0.03525993600487709,-0.035259928554296494,7.450580596923828e-09
-0.03728172183036804,-0.03728172183036804,0.0
0.24506627023220062,0.245066300034523,2.9802322387695312e-08
0.24547529220581055,0.24547532200813293,2.9802322387695312e-08
0.24601033329963684,0.24601036310195923,2.9802322387695312e-08
0.24604469537734985,0.24604468047618866,-1.4901161193847656e-08
0.24588643014431,0.24588647484779358,4.470348358154297e-08
0.24611222743988037,0.24611221253871918,-1.4901161193847656e-08
0.24709206819534302,0.2470920979976654,2.9802322387695312e-08
0.2500862181186676,0.25008624792099,2.9802322387695312e-08
-0.03503349423408508,-0.03503350168466568,-7.450580596923828e-09
-0.035633329302072525,-0.03563334420323372,-1.4901161193847656e-08
0.24119029939174652,0.24119028449058533,-1.4901161193847656e-08
0.24192079901695251,0.24192075431346893,-4.470348358154297e-08
0.24152402579784393,0.24152401089668274,-1.4901161193847656e-08
0.24232730269432068,0.24232733249664307,2.9802322387695312e-08
0.242482528090477,0.2424825131893158,-1.4901161193847656e-08
0.24307481944561005,0.24307481944561005,0.0
0.24394875764846802,0.2439487725496292,1.4901161193847656e-08
0.24464961886405945,0.24464967846870422,5.960464477539063e-08
-0.03775343298912048,-0.037753425538539886,7.450580596923828e-09
-0.03672298043966293,-0.03672298416495323,-3.725290298461914e-09
0.23788997530937195,0.23788997530937195,0.0
0.23936490714550018,0.23936492204666138,1.4901161193847656e-08
0.23806840181350708,0.23806840181350708,0.0
0.23870237171649933,0.23870238661766052,1.4901161193847656e-08
0.2384154200553894,0.2384154200553894,0.0
0.2401871681213379,0.24018718302249908,1.4901161193847656e-08
0.24046587944030762,0.24046587944030762,0.0
0.24125410616397858,0.24125409126281738,-1.4901161193847656e-08
-0.036584027111530304,-0.0365840345621109,-7.450580596923828e-09
-0.03555385768413544,-0.03555384650826454,1.1175870895385742e-08
0.23869836330413818,0.2386983335018158,-2.9802322387695312e-08
0.24077773094177246,0.24077767133712769,-5.960464477539063e-08
0.24116110801696777,0.24116107821464539,-2.9802322387695312e-08
0.23962968587875366,0.23962968587875366,0.0
0.24048079550266266,0.24048081040382385,1.4901161193847656e-08
0.2417706847190857,0.2417706847190857,0.0
0.24259039759635925,0.24259039759635925,0.0
0.2434728741645813,0.2434729039669037,2.9802322387695312e-08
-0.037262268364429474,-0.03726227208971977,-3.725290298461914e-09
-0.03619571030139923,-0.03619571402668953,-3.725290298461914e-09
0.23665526509284973,0.23665526509284973,0.0
0.23820194602012634,0.23820191621780396,-2.9802322387695312e-08
0.24007296562194824,0.24007299542427063,2.9802322387695312e-08
0.23856325447559357,0.23856326937675476,1.4901161193847656e-08
0.23980942368507385,0.23980943858623505,1.4901161193847656e-08
0.2401563823223114,0.24015644192695618,5.960464477539063e-08
0.24087761342525482,0.2408776581287384,4.470348358154297e-08
0.2414080798625946,0.2414080798625946,0.0
-0.03716301918029785,-0.03716300427913666,1.4901161193847656e-08
-0.036483608186244965,-0.03648361191153526,-3.725290298461914e-09
0.2375844120979309,0.2375844120979309,0.0
0.23899288475513458,0.23899288475513458,0.0
0.23934771120548248,0.23934771120548248,0.0
0.23861998319625854,0.23861998319625854,0.0
0.23971672356128693,0.23971673846244812,1.4901161193847656e-08
0.2398446649312973,0.2398446500301361,-1.4901161193847656e-08
0.24026915431022644,0.24026915431022644,0.0
0.24136298894882202,0.24136297404766083,-1.4901161193847656e-08
-0.037651196122169495,-0.03765119984745979,-3.725290298461914e-09
-0.03835880011320114,-0.03835880756378174,-7.450580596923828e-09
0.23810984194278717,0.23810982704162598,-1.4901161193847656e-08
0.2389293611049652,0.2389293611049652,0.0
0.2386971116065979,0.2386971414089203,2.9802322387695312e-08
0.23879703879356384,0.23879702389240265,-1.4901161193847656e-08
0.23862522840499878,0.23862522840499878,0.0
0.2400503009557724,0.2400503158569336,1.4901161193847656e-08
0.24062013626098633,0.24062015116214752,1.4901161193847656e-08
0.24139130115509033,0.24139127135276794,-2.9802322387695312e-08
-0.03783667832612991,-0.03783666715025902,1.1175870895385742e-08
-0.03605660796165466,-0.03605661541223526,-7.450580596923828e-09
0.23671862483024597,0.23671862483024597,0.0
0.23759184777736664,0.23759183287620544,-1.4901161193847656e-08
0.237322598695755,0.2373226284980774,2.9802322387695312e-08
0.23523734509944916,0.23523730039596558,-4.470348358154297e-08
0.23626293241977692,0.23626291751861572,-1.4901161193847656e-08
0.238630473613739,0.2386305034160614,2.9802322387695312e-08
0.23920366168022156,0.23920369148254395,2.9802322387695312e-08
0.2402489185333252,0.24024894833564758,2.9802322387695312e-08
-0.038164835423231125,-0.03816483914852142,-3.725290298461914e-09
-0.03848087787628174,-0.038480889052152634,-1.1175870895385742e-08
0.23701348900794983,0.2370135337114334,4.470348358154297e-08
0.23728406429290771,0.23728403449058533,-2.9802322387695312e-08
0.23747745156288147,0.23747745156288147,0.0
0.23714691400527954,0.23714691400527954,0.0
0.2381439208984375,0.2381439208984375,0.0
0.23757973313331604,0.23757976293563843,2.9802322387695312e-08
0.23903147876262665,0.23903146386146545,-1.4901161193847656e-08
0.2399599552154541,0.2399599701166153,1.4901161193847656e-08
-0.037673600018024445,-0.037673596292734146,3.725290298461914e-09
-0.037272922694683075,-0.037272922694683075,0.0
0.23592960834503174,0.23592959344387054,-1.4901161193847656e-08
0.2365025281906128,0.23650255799293518,2.9802322387695312e-08
0.23659998178482056,0.23659995198249817,-2.9802322387695312e-08
0.23589332401752472,0.23589330911636353,-1.4901161193847656e-08
0.23633545637130737,0.23633544147014618,-1.4901161193847656e-08
0.23613087832927704,0.23613087832927704,0.0
0.2367686629295349,0.23676863312721252,-2.9802322387695312e-08
0.2367822527885437,0.2367822527885437,0.0
-0.03582368418574333,-0.03582369163632393,-7.450580596923828e-09
-0.036610983312129974,-0.036610979586839676,3.725290298461914e-09
0.23760050535202026,0.23760052025318146,1.4901161193847656e-08
0.23759281635284424,0.23759284615516663,2.9802322387695312e-08
0.23762209713459015,0.23762211203575134,1.4901161193847656e-08
0.23740598559379578,0.23740598559379578,0.0
0.2389088273048401,0.23890885710716248,2.9802322387695312e-08
0.23940187692642212,0.23940187692642212,0.0
0.23849889636039734,0.23849888145923615,-1.4901161193847656e-08
0.24075213074684143,0.24075210094451904,-2.9802322387695312e-08
-0.037123337388038635,-0.037123341113328934,-3.725290298461914e-09
-0.03582949936389923,-0.03582951799035072,-1.862645149230957e-08
0.23776328563690186,0.23776328563690186,0.0
0.23826384544372559,0.2382638305425644,-1.4901161193847656e-08
0.23927313089370728,0.23927316069602966,2.9802322387695312e-08
0.23891454935073853,0.2389145791530609,2.9802322387695312e-08
0.23894210159778595,0.23894208669662476,-1.4901161193847656e-08
0.2405647188425064,0.24056470394134521,-1.4901161193847656e-08
0.24088524281978607,0.24088524281978607,0.0
0.241500586271286,0.2415006011724472,1.4901161193847656e-08
-0.03595803305506706,-0.035958029329776764,3.725290298461914e-09
-0.03787770867347717,-0.03787770867347717,0.0
0.24040505290031433,0.24040505290031433,0.0
0.24084711074829102,0.2408471703529358,5.960464477539063e-08
0.2394346296787262,0.2394346296787262,0.0
0.24089568853378296,0.24089565873146057,-2.9802322387695312e-08
0.241548091173172,0.2415480613708496,-2.9802322387695312e-08
0.24111703038215637,0.24111706018447876,2.9802322387695312e-08
0.24258936941623688,0.2425893247127533,-4.470348358154297e-08
0.24333620071411133,0.24333621561527252,1.4901161193847656e-08
-0.03649311885237694,-0.03649311512708664,3.725290298461914e-09
-0.036008358001708984,-0.03600837290287018,-1.4901161193847656e-08
0.23998823761940002,0.2399882674217224,2.9802322387695312e-08
0.2411920130252838,0.2411920130252838,0.0
0.24212443828582764,0.24212442338466644,-1.4901161193847656e-08
0.24172261357307434,0.24172261357307434,0.0
0.2422010600566864,0.2422010898590088,2.9802322387695312e-08
0.24157026410102844,0.24157029390335083,2.9802322387695312e-08
0.24315446615219116,0.24315449595451355,2.9802322387695312e-08
0.2444228231906891,0.2444228231906891,0.0
-0.03515104949474335,-0.03515104949474335,0.0
-0.03604593127965927,-0.03604592755436897,3.725290298461914e-09
0.24124374985694885,0.24124373495578766,-1.4901161193847656e-08
0.24118268489837646,0.24118271470069885,2.9802322387695312e-08
0.24110651016235352,0.2411065399646759,2.9802322387695312e-08
0.24083565175533295,0.24083566665649414,1.4901161193847656e-08
0.24174192547798157,0.24174191057682037,-1.4901161193847656e-08
0.24280287325382233,0.24280282855033875,-4.470348358154297e-08
0.24319851398468018,0.24319854378700256,2.9802322387695312e-08
0.24385201930999756,0.24385198950767517,-2.9802322387695312e-08
-0.035692088305950165,-0.03569209575653076,-7.450580596923828e-09
-0.036041490733623505,-0.03604148328304291,7.450580596923828e-09
0.23883262276649475,0.23883265256881714,2.9802322387695312e-08
0.24091404676437378,0.24091410636901855,5.960464477539063e-08
0.23974201083183289,0.23974201083183289,0.0
0.23943349719047546,0.23943348228931427,-1.4901161193847656e-08
0.24017083644866943,0.24017083644866943,0.0
0.24128732085227966,0.24128729104995728,-2.9802322387695312e-08
0.24056243896484375,0.24056243896484375,0.0
0.24326540529727936,0.24326537549495697,-2.9802322387695312e-08
-0.03607703000307083,-0.036077022552490234,7.450580596923828e-09
-0.03612372279167175,-0.036123719066381454,3.725290298461914e-09
0.24552232027053833,0.24552229046821594,-2.9802322387695312e-08
0.24617493152618408,0.2461748868227005,-4.470348358154297e-08
0.24668985605239868,0.2466898262500763,-2.9802322387695312e-08
0.24612952768802643,0.24612954258918762,1.4901161193847656e-08
0.24653977155685425,0.24653978645801544,1.4901161193847656e-08
0.24726110696792603,0.24726107716560364,-2.9802322387695312e-08
0.2477055937051773,0.2477055788040161,-1.4901161193847656e-08
0.2481399029493332,0.24813993275165558,2.9802322387695312e-08
-0.03544963151216507,-0.03544962778687477,3.725290298461914e-09
-0.036239758133888245,-0.03623976185917854,-3.725290298461914e-09
0.24633368849754333,0.24633362889289856,-5.960464477539063e-08
0.2468336671590805,0.2468336820602417,1.4901161193847656e-08
0.2475050687789917,0.2475050538778305,-1.4901161193847656e-08
0.24770192801952362,0.24770191311836243,-1.4901161193847656e-08
0.24836936593055725,0.24836936593055725,0.0
0.24797198176383972,0.24797192215919495,-5.960464477539063e-08
0.24851953983306885,0.24851951003074646,-2.9802322387695312e-08
0.24937112629413605,0.24937108159065247,-4.470348358154297e-08
-0.035752542316913605,-0.0357525497674942,-7.450580596923828e-09
-0.03403471037745476,-0.03403470292687416,7.450580596923828e-09
0.24702107906341553,0.24702107906341553,0.0
0.2478032261133194,0.2478032261133194,0.0
0.24882790446281433,0.24882793426513672,2.9802322387695312e-08
0.2478380799293518,0.24783805012702942,-2.9802322387695312e-08
0.24803324043750763,0.24803325533866882,1.4901161193847656e-08
0.24891549348831177,0.24891552329063416,2.9802322387695312e-08
0.2494554966688156,0.2494555115699768,1.4901161193847656e-08
0.2503299117088318,0.2503299117088318,0.0
-0.0345623642206192,-0.0345623642206192,0.0
-0.03475558012723923,-0.034755587577819824,-7.450580596923828e-09
-0.04189233481884003,-0.04189233481884003,0.0
-0.04128562659025192,-0.041285619139671326,7.450580596923828e-09
-0.04266004264354706,-0.042660072445869446,-2.9802322387695312e-08
-0.04283943772315979,-0.04283943772315979,0.0
-0.043253324925899506,-0.0432533323764801,-7.450580596923828e-09
-0.04199060797691345,-0.04199059307575226,1.4901161193847656e-08
-0.04144613444805145,-0.041446149349212646,-1.4901161193847656e-08
-0.04067395627498627,-0.04067392647266388,2.9802322387695312e-08
-0.0046192556619644165,-0.004619257524609566,-1.862645149230957e-09
-0.006729599088430405,-0.006729590706527233,8.381903171539307e-09
-0.040434129536151886,-0.04043413698673248,-7.450580596923828e-09
-0.04024593532085419,-0.04024595022201538,-1.4901161193847656e-08
-0.04064549505710602,-0.040645480155944824,1.4901161193847656e-08
-0.040524452924728394,-0.040524452924728394,0.0
-0.040440596640110016,-0.04044054448604584,5.21540641784668e-08
-0.04040004312992096,-0.040400028228759766,1.4901161193847656e-08
-0.04197968542575836,-0.04197968542575836,0.0
-0.03926675766706467,-0.039266765117645264,-7.450580596923828e-09
-0.004357963800430298,-0.0043579647317528725,-9.313225746154785e-10
-0.006807513535022736,-0.006807517260313034,-3.725290298461914e-09
-0.03091736137866974,-0.030917346477508545,1.4901161193847656e-08
-0.03131520748138428,-0.03131520748138428,0.0
-0.033675581216812134,-0.033675581216812134,0.0
-0.03411007672548294,-0.034110069274902344,7.450580596923828e-09
-0.03641090542078018,-0.036410897970199585,7.450580596923828e-09
-0.03581690788269043,-0.03581687808036804,2.9802322387695312e-08
-0.03583565354347229,-0.035835638642311096,1.4901161193847656e-08
-0.036127954721450806,-0.036127969622612,-1.4901161193847656e-08
-0.11453612148761749,-0.11453612148761749,0.0
-0.11963056027889252,-0.11963057518005371,-1.4901161193847656e-08
-0.03396318107843399,-0.03396318852901459,-7.450580596923828e-09
-0.03757920861244202,-0.03757922351360321,-1.4901161193847656e-08
-0.035407207906246185,-0.035407230257987976,-2.2351741790771484e-08
-0.03565554320812225,-0.03565555810928345,-1.4901161193847656e-08
-0.03687842935323715,-0.03687843680381775,-7.450580596923828e-09
-0.03668815642595291,-0.03668816387653351,-7.450580596923828e-09
-0.03729787468910217,-0.03729788959026337,-1.4901161193847656e-08
-0.037665680050849915,-0.03766565024852753,2.9802322387695312e-08
-0.11439883708953857,-0.11439884454011917,-7.450580596923828e-09
-0.11861177533864975,-0.11861178278923035,-7.450580596923828e-09
-0.04294292628765106,-0.042942970991134644,-4.470348358154297e-08
-0.04153510928153992,-0.04153510928153992,0.0
-0.04127085208892822,-0.04127085208892822,0.0
-0.042185381054878235,-0.04218539595603943,-1.4901161193847656e-08
-0.04202405363321304,-0.042024046182632446,7.450580596923828e-09
-0.04154525697231293,-0.04154525697231293,0.0
-0.04143323004245758,-0.04143320024013519,2.9802322387695312e-08
-0.04070848971605301,-0.040708497166633606,-7.450580596923828e-09
-0.003884635865688324,-0.003884625621140003,1.0244548320770264e-08
-0.006785668432712555,-0.006785665638744831,2.7939677238464355e-09
-0.034612782299518585,-0.034612759947776794,2.2351741790771484e-08
-0.0350019633769989,-0.0350019633769989,0.0
-0.04213215410709381,-0.04213213920593262,1.4901161193847656e-08
-0.03783421218395233,-0.03783419728279114,1.4901161193847656e-08
-0.03845648467540741,-0.03845648467540741,0.0
-0.043312571942806244,-0.04331254959106445,2.2351741790771484e-08
-0.039357393980026245,-0.03935742378234863,-2.9802322387695312e-08
-0.039322033524513245,-0.03932201862335205,1.4901161193847656e-08
-0.11479979753494263,-0.11479978263378143,1.4901161193847656e-08
-0.11880991607904434,-0.11880990117788315,1.4901161193847656e-08
-0.04383063316345215,-0.04383063316345215,0.0
-0.04333629459142685,-0.04333628714084625,7.450580596923828e-09
-0.04315677285194397,-0.043156757950782776,1.4901161193847656e-08
-0.04491804540157318,-0.044918060302734375,-1.4901161193847656e-08
-0.04409483075141907,-0.044094860553741455,-2.9802322387695312e-08
-0.04742811620235443,-0.047428131103515625,-1.4901161193847656e-08
-0.04335393011569977,-0.04335390031337738,2.9802322387695312e-08
-0.042449772357940674,-0.04244975745677948,1.4901161193847656e-08
-0.004299648106098175,-0.004299648106098175,0.0
-0.006571575999259949,-0.00657157227396965,3.725290298461914e-09
0.24608002603054047,0.24608004093170166,1.4901161193847656e-08
0.24682286381721497,0.24682290852069855,4.470348358154297e-08
0.24732372164726257,0.24732372164726257,0.0
0.2464916706085205,0.24649164080619812,-2.9802322387695312e-08
0.24751409888267517,0.24751412868499756,2.9802322387695312e-08
0.24807798862457275,0.24807800352573395,1.4901161193847656e-08
0.24887704849243164,0.24887706339359283,1.4901161193847656e-08
0.2498718798160553,0.2498718798160553,0.0
-0.0351911224424839,-0.0351911261677742,-3.725290298461914e-09
-0.03416215255856514,-0.03416214883327484,3.725290298461914e-09
-0.3375369906425476,-0.3375369906425476,0.0
-0.33271893858909607,-0.3327189087867737,2.9802322387695312e-08
-0.33790409564971924,-0.33790409564971924,0.0
-0.3393755853176117,-0.3393756151199341,-2.9802322387695312e-08
-0.339365154504776,-0.3393651843070984,-2.9802322387695312e-08
-0.3391660451889038,-0.3391660451889038,0.0
-0.33916398882865906,-0.33916398882865906,0.0
-0.33846843242645264,-0.33846843242645264,0.0
0.09504494816064835,0.09504494816064835,0.0
0.09369339048862457,0.09369337558746338,-1.4901161193847656e-08
-0.042627252638339996,-0.04262727499008179,-2.2351741790771484e-08
-0.04807760566473007,-0.048077575862407684,2.9802322387695312e-08
-0.049135178327560425,-0.049135178327560425,0.0
-0.04625893384218216,-0.04625894874334335,-1.4901161193847656e-08
-0.049628838896751404,-0.049628809094429016,2.9802322387695312e-08
-0.04907067120075226,-0.049070701003074646,-2.9802322387695312e-08
-0.048787087202072144,-0.04878707230091095,1.4901161193847656e-08
-0.045181483030319214,-0.045181483030319214,0.0
0.059843264520168304,0.0598432682454586,3.725290298461914e-09
0.060644060373306274,0.06064405292272568,-7.450580596923828e-09
-0.04877082258462906,-0.04877082258462906,0.0
-0.043602436780929565,-0.04360239952802658,3.725290298461914e-08
-0.0437471941113472,-0.043747201561927795,-7.450580596923828e-09
-0.04914017766714096,-0.04914018511772156,-7.450580596923828e-09
-0.04916507005691528,-0.04916504770517349,2.2351741790771484e-08
-0.044988006353378296,-0.04498797655105591,2.9802322387695312e-08
-0.048349447548389435,-0.04834941774606705,2.9802322387695312e-08
-0.04782295227050781,-0.0478229746222496,-2.2351741790771484e-08
0.06238912045955658,0.06238912045955658,0.0
0.06247887760400772,0.06247887387871742,-3.725290298461914e-09
-0.04835493117570877,-0.048354946076869965,-1.4901161193847656e-08
-0.04820583015680313,-0.04820580035448074,2.9802322387695312e-08
-0.0437818244099617,-0.0437818244099617,0.0
-0.048451587557792664,-0.048451587557792664,0.0
-0.04473339021205902,-0.044733382761478424,7.450580596923828e-09
-0.048065513372421265,-0.048065491020679474,2.2351741790771484e-08
-0.04438810795545578,-0.04438810795545578,0.0
-0.0471450537443161,-0.047145068645477295,-1.4901161193847656e-08
0.06295141577720642,0.06295143067836761,1.4901161193847656e-08
0.06268425285816193,0.06268426775932312,1.4901161193847656e-08
-0.04695132374763489,-0.046951308846473694,1.4901161193847656e-08
-0.04662052541971207,-0.04662052541971207,0.0
-0.04640943557024002,-0.04640943557024002,0.0
-0.041989803314208984,-0.04198979586362839,7.450580596923828e-09
-0.042647965252399445,-0.04264795035123825,1.4901161193847656e-08
-0.042128413915634155,-0.042128391563892365,2.2351741790771484e-08
-0.04166308045387268,-0.04166308790445328,-7.450580596923828e-09
-0.04055400192737579,-0.04055401682853699,-1.4901161193847656e-08
0.06443305313587189,0.06443305313587189,0.0
0.06459006667137146,0.06459006667137146,0.0
-0.04777061939239502,-0.04777061939239502,0.0
-0.04715542495250702,-0.04715542495250702,0.0
-0.04144281893968582,-0.04144282639026642,-7.450580596923828e-09
-0.043651729822158813,-0.04365174472332001,-1.4901161193847656e-08
-0.044064730405807495,-0.0440647155046463,1.4901161193847656e-08
-0.0473555326461792,-0.04735551029443741,2.2351741790771484e-08
-0.04703415930271149,-0.04703415930271149,0.0
-0.04169648140668869,-0.04169648140668869,0.0
0.06371437013149261,0.06371438503265381,1.4901161193847656e-08
0.062303997576236725,0.06230400130152702,3.725290298461914e-09
-0.33407801389694214,-0.33407798409461975,2.9802322387695312e-08
-0.3380756378173828,-0.3380756974220276,-5.960464477539063e-08
-0.3388725519180298,-0.3388725519180298,0.0
-0.33602842688560486,-0.33602839708328247,2.9802322387695312e-08
-0.339321494102478,-0.339321494102478,0.0
-0.33907538652420044,-0.33907538652420044,0.0
-0.33888691663742065,-0.33888691663742065,0.0
-0.33808693289756775,-0.33808696269989014,-2.9802322387695312e-08
0.09506257623434067,0.09506257623434067,0.0
0.09389522671699524,0.09389521926641464,-7.450580596923828e-09
-0.04706570506095886,-0.047065697610378265,7.450580596923828e-09
-0.04701811820268631,-0.04701809585094452,2.2351741790771484e-08
-0.0476742684841156,-0.04767425358295441,1.4901161193847656e-08
-0.047792479395866394,-0.047792479395866394,0.0
-0.04748421907424927,-0.04748421162366867,7.450580596923828e-09
-0.04702474921941757,-0.04702474921941757,0.0
-0.046643294394016266,-0.04664328694343567,7.450580596923828e-09
-0.04647909849882126,-0.046479083597660065,1.4901161193847656e-08
0.06382298469543457,0.06382298469543457,0.0
0.0644298642873764,0.0644298642873764,0.0
-0.04784015566110611,-0.04784014821052551,7.450580596923828e-09
-0.04758049547672272,-0.04758048057556152,1.4901161193847656e-08
-0.04869429022073746,-0.04869427531957626,1.4901161193847656e-08
-0.04798115789890289,-0.04798115789890289,0.0
-0.047363102436065674,-0.047363102436065674,0.0
-0.04742102324962616,-0.047421008348464966,1.4901161193847656e-08
-0.04577963054180145,-0.045779623091220856,7.450580596923828e-09
-0.04649071395397186,-0.04649071395397186,0.0
0.06410452723503113,0.06410452723503113,0.0
0.0644967332482338,0.0644967257976532,-7.450580596923828e-09
-0.04770231246948242,-0.047702305018901825,7.450580596923828e-09
-0.04720107465982437,-0.04720107465982437,0.0
-0.04705329239368439,-0.047053299844264984,-7.450580596923828e-09
-0.047999925911426544,-0.04799991846084595,7.450580596923828e-09
-0.047790080308914185,-0.04779008775949478,-7.450580596923828e-09
-0.047320589423179626,-0.047320589423179626,0.0
-0.046974360942840576,-0.046974338591098785,2.2351741790771484e-08
-0.04666086286306381,-0.046660877764225006,-1.4901161193847656e-08
0.06362468749284744,0.06362468004226685,-7.450580596923828e-09
0.06440644711256027,0.06440643966197968,-7.450580596923828e-09
-0.04855641722679138,-0.04855641722679138,0.0
-0.04157998412847519,-0.0415799543261528,2.9802322387695312e-08
-0.0481208860874176,-0.0481208860874176,0.0
-0.043986767530441284,-0.04398676007986069,7.450580596923828e-09
-0.04859784245491028,-0.048597849905490875,-7.450580596923828e-09
-0.048298001289367676,-0.04829799383878708,7.450580596923828e-09
-0.048279426991939545,-0.04827941954135895,7.450580596923828e-09
-0.04736998677253723,-0.047369979321956635,7.450580596923828e-09
0.06227445602416992,0.06227445602416992,0.0
0.06163555011153221,0.06163555011153221,0.0
-0.044382527470588684,-0.04438252002000809,7.450580596923828e-09
-0.04110482335090637,-0.041104815900325775,7.450580596923828e-09
-0.0493667870759964,-0.04936680942773819,-2.2351741790771484e-08
-0.04931321740150452,-0.04931323230266571,-1.4901161193847656e-08
-0.044611863791942596,-0.0446118488907814,1.4901161193847656e-08
-0.04870542883872986,-0.048705436289310455,-7.450580596923828e-09
-0.04820287972688675,-0.04820289462804794,-1.4901161193847656e-08
-0.042780160903930664,-0.04278016835451126,-7.450580596923828e-09
0.06281570345163345,0.06281571090221405,7.450580596923828e-09
0.06372963637113571,0.06372962892055511,-7.450580596923828e-09
-0.04849331080913544,-0.048493340611457825,-2.9802322387695312e-08
-0.04002435505390167,-0.04002435505390167,0.0
-0.04795743525028229,-0.04795745760202408,-2.2351741790771484e-08
-0.04848965257406235,-0.04848964512348175,7.450580596923828e-09
-0.04489348828792572,-0.044893473386764526,1.4901161193847656e-08
-0.04839999973773956,-0.04840002954006195,-2.9802322387695312e-08
-0.04824070632457733,-0.048240698873996735,7.450580596923828e-09
-0.04755895584821701,-0.047558948397636414,7.450580596923828e-09
0.05708393454551697,0.057083941996097565,7.450580596923828e-09
0.06276270002126694,0.06276270747184753,7.450580596923828e-09
-0.04792211949825287,-0.04792213439941406,-1.4901161193847656e-08
-0.04011985659599304,-0.04011985659599304,0.0
-0.04494582116603851,-0.04494579881429672,2.2351741790771484e-08
-0.048812709748744965,-0.04881272464990616,-1.4901161193847656e-08
-0.049079522490501404,-0.04907950758934021,1.4901161193847656e-08
-0.04869668185710907,-0.04869671165943146,-2.9802322387695312e-08
-0.04833050072193146,-0.04833050072193146,0.0
-0.047844141721725464,-0.047844164073467255,-2.2351741790771484e-08
0.06192199885845184,0.061921991407871246,-7.450580596923828e-09
0.06178824603557587,0.06178824603557587,0.0
-0.04716423898935318,-0.04716424643993378,-7.450580596923828e-09
-0.04733477532863617,-0.04733479022979736,-1.4901161193847656e-08
-0.04788626730442047,-0.04788627475500107,-7.450580596923828e-09
-0.04650282859802246,-0.04650281369686127,1.4901161193847656e-08
-0.04734644293785095,-0.04734647274017334,-2.9802322387695312e-08
-0.04674277454614639,-0.0467427521944046,2.2351741790771484e-08
-0.046820156276226044,-0.04682017117738724,-1.4901161193847656e-08
-0.046316199004650116,-0.04631619155406952,7.450580596923828e-09
0.06406737118959427,0.06406735628843307,-1.4901161193847656e-08
0.06509765982627869,0.06509765982627869,0.0
-0.3350623846054077,-0.3350624144077301,-2.9802322387695312e-08
-0.33668583631515503,-0.3366858661174774,-2.9802322387695312e-08
-0.33775794506073,-0.33775797486305237,-2.9802322387695312e-08
-0.33924129605293274,-0.33924123644828796,5.960464477539063e-08
-0.3407108783721924,-0.34071084856987,2.9802322387695312e-08
-0.34036189317703247,-0.34036189317703247,0.0
-0.3406374752521515,-0.3406375050544739,-2.9802322387695312e-08
-0.3414449691772461,-0.3414449691772461,0.0
-0.015225628390908241,-0.015225633978843689,-5.587935447692871e-09
-0.020165996626019478,-0.02016599476337433,1.862645149230957e-09
-0.33405107259750366,-0.33405107259750366,0.0
-0.3349246382713318,-0.3349246382713318,0.0
-0.33958813548088074,-0.33958813548088074,0.0
-0.34032756090164185,-0.34032756090164185,0.0
-0.3409733772277832,-0.3409733474254608,2.9802322387695312e-08
-0.3412524461746216,-0.34125247597694397,-2.9802322387695312e-08
-0.33782434463500977,-0.33782434463500977,0.0
-0.34266185760498047,-0.34266185760498047,0.0
-0.015950269997119904,-0.015950262546539307,7.450580596923828e-09
-0.017750822007656097,-0.017750829458236694,-7.450580596923828e-09
-0.04643012583255768,-0.04643012583255768,0.0
-0.04944182187318802,-0.049441829323768616,-7.450580596923828e-09
-0.04929889738559723,-0.049298904836177826,-7.450580596923828e-09
-0.04636433720588684,-0.04636434465646744,-7.450580596923828e-09
-0.04971584677696228,-0.049715861678123474,-1.4901161193847656e-08
-0.04932050406932831,-0.04932048171758652,2.2351741790771484e-08
-0.04892824590206146,-0.04892825335264206,-7.450580596923828e-09
-0.04536376893520355,-0.04536377638578415,-7.450580596923828e-09
0.06037861108779907,0.06037861481308937,3.725290298461914e-09
0.06261396408081055,0.06261397153139114,7.450580596923828e-09
-0.049521639943122864,-0.04952163249254227,7.450580596923828e-09
-0.049320124089717865,-0.04932010918855667,1.4901161193847656e-08
-0.05040276050567627,-0.05040276050567627,0.0
-0.044574469327926636,-0.04457446187734604,7.450580596923828e-09
-0.05009855329990387,-0.05009853094816208,2.2351741790771484e-08
-0.04966796934604645,-0.04966796934604645,0.0
-0.04934100806713104,-0.04934098571538925,2.2351741790771484e-08
-0.048918694257736206,-0.0489187091588974,-1.4901161193847656e-08
0.06070011109113693,0.06070011109113693,0.0
0.061654724180698395,0.0616547130048275,-1.1175870895385742e-08
-0.0488678514957428,-0.04886789619922638,-4.470348358154297e-08
-0.04418811947107315,-0.04418812692165375,-7.450580596923828e-09
-0.04513612389564514,-0.045136138796806335,-1.4901161193847656e-08
-0.049160659313201904,-0.04916065186262131,7.450580596923828e-09
-0.049380287528038025,-0.049380287528038025,0.0
-0.048810362815856934,-0.048810333013534546,2.9802322387695312e-08
-0.04854387044906616,-0.04854387789964676,-7.450580596923828e-09
-0.04488912969827652,-0.04488912969827652,0.0
0.062297236174345016,0.06229722127318382,-1.4901161193847656e-08
0.0628097802400589,0.0628097727894783,-7.450580596923828e-09
-0.04908189922571182,-0.04908186197280884,3.725290298461914e-08
-0.0491403192281723,-0.04914034157991409,-2.2351741790771484e-08
-0.048760369420051575,-0.048760369420051575,0.0
-0.04927888512611389,-0.0492788702249527,1.4901161193847656e-08
-0.049396008253097534,-0.04939599335193634,1.4901161193847656e-08
-0.04928300529718399,-0.0492829829454422,2.2351741790771484e-08
-0.04927167296409607,-0.049271658062934875,1.4901161193847656e-08
-0.04882743954658508,-0.048827432096004486,7.450580596923828e-09
0.06011711806058884,0.06011711061000824,-7.450580596923828e-09
0.05966469645500183,0.059664711356163025,1.4901161193847656e-08
-0.04790748655796051,-0.04790748655796051,0.0
-0.04360612481832504,-0.043606147170066833,-2.2351741790771484e-08
-0.04894950985908508,-0.04894952476024628,-1.4901161193847656e-08
-0.049166880548000336,-0.04916686564683914,1.4901161193847656e-08
-0.0448751300573349,-0.044875144958496094,-1.4901161193847656e-08
-0.04891765117645264,-0.04891762137413025,2.9802322387695312e-08
-0.04863382875919342,-0.048633843660354614,-1.4901161193847656e-08
-0.048160016536712646,-0.04816000908613205,7.450580596923828e-09
0.06224706023931503,0.06224704906344414,-1.1175870895385742e-08
0.062243521213531494,0.0622435100376606,-1.1175870895385742e-08
0.2356957197189331,0.23569568991661072,-2.9802322387695312e-08
0.23390139639377594,0.23390138149261475,-1.4901161193847656e-08
0.23400168120861053,0.23400166630744934,-1.4901161193847656e-08
0.23480379581451416,0.23480376601219177,-2.9802322387695312e-08
0.23482900857925415,0.23482903838157654,2.9802322387695312e-08
0.23564362525939941,0.23564359545707703,-2.9802322387695312e-08
0.23544088006019592,0.2354409098625183,2.9802322387695312e-08
0.23820488154888153,0.23820489645004272,1.4901161193847656e-08
-0.03674185276031494,-0.03674185276031494,0.0
-0.03648178651928902,-0.03648178279399872,3.725290298461914e-09
-0.050412729382514954,-0.05041273683309555,-7.450580596923828e-09
-0.050254955887794495,-0.050254955887794495,0.0
-0.051078930497169495,-0.051078930497169495,0.0
-0.05085422843694687,-0.05085420608520508,2.2351741790771484e-08
-0.05025727301836014,-0.050257280468940735,-7.450580596923828e-09
-0.050048843026161194,-0.0500488355755806,7.450580596923828e-09
-0.049849733710289,-0.049849726259708405,7.450580596923828e-09
-0.04570326954126358,-0.04570326209068298,7.450580596923828e-09
0.0608399361371994,0.060839954763650894,1.862645149230957e-08
0.0618748739361763,0.0618748664855957,-7.450580596923828e-09
0.23799732327461243,0.23799733817577362,1.4901161193847656e-08
0.239830881357193,0.2398308366537094,-4.470348358154297e-08
0.2394385039806366,0.2394385039806366,0.0
0.23902346193790436,0.23902344703674316,-1.4901161193847656e-08
0.240618497133255,0.2406184822320938,-1.4901161193847656e-08
0.23841793835163116,0.23841792345046997,-1.4901161193847656e-08
0.24121610820293427,0.24121610820293427,0.0
0.2409149557352066,0.2409149557352066,0.0
-0.03587912768125534,-0.03587912768125534,0.0
-0.035089462995529175,-0.035089462995529175,0.0
-0.04622062295675278,-0.04622063785791397,-1.4901161193847656e-08
-0.050408631563186646,-0.050408631563186646,0.0
-0.04946599900722504,-0.04946601390838623,-1.4901161193847656e-08
-0.04637131839990616,-0.046371325850486755,-7.450580596923828e-09
-0.04725756496191025,-0.047257572412490845,-7.450580596923828e-09
-0.05005908012390137,-0.05005910247564316,-2.2351741790771484e-08
-0.04993346333503723,-0.04993349313735962,-2.9802322387695312e-08
-0.049460530281066895,-0.049460552632808685,-2.2351741790771484e-08
0.061019495129585266,0.061019495129585266,0.0
0.06030968949198723,0.06030969321727753,3.725290298461914e-09
0.23893165588378906,0.23893168568611145,2.9802322387695312e-08
0.2382408082485199,0.2382408082485199,0.0
0.2387964427471161,0.2387964278459549,-1.4901161193847656e-08
0.24072876572608948,0.24072875082492828,-1.4901161193847656e-08
0.23826240003108978,0.23826240003108978,0.0
0.24012328684329987,0.24012330174446106,1.4901161193847656e-08
0.24012133479118347,0.24012133479118347,0.0
0.24040572345256805,0.24040573835372925,1.4901161193847656e-08
-0.03660658746957779,-0.03660658746957779,0.0
-0.03566806763410568,-0.035668063908815384,3.725290298461914e-09
-0.045477934181690216,-0.045477911829948425,2.2351741790771484e-08
-0.04604020714759827,-0.04604020714759827,0.0
-0.0465250089764595,-0.0465250238776207,-1.4901161193847656e-08
-0.046556100249290466,-0.04655610769987106,-7.450580596923828e-09
-0.04637271165847778,-0.046372704207897186,7.450580596923828e-09
-0.047635674476623535,-0.04763565957546234,1.4901161193847656e-08
-0.05093098431825638,-0.05093097686767578,7.450580596923828e-09
-0.05062152445316315,-0.05062150955200195,1.4901161193847656e-08
0.058821335434913635,0.05882134288549423,7.450580596923828e-09
0.057506464421749115,0.057506464421749115,0.0
-0.04796276241540909,-0.047962725162506104,3.725290298461914e-08
-0.045084163546562195,-0.045084163546562195,0.0
-0.04795653373003006,-0.04795651137828827,2.2351741790771484e-08
-0.04473511874675751,-0.044735126197338104,-7.450580596923828e-09
-0.047913581132888794,-0.0479135736823082,7.450580596923828e-09
-0.04727809131145477,-0.04727806895971298,2.2351741790771484e-08
-0.046910032629966736,-0.04691004753112793,-1.4901161193847656e-08
-0.05067472159862518,-0.050674743950366974,-2.2351741790771484e-08
0.05970125272870064,0.059701260179281235,7.450580596923828e-09
0.059707846492528915,0.05970784276723862,-3.725290298461914e-09
-0.05229491740465164,-0.05229491740465164,0.0
-0.05206669867038727,-0.05206669867038727,0.0
-0.05222083628177643,-0.05222083628177643,0.0
-0.05240565538406372,-0.05240562558174133,2.9802322387695312e-08
-0.052174679934978485,-0.05217467248439789,7.450580596923828e-09
-0.04764292389154434,-0.04764290899038315,1.4901161193847656e-08
-0.05147454887628555,-0.05147454887628555,0.0
-0.05079992860555649,-0.0507999062538147,2.2351741790771484e-08
0.05937177315354347,0.059371765702962875,-7.450580596923828e-09
0.05959978699684143,0.05959979444742203,7.450580596923828e-09
-0.048532381653785706,-0.048532359302043915,2.2351741790771484e-08
-0.04745224118232727,-0.04745224118232727,0.0
-0.05268194526433945,-0.052681922912597656,2.2351741790771484e-08
-0.04743364453315735,-0.04743366688489914,-2.2351741790771484e-08
-0.05054593086242676,-0.05054593086242676,0.0
-0.048805296421051025,-0.048805296421051025,0.0
-0.051981255412101746,-0.05198126286268234,-7.450580596923828e-09
-0.04731186479330063,-0.047311872243881226,-7.450580596923828e-09
0.0570051372051239,0.0570051372051239,0.0
0.057299934327602386,0.057299938052892685,3.725290298461914e-09
-0.047514572739601135,-0.047514572739601135,0.0
-0.04367119073867798,-0.04367116838693619,2.2351741790771484e-08
-0.04476401209831238,-0.044763997197151184,1.4901161193847656e-08
-0.05186459422111511,-0.051864586770534515,7.450580596923828e-09
-0.047866106033325195,-0.047866091132164,1.4901161193847656e-08
-0.0471547469496727,-0.047154754400253296,-7.450580596923828e-09
-0.05089978128671646,-0.050899773836135864,7.450580596923828e-09
-0.047759898006916046,-0.047759927809238434,-2.9802322387695312e-08
0.060161955654621124,0.060161955654621124,0.0
0.06039460748434067,0.06039460375905037,-3.725290298461914e-09
-0.04589004069566727,-0.04589004069566727,0.0
-0.04554596543312073,-0.04554596543312073,0.0
-0.04634028673171997,-0.04634033888578415,-5.21540641784668e-08
-0.04563246667385101,-0.04563248157501221,-1.4901161193847656e-08
-0.05174868553876877,-0.05174868553876877,0.0
-0.04666975885629654,-0.04666975140571594,7.450580596923828e-09
-0.04317086935043335,-0.04317088425159454,-1.4901161193847656e-08
-0.050833240151405334,-0.050833217799663544,2.2351741790771484e-08
0.057207897305488586,0.05720788240432739,-1.4901161193847656e-08
0.059294670820236206,0.059294670820236206,0.0
-0.042759984731674194,-0.0427599772810936,7.450580596923828e-09
-0.04143097251653671,-0.04143095016479492,2.2351741790771484e-08
-0.04306855797767639,-0.04306855797767639,0.0
-0.044213712215423584,-0.04421374201774597,-2.9802322387695312e-08
-0.04562947154045105,-0.045629434287548065,3.725290298461914e-08
-0.045547813177108765,-0.04554780572652817,7.450580596923828e-09
-0.04173219949007034,-0.04173219949007034,0.0
-0.04847857356071472,-0.04847858101129532,-7.450580596923828e-09
0.05743269994854927,0.057432711124420166,1.1175870895385742e-08
0.05870606750249863,0.058706071227788925,3.725290298461914e-09
-0.050381749868392944,-0.05038173496723175,1.4901161193847656e-08
-0.04343894124031067,-0.04343895614147186,-1.4901161193847656e-08
-0.05007138103246689,-0.0500713512301445,2.9802322387695312e-08
-0.05075781047344208,-0.05075778812170029,2.2351741790771484e-08
-0.05071292817592621,-0.05071292817592621,0.0
-0.050128594040870667,-0.05012860149145126,-7.450580596923828e-09
-0.050038471817970276,-0.050038501620292664,-2.9802322387695312e-08
-0.04947815090417862,-0.04947814345359802,7.450580596923828e-09
0.06084565818309784,0.06084565818309784,0.0
0.0602102056145668,0.0602102093398571,3.725290298461914e-09
-0.0422246977686882,-0.04222468286752701,1.4901161193847656e-08
-0.041716061532497406,-0.04171603173017502,2.9802322387695312e-08
-0.0437740832567215,-0.0437740758061409,7.450580596923828e-09
-0.04392620921134949,-0.04392620176076889,7.450580596923828e-09
-0.047050997614860535,-0.047050997614860535,0.0
-0.04602919518947601,-0.04602918028831482,1.4901161193847656e-08
-0.04681187868118286,-0.04681187868118286,0.0
-0.0457262247800827,-0.04572620987892151,1.4901161193847656e-08
0.05782404914498329,0.05782405287027359,3.725290298461914e-09
0.059791069477796555,0.05979106202721596,-7.450580596923828e-09
-0.045914068818092346,-0.04591407626867294,-7.450580596923828e-09
-0.045443519949913025,-0.04544349014759064,2.9802322387695312e-08
-0.046375125646591187,-0.046375125646591187,0.0
-0.05027802288532257,-0.05027803033590317,-7.450580596923828e-09
-0.05051945149898529,-0.05051945149898529,0.0
-0.05007931590080261,-0.05007932335138321,-7.450580596923828e-09
-0.049586690962314606,-0.04958672821521759,-3.725290298461914e-08
-0.04899939149618149,-0.04899939149618149,0.0
0.0614001527428627,0.061400167644023895,1.4901161193847656e-08
0.062267422676086426,0.06226741150021553,-1.1175870895385742e-08
-0.04558725655078888,-0.045587241649627686,1.4901161193847656e-08
-0.044240906834602356,-0.04424091428518295,-7.450580596923828e-09
-0.04402655363082886,-0.044026538729667664,1.4901161193847656e-08
-0.044117271900177,-0.04411725699901581,1.4901161193847656e-08
-0.05047285556793213,-0.050472863018512726,-7.450580596923828e-09
-0.050183020532131195,-0.0501830130815506,7.450580596923828e-09
-0.049924224615097046,-0.049924224615097046,0.0
-0.04938898980617523,-0.04938902705907822,-3.725290298461914e-08
0.06037683039903641,0.060376834124326706,3.725290298461914e-09
0.06089113652706146,0.06089114025235176,3.725290298461914e-09
-0.04499223083257675,-0.044992223381996155,7.450580596923828e-09
-0.04230056703090668,-0.042300544679164886,2.2351741790771484e-08
-0.04894533008337021,-0.048945315182209015,1.4901161193847656e-08
-0.048605166375637054,-0.04860517382621765,-7.450580596923828e-09
-0.049322620034217834,-0.04932262748479843,-7.450580596923828e-09
-0.04908841848373413,-0.04908839613199234,2.2351741790771484e-08
-0.048185721039772034,-0.048185691237449646,2.9802322387695312e-08
-0.04779902100563049,-0.04779903590679169,-1.4901161193847656e-08
0.06217396631836891,0.062173958867788315,-7.450580596923828e-09
0.0631139874458313,0.0631139799952507,-7.450580596923828e-09
-0.04117376357316971,-0.041173748672008514,1.4901161193847656e-08
-0.0409427136182785,-0.04094269126653671,2.2351741790771484e-08
-0.05090263485908508,-0.05090261250734329,2.2351741790771484e-08
-0.04715318977832794,-0.04715316742658615,2.2351741790771484e-08
-0.04589596390724182,-0.04589597135782242,-7.450580596923828e-09
-0.04968942701816559,-0.049689434468746185,-7.450580596923828e-09
-0.049314215779304504,-0.049314238131046295,-2.2351741790771484e-08
-0.04905317723751068,-0.049053192138671875,-1.4901161193847656e-08
0.0613701269030571,0.061370112001895905,-1.4901161193847656e-08
0.062356434762477875,0.06235643848776817,3.725290298461914e-09
-0.050191909074783325,-0.05019192397594452,-1.4901161193847656e-08
-0.043426916003227234,-0.043426886200904846,2.9802322387695312e-08
-0.049517013132572174,-0.04951702803373337,-1.4901161193847656e-08
-0.05035443603992462,-0.05035443603992462,0.0
-0.050325699150562286,-0.050325676798820496,2.2351741790771484e-08
-0.049808867275714874,-0.04980885237455368,1.4901161193847656e-08
-0.04813559353351593,-0.04813559353351593,0.0
-0.04815489053726196,-0.04815489053726196,0.0
0.05997428297996521,0.05997428670525551,3.725290298461914e-09
0.06231366842985153,0.06231367588043213,7.450580596923828e-09
-0.04426545649766922,-0.0442655012011528,-4.470348358154297e-08
-0.04384255409240723,-0.04384252429008484,2.9802322387695312e-08
-0.045782484114170074,-0.045782484114170074,0.0
-0.04718952625989914,-0.04718951880931854,7.450580596923828e-09
-0.04422174394130707,-0.04422171413898468,2.9802322387695312e-08
-0.04323095083236694,-0.04323095828294754,-7.450580596923828e-09
-0.05014924705028534,-0.050149254500865936,-7.450580596923828e-09
-0.045814499258995056,-0.04581449180841446,7.450580596923828e-09
0.05989643186330795,0.059896428138017654,-3.725290298461914e-09
0.06056869029998779,0.06056870147585869,1.1175870895385742e-08
-0.04547564685344696,-0.045475609600543976,3.725290298461914e-08
-0.04312445968389511,-0.04312445968389511,0.0
-0.04566018283367157,-0.045660167932510376,1.4901161193847656e-08
-0.04550956189632416,-0.04550956189632416,0.0
-0.0505506694316864,-0.050550684332847595,-1.4901161193847656e-08
-0.04666949808597565,-0.04666948318481445,1.4901161193847656e-08
-0.05033087730407715,-0.05033089220523834,-1.4901161193847656e-08
-0.049638405442237854,-0.049638405442237854,0.0
0.05574770271778107,0.05574768781661987,-1.4901161193847656e-08
0.05955534800887108,0.059555355459451675,7.450580596923828e-09
-0.3042891323566437,-0.3042891025543213,2.9802322387695312e-08
-0.3057529330253601,-0.3057529628276825,-2.9802322387695312e-08
-0.3099219799041748,-0.30992192029953003,5.960464477539063e-08
-0.31342947483062744,-0.31342947483062744,0.0
-0.3149837851524353,-0.3149837851524353,0.0
-0.3163747489452362,-0.3163747787475586,-2.9802322387695312e-08
-0.31774377822875977,-0.31774380803108215,-2.9802322387695312e-08
-0.32000720500946045,-0.3200071454048157,5.960464477539063e-08
0.165830597281456,0.1658306121826172,1.4901161193847656e-08
0.16826477646827698,0.16826477646827698,0.0
-0.3074031472206116,-0.3074031472206116,0.0
-0.3063756227493286,-0.30637556314468384,5.960464477539063e-08
-0.31400933861732483,-0.3140093684196472,-2.9802322387695312e-08
-0.3145610988140106,-0.31456106901168823,2.9802322387695312e-08
-0.3153970241546631,-0.3153970241546631,0.0
-0.3158799707889557,-0.3158800005912781,-2.9802322387695312e-08
-0.3204212486743927,-0.3204212486743927,0.0
-0.32354533672332764,-0.32354533672332764,0.0
0.16731444001197815,0.16731444001197815,0.0
0.16707271337509155,0.16707274317741394,2.9802322387695312e-08
-0.3079257607460022,-0.3079257607460022,0.0
-0.3094143867492676,-0.3094143867492676,0.0
-0.3112989068031311,-0.3112988770008087,2.9802322387695312e-08
-0.31378769874572754,-0.3137877285480499,-2.9802322387695312e-08
-0.3135000467300415,-0.3135001063346863,-5.960464477539063e-08
-0.3195403218269348,-0.3195403814315796,-5.960464477539063e-08
-0.32047703862190247,-0.32047706842422485,-2.9802322387695312e-08
-0.32285720109939575,-0.32285720109939575,0.0
0.16551601886749268,0.16551601886749268,0.0
0.16546088457107544,0.16546088457107544,0.0
-0.3076518177986145,-0.3076518177986145,0.0
-0.3077765703201294,-0.307776540517807,2.9802322387695312e-08
-0.3130462169647217,-0.3130462169647217,0.0
-0.3158438205718994,-0.3158438205718994,0.0
-0.31657272577285767,-0.3165726959705353,2.9802322387695312e-08
-0.318870484828949,-0.3188704550266266,2.9802322387695312e-08
-0.3190459609031677,-0.3190459609031677,0.0
-0.3249158561229706,-0.3249158263206482,2.9802322387695312e-08
0.16333095729351044,0.16333094239234924,-1.4901161193847656e-08
0.16547363996505737,0.16547363996505737,0.0
-0.30610817670822144,-0.30610817670822144,0.0
-0.3081166446208954,-0.308116614818573,2.9802322387695312e-08
-0.3107782006263733,-0.3107781708240509,2.9802322387695312e-08
-0.31304144859313965,-0.31304144859313965,0.0
-0.3152843117713928,-0.3152843415737152,-2.9802322387695312e-08
-0.3164786696434021,-0.3164786398410797,2.9802322387695312e-08
-0.317710280418396,-0.317710280418396,0.0
-0.32292187213897705,-0.32292184233665466,2.9802322387695312e-08
0.16305327415466309,0.16305327415466309,0.0
0.1676209717988968,0.1676209568977356,-1.4901161193847656e-08
-0.3073154091835022,-0.307315468788147,-5.960464477539063e-08
-0.3107883930206299,-0.3107883930206299,0.0
-0.31327521800994873,-0.31327521800994873,0.0
-0.31062763929367065,-0.31062763929367065,0.0
-0.3173412084579468,-0.31734123826026917,-2.9802322387695312e-08
-0.3168267011642456,-0.3168266713619232,2.9802322387695312e-08
-0.31824737787246704,-0.31824740767478943,-2.9802322387695312e-08
-0.3210090696811676,-0.3210090696811676,0.0
0.16979922354221344,0.16979920864105225,-1.4901161193847656e-08
0.16908811032772064,0.16908811032772064,0.0
-0.30583685636520386,-0.30583685636520386,0.0
-0.3111304044723511,-0.3111304044723511,0.0
-0.3086490333080292,-0.3086490333080292,0.0
-0.31031519174575806,-0.31031519174575806,0.0
-0.3169398903846741,-0.3169398307800293,5.960464477539063e-08
-0.3183369040489197,-0.3183369040489197,0.0
-0.31988903880119324,-0.31988900899887085,2.9802322387695312e-08
-0.32099518179893494,-0.32099518179893494,0.0
0.17006991803646088,0.17006990313529968,-1.4901161193847656e-08
0.17043659090995789,0.17043659090995789,0.0
-0.049778059124946594,-0.04977807402610779,-1.4901161193847656e-08
-0.045253872871398926,-0.04525386542081833,7.450580596923828e-09
-0.05018177628517151,-0.050181739032268524,3.725290298461914e-08
-0.047074057161808014,-0.04707406461238861,-7.450580596923828e-09
-0.045658357441425323,-0.045658357441425323,0.0
-0.04939255863428116,-0.04939255118370056,7.450580596923828e-09
-0.0494365394115448,-0.0494365319609642,7.450580596923828e-09
-0.04509375989437103,-0.04509374499320984,1.4901161193847656e-08
0.06076602265238762,0.06076602637767792,3.725290298461914e-09
0.061924971640110016,0.06192496791481972,-3.725290298461914e-09
-0.04944228380918503,-0.04944226145744324,2.2351741790771484e-08
-0.04470546543598175,-0.04470546543598175,0.0
-0.049160927534103394,-0.04916094243526459,-1.4901161193847656e-08
-0.04857448488473892,-0.04857448488473892,0.0
-0.0482417494058609,-0.0482417494058609,0.0
-0.047903671860694885,-0.04790366441011429,7.450580596923828e-09
-0.0477621927857399,-0.04776216298341751,2.9802322387695312e-08
-0.0470694899559021,-0.0470694899559021,0.0
0.06275226175785065,0.06275226175785065,0.0
0.06366923451423645,0.06366924941539764,1.4901161193847656e-08
-0.04937456548213959,-0.0493745356798172,2.9802322387695312e-08
-0.04517115652561188,-0.04517117142677307,-1.4901161193847656e-08
-0.048989810049533844,-0.04898978769779205,2.2351741790771484e-08
-0.044708505272865295,-0.04470853507518768,-2.9802322387695312e-08
-0.04940159618854523,-0.04940158873796463,7.450580596923828e-09
-0.04469083994626999,-0.04469085484743118,-1.4901161193847656e-08
-0.04871886223554611,-0.048718854784965515,7.450580596923828e-09
-0.04825381934642792,-0.04825379699468613,2.2351741790771484e-08
0.062171079218387604,0.06217106431722641,-1.4901161193847656e-08
0.06293639540672302,0.06293638050556183,-1.4901161193847656e-08
-0.30649441480636597,-0.30649441480636597,0.0
-0.30756479501724243,-0.30756476521492004,2.9802322387695312e-08
-0.3085935711860657,-0.3085935711860657,0.0
-0.3151795268058777,-0.31517958641052246,-5.960464477539063e-08
-0.31519362330436707,-0.31519362330436707,0.0
-0.3180808126926422,-0.3180808424949646,-2.9802322387695312e-08
-0.31930965185165405,-0.31930965185165405,0.0
-0.32093071937561035,-0.32093068957328796,2.9802322387695312e-08
0.17069432139396667,0.17069432139396667,0.0
0.17115530371665955,0.17115530371665955,0.0
-0.3096640706062317,-0.3096640706062317,0.0
-0.30717402696609497,-0.30717402696609497,0.0
-0.30877685546875,-0.3087768256664276,2.9802322387695312e-08
-0.3158687353134155,-0.3158687353134155,0.0
-0.31700968742370605,-0.3170096278190613,5.960464477539063e-08
-0.3185921311378479,-0.3185921311378479,0.0
-0.3169053792953491,-0.3169053792953491,0.0
-0.3211245536804199,-0.32112452387809753,2.9802322387695312e-08
0.16991806030273438,0.169918030500412,-2.9802322387695312e-08
0.17169058322906494,0.17169058322906494,0.0
-0.30875176191329956,-0.30875179171562195,-2.9802322387695312e-08
-0.31014150381088257,-0.31014150381088257,0.0
-0.309773325920105,-0.309773325920105,0.0
-0.3129599094390869,-0.3129599094390869,0.0
-0.31630343198776245,-0.31630340218544006,2.9802322387695312e-08
-0.31627142429351807,-0.31627142429351807,0.0
-0.31904903054237366,-0.31904906034469604,-2.9802322387695312e-08
-0.3197590112686157,-0.31975898146629333,2.9802322387695312e-08
0.17194588482379913,0.17194586992263794,-1.4901161193847656e-08
0.17329970002174377,0.17329971492290497,1.4901161193847656e-08
-0.04533630609512329,-0.0453362837433815,2.2351741790771484e-08
-0.04397767037153244,-0.04397767782211304,-7.450580596923828e-09
-0.04384462535381317,-0.04384463280439377,-7.450580596923828e-09
-0.04956991970539093,-0.04956992715597153,-7.450580596923828e-09
-0.049300990998744965,-0.049300968647003174,2.2351741790771484e-08
-0.048687562346458435,-0.04868759959936142,-3.725290298461914e-08
-0.04872825741767883,-0.04872824251651764,1.4901161193847656e-08
-0.048212505877017975,-0.04821249842643738,7.450580596923828e-09
0.06269645690917969,0.06269645690917969,0.0
0.06260260194540024,0.06260259449481964,-7.450580596923828e-09
-0.04849737882614136,-0.048497386276721954,-7.450580596923828e-09
-0.047986775636672974,-0.04798676073551178,1.4901161193847656e-08
-0.0441242977976799,-0.044124290347099304,7.450580596923828e-09
-0.04930202662944794,-0.049302004277706146,2.2351741790771484e-08
-0.04902901500463486,-0.04902900755405426,7.450580596923828e-09
-0.04898492991924286,-0.048984915018081665,1.4901161193847656e-08
-0.048561081290245056,-0.04856107383966446,7.450580596923828e-09
-0.0478934645652771,-0.0478934720158577,-7.450580596923828e-09
0.06110461801290512,0.06110462173819542,3.725290298461914e-09
0.06285010278224945,0.06285009533166885,-7.450580596923828e-09
-0.2682983875274658,-0.2682983875274658,0.0
-0.26922738552093506,-0.26922738552093506,0.0
-0.27031034231185913,-0.2703103721141815,-2.9802322387695312e-08
-0.27373117208480835,-0.27373120188713074,-2.9802322387695312e-08
-0.2750787138938904,-0.2750787138938904,0.0
-0.27577871084213257,-0.2757786512374878,5.960464477539063e-08
-0.27674126625061035,-0.27674126625061035,0.0
-0.27743494510650635,-0.2774348855018616,5.960464477539063e-08
0.03796102851629257,0.03796103596687317,7.450580596923828e-09
0.03626606985926628,0.03626604378223419,-2.60770320892334e-08
-0.5213407278060913,-0.5213407278060913,0.0
-0.5308401584625244,-0.5308402180671692,-5.960464477539063e-08
-0.5357005000114441,-0.5357004404067993,5.960464477539063e-08
-0.5386600494384766,-0.5386600494384766,0.0
-0.5413379669189453,-0.5413379669189453,0.0
-0.5443047285079956,-0.5443047285079956,0.0
-0.5467090606689453,-0.5467090606689453,0.0
-0.5493123531341553,-0.5493123531341553,0.0
0.14719444513320923,0.14719443023204803,-1.4901161193847656e-08
0.1464240998029709,0.1464240849018097,-1.4901161193847656e-08
-0.5270496606826782,-0.527049720287323,-5.960464477539063e-08
-0.5297128558158875,-0.5297128558158875,0.0
-0.5320951342582703,-0.5320951342582703,0.0
-0.5341246128082275,-0.5341245532035828,5.960464477539063e-08
-0.5372801423072815,-0.5372802019119263,-5.960464477539063e-08
-0.542759895324707,-0.5427599549293518,-5.960464477539063e-08
-0.5424750447273254,-0.5424750447273254,0.0
-0.5477820038795471,-0.5477820038795471,0.0
0.1476144641637802,0.1476144790649414,1.4901161193847656e-08
0.15373779833316803,0.15373779833316803,0.0
-0.5201666355133057,-0.5201666355133057,0.0
-0.5294232964515686,-0.5294232368469238,5.960464477539063e-08
-0.5345472097396851,-0.5345472693443298,-5.960464477539063e-08
-0.5378431081771851,-0.5378431081771851,0.0
-0.5405095219612122,-0.5405095815658569,-5.960464477539063e-08
-0.5428230166435242,-0.5428230166435242,0.0
-0.5441088676452637,-0.5441088676452637,0.0
-0.5481915473937988,-0.5481914281845093,1.1920928955078125e-07
0.14691860973834991,0.14691860973834991,0.0
0.15286163985729218,0.15286162495613098,-1.4901161193847656e-08
-0.5267547369003296,-0.5267547369003296,0.0
-0.529348611831665,-0.5293485522270203,5.960464477539063e-08
-0.5320315361022949,-0.5320315361022949,0.0
-0.5339168310165405,-0.5339168906211853,-5.960464477539063e-08
-0.537032425403595,-0.5370323657989502,5.960464477539063e-08
-0.5393344759941101,-0.5393344759941101,0.0
-0.5452890396118164,-0.5452889800071716,5.960464477539063e-08
-0.5450161695480347,-0.5450161695480347,0.0
0.1478990763425827,0.1478990614414215,-1.4901161193847656e-08
0.15366174280643463,0.15366174280643463,0.0
-0.5270460247993469,-0.5270460247993469,0.0
-0.5261317491531372,-0.5261316895484924,5.960464477539063e-08
-0.5328094959259033,-0.5328094959259033,0.0
-0.5385749340057373,-0.5385749340057373,0.0
-0.5370165109634399,-0.5370165109634399,0.0
-0.5443251729011536,-0.5443251132965088,5.960464477539063e-08
-0.5464839339256287,-0.5464839339256287,0.0
-0.5486946105957031,-0.5486946105957031,0.0
0.14446991682052612,0.14446991682052612,0.0
0.1534317135810852,0.15343168377876282,-2.9802322387695312e-08
-0.5271357893943787,-0.5271357297897339,5.960464477539063e-08
-0.5315483212471008,-0.5315483212471008,0.0
-0.5410197973251343,-0.5410197973251343,0.0
-0.5464216470718384,-0.5464216470718384,0.0
-0.5509110689163208,-0.5509110689163208,0.0
-0.5538800954818726,-0.5538801550865173,-5.960464477539063e-08
-0.5542293190956116,-0.5542293190956116,0.0
-0.563198447227478,-0.5631985068321228,-5.960464477539063e-08
0.03491484001278877,0.03491482883691788,-1.1175870895385742e-08
0.03667030110955238,0.036670297384262085,-3.725290298461914e-09
-0.33925339579582214,-0.33925336599349976,2.9802322387695312e-08
-0.3400263786315918,-0.3400263786315918,0.0
-0.344840407371521,-0.344840407371521,0.0
-0.342265248298645,-0.342265248298645,0.0
-0.34265613555908203,-0.34265613555908203,0.0
-0.3429485559463501,-0.3429485559463501,0.0
-0.34856846928596497,-0.34856846928596497,0.0
-0.3494579493999481,-0.34945791959762573,2.9802322387695312e-08
0.22866855561733246,0.22866854071617126,-1.4901161193847656e-08
0.23471836745738983,0.23471835255622864,-1.4901161193847656e-08
-0.33929041028022766,-0.33929041028022766,0.0
-0.33638957142829895,-0.33638960123062134,-2.9802322387695312e-08
-0.3450623154640198,-0.3450623154640198,0.0
-0.3426949083805084,-0.3426949381828308,-2.9802322387695312e-08
-0.3476389944553375,-0.3476389944553375,0.0
-0.34437116980552673,-0.34437116980552673,0.0
-0.3491542339324951,-0.3491542935371399,-5.960464477539063e-08
-0.35006266832351685,-0.35006266832351685,0.0
0.2285138964653015,0.2285139262676239,2.9802322387695312e-08
0.23455311357975006,0.23455311357975006,0.0
-0.30391424894332886,-0.30391424894332886,0.0
-0.3072581887245178,-0.3072581887245178,0.0
-0.31294751167297363,-0.31294751167297363,0.0
-0.3113807439804077,-0.3113807439804077,0.0
-0.31560221314430237,-0.31560224294662476,-2.9802322387695312e-08
-0.3140501379966736,-0.3140501379966736,0.0
-0.3213423490524292,-0.3213423490524292,0.0
-0.3229064643383026,-0.3229064643383026,0.0
0.16393230855464935,0.16393232345581055,1.4901161193847656e-08
0.16750876605510712,0.16750875115394592,-1.4901161193847656e-08
-0.30638694763183594,-0.30638694763183594,0.0
-0.30775368213653564,-0.30775362253189087,5.960464477539063e-08
-0.3109948933124542,-0.3109948933124542,0.0
-0.31604379415512085,-0.3160437345504761,5.960464477539063e-08
-0.3179451525211334,-0.3179451823234558,-2.9802322387695312e-08
-0.3191838264465332,-0.3191838264465332,0.0
-0.32056742906570435,-0.32056742906570435,0.0
-0.321625292301178,-0.321625292301178,0.0
0.16866229474544525,0.16866227984428406,-1.4901161193847656e-08
0.16821764409542084,0.16821765899658203,1.4901161193847656e-08
-0.30985283851623535,-0.30985283851623535,0.0
-0.30881232023239136,-0.30881232023239136,0.0
-0.3131279945373535,-0.3131280541419983,-5.960464477539063e-08
-0.31516486406326294,-0.31516483426094055,2.9802322387695312e-08
-0.3157963156700134,-0.3157963156700134,0.0
-0.31721726059913635,-0.31721726059913635,0.0
-0.32003456354141235,-0.32003456354141235,0.0
-0.3211255967617035,-0.3211255967617035,0.0
0.16950571537017822,0.16950570046901703,-1.4901161193847656e-08
0.16928020119667053,0.16928020119667053,0.0
-0.309430867433548,-0.309430867433548,0.0
-0.3070986866950989,-0.3070986866950989,0.0
-0.3111236095428467,-0.3111235797405243,2.9802322387695312e-08
-0.3142714500427246,-0.314271479845047,-2.9802322387695312e-08
-0.3154353201389313,-0.3154353201389313,0.0
-0.3187108635902405,-0.3187108635902405,0.0
-0.31958144903182983,-0.3195814788341522,-2.9802322387695312e-08
-0.31925323605537415,-0.31925323605537415,0.0
0.1697893887758255,0.1697893738746643,-1.4901161193847656e-08
0.16914372146129608,0.16914373636245728,1.4901161193847656e-08
-0.5207291841506958,-0.5207291841506958,0.0
-0.5249580144882202,-0.5249580144882202,0.0
-0.527629554271698,-0.527629554271698,0.0
-0.5323982238769531,-0.5323982834815979,-5.960464477539063e-08
-0.537002444267273,-0.537002444267273,0.0
-0.5388392210006714,-0.5388392210006714,0.0
-0.5432199239730835,-0.5432199239730835,0.0
-0.5493765473365784,-0.5493764877319336,5.960464477539063e-08
0.14574292302131653,0.14574292302131653,0.0
0.15114299952983856,0.15114301443099976,1.4901161193847656e-08
-0.5258123874664307,-0.5258123874664307,0.0
-0.524167537689209,-0.524167537689209,0.0
-0.5272341966629028,-0.5272341966629028,0.0
-0.5327396392822266,-0.5327395796775818,5.960464477539063e-08
-0.5402940511703491,-0.5402939915657043,5.960464477539063e-08
-0.5431110858917236,-0.5431110262870789,5.960464477539063e-08
-0.5460407733917236,-0.5460407733917236,0.0
-0.5483314394950867,-0.5483313798904419,5.960464477539063e-08
0.14562788605690002,0.14562788605690002,0.0
0.14988528192043304,0.14988526701927185,-1.4901161193847656e-08
-0.520891010761261,-0.5208909511566162,5.960464477539063e-08
-0.5230053663253784,-0.5230053663253784,0.0
-0.525678813457489,-0.525678813457489,0.0
-0.5355044007301331,-0.5355044007301331,0.0
-0.5385485887527466,-0.5385485291481018,5.960464477539063e-08
-0.536896824836731,-0.536896824836731,0.0
-0.5439105033874512,-0.5439105033874512,0.0
-0.5465242862701416,-0.5465243458747864,-5.960464477539063e-08
0.142995223402977,0.142995223402977,0.0
0.14932698011398315,0.14932698011398315,0.0
-0.522651731967926,-0.522651731967926,0.0
-0.5284119844436646,-0.5284119844436646,0.0
-0.52607262134552,-0.5260726809501648,-5.960464477539063e-08
-0.5329139232635498,-0.5329139232635498,0.0
-0.5384765863418579,-0.5384765863418579,0.0
-0.5371575951576233,-0.5371575951576233,0.0
-0.5439838171005249,-0.5439838171005249,0.0
-0.545339822769165,-0.545339822769165,0.0
0.14588426053524017,0.14588423073291779,-2.9802322387695312e-08
0.14903730154037476,0.14903730154037476,0.0
-0.5197844505310059,-0.5197844505310059,0.0
-0.5235294699668884,-0.5235295295715332,-5.960464477539063e-08
-0.5294359922409058,-0.5294359922409058,0.0
-0.5350924730300903,-0.5350924134254456,5.960464477539063e-08
-0.5384080410003662,-0.5384080410003662,0.0
-0.5411472320556641,-0.5411472320556641,0.0
-0.5437780618667603,-0.543778121471405,-5.960464477539063e-08
-0.5428634285926819,-0.5428634881973267,-5.960464477539063e-08
0.1456473469734192,0.1456473469734192,0.0
0.14859823882579803,0.14859825372695923,1.4901161193847656e-08
-0.33814388513565063,-0.33814388513565063,0.0
-0.33678922057151794,-0.33678922057151794,0.0
-0.3391683101654053,-0.3391682505607605,5.960464477539063e-08
-0.3399665951728821,-0.3399665951728821,0.0
-0.3425738215446472,-0.3425738215446472,0.0
-0.34248411655426025,-0.34248411655426025,0.0
-0.34716731309890747,-0.34716731309890747,0.0
-0.34779036045074463,-0.34779036045074463,0.0
0.22493290901184082,0.22493287920951843,-2.9802322387695312e-08
0.2281738519668579,0.2281738519668579,0.0
-0.3356541395187378,-0.335654079914093,5.960464477539063e-08
-0.3364744782447815,-0.3364744782447815,0.0
-0.3372843861579895,-0.3372844457626343,-5.960464477539063e-08
-0.33874526619911194,-0.33874523639678955,2.9802322387695312e-08
-0.34016212821006775,-0.34016209840774536,2.9802322387695312e-08
-0.34227195382118225,-0.34227192401885986,2.9802322387695312e-08
-0.34601983428001404,-0.34601980447769165,2.9802322387695312e-08
-0.3482914865016937,-0.34829145669937134,2.9802322387695312e-08
0.2250814139842987,0.22508138418197632,-2.9802322387695312e-08
0.2325829267501831,0.2325829267501831,0.0
-0.33417391777038574,-0.33417391777038574,0.0
-0.33487260341644287,-0.33487260341644287,0.0
-0.34472107887268066,-0.34472107887268066,0.0
-0.3414427936077118,-0.3414428234100342,-2.9802322387695312e-08
-0.3433339595794678,-0.3433339595794678,0.0
-0.344119668006897,-0.344119668006897,0.0
-0.34836214780807495,-0.34836214780807495,0.0
-0.34736284613609314,-0.34736281633377075,2.9802322387695312e-08
0.22496041655540466,0.22496041655540466,0.0
0.23214003443717957,0.23214001953601837,-1.4901161193847656e-08
-0.3344001770019531,-0.3344002068042755,-2.9802322387695312e-08
-0.33721762895584106,-0.33721765875816345,-2.9802322387695312e-08
-0.34114235639572144,-0.34114232659339905,2.9802322387695312e-08
-0.3393250107765198,-0.3393250107765198,0.0
-0.3427634835243225,-0.3427634835243225,0.0
-0.34450221061706543,-0.34450218081474304,2.9802322387695312e-08
-0.3489825427532196,-0.3489825129508972,2.9802322387695312e-08
-0.34961146116256714,-0.34961146116256714,0.0
0.2268824726343155,0.22688248753547668,1.4901161193847656e-08
0.23259690403938293,0.23259690403938293,0.0
-0.33399567008018494,-0.3339956998825073,-2.9802322387695312e-08
-0.3394302427768707,-0.3394302427768707,0.0
-0.34132999181747437,-0.34132999181747437,0.0
-0.3374386727809906,-0.3374386727809906,0.0
-0.34578609466552734,-0.34578609466552734,0.0
-0.3438160717487335,-0.3438160717487335,0.0
-0.34829699993133545,-0.34829699993133545,0.0
-0.3493303656578064,-0.3493303656578064,0.0
0.22494736313819885,0.22494739294052124,2.9802322387695312e-08
0.23298244178295135,0.23298245668411255,1.4901161193847656e-08
-0.3334956467151642,-0.3334956169128418,2.9802322387695312e-08
-0.3396586775779724,-0.3396586775779724,0.0
-0.34011173248291016,-0.34011173248291016,0.0
-0.3458450734615326,-0.3458450436592102,2.9802322387695312e-08
-0.34681129455566406,-0.3468112647533417,2.9802322387695312e-08
-0.34364160895347595,-0.34364160895347595,0.0
-0.34515127539634705,-0.34515127539634705,0.0
-0.34934139251708984,-0.34934139251708984,0.0
0.2260294258594513,0.2260294109582901,-1.4901161193847656e-08
0.23278680443763733,0.23278680443763733,0.0
-0.3017888069152832,-0.3017888069152832,0.0
-0.3076486587524414,-0.3076486587524414,0.0
-0.31068912148475647,-0.31068912148475647,0.0
-0.30795949697494507,-0.30795949697494507,0.0
-0.31398484110832214,-0.31398487091064453,-2.9802322387695312e-08
-0.3154204785823822,-0.3154204487800598,2.9802322387695312e-08
-0.31732818484306335,-0.31732821464538574,-2.9802322387695312e-08
-0.3189504146575928,-0.3189504146575928,0.0
0.14354410767555237,0.14354412257671356,1.4901161193847656e-08
0.14796283841133118,0.14796283841133118,0.0
-0.5177549123764038,-0.5177549123764038,0.0
-0.5235335230827332,-0.5235335230827332,0.0
-0.5304418802261353,-0.5304418802261353,0.0
-0.5328355431556702,-0.5328356027603149,-5.960464477539063e-08
-0.53486567735672,-0.5348657369613647,-5.960464477539063e-08
-0.5379608869552612,-0.537960946559906,-5.960464477539063e-08
-0.5444986820220947,-0.5444986820220947,0.0
-0.5454440712928772,-0.5454440712928772,0.0
0.14236383140087128,0.14236383140087128,0.0
0.1485210508108139,0.1485210657119751,1.4901161193847656e-08
-0.5174950957298279,-0.5174950957298279,0.0
-0.5231784582138062,-0.5231784582138062,0.0
-0.53138267993927,-0.53138267993927,0.0
-0.5316580533981323,-0.5316580533981323,0.0
-0.5358916521072388,-0.5358916521072388,0.0
-0.5374184846878052,-0.5374184846878052,0.0
-0.5434911251068115,-0.5434911251068115,0.0
-0.5459893941879272,-0.5459893941879272,0.0
0.14421871304512024,0.14421869814395905,-1.4901161193847656e-08
0.14909301698207855,0.14909300208091736,-1.4901161193847656e-08
-0.5179705619812012,-0.5179705619812012,0.0
-0.5228080749511719,-0.5228080749511719,0.0
-0.5257564783096313,-0.5257564187049866,5.960464477539063e-08
-0.5340481996536255,-0.5340481996536255,0.0
-0.5359926819801331,-0.5359927415847778,-5.960464477539063e-08
-0.5370312929153442,-0.5370312929153442,0.0
-0.5412725210189819,-0.5412725210189819,0.0
-0.5473783016204834,-0.5473783016204834,0.0
0.14547483623027802,0.14547480642795563,-2.9802322387695312e-08
0.1485157161951065,0.1485157161951065,0.0
-0.5211151838302612,-0.5211151838302612,0.0
-0.5235468149185181,-0.5235468149185181,0.0
-0.5299659371376038,-0.5299659371376038,0.0
-0.535076916217804,-0.535076916217804,0.0
-0.5380357503890991,-0.5380357503890991,0.0
-0.5410487651824951,-0.5410487651824951,0.0
-0.5435223579406738,-0.5435223579406738,0.0
-0.5462996363639832,-0.5462996959686279,-5.960464477539063e-08
0.14621078968048096,0.14621078968048096,0.0
0.1490808129310608,0.14908082783222198,1.4901161193847656e-08
-0.5189259052276611,-0.5189259052276611,0.0
-0.5245376825332642,-0.5245376825332642,0.0
-0.5285848379135132,-0.5285848379135132,0.0
-0.5353357791900635,-0.5353357195854187,5.960464477539063e-08
-0.5382397770881653,-0.5382398366928101,-5.960464477539063e-08
-0.5378024578094482,-0.5378024578094482,0.0
-0.53766930103302,-0.53766930103302,0.0
-0.5436323881149292,-0.5436323285102844,5.960464477539063e-08
0.14544130861759186,0.14544130861759186,0.0
0.14998380839824677,0.14998382329940796,1.4901161193847656e-08
-0.5214292407035828,-0.5214292407035828,0.0
-0.5268213748931885,-0.5268213748931885,0.0
-0.5271461606025696,-0.5271461606025696,0.0
-0.5351158976554871,-0.5351158976554871,0.0
-0.5342546105384827,-0.5342546105384827,0.0
-0.5367841720581055,-0.5367841720581055,0.0
-0.5434086322784424,-0.5434086918830872,-5.960464477539063e-08
-0.5430256724357605,-0.5430256724357605,0.0
0.13743054866790771,0.13743054866790771,0.0
0.14947381615638733,0.14947380125522614,-1.4901161193847656e-08
-0.3384486734867096,-0.3384486734867096,0.0
-0.34302303194999695,-0.34302300214767456,2.9802322387695312e-08
-0.3400075435638428,-0.3400075435638428,0.0
-0.34289684891700745,-0.34289681911468506,2.9802322387695312e-08
-0.3431985080242157,-0.3431984782218933,2.9802322387695312e-08
-0.34410032629966736,-0.34410029649734497,2.9802322387695312e-08
-0.34794047474861145,-0.34794047474861145,0.0
-0.35003024339675903,-0.35003024339675903,0.0
0.2265835553407669,0.2265835404396057,-1.4901161193847656e-08
0.23178254067897797,0.23178252577781677,-1.4901161193847656e-08
-0.33889198303222656,-0.33889198303222656,0.0
-0.3351435363292694,-0.3351435661315918,-2.9802322387695312e-08
-0.34004196524620056,-0.3400419354438782,2.9802322387695312e-08
-0.34112077951431274,-0.34112077951431274,0.0
-0.3397102355957031,-0.3397102355957031,0.0
-0.34730440378189087,-0.3473043739795685,2.9802322387695312e-08
-0.3481849133968353,-0.3481849431991577,-2.9802322387695312e-08
-0.35096651315689087,-0.35096651315689087,0.0
0.2261723428964615,0.22617235779762268,1.4901161193847656e-08
0.2314235419034958,0.2314235270023346,-1.4901161193847656e-08
-0.3344300389289856,-0.3344300389289856,0.0
-0.3395790457725525,-0.3395790457725525,0.0
-0.3461143970489502,-0.3461144268512726,-2.9802322387695312e-08
-0.33758991956710815,-0.33758988976478577,2.9802322387695312e-08
-0.3477388024330139,-0.34773877263069153,2.9802322387695312e-08
-0.34487929940223694,-0.3448793292045593,-2.9802322387695312e-08
-0.3463408946990967,-0.3463408946990967,0.0
-0.34449517726898193,-0.34449517726898193,0.0
0.2232537865638733,0.22325381636619568,2.9802322387695312e-08
0.23096822202205658,0.23096822202205658,0.0
-0.33770859241485596,-0.33770859241485596,0.0
-0.3430488109588623,-0.3430488109588623,0.0
-0.3417412042617798,-0.3417412042617798,0.0
-0.339525043964386,-0.339525043964386,0.0
-0.3422005772590637,-0.3422005772590637,0.0
-0.34737271070480347,-0.34737271070480347,0.0
-0.3482072949409485,-0.3482072949409485,0.0
-0.3474372923374176,-0.3474372625350952,2.9802322387695312e-08
0.22249698638916016,0.22249698638916016,0.0
0.23062485456466675,0.23062485456466675,0.0
-0.33449819684028625,-0.33449816703796387,2.9802322387695312e-08
-0.3402148187160492,-0.3402148485183716,-2.9802322387695312e-08
-0.34071558713912964,-0.340715616941452,-2.9802322387695312e-08
-0.34626078605651855,-0.34626078605651855,0.0
-0.3467998504638672,-0.3467998504638672,0.0
-0.344074547290802,-0.344074547290802,0.0
-0.346115380525589,-0.3461154103279114,-2.9802322387695312e-08
-0.3496105670928955,-0.3496105670928955,0.0
0.22603723406791687,0.22603720426559448,-2.9802322387695312e-08
0.22758619487285614,0.22758620977401733,1.4901161193847656e-08
-0.3395201563835144,-0.3395201563835144,0.0
-0.3362242579460144,-0.336224228143692,2.9802322387695312e-08
-0.3392164409160614,-0.339216411113739,2.9802322387695312e-08
-0.33978894352912903,-0.33978894352912903,0.0
-0.3439760208129883,-0.3439760208129883,0.0
-0.34110647439956665,-0.34110650420188904,-2.9802322387695312e-08
-0.3429637849330902,-0.3429638147354126,-2.9802322387695312e-08
-0.34695202112197876,-0.34695199131965637,2.9802322387695312e-08
0.2231736183166504,0.2231736034154892,-1.4901161193847656e-08
0.22634190320968628,0.22634188830852509,-1.4901161193847656e-08
-0.04359501600265503,-0.04359499365091324,2.2351741790771484e-08
-0.046885572373867035,-0.04688554257154465,2.9802322387695312e-08
-0.0466945618391037,-0.04669458419084549,-2.2351741790771484e-08
-0.045155301690101624,-0.04515530914068222,-7.450580596923828e-09
-0.04764598608016968,-0.04764598608016968,0.0
-0.047165222465991974,-0.047165222465991974,0.0
-0.04750245064496994,-0.04750239849090576,5.21540641784668e-08
-0.046356454491615295,-0.04635646194219589,-7.450580596923828e-09
0.0639725774526596,0.0639725774526596,0.0
0.06511490046977997,0.06511490046977997,0.0
-0.33822616934776306,-0.33822616934776306,0.0
-0.3395887017250061,-0.3395887017250061,0.0
-0.34023988246917725,-0.34023988246917725,0.0
-0.3363671600818634,-0.3363671898841858,-2.9802322387695312e-08
-0.34229421615600586,-0.34229421615600586,0.0
-0.34157848358154297,-0.3415784537792206,2.9802322387695312e-08
-0.3426095247268677,-0.3426095247268677,0.0
-0.3437729775905609,-0.3437729477882385,2.9802322387695312e-08
-0.015306193381547928,-0.01530618965625763,3.725290298461914e-09
-0.01752704381942749,-0.01752704381942749,0.0
-0.33928608894348145,-0.33928608894348145,0.0
-0.3345206081867218,-0.3345206081867218,0.0
-0.3392069339752197,-0.3392069339752197,0.0
-0.3377179205417633,-0.3377179205417633,0.0
-0.3410400152206421,-0.3410400152206421,0.0
-0.34163418412208557,-0.3416341543197632,2.9802322387695312e-08
-0.33806145191192627,-0.33806145191192627,0.0
-0.3423040509223938,-0.3423040509223938,0.0
-0.016018938273191452,-0.016018912196159363,2.60770320892334e-08
-0.02029332146048546,-0.020293325185775757,-3.725290298461914e-09
-0.33493727445602417,-0.3349372446537018,2.9802322387695312e-08
-0.3326322138309479,-0.3326321840286255,2.9802322387695312e-08
-0.33349063992500305,-0.33349063992500305,0.0
-0.33319905400276184,-0.33319902420043945,2.9802322387695312e-08
-0.33533787727355957,-0.3353378474712372,2.9802322387695312e-08
-0.3396964371204376,-0.3396964371204376,0.0
-0.3389948904514313,-0.3389948606491089,2.9802322387695312e-08
-0.34168243408203125,-0.34168243408203125,0.0
-0.017014730721712112,-0.017014726996421814,3.725290298461914e-09
-0.02147657796740532,-0.021476581692695618,-3.725290298461914e-09
-0.5626729726791382,-0.562673032283783,-5.960464477539063e-08
-0.5646519660949707,-0.5646519660949707,0.0
-0.5665829181671143,-0.566582977771759,-5.960464477539063e-08
-0.5660127997398376,-0.5660127997398376,0.0
-0.5712788701057434,-0.5712788105010986,5.960464477539063e-08
-0.5691148042678833,-0.5691148042678833,0.0
-0.5756595134735107,-0.5756595134735107,0.0
-0.5773159265518188,-0.5773159265518188,0.0
-0.040225084871053696,-0.040225088596343994,-3.725290298461914e-09
-0.0379708968102932,-0.0379708930850029,3.725290298461914e-09
-0.560607373714447,-0.560607373714447,0.0
-0.5642760992050171,-0.5642760992050171,0.0
-0.5625399351119995,-0.5625399351119995,0.0
-0.5692493319511414,-0.5692493915557861,-5.960464477539063e-08
-0.5700791478157043,-0.5700792074203491,-5.960464477539063e-08
-0.572992205619812,-0.572992205619812,0.0
-0.5745512247085571,-0.5745512247085571,0.0
-0.5768640637397766,-0.5768640041351318,5.960464477539063e-08
-0.04426085203886032,-0.04426085203886032,0.0
-0.038617826998233795,-0.038617826998233795,0.0
-0.5637281537055969,-0.5637281537055969,0.0
-0.5660569667816162,-0.5660569667816162,0.0
-0.5697844624519348,-0.56978440284729,5.960464477539063e-08
-0.5711461305618286,-0.5711461901664734,-5.960464477539063e-08
-0.5734764337539673,-0.5734763741493225,5.960464477539063e-08
-0.5745794773101807,-0.5745794773101807,0.0
-0.575659990310669,-0.5756599307060242,5.960464477539063e-08
-0.5780693888664246,-0.5780693888664246,0.0
-0.04157617688179016,-0.04157615453004837,2.2351741790771484e-08
-0.03966289758682251,-0.03966289013624191,7.450580596923828e-09
-0.5630126595497131,-0.5630127191543579,-5.960464477539063e-08
-0.5644623637199402,-0.564462423324585,-5.960464477539063e-08
-0.566394031047821,-0.5663939714431763,5.960464477539063e-08
-0.5685220956802368,-0.5685220956802368,0.0
-0.5714013576507568,-0.5714013576507568,0.0
-0.5705214738845825,-0.5705214738845825,0.0
-0.575183629989624,-0.5751836895942688,-5.960464477539063e-08
-0.5742090940475464,-0.5742090940475464,0.0
-0.04444429278373718,-0.04444429278373718,0.0
-0.042552750557661057,-0.042552754282951355,-3.725290298461914e-09
-0.5616580247879028,-0.5616580247879028,0.0
-0.5646792054176331,-0.5646792054176331,0.0
-0.5622497200965881,-0.5622496604919434,5.960464477539063e-08
-0.5681660175323486,-0.5681660175323486,0.0
-0.5711024403572083,-0.5711023807525635,5.960464477539063e-08
-0.5724383592605591,-0.5724382400512695,1.1920928955078125e-07
-0.575093686580658,-0.5750937461853027,-5.960464477539063e-08
-0.5767892599105835,-0.5767892599105835,0.0
-0.040280118584632874,-0.040280118584632874,0.0
-0.03848295658826828,-0.038482971489429474,-1.4901161193847656e-08
-0.558518648147583,-0.5585185885429382,5.960464477539063e-08
-0.564895749092102,-0.564895749092102,0.0
-0.5666411519050598,-0.5666412115097046,-5.960464477539063e-08
-0.5702272057533264,-0.5702272057533264,0.0
-0.5712528228759766,-0.5712528228759766,0.0
-0.5736873149871826,-0.5736873149871826,0.0
-0.5752731561660767,-0.5752730369567871,1.1920928955078125e-07
-0.5767046809196472,-0.5767046809196472,0.0
-0.04041169583797455,-0.040411680936813354,1.4901161193847656e-08
-0.037891313433647156,-0.037891313433647156,0.0
-0.56255042552948,-0.56255042552948,0.0
-0.5616153478622437,-0.5616153478622437,0.0
-0.5666394233703613,-0.5666394233703613,0.0
-0.5660526156425476,-0.5660526752471924,-5.960464477539063e-08
-0.5718665719032288,-0.571866512298584,5.960464477539063e-08
-0.5687052011489868,-0.5687052011489868,0.0
-0.5751026272773743,-0.575102686882019,-5.960464477539063e-08
-0.5771461725234985,-0.5771461725234985,0.0
-0.04042154550552368,-0.04042154550552368,0.0
-0.042125068604946136,-0.04212503880262375,2.9802322387695312e-08
-0.5576007962226868,-0.557600736618042,5.960464477539063e-08
-0.5687665939331055,-0.5687665939331055,0.0
-0.5632337331771851,-0.5632336735725403,5.960464477539063e-08
-0.5685915350914001,-0.5685915946960449,-5.960464477539063e-08
-0.5712665319442749,-0.5712664723396301,5.960464477539063e-08
-0.573530912399292,-0.5735309720039368,-5.960464477539063e-08
-0.5752204656600952,-0.5752204656600952,0.0
-0.5738646984100342,-0.5738646984100342,0.0
-0.041036076843738556,-0.04103608429431915,-7.450580596923828e-09
-0.042819954454898834,-0.04281994700431824,7.450580596923828e-09
-0.5625386238098145,-0.5625386238098145,0.0
-0.564120352268219,-0.5641204118728638,-5.960464477539063e-08
-0.562130331993103,-0.5621303915977478,-5.960464477539063e-08
-0.5682361125946045,-0.5682361125946045,0.0
-0.5713595151901245,-0.5713595151901245,0.0
-0.5739243030548096,-0.5739243030548096,0.0
-0.5757492184638977,-0.5757492780685425,-5.960464477539063e-08
-0.5737789869308472,-0.5737790465354919,-5.960464477539063e-08
-0.04069121927022934,-0.040691226720809937,-7.450580596923828e-09
-0.03914671018719673,-0.03914670646190643,3.725290298461914e-09
-0.5624876022338867,-0.5624876618385315,-5.960464477539063e-08
-0.5614078044891357,-0.5614078044891357,0.0
-0.566082239151001,-0.566082239151001,0.0
-0.568674623966217,-0.5686746835708618,-5.960464477539063e-08
-0.5717976689338684,-0.5717976093292236,5.960464477539063e-08
-0.5726522207260132,-0.5726522207260132,0.0
-0.5738282203674316,-0.5738282799720764,-5.960464477539063e-08
-0.5772486925125122,-0.577248752117157,-5.960464477539063e-08
-0.04044642299413681,-0.04044641554355621,7.450580596923828e-09
-0.0379808135330677,-0.037980809807777405,3.725290298461914e-09
-0.5569397211074829,-0.5569397211074829,0.0
-0.5641281604766846,-0.5641281604766846,0.0
-0.5660986304283142,-0.5660985708236694,5.960464477539063e-08
-0.5681270956993103,-0.5681270956993103,0.0
-0.569875955581665,-0.569875955581665,0.0
-0.5734266638755798,-0.5734266042709351,5.960464477539063e-08
-0.5745850205421448,-0.5745850205421448,0.0
-0.5767078995704651,-0.5767078995704651,0.0
-0.03950098901987076,-0.039500974118709564,1.4901161193847656e-08
-0.040951475501060486,-0.040951453149318695,2.2351741790771484e-08
-0.5614728927612305,-0.5614729523658752,-5.960464477539063e-08
-0.5632030367851257,-0.5632030367851257,0.0
-0.5730687379837036,-0.5730687379837036,0.0
-0.5709812641143799,-0.5709812045097351,5.960464477539063e-08
-0.5732672810554504,-0.5732672214508057,5.960464477539063e-08
-0.5748827457427979,-0.5748828053474426,-5.960464477539063e-08
-0.5729953050613403,-0.5729953050613403,0.0
-0.5746802091598511,-0.5746801495552063,5.960464477539063e-08
-0.04070056229829788,-0.04070056229829788,0.0
-0.03900601714849472,-0.039006032049655914,-1.4901161193847656e-08
-0.5628410577774048,-0.5628410577774048,0.0
-0.5649303793907166,-0.5649303793907166,0.0
-0.5672387480735779,-0.5672386884689331,5.960464477539063e-08
-0.5701018571853638,-0.5701018571853638,0.0
-0.5681446194648743,-0.568144679069519,-5.960464477539063e-08
-0.5741578340530396,-0.5741578936576843,-5.960464477539063e-08
-0.5718333125114441,-0.5718333721160889,-5.960464477539063e-08
-0.5781167149543762,-0.5781166553497314,5.960464477539063e-08
-0.0404805913567543,-0.0404805988073349,-7.450580596923828e-09
-0.04060576111078262,-0.04060576856136322,-7.450580596923828e-09
-0.5605355501174927,-0.5605354309082031,1.1920928955078125e-07
-0.565740168094635,-0.565740168094635,0.0
-0.5682925581932068,-0.568292498588562,5.960464477539063e-08
-0.5704441666603088,-0.5704441070556641,5.960464477539063e-08
-0.5720657706260681,-0.5720657706260681,0.0
-0.5753737092018127,-0.575373649597168,5.960464477539063e-08
-0.5745050311088562,-0.5745049715042114,5.960464477539063e-08
-0.5788463354110718,-0.5788463354110718,0.0
-0.04164750874042511,-0.041647523641586304,-1.4901161193847656e-08
-0.038486551493406296,-0.03848656266927719,-1.1175870895385742e-08
-0.6114227771759033,-0.6114228367805481,-5.960464477539063e-08
-0.6132242679595947,-0.6132241487503052,1.1920928955078125e-07
-0.6170238256454468,-0.6170238256454468,0.0
-0.6151620149612427,-0.6151620149612427,0.0
-0.6218668818473816,-0.6218669414520264,-5.960464477539063e-08
-0.6229233741760254,-0.6229233741760254,0.0
-0.6261417865753174,-0.6261417865753174,0.0
-0.6233496069908142,-0.6233495473861694,5.960464477539063e-08
-0.14927344024181366,-0.14927342534065247,1.4901161193847656e-08
-0.150741308927536,-0.150741308927536,0.0
-0.5627540349960327,-0.5627539753913879,5.960464477539063e-08
-0.5645418167114258,-0.5645418167114258,0.0
-0.5664859414100647,-0.5664860010147095,-5.960464477539063e-08
-0.5694603323936462,-0.569460391998291,-5.960464477539063e-08
-0.571216344833374,-0.571216344833374,0.0
-0.5732794404029846,-0.5732794404029846,0.0
-0.5749337673187256,-0.5749337673187256,0.0
-0.5770551562309265,-0.5770550966262817,5.960464477539063e-08
-0.0405348502099514,-0.0405348464846611,3.725290298461914e-09
-0.0424048937857151,-0.04240488260984421,1.1175870895385742e-08
-0.562899649143219,-0.5628995895385742,5.960464477539063e-08
-0.565162718296051,-0.565162718296051,0.0
-0.5669659376144409,-0.5669659376144409,0.0
-0.5691022872924805,-0.5691022872924805,0.0
-0.5716091990470886,-0.5716091990470886,0.0
-0.574289858341217,-0.5742897987365723,5.960464477539063e-08
-0.5771053433418274,-0.5771052837371826,5.960464477539063e-08
-0.5779761672019958,-0.5779762268066406,-5.960464477539063e-08
-0.0409848727285862,-0.04098488390445709,-1.1175870895385742e-08
-0.039621103554964066,-0.03962109982967377,3.725290298461914e-09
-0.556969165802002,-0.556969165802002,0.0
-0.5605650544166565,-0.5605651140213013,-5.960464477539063e-08
-0.5675264000892639,-0.5675264000892639,0.0
-0.5707132816314697,-0.5707132816314697,0.0
-0.5740808248519897,-0.5740808248519897,0.0
-0.5757796764373779,-0.5757796764373779,0.0
-0.5781553387641907,-0.5781552791595459,5.960464477539063e-08
-0.5812159776687622,-0.5812159776687622,0.0
-0.041726160794496536,-0.04172615706920624,3.725290298461914e-09
-0.039403028786182404,-0.0394030436873436,-1.4901161193847656e-08
-0.5625317096710205,-0.5625316500663757,5.960464477539063e-08
-0.5640643239021301,-0.5640642642974854,5.960464477539063e-08
-0.5612001419067383,-0.5612001419067383,0.0
-0.5701010823249817,-0.5701010227203369,5.960464477539063e-08
-0.572441041469574,-0.5724411010742188,-5.960464477539063e-08
-0.5738883018493652,-0.5738883018493652,0.0
-0.5704609155654907,-0.5704609751701355,-5.960464477539063e-08
-0.5756633877754211,-0.5756633877754211,0.0
-0.04031679779291153,-0.04031679034233093,7.450580596923828e-09
-0.0401703342795372,-0.040170326828956604,7.450580596923828e-09
-0.5595405101776123,-0.5595405101776123,0.0
-0.5644253492355347,-0.5644254088401794,-5.960464477539063e-08
-0.5666958689689636,-0.5666958093643188,5.960464477539063e-08
-0.5694745182991028,-0.5694745779037476,-5.960464477539063e-08
-0.5701456665992737,-0.5701457262039185,-5.960464477539063e-08
-0.5739064812660217,-0.5739064812660217,0.0
-0.5755578279495239,-0.5755578875541687,-5.960464477539063e-08
-0.5757424831390381,-0.5757425427436829,-5.960464477539063e-08
-0.04248988628387451,-0.04248988628387451,0.0
-0.04296070709824562,-0.042960695922374725,1.1175870895385742e-08
-0.5594924092292786,-0.5594924092292786,0.0
-0.5649728178977966,-0.5649727582931519,5.960464477539063e-08
-0.5669592022895813,-0.5669592022895813,0.0
-0.5685448050498962,-0.5685448050498962,0.0
-0.5705472826957703,-0.5705472230911255,5.960464477539063e-08
-0.5732035040855408,-0.5732035636901855,-5.960464477539063e-08
-0.5749332904815674,-0.5749332904815674,0.0
-0.5777702927589417,-0.5777702927589417,0.0
-0.040090255439281464,-0.04009026288986206,-7.450580596923828e-09
-0.04070784151554108,-0.04070785641670227,-1.4901161193847656e-08
-0.5597633719444275,-0.5597634315490723,-5.960464477539063e-08
-0.560071587562561,-0.560071587562561,0.0
-0.5662418603897095,-0.5662418603897095,0.0
-0.5678580403327942,-0.5678580403327942,0.0
-0.5671266913414001,-0.5671267509460449,-5.960464477539063e-08
-0.5734372735023499,-0.5734372138977051,5.960464477539063e-08
-0.5744548439979553,-0.5744548439979553,0.0
-0.5755903720855713,-0.5755903124809265,5.960464477539063e-08
-0.039544809609651566,-0.039544813334941864,-3.725290298461914e-09
-0.03788033127784729,-0.037880346179008484,-1.4901161193847656e-08
-0.5568267107009888,-0.5568267107009888,0.0
-0.5644422769546509,-0.5644422769546509,0.0
-0.5658687949180603,-0.5658687353134155,5.960464477539063e-08
-0.5699790716171265,-0.5699790120124817,5.960464477539063e-08
-0.5712040662765503,-0.5712040662765503,0.0
-0.5737197399139404,-0.5737197399139404,0.0
-0.5750806331634521,-0.5750806331634521,0.0
-0.5770963430404663,-0.5770963430404663,0.0
-0.03982653468847275,-0.03982652723789215,7.450580596923828e-09
-0.04157980903983116,-0.04157980531454086,3.725290298461914e-09
-0.5630874633789062,-0.563087522983551,-5.960464477539063e-08
-0.5702086091041565,-0.5702085494995117,5.960464477539063e-08
-0.5665003061294556,-0.5665003657341003,-5.960464477539063e-08
-0.5677962303161621,-0.5677962303161621,0.0
-0.5695360898971558,-0.5695360898971558,0.0
-0.5713264346122742,-0.5713264346122742,0.0
-0.5734294056892395,-0.5734293460845947,5.960464477539063e-08
-0.5770388245582581,-0.5770388245582581,0.0
-0.03908277302980423,-0.03908278048038483,-7.450580596923828e-09
-0.03674962371587753,-0.036749646067619324,-2.2351741790771484e-08
-0.5567242503166199,-0.5567242503166199,0.0
-0.560189425945282,-0.5601893663406372,5.960464477539063e-08
-0.5662367939949036,-0.5662367343902588,5.960464477539063e-08
-0.5696836113929749,-0.5696835517883301,5.960464477539063e-08
-0.5705108642578125,-0.5705108046531677,5.960464477539063e-08
-0.5733767747879028,-0.5733767747879028,0.0
-0.5754044055938721,-0.5754044651985168,-5.960464477539063e-08
-0.5770609974861145,-0.5770610570907593,-5.960464477539063e-08
-0.03955110162496567,-0.039551109075546265,-7.450580596923828e-09
-0.03786914050579071,-0.037869133055210114,7.450580596923828e-09
-0.5601000189781189,-0.5601000189781189,0.0
-0.5600872039794922,-0.560087263584137,-5.960464477539063e-08
-0.5658246278762817,-0.5658246278762817,0.0
-0.567812979221344,-0.567812979221344,0.0
-0.5698332190513611,-0.5698331594467163,5.960464477539063e-08
-0.5718172788619995,-0.5718172192573547,5.960464477539063e-08
-0.5749878883361816,-0.5749878883361816,0.0
-0.5761383771896362,-0.576138436794281,-5.960464477539063e-08
-0.03939344733953476,-0.03939343988895416,7.450580596923828e-09
-0.037737928330898285,-0.037737928330898285,0.0
-0.609142541885376,-0.609142541885376,0.0
-0.6104608178138733,-0.6104608774185181,-5.960464477539063e-08
-0.6124639511108398,-0.6124639511108398,0.0
-0.6143625974655151,-0.6143625974655151,0.0
-0.6155165433883667,-0.6155165433883667,0.0
-0.6170533299446106,-0.6170532703399658,5.960464477539063e-08
-0.6215890049934387,-0.6215890049934387,0.0
-0.6203629970550537,-0.6203629970550537,0.0
-0.14424121379852295,-0.14424121379852295,0.0
-0.14082975685596466,-0.14082974195480347,1.4901161193847656e-08
-0.6085456013679504,-0.6085456609725952,-5.960464477539063e-08
-0.6105717420578003,-0.6105717420578003,0.0
-0.6121429204940796,-0.6121428608894348,5.960464477539063e-08
-0.6135380268096924,-0.6135380864143372,-5.960464477539063e-08
-0.6152310371398926,-0.6152309775352478,5.960464477539063e-08
-0.6169359683990479,-0.6169359683990479,0.0
-0.6180018186569214,-0.6180018186569214,0.0
-0.619769275188446,-0.619769275188446,0.0
-0.14450357854366302,-0.14450356364250183,1.4901161193847656e-08
-0.1452575922012329,-0.1452575922012329,0.0
-0.5577666759490967,-0.5577666759490967,0.0
-0.564102292060852,-0.5641022324562073,5.960464477539063e-08
-0.5618966221809387,-0.5618966221809387,0.0
-0.5647628307342529,-0.5647628307342529,0.0
-0.5700602531433105,-0.5700603127479553,-5.960464477539063e-08
-0.570019543170929,-0.5700194835662842,5.960464477539063e-08
-0.5742906332015991,-0.5742906332015991,0.0
-0.5761865973472595,-0.5761865377426147,5.960464477539063e-08
-0.04024021327495575,-0.04024021327495575,0.0
-0.03819757699966431,-0.03819757699966431,0.0
-0.5322463512420654,-0.5322463512420654,0.0
-0.5362181067466736,-0.5362181067466736,0.0
-0.5402982234954834,-0.5402982234954834,0.0
-0.5445235371589661,-0.5445235371589661,0.0
-0.5478681921958923,-0.5478681921958923,0.0
-0.5514644384384155,-0.5514643788337708,5.960464477539063e-08
-0.5549182891845703,-0.5549182295799255,5.960464477539063e-08
-0.5588081479072571,-0.5588082075119019,-5.960464477539063e-08
0.03774072602391243,0.037740737199783325,1.1175870895385742e-08
0.04280635342001915,0.04280634969472885,-3.725290298461914e-09
-0.557589054107666,-0.557589054107666,0.0
-0.563713788986206,-0.5637138485908508,-5.960464477539063e-08
-0.565632700920105,-0.5656327605247498,-5.960464477539063e-08
-0.5675591826438904,-0.5675592422485352,-5.960464477539063e-08
-0.5697643160820007,-0.569764256477356,5.960464477539063e-08
-0.5712035894393921,-0.5712035894393921,0.0
-0.5732207298278809,-0.5732207298278809,0.0
-0.5750078558921814,-0.5750078558921814,0.0
-0.03929077088832855,-0.03929077833890915,-7.450580596923828e-09
-0.03781091421842575,-0.037810906767845154,7.450580596923828e-09
-0.562351405620575,-0.562351405620575,0.0
-0.5649242401123047,-0.5649242401123047,0.0
-0.5672120451927185,-0.5672119855880737,5.960464477539063e-08
-0.5689636468887329,-0.5689636468887329,0.0
-0.5707541108131409,-0.5707540512084961,5.960464477539063e-08
-0.5725788474082947,-0.5725789070129395,-5.960464477539063e-08
-0.5748803019523621,-0.5748803615570068,-5.960464477539063e-08
-0.5782191753387451,-0.5782191753387451,0.0
-0.04081236571073532,-0.04081236571073532,0.0
-0.03841341286897659,-0.0384133979678154,1.4901161193847656e-08
-0.6090494394302368,-0.6090494394302368,0.0
-0.6104686856269836,-0.6104687452316284,-5.960464477539063e-08
-0.6120069026947021,-0.6120068430900574,5.960464477539063e-08
-0.6147791147232056,-0.6147790551185608,5.960464477539063e-08
-0.6158748269081116,-0.6158748865127563,-5.960464477539063e-08
-0.6175283193588257,-0.6175282597541809,5.960464477539063e-08
-0.618821918964386,-0.618821918964386,0.0
-0.6208141446113586,-0.6208141446113586,0.0
-0.1413114219903946,-0.1413114219903946,0.0
-0.13775238394737244,-0.13775238394737244,0.0
-0.6093804836273193,-0.6093804836273193,0.0
-0.6107192635536194,-0.6107192039489746,5.960464477539063e-08
-0.6157922148704529,-0.6157922148704529,0.0
-0.6144965887069702,-0.6144965887069702,0.0
-0.6161446571350098,-0.6161446571350098,0.0
-0.6175379753112793,-0.6175379157066345,5.960464477539063e-08
-0.6193952560424805,-0.6193952560424805,0.0
-0.6211074590682983,-0.6211074590682983,0.0
-0.13977724313735962,-0.13977724313735962,0.0
-0.13520440459251404,-0.13520440459251404,0.0
-0.3334263265132904,-0.3334263265132904,0.0
-0.3347121477127075,-0.3347121477127075,0.0
-0.337807297706604,-0.337807297706604,0.0
-0.33746129274368286,-0.33746129274368286,0.0
-0.33793142437934875,-0.33793139457702637,2.9802322387695312e-08
-0.33890199661254883,-0.33890196681022644,2.9802322387695312e-08
-0.3401147425174713,-0.3401147723197937,-2.9802322387695312e-08
-0.3413693308830261,-0.3413693308830261,0.0
0.22269099950790405,0.22269096970558167,-2.9802322387695312e-08
0.22560732066631317,0.22560730576515198,-1.4901161193847656e-08
-0.3383111357688904,-0.3383111357688904,0.0
-0.33696478605270386,-0.33696481585502625,-2.9802322387695312e-08
-0.3378422260284424,-0.3378422260284424,0.0
-0.3468838930130005,-0.3468838930130005,0.0
-0.34377527236938477,-0.34377527236938477,0.0
-0.34080153703689575,-0.34080156683921814,-2.9802322387695312e-08
-0.3465445041656494,-0.3465445339679718,-2.9802322387695312e-08
-0.34760236740112305,-0.34760236740112305,0.0
0.22533872723579407,0.22533875703811646,2.9802322387695312e-08
0.22992472350597382,0.22992470860481262,-1.4901161193847656e-08
-0.5287293195724487,-0.5287293195724487,0.0
-0.5339710712432861,-0.5339710712432861,0.0
-0.5387260317802429,-0.5387260913848877,-5.960464477539063e-08
-0.5421957969665527,-0.5421957969665527,0.0
-0.5474507808685303,-0.5474507808685303,0.0
-0.5501886606216431,-0.5501886606216431,0.0
-0.5536187887191772,-0.5536187291145325,5.960464477539063e-08
-0.5575690865516663,-0.5575690865516663,0.0
0.03717222437262535,0.03717222064733505,-3.725290298461914e-09
0.04387686401605606,0.04387686401605606,0.0
-0.5316093564033508,-0.5316094160079956,-5.960464477539063e-08
-0.535561203956604,-0.535561203956604,0.0
-0.5395569205284119,-0.5395569801330566,-5.960464477539063e-08
-0.543999195098877,-0.543999195098877,0.0
-0.5440791845321655,-0.5440792441368103,-5.960464477539063e-08
-0.5514780879020691,-0.5514780282974243,5.960464477539063e-08
-0.5548206567764282,-0.5548206567764282,0.0
-0.5580388903617859,-0.5580388903617859,0.0
0.03711763396859169,0.03711763024330139,-3.725290298461914e-09
0.04347122460603714,0.043471239507198334,1.4901161193847656e-08
-0.3329903781414032,-0.3329904079437256,-2.9802322387695312e-08
-0.33359116315841675,-0.33359119296073914,-2.9802322387695312e-08
-0.33599528670310974,-0.33599528670310974,0.0
-0.33709073066711426,-0.33709073066711426,0.0
-0.3430575728416443,-0.3430575728416443,0.0
-0.34055888652801514,-0.34055885672569275,2.9802322387695312e-08
-0.34094542264938354,-0.34094542264938354,0.0
-0.34636190533638,-0.3463619351387024,-2.9802322387695312e-08
0.22232460975646973,0.22232460975646973,0.0
0.22598479688167572,0.22598479688167572,0.0
-0.5843905210494995,-0.5843905806541443,-5.960464477539063e-08
-0.5842423439025879,-0.5842423439025879,0.0
-0.5911692976951599,-0.5911692976951599,0.0
-0.5916656851768494,-0.5916656851768494,0.0
-0.5953080654144287,-0.5953080058097839,5.960464477539063e-08
-0.598856508731842,-0.598856508731842,0.0
-0.6037988662719727,-0.6037988662719727,0.0
-0.6054103374481201,-0.6054103374481201,0.0
-0.06485076248645782,-0.06485074758529663,1.4901161193847656e-08
-0.057485029101371765,-0.05748501792550087,1.1175870895385742e-08
-0.5810872912406921,-0.5810872316360474,5.960464477539063e-08
-0.5847324132919312,-0.5847324132919312,0.0
-0.5884895324707031,-0.5884895324707031,0.0
-0.5965768098831177,-0.5965768098831177,0.0
-0.5956068634986877,-0.5956068634986877,0.0
-0.5989831686019897,-0.598983108997345,5.960464477539063e-08
-0.6024832129478455,-0.6024832725524902,-5.960464477539063e-08
-0.605193018913269,-0.605193018913269,0.0
-0.06558508425951004,-0.06558508425951004,0.0
-0.060227662324905396,-0.06022768095135689,-1.862645149230957e-08
-0.39124444127082825,-0.39124441146850586,2.9802322387695312e-08
-0.3905481696128845,-0.3905482292175293,-5.960464477539063e-08
-0.39369577169418335,-0.39369577169418335,0.0
-0.3934924602508545,-0.3934924900531769,-2.9802322387695312e-08
-0.39345335960388184,-0.39345335960388184,0.0
-0.3930923342704773,-0.3930923342704773,0.0
-0.3962274193763733,-0.3962274193763733,0.0
-0.39473235607147217,-0.3947323262691498,2.9802322387695312e-08
0.12391845881938934,0.12391844391822815,-1.4901161193847656e-08
0.1260550171136856,0.1260550171136856,0.0
-0.3886876404285431,-0.3886876702308655,-2.9802322387695312e-08
-0.3915574550628662,-0.3915574550628662,0.0
-0.3899681568145752,-0.3899681270122528,2.9802322387695312e-08
-0.3939375579357147,-0.39393752813339233,2.9802322387695312e-08
-0.39226290583610535,-0.39226290583610535,0.0
-0.3929222524166107,-0.39292222261428833,2.9802322387695312e-08
-0.3936108946800232,-0.3936108648777008,2.9802322387695312e-08
-0.3969708979129791,-0.3969709277153015,-2.9802322387695312e-08
0.12394693493843079,0.12394694983959198,1.4901161193847656e-08
0.12722735106945038,0.12722733616828918,-1.4901161193847656e-08
-0.39212101697921753,-0.39212101697921753,0.0
-0.39156538248062134,-0.39156538248062134,0.0
-0.3924820125102997,-0.39248204231262207,-2.9802322387695312e-08
-0.3905651569366455,-0.3905651569366455,0.0
-0.39459744095802307,-0.3945974111557007,2.9802322387695312e-08
-0.3921463191509247,-0.3921463191509247,0.0
-0.3925379514694214,-0.3925379514694214,0.0
-0.3941592574119568,-0.3941592872142792,-2.9802322387695312e-08
0.12318620085716248,0.12318620085716248,0.0
0.13095799088478088,0.1309579759836197,-1.4901161193847656e-08
-0.6112572550773621,-0.6112572550773621,0.0
-0.6108940243721008,-0.610893964767456,5.960464477539063e-08
-0.6170551776885986,-0.6170551776885986,0.0
-0.617072582244873,-0.617072582244873,0.0
-0.6181499361991882,-0.6181499361991882,0.0
-0.6197744607925415,-0.6197745203971863,-5.960464477539063e-08
-0.621502161026001,-0.621502161026001,0.0
-0.6224503517150879,-0.6224504113197327,-5.960464477539063e-08
-0.14554956555366516,-0.14554953575134277,2.9802322387695312e-08
-0.14584575593471527,-0.14584577083587646,-1.4901161193847656e-08
-0.6092921495437622,-0.6092921495437622,0.0
-0.6130108833312988,-0.6130108833312988,0.0
-0.6151483654975891,-0.6151483058929443,5.960464477539063e-08
-0.6166103482246399,-0.6166103482246399,0.0
-0.6179249882698059,-0.6179249286651611,5.960464477539063e-08
-0.6195312738418579,-0.6195312142372131,5.960464477539063e-08
-0.6187870502471924,-0.6187870502471924,0.0
-0.6224523186683655,-0.6224523186683655,0.0
-0.1427357792854309,-0.14273576438426971,1.4901161193847656e-08
-0.14390400052070618,-0.14390398561954498,1.4901161193847656e-08
-0.6102389097213745,-0.6102389097213745,0.0
-0.6112681031227112,-0.6112680435180664,5.960464477539063e-08
-0.6128072738647461,-0.6128072738647461,0.0
-0.6144675016403198,-0.6144675016403198,0.0
-0.61799556016922,-0.61799556016922,0.0
-0.6173851490020752,-0.6173850297927856,1.1920928955078125e-07
-0.6200453042984009,-0.6200452446937561,5.960464477539063e-08
-0.621893584728241,-0.6218935251235962,5.960464477539063e-08
-0.13761618733406067,-0.13761618733406067,0.0
-0.13323022425174713,-0.13323022425174713,0.0
-0.6108056902885437,-0.6108056306838989,5.960464477539063e-08
-0.6113935708999634,-0.6113935112953186,5.960464477539063e-08
-0.6126092076301575,-0.6126091480255127,5.960464477539063e-08
-0.6165732741355896,-0.6165732741355896,0.0
-0.6155545711517334,-0.6155545711517334,0.0
-0.6191149353981018,-0.6191149353981018,0.0
-0.6209666132926941,-0.6209666132926941,0.0
-0.6204107999801636,-0.6204107999801636,0.0
-0.14359109103679657,-0.14359109103679657,0.0
-0.1405658721923828,-0.1405658721923828,0.0
-0.6158957481384277,-0.615895688533783,5.960464477539063e-08
-0.614031195640564,-0.614031195640564,0.0
-0.6164169311523438,-0.6164169907569885,-5.960464477539063e-08
-0.6184399127960205,-0.6184399127960205,0.0
-0.6212897896766663,-0.6212897300720215,5.960464477539063e-08
-0.6220329999923706,-0.6220329999923706,0.0
-0.6255619525909424,-0.6255619525909424,0.0
-0.6251550912857056,-0.6251551508903503,-5.960464477539063e-08
-0.1447649896144867,-0.1447649896144867,0.0
-0.1421339064836502,-0.1421339064836502,0.0
-0.6124820113182068,-0.612481951713562,5.960464477539063e-08
-0.6141673922538757,-0.614167332649231,5.960464477539063e-08
-0.6135355234146118,-0.6135355234146118,0.0
-0.6180164217948914,-0.6180164217948914,0.0
-0.6170299053192139,-0.6170299053192139,0.0
-0.6222368478775024,-0.6222368478775024,0.0
-0.6226302981376648,-0.6226302981376648,0.0
-0.622640073299408,-0.6226401329040527,-5.960464477539063e-08
-0.14635442197322845,-0.14635440707206726,1.4901161193847656e-08
-0.14140184223651886,-0.14140184223651886,0.0
-0.610350489616394,-0.610350489616394,0.0
-0.6114499568939209,-0.6114499568939209,0.0
-0.6161025166511536,-0.6161024570465088,5.960464477539063e-08
-0.6164092421531677,-0.6164092421531677,0.0
-0.6185100078582764,-0.6185100078582764,0.0
-0.619377076625824,-0.6193770170211792,5.960464477539063e-08
-0.6204714179039001,-0.6204714179039001,0.0
-0.622718095779419,-0.6227180361747742,5.960464477539063e-08
-0.1467866450548172,-0.1467866450548172,0.0
-0.14561840891838074,-0.14561840891838074,0.0
-0.6101025342941284,-0.6101025342941284,0.0
-0.6119382381439209,-0.6119382381439209,0.0
-0.6149735450744629,-0.6149736046791077,-5.960464477539063e-08
-0.6165844202041626,-0.6165843605995178,5.960464477539063e-08
-0.6178634166717529,-0.6178634166717529,0.0
-0.6222691535949707,-0.6222691535949707,0.0
-0.6213809251785278,-0.6213810443878174,-1.1920928955078125e-07
-0.6235048770904541,-0.6235049366950989,-5.960464477539063e-08
-0.1446387767791748,-0.144638791680336,-1.4901161193847656e-08
-0.14165234565734863,-0.14165236055850983,-1.4901161193847656e-08
-0.6114038228988647,-0.6114038228988647,0.0
-0.6136094927787781,-0.6136095523834229,-5.960464477539063e-08
-0.61505526304245,-0.6150553226470947,-5.960464477539063e-08
-0.6155427694320679,-0.6155428290367126,-5.960464477539063e-08
-0.6175208687782288,-0.6175208687782288,0.0
-0.6194697022438049,-0.6194696426391602,5.960464477539063e-08
-0.6225782036781311,-0.6225782036781311,0.0
-0.6251247525215149,-0.6251246929168701,5.960464477539063e-08
-0.1462365984916687,-0.1462365984916687,0.0
-0.14061406254768372,-0.14061406254768372,0.0
-0.6100512742996216,-0.6100512742996216,0.0
-0.6113516688346863,-0.6113516688346863,0.0
-0.6156027317047119,-0.6156027317047119,0.0
-0.6158289313316345,-0.6158289909362793,-5.960464477539063e-08
-0.6205060482025146,-0.6205060482025146,0.0
-0.6194601058959961,-0.6194601058959961,0.0
-0.6234794855117798,-0.6234794855117798,0.0
-0.6261311769485474,-0.6261311173439026,5.960464477539063e-08
-0.1427246630191803,-0.1427246481180191,1.4901161193847656e-08
-0.1425703465938568,-0.1425703465938568,0.0
-0.6105066537857056,-0.6105067133903503,-5.960464477539063e-08
-0.6167638897895813,-0.6167638897895813,0.0
-0.6154880523681641,-0.6154881119728088,-5.960464477539063e-08
-0.6168563365936279,-0.6168563365936279,0.0
-0.6206873059272766,-0.6206872463226318,5.960464477539063e-08
-0.6219483613967896,-0.6219483613967896,0.0
-0.6222171783447266,-0.6222171783447266,0.0
-0.6232619285583496,-0.6232618689537048,5.960464477539063e-08
-0.14350327849388123,-0.1435033082962036,-2.9802322387695312e-08
-0.14272648096084595,-0.14272648096084595,0.0
-0.6094158887863159,-0.6094158887863159,0.0
-0.614537239074707,-0.6145372986793518,-5.960464477539063e-08
-0.6123311519622803,-0.6123310923576355,5.960464477539063e-08
-0.6146135330200195,-0.6146135926246643,-5.960464477539063e-08
-0.6176065802574158,-0.617606520652771,5.960464477539063e-08
-0.6181172132492065,-0.6181172132492065,0.0
-0.6216576099395752,-0.62165766954422,-5.960464477539063e-08
-0.621130108833313,-0.621130108833313,0.0
-0.13897740840911865,-0.13897739350795746,1.4901161193847656e-08
-0.14161601662635803,-0.14161601662635803,0.0
-0.61305171251297,-0.6130517721176147,-5.960464477539063e-08
-0.6168647408485413,-0.6168647408485413,0.0
-0.6138993501663208,-0.613899290561676,5.960464477539063e-08
-0.6165745854377747,-0.6165745258331299,5.960464477539063e-08
-0.6196503639221191,-0.6196503639221191,0.0
-0.6207273006439209,-0.6207273006439209,0.0
-0.6218171715736389,-0.6218172311782837,-5.960464477539063e-08
-0.6243369579315186,-0.6243369579315186,0.0
-0.142212375998497,-0.14221236109733582,1.4901161193847656e-08
-0.14247794449329376,-0.14247794449329376,0.0
-0.609957218170166,-0.6099572777748108,-5.960464477539063e-08
-0.6115231513977051,-0.6115232110023499,-5.960464477539063e-08
-0.6144439578056335,-0.6144439578056335,0.0
-0.6160504221916199,-0.6160504221916199,0.0
-0.6178667545318604,-0.6178666949272156,5.960464477539063e-08
-0.6191300749778748,-0.61913001537323,5.960464477539063e-08
-0.6209810972213745,-0.6209810972213745,0.0
-0.6226450204849243,-0.6226451396942139,-1.1920928955078125e-07
-0.14290563762187958,-0.14290563762187958,0.0
-0.13986554741859436,-0.13986554741859436,0.0
-0.6145079731941223,-0.6145079731941223,0.0
-0.6167534589767456,-0.6167535185813904,-5.960464477539063e-08
-0.6128533482551575,-0.6128533482551575,0.0
-0.6160298585891724,-0.6160297989845276,5.960464477539063e-08
-0.6202424764633179,-0.6202424764633179,0.0
-0.619281530380249,-0.6192814707756042,5.960464477539063e-08
-0.6228673458099365,-0.6228673458099365,0.0
-0.6230173707008362,-0.623017430305481,-5.960464477539063e-08
-0.14819630980491638,-0.14819630980491638,0.0
-0.14339576661586761,-0.14339576661586761,0.0
-0.6123896837234497,-0.6123896837234497,0.0
-0.6160641312599182,-0.6160641312599182,0.0
-0.6127021312713623,-0.6127021908760071,-5.960464477539063e-08
-0.6158867478370667,-0.6158866882324219,5.960464477539063e-08
-0.6173583269119263,-0.6173583269119263,0.0
-0.6194851994514465,-0.6194852590560913,-5.960464477539063e-08
-0.620768666267395,-0.6207686066627502,5.960464477539063e-08
-0.6224644184112549,-0.6224644184112549,0.0
-0.1438821256160736,-0.14388211071491241,1.4901161193847656e-08
-0.14041751623153687,-0.14041750133037567,1.4901161193847656e-08
-0.609518826007843,-0.609518826007843,0.0
-0.6128094792366028,-0.612809419631958,5.960464477539063e-08
-0.6163421869277954,-0.6163421869277954,0.0
-0.6155574321746826,-0.6155574321746826,0.0
-0.6176261901855469,-0.6176261901855469,0.0
-0.6191915273666382,-0.6191915273666382,0.0
-0.6206653118133545,-0.6206653118133545,0.0
-0.621618390083313,-0.6216184496879578,-5.960464477539063e-08
-0.14446842670440674,-0.14446841180324554,1.4901161193847656e-08
-0.14627617597579956,-0.14627617597579956,0.0
-0.61235511302948,-0.6123549938201904,1.1920928955078125e-07
-0.6116672158241272,-0.6116672158241272,0.0
-0.6179067492485046,-0.6179066896438599,5.960464477539063e-08
-0.6178028583526611,-0.6178028583526611,0.0
-0.6182891130447388,-0.618289053440094,5.960464477539063e-08
-0.6207472085952759,-0.6207472681999207,-5.960464477539063e-08
-0.6210762858390808,-0.6210762858390808,0.0
-0.6222525238990784,-0.6222525238990784,0.0
-0.1449081301689148,-0.1449081301689148,0.0
-0.14537952840328217,-0.14537952840328217,0.0
-0.6141464710235596,-0.6141464114189148,5.960464477539063e-08
-0.6143636703491211,-0.6143637299537659,-5.960464477539063e-08
-0.6148545145988464,-0.6148545145988464,0.0
-0.614628255367279,-0.6146281957626343,5.960464477539063e-08
-0.6187623739242554,-0.6187624335289001,-5.960464477539063e-08
-0.6197047829627991,-0.6197047829627991,0.0
-0.6211117506027222,-0.6211117506027222,0.0
-0.6229428052902222,-0.6229427456855774,5.960464477539063e-08
-0.14499743282794952,-0.14499744772911072,-1.4901161193847656e-08
-0.1417330801486969,-0.1417330801486969,0.0
-0.39108002185821533,-0.39107999205589294,2.9802322387695312e-08
-0.38977572321891785,-0.38977575302124023,-2.9802322387695312e-08
-0.3903895616531372,-0.3903895914554596,-2.9802322387695312e-08
-0.39338287711143494,-0.3933829069137573,-2.9802322387695312e-08
-0.39335307478904724,-0.39335304498672485,2.9802322387695312e-08
-0.39267396926879883,-0.3926740288734436,-5.960464477539063e-08
-0.39626359939575195,-0.39626362919807434,-2.9802322387695312e-08
-0.3944498300552368,-0.3944498896598816,-5.960464477539063e-08
0.12277563661336899,0.12277564406394958,7.450580596923828e-09
0.1245424747467041,0.12454250454902649,2.9802322387695312e-08
-0.39057430624961853,-0.39057430624961853,0.0
-0.3914366066455841,-0.3914366364479065,-2.9802322387695312e-08
-0.38990116119384766,-0.38990116119384766,0.0
-0.3946983814239502,-0.3946983814239502,0.0
-0.3946429491043091,-0.3946429491043091,0.0
-0.39578866958618164,-0.39578866958618164,0.0
-0.3966299295425415,-0.3966299295425415,0.0
-0.3974565863609314,-0.39745664596557617,-5.960464477539063e-08
0.12269198894500732,0.12269195914268494,-2.9802322387695312e-08
0.12555354833602905,0.12555354833602905,0.0
-0.3892062306404114,-0.3892061710357666,5.960464477539063e-08
-0.3888079524040222,-0.38880792260169983,2.9802322387695312e-08
-0.3892672061920166,-0.389267235994339,-2.9802322387695312e-08
-0.3895396888256073,-0.3895396888256073,0.0
-0.3935762941837311,-0.39357632398605347,-2.9802322387695312e-08
-0.3936638832092285,-0.39366385340690613,2.9802322387695312e-08
-0.3929674029350281,-0.39296746253967285,-5.960464477539063e-08
-0.39375123381614685,-0.39375126361846924,-2.9802322387695312e-08
0.12380927801132202,0.12380927801132202,0.0
0.13032829761505127,0.13032829761505127,0.0
-0.3906325101852417,-0.3906325399875641,-2.9802322387695312e-08
-0.38911351561546326,-0.38911354541778564,-2.9802322387695312e-08
-0.3897833824157715,-0.3897833824157715,0.0
-0.3913918137550354,-0.3913918137550354,0.0
-0.3945089876651764,-0.3945090174674988,-2.9802322387695312e-08
-0.3953453004360199,-0.3953452706336975,2.9802322387695312e-08
-0.3935284912586212,-0.3935285210609436,-2.9802322387695312e-08
-0.3945743441581726,-0.3945743441581726,0.0
0.1208026260137558,0.1208026260137558,0.0
0.13034816086292267,0.13034817576408386,1.4901161193847656e-08
-0.39222994446754456,-0.39222997426986694,-2.9802322387695312e-08
-0.39251238107681274,-0.39251238107681274,0.0
-0.3945668935775757,-0.3945668935775757,0.0
-0.39515921473503113,-0.3951592445373535,-2.9802322387695312e-08
-0.3967209458351135,-0.3967210054397583,-5.960464477539063e-08
-0.3966066539287567,-0.3966066837310791,-2.9802322387695312e-08
-0.3978040814399719,-0.3978040814399719,0.0
-0.3981380760669708,-0.3981380760669708,0.0
0.12077820301055908,0.12077818810939789,-1.4901161193847656e-08
0.13005395233631134,0.13005395233631134,0.0
-0.37997108697891235,-0.37997111678123474,-2.9802322387695312e-08
-0.37777096033096313,-0.3777709901332855,-2.9802322387695312e-08
-0.38098961114883423,-0.38098961114883423,0.0
-0.38453415036201477,-0.38453415036201477,0.0
-0.3874301314353943,-0.3874300718307495,5.960464477539063e-08
-0.39118993282318115,-0.39118993282318115,0.0
-0.39369088411331177,-0.39369091391563416,-2.9802322387695312e-08
-0.39602676033973694,-0.39602673053741455,2.9802322387695312e-08
0.08505695313215256,0.08505693823099136,-1.4901161193847656e-08
0.08773539960384369,0.08773539960384369,0.0
-0.37901538610458374,-0.3790154457092285,-5.960464477539063e-08
-0.3800637125968933,-0.3800637125968933,0.0
-0.3841938078403473,-0.3841937780380249,2.9802322387695312e-08
-0.38658151030540466,-0.38658151030540466,0.0
-0.3900676667690277,-0.3900676667690277,0.0
-0.39160293340682983,-0.39160293340682983,0.0
-0.3933870792388916,-0.3933870792388916,0.0
-0.39965003728866577,-0.39965003728866577,0.0
0.08445700258016586,0.08445699512958527,-7.450580596923828e-09
0.08828780055046082,0.08828780800104141,7.450580596923828e-09
-0.37872374057769775,-0.37872377038002014,-2.9802322387695312e-08
-0.3826132118701935,-0.3826132118701935,0.0
-0.38432565331459045,-0.38432568311691284,-2.9802322387695312e-08
-0.38758745789527893,-0.3875874876976013,-2.9802322387695312e-08
-0.38997551798820496,-0.38997548818588257,2.9802322387695312e-08
-0.39301756024360657,-0.3930175304412842,2.9802322387695312e-08
-0.3917975127696991,-0.3917974829673767,2.9802322387695312e-08
-0.400043249130249,-0.40004318952560425,5.960464477539063e-08
0.08597400784492493,0.08597399294376373,-1.4901161193847656e-08
0.08927460014820099,0.0892745703458786,-2.9802322387695312e-08
-0.33011317253112793,-0.33011317253112793,0.0
-0.3314135670661926,-0.3314135670661926,0.0
-0.33279478549957275,-0.33279475569725037,2.9802322387695312e-08
-0.33349645137786865,-0.33349642157554626,2.9802322387695312e-08
-0.3350178301334381,-0.3350178599357605,-2.9802322387695312e-08
-0.33519887924194336,-0.33519890904426575,-2.9802322387695312e-08
-0.34630340337753296,-0.34630340337753296,0.0
-0.3472042977809906,-0.3472042977809906,0.0
0.22158613801002502,0.22158612310886383,-1.4901161193847656e-08
0.22461296617984772,0.2246129810810089,1.4901161193847656e-08
0.2219795286655426,0.2219795286655426,0.0
0.22624288499355316,0.22624289989471436,1.4901161193847656e-08
-0.33102351427078247,-0.33102351427078247,0.0
-0.33291095495224,-0.3329109847545624,-2.9802322387695312e-08
-0.3354944884777069,-0.3354944884777069,0.0
-0.3354771137237549,-0.33547714352607727,-2.9802322387695312e-08
-0.33650240302085876,-0.3365023732185364,2.9802322387695312e-08
-0.33733561635017395,-0.33733561635017395,0.0
-0.339563250541687,-0.3395632803440094,-2.9802322387695312e-08
-0.3403439521789551,-0.3403439521789551,0.0
0.2207529991865158,0.220753014087677,1.4901161193847656e-08
0.22371505200862885,0.22371503710746765,-1.4901161193847656e-08
-0.3945174813270569,-0.3945174813270569,0.0
-0.3952873945236206,-0.3952873945236206,0.0
-0.3969113230705261,-0.3969113230705261,0.0
-0.39755475521087646,-0.39755475521087646,0.0
-0.3975367248058319,-0.3975366950035095,2.9802322387695312e-08
-0.39843815565109253,-0.39843815565109253,0.0
-0.398707777261734,-0.398707777261734,0.0
-0.40003466606140137,-0.40003466606140137,0.0
0.12192478775978088,0.12192481011152267,2.2351741790771484e-08
0.1256551444530487,0.1256551444530487,0.0
-0.3916950225830078,-0.3916950523853302,-2.9802322387695312e-08
-0.39225322008132935,-0.39225322008132935,0.0
-0.3941050171852112,-0.3941050171852112,0.0
-0.3952473998069763,-0.3952473998069763,0.0
-0.3956310749053955,-0.3956310749053955,0.0
-0.3970288634300232,-0.3970288336277008,2.9802322387695312e-08
-0.39251577854156494,-0.39251577854156494,0.0
-0.393242210149765,-0.3932421803474426,2.9802322387695312e-08
0.12051144987344742,0.12051144242286682,-7.450580596923828e-09
0.1247137114405632,0.1247137114405632,0.0
0.12089614570140839,0.12089617550373077,2.9802322387695312e-08
0.1262284815311432,0.12622849643230438,1.4901161193847656e-08
0.1215498074889183,0.1215498149394989,7.450580596923828e-09
0.13027606904506683,0.13027605414390564,-1.4901161193847656e-08
-0.3922591209411621,-0.3922591209411621,0.0
-0.3932173550128937,-0.3932173252105713,2.9802322387695312e-08
-0.39212536811828613,-0.39212536811828613,0.0
-0.3952329158782959,-0.3952329158782959,0.0
-0.3959106206893921,-0.39591071009635925,-8.940696716308594e-08
-0.39708054065704346,-0.39708054065704346,0.0
-0.39777088165283203,-0.39777082204818726,5.960464477539063e-08
-0.3978833854198456,-0.39788341522216797,-2.9802322387695312e-08
0.12134462594985962,0.12134462594985962,0.0
0.1251293122768402,0.12512928247451782,-2.9802322387695312e-08
-0.3893999755382538,-0.3893999457359314,2.9802322387695312e-08
-0.38755109906196594,-0.38755112886428833,-2.9802322387695312e-08
-0.38814255595207214,-0.38814258575439453,-2.9802322387695312e-08
-0.39068710803985596,-0.39068710803985596,0.0
-0.3913628160953522,-0.39136284589767456,-2.9802322387695312e-08
-0.39474916458129883,-0.39474913477897644,2.9802322387695312e-08
-0.392486572265625,-0.392486572265625,0.0
-0.3951244354248047,-0.3951243758201599,5.960464477539063e-08
0.12302745133638382,0.12302745878696442,7.450580596923828e-09
0.12983070313930511,0.1298307180404663,1.4901161193847656e-08
-0.39018064737319946,-0.39018064737319946,0.0
-0.39091232419013977,-0.390912264585495,5.960464477539063e-08
-0.3896748423576355,-0.3896748423576355,0.0
-0.3922581076622009,-0.39225807785987854,2.9802322387695312e-08
-0.3916867673397064,-0.3916867673397064,0.0
-0.39168643951416016,-0.39168640971183777,2.9802322387695312e-08
-0.392363965511322,-0.392363965511322,0.0
-0.3944043815135956,-0.3944043517112732,2.9802322387695312e-08
0.12287721782922745,0.12287722527980804,7.450580596923828e-09
0.1260143220424652,0.1260143220424652,0.0
-0.3890545070171356,-0.38905447721481323,2.9802322387695312e-08
-0.3911130726337433,-0.3911131024360657,-2.9802322387695312e-08
-0.3908182382583618,-0.3908182382583618,0.0
-0.39180633425712585,-0.39180630445480347,2.9802322387695312e-08
-0.3930811583995819,-0.3930811285972595,2.9802322387695312e-08
-0.39376702904701233,-0.39376699924468994,2.9802322387695312e-08
-0.39201346039772034,-0.39201346039772034,0.0
-0.3956609070301056,-0.3956609070301056,0.0
0.12014339864253998,0.12014338374137878,-1.4901161193847656e-08
0.12613514065742493,0.12613514065742493,0.0
-0.37688183784484863,-0.37688183784484863,0.0
-0.3780231773853302,-0.3780231773853302,0.0
-0.3809516131877899,-0.3809516131877899,0.0
-0.384612500667572,-0.384612500667572,0.0
-0.3867243230342865,-0.3867243528366089,-2.9802322387695312e-08
-0.38964158296585083,-0.38964158296585083,0.0
-0.38979730010032654,-0.38979730010032654,0.0
-0.39435407519340515,-0.39435410499572754,-2.9802322387695312e-08
0.08223941922187805,0.08223941177129745,-7.450580596923828e-09
0.08707452565431595,0.08707453310489655,7.450580596923828e-09
-0.390264093875885,-0.390264093875885,0.0
-0.3914284110069275,-0.3914284110069275,0.0
-0.39242273569107056,-0.39242273569107056,0.0
-0.3936428427696228,-0.3936428427696228,0.0
-0.3934377133846283,-0.3934376835823059,2.9802322387695312e-08
-0.3924330770969391,-0.3924331068992615,-2.9802322387695312e-08
-0.3935215473175049,-0.3935215175151825,2.9802322387695312e-08
-0.393721342086792,-0.393721342086792,0.0
0.12275004386901855,0.12275004386901855,0.0
0.13196265697479248,0.13196265697479248,0.0
-0.38721928000450134,-0.38721930980682373,-2.9802322387695312e-08
-0.38851624727249146,-0.3885161876678467,5.960464477539063e-08
-0.38898614048957825,-0.38898617029190063,-2.9802322387695312e-08
-0.3893302381038666,-0.38933026790618896,-2.9802322387695312e-08
-0.3898797035217285,-0.3898797631263733,-5.960464477539063e-08
-0.39049071073532104,-0.39049071073532104,0.0
-0.394422322511673,-0.3944222927093506,2.9802322387695312e-08
-0.3936157822608948,-0.3936157822608948,0.0
0.12710905075073242,0.12710903584957123,-1.4901161193847656e-08
0.12834233045578003,0.12834233045578003,0.0
-0.3903587758541107,-0.39035874605178833,2.9802322387695312e-08
-0.39093661308288574,-0.39093661308288574,0.0
-0.39180082082748413,-0.39180079102516174,2.9802322387695312e-08
-0.3937460482120514,-0.393746018409729,2.9802322387695312e-08
-0.39475399255752563,-0.39475399255752563,0.0
-0.3950634300708771,-0.3950634002685547,2.9802322387695312e-08
-0.3929433822631836,-0.3929433822631836,0.0
-0.3937554359436035,-0.3937554359436035,0.0
0.12321288883686066,0.12321287393569946,-1.4901161193847656e-08
0.1304381787776947,0.1304381787776947,0.0
-0.38730913400650024,-0.38730913400650024,0.0
-0.39004623889923096,-0.39004623889923096,0.0
-0.38985541462898254,-0.38985544443130493,-2.9802322387695312e-08
-0.3908068537712097,-0.3908069133758545,-5.960464477539063e-08
-0.3912287652492523,-0.39122873544692993,2.9802322387695312e-08
-0.3918362557888031,-0.3918362557888031,0.0
-0.3912121653556824,-0.3912121653556824,0.0
-0.3930959403514862,-0.3930959403514862,0.0
0.12260553985834122,0.12260553985834122,0.0
0.12865802645683289,0.1286580115556717,-1.4901161193847656e-08
-0.3898540139198303,-0.3898540139198303,0.0
-0.3900220990180969,-0.3900220990180969,0.0
-0.38964974880218506,-0.38964977860450745,-2.9802322387695312e-08
-0.38949528336524963,-0.389495313167572,-2.9802322387695312e-08
-0.3889905512332916,-0.38899052143096924,2.9802322387695312e-08
-0.39087367057800293,-0.39087367057800293,0.0
-0.39185336232185364,-0.391853392124176,-2.9802322387695312e-08
-0.3923710584640503,-0.3923710584640503,0.0
0.12089690566062927,0.12089692056179047,1.4901161193847656e-08
0.12405932694673538,0.12405931949615479,-7.450580596923828e-09
-0.38850605487823486,-0.38850605487823486,0.0
-0.38761192560195923,-0.38761192560195923,0.0
-0.39018380641937256,-0.39018386602401733,-5.960464477539063e-08
-0.38834652304649353,-0.38834649324417114,2.9802322387695312e-08
-0.3909837305545807,-0.3909837007522583,2.9802322387695312e-08
-0.390941321849823,-0.3909413516521454,-2.9802322387695312e-08
-0.3916386365890503,-0.3916386663913727,-2.9802322387695312e-08
-0.3922809064388275,-0.3922809362411499,-2.9802322387695312e-08
0.12269380688667297,0.12269380688667297,0.0
0.12422770261764526,0.12422768771648407,-1.4901161193847656e-08
-0.3870355188846588,-0.3870355486869812,-2.9802322387695312e-08
-0.388157457113266,-0.3881574273109436,2.9802322387695312e-08
-0.3884531259536743,-0.3884531259536743,0.0
-0.38870710134506226,-0.38870710134506226,0.0
-0.3900949954986572,-0.3900949954986572,0.0
-0.39102810621261597,-0.39102810621261597,0.0
-0.39436888694763184,-0.39436885714530945,2.9802322387695312e-08
-0.3924771845340729,-0.3924771547317505,2.9802322387695312e-08
0.12234091758728027,0.12234093248844147,1.4901161193847656e-08
0.13166160881519318,0.13166163861751556,2.9802322387695312e-08
-0.38872358202934265,-0.38872361183166504,-2.9802322387695312e-08
-0.3889583349227905,-0.3889583349227905,0.0
-0.3877352774143219,-0.3877352774143219,0.0
-0.3897836208343506,-0.3897836208343506,0.0
-0.3919087052345276,-0.3919086754322052,2.9802322387695312e-08
-0.3906260132789612,-0.3906260132789612,0.0
-0.39319857954978943,-0.3931986093521118,-2.9802322387695312e-08
-0.3922926187515259,-0.3922926187515259,0.0
0.12227316200733185,0.12227315455675125,-7.450580596923828e-09
0.12907227873802185,0.12907226383686066,-1.4901161193847656e-08
-0.3863765597343445,-0.3863765597343445,0.0
-0.388248473405838,-0.3882484436035156,2.9802322387695312e-08
-0.38772815465927124,-0.38772815465927124,0.0
-0.3884176015853882,-0.3884175717830658,2.9802322387695312e-08
-0.3895145356655121,-0.3895145654678345,-2.9802322387695312e-08
-0.3907376527786255,-0.3907376825809479,-2.9802322387695312e-08
-0.39169007539749146,-0.3916900157928467,5.960464477539063e-08
-0.3922514319419861,-0.3922514319419861,0.0
0.1223621591925621,0.1223621815443039,2.2351741790771484e-08
0.13118597865104675,0.13118599355220795,1.4901161193847656e-08
-0.4048483967781067,-0.4048483967781067,0.0
-0.4031039774417877,-0.40310394763946533,2.9802322387695312e-08
-0.4054885804653168,-0.4054885804653168,0.0
-0.40396708250045776,-0.40396708250045776,0.0
-0.407329797744751,-0.407329797744751,0.0
-0.40603601932525635,-0.4060359597206116,5.960464477539063e-08
-0.40552955865859985,-0.40552958846092224,-2.9802322387695312e-08
-0.4061325788497925,-0.4061325192451477,5.960464477539063e-08
0.12237577140331268,0.12237575650215149,-1.4901161193847656e-08
0.12450376152992249,0.12450376152992249,0.0
0.1723235547542572,0.1723235696554184,1.4901161193847656e-08
0.17401118576526642,0.1740112006664276,1.4901161193847656e-08
0.16946668922901154,0.16946668922901154,0.0
0.17010626196861267,0.17010624706745148,-1.4901161193847656e-08
0.16906778514385223,0.16906780004501343,1.4901161193847656e-08
0.1663690209388733,0.16636903584003448,1.4901161193847656e-08
0.1659882664680481,0.1659882664680481,0.0
0.16490325331687927,0.16490325331687927,0.0
0.1728900820016861,0.1728900671005249,-1.4901161193847656e-08
0.1715770661830902,0.17157705128192902,-1.4901161193847656e-08
0.17305639386177063,0.17305639386177063,0.0
0.17006638646125793,0.17006641626358032,2.9802322387695312e-08
0.16839773952960968,0.1683977246284485,-1.4901161193847656e-08
0.1666807383298874,0.166680708527565,-2.9802322387695312e-08
0.1623314619064331,0.1623314619064331,0.0
0.1638762652873993,0.1638762503862381,-1.4901161193847656e-08
0.04013555124402046,0.04013554006814957,-1.1175870895385742e-08
0.0445854514837265,0.0445854589343071,7.450580596923828e-09
0.16933566331863403,0.16933563351631165,-2.9802322387695312e-08
0.17355552315711975,0.17355550825595856,-1.4901161193847656e-08
0.17230725288391113,0.17230725288391113,0.0
0.1673843264579773,0.16738435626029968,2.9802322387695312e-08
0.16872499883174896,0.16872498393058777,-1.4901161193847656e-08
0.16700690984725952,0.16700690984725952,0.0
0.16660860180854797,0.16660857200622559,-2.9802322387695312e-08
0.1644798368215561,0.1644798368215561,0.0
0.0441712811589241,0.0441712848842144,3.725290298461914e-09
0.045783981680870056,0.04578397050499916,-1.1175870895385742e-08
0.17142200469970703,0.17142198979854584,-1.4901161193847656e-08
0.17331436276435852,0.17331434786319733,-1.4901161193847656e-08
0.17251959443092346,0.17251960933208466,1.4901161193847656e-08
0.171133354306221,0.17113333940505981,-1.4901161193847656e-08
0.17005737125873566,0.17005738615989685,1.4901161193847656e-08
0.16654428839683533,0.16654428839683533,0.0
0.1657177060842514,0.16571767628192902,-2.9802322387695312e-08
0.16431361436843872,0.1643136441707611,2.9802322387695312e-08
0.04414733499288559,0.04414733126759529,-3.725290298461914e-09
0.04522908851504326,0.04522910714149475,1.862645149230957e-08
0.172023206949234,0.17202317714691162,-2.9802322387695312e-08
0.1723310798406601,0.1723310649394989,-1.4901161193847656e-08
0.17246679961681366,0.17246681451797485,1.4901161193847656e-08
0.1666930764913559,0.1666930466890335,-2.9802322387695312e-08
0.1681336611509323,0.16813364624977112,-1.4901161193847656e-08
0.16680268943309784,0.16680267453193665,-1.4901161193847656e-08
0.1623287796974182,0.16232874989509583,-2.9802322387695312e-08
0.16404129564762115,0.16404128074645996,-1.4901161193847656e-08
0.04378073662519455,0.04378072917461395,-7.450580596923828e-09
0.04551883786916733,0.04551882669329643,-1.1175870895385742e-08
0.17467465996742249,0.17467467486858368,1.4901161193847656e-08
0.17444422841072083,0.17444419860839844,-2.9802322387695312e-08
0.17261430621147156,0.17261430621147156,0.0
0.16995632648468018,0.16995632648468018,0.0
0.16855406761169434,0.16855408251285553,1.4901161193847656e-08
0.16739147901535034,0.16739147901535034,0.0
0.1681213080883026,0.1681213080883026,0.0
0.1648925393819809,0.1648925542831421,1.4901161193847656e-08
0.04276959225535393,0.04276958107948303,-1.1175870895385742e-08
0.04505833238363266,0.04505833983421326,7.450580596923828e-09
-0.38913798332214355,-0.38913798332214355,0.0
-0.3875371217727661,-0.3875371217727661,0.0
-0.3906555473804474,-0.3906555473804474,0.0
-0.3899437189102173,-0.3899436891078949,2.9802322387695312e-08
-0.39034274220466614,-0.3903427720069885,-2.9802322387695312e-08
-0.39101216197013855,-0.39101216197013855,0.0
-0.3918113708496094,-0.3918113708496094,0.0
-0.39235544204711914,-0.39235538244247437,5.960464477539063e-08
0.12219486385583878,0.12219487130641937,7.450580596923828e-09
0.12451716512441635,0.12451715767383575,-7.450580596923828e-09
-0.09346869587898254,-0.09346868097782135,1.4901161193847656e-08
-0.09390674531459808,-0.09390676021575928,-1.4901161193847656e-08
-0.09485634416341782,-0.0948563665151596,-2.2351741790771484e-08
-0.0951872393488884,-0.0951872318983078,7.450580596923828e-09
-0.09673012793064117,-0.09673015773296356,-2.9802322387695312e-08
-0.10027818381786346,-0.10027818381786346,0.0
-0.09895491600036621,-0.0989549458026886,-2.9802322387695312e-08
-0.09972256422042847,-0.09972254931926727,1.4901161193847656e-08
0.1778658628463745,0.1778658628463745,0.0
0.17765110731124878,0.17765113711357117,2.9802322387695312e-08
-0.3881666958332062,-0.38816672563552856,-2.9802322387695312e-08
-0.38728398084640503,-0.38728398084640503,0.0
-0.3882520794868469,-0.3882521092891693,-2.9802322387695312e-08
-0.38789135217666626,-0.38789135217666626,0.0
-0.391718327999115,-0.3917182981967926,2.9802322387695312e-08
-0.3900909423828125,-0.3900909423828125,0.0
-0.39109480381011963,-0.39109480381011963,0.0
-0.39170679450035095,-0.39170682430267334,-2.9802322387695312e-08
0.12242023646831512,0.12242022901773453,-7.450580596923828e-09
0.12449127435684204,0.12449128180742264,7.450580596923828e-09
-0.09658753126859665,-0.09658750891685486,2.2351741790771484e-08
-0.09404858946800232,-0.09404858946800232,0.0
-0.09435082972049713,-0.09435081481933594,1.4901161193847656e-08
-0.09661921113729477,-0.09661921858787537,-7.450580596923828e-09
-0.09740794450044632,-0.09740795195102692,-7.450580596923828e-09
-0.09980307519435883,-0.09980307519435883,0.0
-0.09857483953237534,-0.09857484698295593,-7.450580596923828e-09
-0.10080774128437042,-0.10080772638320923,1.4901161193847656e-08
0.17849132418632507,0.17849132418632507,0.0
0.17991209030151367,0.17991207540035248,-1.4901161193847656e-08
-0.094046950340271,-0.0940469354391098,1.4901161193847656e-08
-0.09345719963312149,-0.09345720708370209,-7.450580596923828e-09
-0.09449516236782074,-0.09449517726898193,-1.4901161193847656e-08
-0.09683544188737869,-0.09683546423912048,-2.2351741790771484e-08
-0.09768766164779663,-0.09768764674663544,1.4901161193847656e-08
-0.09747107326984406,-0.09747107326984406,0.0
-0.09756334871053696,-0.09756332635879517,2.2351741790771484e-08
-0.09969670325517654,-0.09969671070575714,-7.450580596923828e-09
0.18244434893131256,0.18244436383247375,1.4901161193847656e-08
0.18136483430862427,0.18136483430862427,0.0
-0.09431496262550354,-0.09431497752666473,-1.4901161193847656e-08
-0.09500603377819061,-0.09500603377819061,0.0
-0.0943077951669693,-0.0943077802658081,1.4901161193847656e-08
-0.09574832022190094,-0.09574829041957855,2.9802322387695312e-08
-0.0983961895108223,-0.0983961969614029,-7.450580596923828e-09
-0.09722892940044403,-0.09722891449928284,1.4901161193847656e-08
-0.09823433309793472,-0.09823432564735413,7.450580596923828e-09
-0.10022173821926117,-0.10022172331809998,1.4901161193847656e-08
0.17783552408218384,0.17783552408218384,0.0
0.17849935591220856,0.17849934101104736,-1.4901161193847656e-08
-0.09608504176139832,-0.09608505666255951,-1.4901161193847656e-08
-0.0964205339550972,-0.0964205414056778,-7.450580596923828e-09
-0.09475121647119522,-0.09475122392177582,-7.450580596923828e-09
-0.09769047051668167,-0.09769047796726227,-7.450580596923828e-09
-0.09901513159275055,-0.09901513159275055,0.0
-0.09949567168951035,-0.09949566423892975,7.450580596923828e-09
-0.1005420833826065,-0.1005420833826065,0.0
-0.10157139599323273,-0.10157139599323273,0.0
0.17821364104747772,0.17821362614631653,-1.4901161193847656e-08
0.177838996052742,0.177838996052742,0.0
0.1730075478553772,0.1730075627565384,1.4901161193847656e-08
0.17128203809261322,0.17128202319145203,-1.4901161193847656e-08
0.17156437039375305,0.17156437039375305,0.0
0.1677117496728897,0.1677117496728897,0.0
0.16465237736701965,0.16465239226818085,1.4901161193847656e-08
0.16427385807037354,0.16427384316921234,-1.4901161193847656e-08
0.16535334289073944,0.16535332798957825,-1.4901161193847656e-08
0.16065791249275208,0.16065791249275208,0.0
0.04075223207473755,0.04075224697589874,1.4901161193847656e-08
0.044172950088977814,0.04417295753955841,7.450580596923828e-09
0.17011359333992004,0.17011359333992004,0.0
0.17003794014453888,0.17003794014453888,0.0
0.17252607643604279,0.17252609133720398,1.4901161193847656e-08
0.16625425219535828,0.16625425219535828,0.0
0.1685723215341568,0.1685723215341568,0.0
0.16703620553016663,0.16703617572784424,-2.9802322387695312e-08
0.16725292801856995,0.16725292801856995,0.0
0.16455891728401184,0.16455891728401184,0.0
0.04331877827644348,0.04331877455115318,-3.725290298461914e-09
0.044732533395290375,0.04473253712058067,3.725290298461914e-09
0.16955691576004028,0.1695569008588791,-1.4901161193847656e-08
0.17321375012397766,0.17321372032165527,-2.9802322387695312e-08
0.17073823511600494,0.17073822021484375,-1.4901161193847656e-08
0.17104756832122803,0.17104753851890564,-2.9802322387695312e-08
0.16863510012626648,0.1686350703239441,-2.9802322387695312e-08
0.16672182083129883,0.16672183573246002,1.4901161193847656e-08
0.1670515388250351,0.1670515537261963,1.4901161193847656e-08
0.16369259357452393,0.16369259357452393,0.0
0.043872639536857605,0.04387262836098671,-1.1175870895385742e-08
0.045313749462366104,0.045313749462366104,0.0
0.43557271361351013,0.43557268381118774,-2.9802322387695312e-08
0.4340130090713501,0.4340130090713501,0.0
0.4330995976924896,0.433099627494812,2.9802322387695312e-08
0.43142640590667725,0.43142640590667725,0.0
0.4299132227897644,0.4299132525920868,2.9802322387695312e-08
0.4278090000152588,0.4278090298175812,2.9802322387695312e-08
0.428306519985199,0.428306519985199,0.0
0.42681175470352173,0.4268117845058441,2.9802322387695312e-08
-0.015284092165529728,-0.01528409868478775,-6.51925802230835e-09
-0.014822144992649555,-0.014822162687778473,-1.7695128917694092e-08
-0.09439226984977722,-0.09439224004745483,2.9802322387695312e-08
-0.09423385560512543,-0.09423387050628662,-1.4901161193847656e-08
-0.0940810889005661,-0.0940811038017273,-1.4901161193847656e-08
-0.09763576090335846,-0.09763576090335846,0.0
-0.09661625325679779,-0.09661625325679779,0.0
-0.0991666167974472,-0.0991666316986084,-1.4901161193847656e-08
-0.09892831742763519,-0.09892833232879639,-1.4901161193847656e-08
-0.0998263731598854,-0.099826380610466,-7.450580596923828e-09
0.17823606729507446,0.17823606729507446,0.0
0.17813917994499207,0.17813917994499207,0.0
-0.09404221922159195,-0.09404221177101135,7.450580596923828e-09
-0.09343074262142181,-0.0934307724237442,-2.9802322387695312e-08
-0.0955997034907341,-0.09559972584247589,-2.2351741790771484e-08
-0.09629885852336884,-0.09629884362220764,1.4901161193847656e-08
-0.09696273505687714,-0.09696272015571594,1.4901161193847656e-08
-0.09805744886398315,-0.09805746376514435,-1.4901161193847656e-08
-0.09867633879184723,-0.09867633879184723,0.0
-0.09827756881713867,-0.09827756881713867,0.0
0.17841851711273193,0.17841850221157074,-1.4901161193847656e-08
0.1785527765750885,0.1785527616739273,-1.4901161193847656e-08
0.1750604510307312,0.1750604212284088,-2.9802322387695312e-08
0.17474746704101562,0.17474746704101562,0.0
0.1732194721698761,0.17321942746639252,-4.470348358154297e-08
0.16909050941467285,0.16909047961235046,-2.9802322387695312e-08
0.17108559608459473,0.17108559608459473,0.0
0.16618604958057404,0.16618603467941284,-1.4901161193847656e-08
0.16500121355056763,0.16500119864940643,-1.4901161193847656e-08
0.16487985849380493,0.16487988829612732,2.9802322387695312e-08
0.04125313088297844,0.04125313088297844,0.0
0.0425582230091095,0.042558226734399796,3.725290298461914e-09
0.16175803542137146,0.16175802052021027,-1.4901161193847656e-08
0.16178689897060394,0.16178688406944275,-1.4901161193847656e-08
0.16440530121326447,0.16440528631210327,-1.4901161193847656e-08
0.1634572148323059,0.16345719993114471,-1.4901161193847656e-08
0.16434592008590698,0.16434592008590698,0.0
0.1613982915878296,0.1613982915878296,0.0
0.16460803151130676,0.16460800170898438,-2.9802322387695312e-08
0.16128943860530853,0.16128945350646973,1.4901161193847656e-08
0.0793905258178711,0.0793905258178711,0.0
0.0815766453742981,0.08157666772603989,2.2351741790771484e-08
-0.09350162744522095,-0.09350162744522095,0.0
-0.09514503180980682,-0.09514503180980682,0.0
-0.09660178422927856,-0.09660178422927856,0.0
-0.0971485823392868,-0.097148597240448,-1.4901161193847656e-08
-0.09826044738292694,-0.09826046228408813,-1.4901161193847656e-08
-0.10000854730606079,-0.10000856220722198,-1.4901161193847656e-08
-0.10002440214157104,-0.10002440214157104,0.0
-0.10143028944730759,-0.10143029689788818,-7.450580596923828e-09
0.17670691013336182,0.176706925034523,1.4901161193847656e-08
0.1785317361354828,0.1785317212343216,-1.4901161193847656e-08
-0.09678831696510315,-0.09678831696510315,0.0
-0.0968809425830841,-0.0968809574842453,-1.4901161193847656e-08
-0.09827937930822372,-0.09827937185764313,7.450580596923828e-09
-0.09963832795619965,-0.09963829815387726,2.9802322387695312e-08
-0.10059754550457001,-0.10059754550457001,0.0
-0.09947212040424347,-0.09947210550308228,1.4901161193847656e-08
-0.10083240270614624,-0.10083240270614624,0.0
-0.10172303020954132,-0.10172304511070251,-1.4901161193847656e-08
0.17582887411117554,0.17582885921001434,-1.4901161193847656e-08
0.17732557654380798,0.17732557654380798,0.0
-0.09449489414691925,-0.09449490904808044,-1.4901161193847656e-08
-0.09499790519475937,-0.09499791264533997,-7.450580596923828e-09
-0.09726732969284058,-0.09726734459400177,-1.4901161193847656e-08
-0.09723140299320221,-0.09723140299320221,0.0
-0.09931987524032593,-0.09931987524032593,0.0
-0.10037772357463837,-0.10037770867347717,1.4901161193847656e-08
-0.10220373421907425,-0.10220375657081604,-2.2351741790771484e-08
-0.09983077645301819,-0.09983077645301819,0.0
0.17772814631462097,0.17772814631462097,0.0
0.1778455376625061,0.1778455376625061,0.0
-0.09603741765022278,-0.09603741765022278,0.0
-0.09720813482999802,-0.09720814228057861,-7.450580596923828e-09
-0.0976930633187294,-0.09769310057163239,-3.725290298461914e-08
-0.09865935146808624,-0.09865938127040863,-2.9802322387695312e-08
-0.1000831127166748,-0.1000831127166748,0.0
-0.10091809928417206,-0.10091809928417206,0.0
-0.10159541666507721,-0.10159538686275482,2.9802322387695312e-08
-0.10259849578142166,-0.10259847342967987,2.2351741790771484e-08
0.17627742886543274,0.17627742886543274,0.0
0.178248792886734,0.17824877798557281,-1.4901161193847656e-08
0.16046641767024994,0.16046643257141113,1.4901161193847656e-08
0.16189563274383545,0.16189564764499664,1.4901161193847656e-08
0.16545093059539795,0.16545099020004272,5.960464477539063e-08
0.16499139368534088,0.16499140858650208,1.4901161193847656e-08
0.1629963368177414,0.1629963517189026,1.4901161193847656e-08
0.16422022879123688,0.16422021389007568,-1.4901161193847656e-08
0.16609643399715424,0.16609643399715424,0.0
0.1623532623052597,0.1623532474040985,-1.4901161193847656e-08
0.08197277784347534,0.08197279274463654,1.4901161193847656e-08
0.08260621875524521,0.0826062262058258,7.450580596923828e-09
0.16279543936252594,0.16279543936252594,0.0
0.16332879662513733,0.16332878172397614,-1.4901161193847656e-08
0.16428014636039734,0.16428016126155853,1.4901161193847656e-08
0.16172707080841064,0.16172707080841064,0.0
0.16208618879318237,0.16208618879318237,0.0
0.16095973551273346,0.16095969080924988,-4.470348358154297e-08
0.16378968954086304,0.16378967463970184,-1.4901161193847656e-08
0.1636640429496765,0.1636640727519989,2.9802322387695312e-08
0.07946638762950897,0.07946639508008957,7.450580596923828e-09
0.0820472240447998,0.0820472240447998,0.0
0.42830905318260193,0.4283090829849243,2.9802322387695312e-08
0.4258463680744171,0.4258463680744171,0.0
0.4265475571155548,0.4265475273132324,-2.9802322387695312e-08
0.42830827832221985,0.4283083379268646,5.960464477539063e-08
0.4281652569770813,0.4281652569770813,0.0
0.42771977186203003,0.42771974205970764,-2.9802322387695312e-08
0.428830623626709,0.4288305938243866,-2.9802322387695312e-08
0.4285733699798584,0.4285733699798584,0.0
0.02231713943183422,0.02231713756918907,-1.862645149230957e-09
0.02220766618847847,0.022207647562026978,-1.862645149230957e-08
0.17359094321727753,0.17359091341495514,-2.9802322387695312e-08
0.17238877713680267,0.17238880693912506,2.9802322387695312e-08
0.17239129543304443,0.17239126563072205,-2.9802322387695312e-08
0.16806747019290924,0.16806745529174805,-1.4901161193847656e-08
0.16912779211997986,0.16912779211997986,0.0
0.16750366985797882,0.16750366985797882,0.0
0.16582581400871277,0.16582579910755157,-1.4901161193847656e-08
0.16529667377471924,0.16529668867588043,1.4901161193847656e-08
0.041128866374492645,0.04112885892391205,-7.450580596923828e-09
0.042285896837711334,0.042285893112421036,-3.725290298461914e-09
0.4357767403125763,0.4357767701148987,2.9802322387695312e-08
0.43626606464385986,0.43626606464385986,0.0
0.4348335564136505,0.4348335564136505,0.0
0.43239977955818176,0.43239977955818176,0.0
0.4309113919734955,0.4309113621711731,-2.9802322387695312e-08
0.42984533309936523,0.42984530329704285,-2.9802322387695312e-08
0.42863979935646057,0.42863982915878296,2.9802322387695312e-08
0.42773306369781494,0.42773309350013733,2.9802322387695312e-08
-0.016389232128858566,-0.016389235854148865,-3.725290298461914e-09
-0.015678782016038895,-0.01567879691720009,-1.4901161193847656e-08
0.4350375533103943,0.4350375831127167,2.9802322387695312e-08
0.43421614170074463,0.4342162013053894,5.960464477539063e-08
0.43362927436828613,0.43362924456596375,-2.9802322387695312e-08
0.4314727187156677,0.43147268891334534,-2.9802322387695312e-08
0.4305000901222229,0.4305001199245453,2.9802322387695312e-08
0.4287763237953186,0.4287763237953186,0.0
0.4267701208591461,0.42677009105682373,-2.9802322387695312e-08
0.4270079731941223,0.4270080327987671,5.960464477539063e-08
-0.016232654452323914,-0.016232647001743317,7.450580596923828e-09
-0.014910148456692696,-0.014910165220499039,-1.6763806343078613e-08
0.4338432848453522,0.4338432550430298,-2.9802322387695312e-08
0.43530893325805664,0.43530890345573425,-2.9802322387695312e-08
0.4341057538986206,0.4341057538986206,0.0
0.4326898753643036,0.432689905166626,2.9802322387695312e-08
0.43130195140838623,0.4313019812107086,2.9802322387695312e-08
0.42940860986709595,0.42940863966941833,2.9802322387695312e-08
0.4279707670211792,0.4279707670211792,0.0
0.42764604091644287,0.42764604091644287,0.0
-0.015392333269119263,-0.015392336994409561,-3.725290298461914e-09
-0.015639014542102814,-0.015638992190361023,2.2351741790771484e-08
0.43630269169807434,0.43630269169807434,0.0
0.4351537823677063,0.4351537823677063,0.0
0.43250322341918945,0.43250322341918945,0.0
0.43198198080062866,0.43198201060295105,2.9802322387695312e-08
0.43101516366004944,0.43101513385772705,-2.9802322387695312e-08
0.4280366897583008,0.4280366599559784,-2.9802322387695312e-08
0.42865222692489624,0.42865222692489624,0.0
0.4271591007709503,0.4271591007709503,0.0
-0.016443990170955658,-0.016443978995084763,1.1175870895385742e-08
-0.014521310105919838,-0.014521308243274689,1.862645149230957e-09
0.4355199337005615,0.4355199337005615,0.0
0.4327768087387085,0.43277686834335327,5.960464477539063e-08
0.43288716673851013,0.43288713693618774,-2.9802322387695312e-08
0.43075031042099,0.4307502508163452,-5.960464477539063e-08
0.4299064874649048,0.4299064576625824,-2.9802322387695312e-08
0.4268881678581238,0.4268881678581238,0.0
0.42444783449172974,0.42444783449172974,0.0
0.4256439805030823,0.4256439805030823,0.0
-0.015563508495688438,-0.015563510358333588,-1.862645149230957e-09
-0.014619291760027409,-0.014619290828704834,9.313225746154785e-10
0.43685585260391235,0.43685582280158997,-2.9802322387695312e-08
0.4350960850715637,0.4350960850715637,0.0
0.4324420094490051,0.4324420094490051,0.0
0.4320230484008789,0.4320230484008789,0.0
0.42948460578918457,0.4294845759868622,-2.9802322387695312e-08
0.42928174138069153,0.42928174138069153,0.0
0.4282193183898926,0.42821937799453735,5.960464477539063e-08
0.42673105001449585,0.42673102021217346,-2.9802322387695312e-08
-0.01608210615813732,-0.01608210802078247,-1.862645149230957e-09
-0.015944724902510643,-0.015944700688123703,2.421438694000244e-08
0.43550974130630493,0.4355097711086273,2.9802322387695312e-08
0.43383586406707764,0.43383583426475525,-2.9802322387695312e-08
0.4325487017631531,0.43254873156547546,2.9802322387695312e-08
0.43103644251823425,0.43103644251823425,0.0
0.4301678538322449,0.43016788363456726,2.9802322387695312e-08
0.428860068321228,0.428860068321228,0.0
0.42733654379844666,0.42733654379844666,0.0
0.42622560262680054,0.42622560262680054,0.0
-0.015931792557239532,-0.015931781381368637,1.1175870895385742e-08
-0.015053573995828629,-0.015053566545248032,7.450580596923828e-09
0.4255130887031555,0.4255131185054779,2.9802322387695312e-08
0.4259788393974304,0.4259788393974304,0.0
0.42620912194252014,0.42620915174484253,2.9802322387695312e-08
0.42662131786346436,0.42662131786346436,0.0
0.4286516606807709,0.4286516308784485,-2.9802322387695312e-08
0.42827191948890686,0.42827191948890686,0.0
0.4285346567630768,0.4285346269607544,-2.9802322387695312e-08
0.4298233687877655,0.4298233985900879,2.9802322387695312e-08
0.02210192196071148,0.022101931273937225,9.313225746154785e-09
0.021740444004535675,0.02174042910337448,-1.4901161193847656e-08
0.426711767911911,0.4267117977142334,2.9802322387695312e-08
0.42639991641044617,0.4263998866081238,-2.9802322387695312e-08
0.42678141593933105,0.42678144574165344,2.9802322387695312e-08
0.42897316813468933,0.42897316813468933,0.0
0.42939674854278564,0.42939674854278564,0.0
0.4294942617416382,0.4294942319393158,-2.9802322387695312e-08
0.4298642873764038,0.4298643171787262,2.9802322387695312e-08
0.4303162693977356,0.4303162693977356,0.0
0.02102844789624214,0.021028421819210052,-2.60770320892334e-08
0.02147642709314823,0.021476421505212784,-5.587935447692871e-09
0.4366898536682129,0.4366898536682129,0.0
0.43515264987945557,0.43515264987945557,0.0
0.43528491258621216,0.43528494238853455,2.9802322387695312e-08
0.43341854214668274,0.43341854214668274,0.0
0.4311506748199463,0.4311506748199463,0.0
0.4304952323436737,0.4304952025413513,-2.9802322387695312e-08
0.4295397400856018,0.4295397400856018,0.0
0.42875057458877563,0.42875057458877563,0.0
-0.017807206138968468,-0.01780720055103302,5.587935447692871e-09
-0.01715254783630371,-0.017152566462755203,-1.862645149230957e-08
0.4372621178627014,0.4372621178627014,0.0
0.43474045395851135,0.43474045395851135,0.0
0.4333830773830414,0.4333830773830414,0.0
0.43165817856788635,0.43165817856788635,0.0
0.42949289083480835,0.42949289083480835,0.0
0.42711228132247925,0.42711228132247925,0.0
0.4290885627269745,0.4290885329246521,-2.9802322387695312e-08
0.42766422033309937,0.427664190530777,-2.9802322387695312e-08
-0.01712385192513466,-0.017123855650424957,-3.725290298461914e-09
-0.016573436558246613,-0.016573429107666016,7.450580596923828e-09
0.43461304903030396,0.43461304903030396,0.0
0.43550145626068115,0.43550145626068115,0.0
0.4328215718269348,0.4328216016292572,2.9802322387695312e-08
0.43176978826522827,0.43176978826522827,0.0
0.43024933338165283,0.4302493631839752,2.9802322387695312e-08
0.4292060136795044,0.4292060136795044,0.0
0.4281112849712372,0.4281112551689148,-2.9802322387695312e-08
0.4273211359977722,0.42732110619544983,-2.9802322387695312e-08
-0.017376312986016273,-0.017376288771629333,2.421438694000244e-08
-0.016309592872858047,-0.016309600323438644,-7.450580596923828e-09
0.4376866817474365,0.43768665194511414,-2.9802322387695312e-08
0.43613260984420776,0.43613260984420776,0.0
0.43475621938705444,0.43475621938705444,0.0
0.4325631856918335,0.4325631856918335,0.0
0.43172743916511536,0.43172746896743774,2.9802322387695312e-08
0.4299727976322174,0.4299728274345398,2.9802322387695312e-08
0.42922860383987427,0.42922860383987427,0.0
0.4280683994293213,0.4280683696269989,-2.9802322387695312e-08
-0.017798464745283127,-0.017798464745283127,0.0
-0.017227530479431152,-0.01722755655646324,-2.60770320892334e-08
0.43766242265701294,0.43766242265701294,0.0
0.43726786971092224,0.43726789951324463,2.9802322387695312e-08
0.436021625995636,0.436021625995636,0.0
0.43408524990081787,0.43408527970314026,2.9802322387695312e-08
0.4327106475830078,0.4327106177806854,-2.9802322387695312e-08
0.4309641122817993,0.4309641718864441,5.960464477539063e-08
0.42960941791534424,0.42960941791534424,0.0
0.42857250571250916,0.42857247591018677,-2.9802322387695312e-08
-0.01835682988166809,-0.018356822431087494,7.450580596923828e-09
-0.017142092809081078,-0.017142072319984436,2.0489096641540527e-08
0.42612677812576294,0.4261268079280853,2.9802322387695312e-08
0.42694640159606934,0.42694640159606934,0.0
0.42666783928871155,0.42666783928871155,0.0
0.4288763403892517,0.4288763701915741,2.9802322387695312e-08
0.4290902316570282,0.4290902018547058,-2.9802322387695312e-08
0.42964261770248413,0.4296426475048065,2.9802322387695312e-08
0.42955416440963745,0.42955416440963745,0.0
0.4303160607814789,0.4303160607814789,0.0
0.019897235557436943,0.0198972225189209,-1.30385160446167e-08
0.021630417555570602,0.02163040265440941,-1.4901161193847656e-08
0.43918824195861816,0.43918827176094055,2.9802322387695312e-08
0.43812689185142517,0.43812692165374756,2.9802322387695312e-08
0.4357902407646179,0.43579018115997314,-5.960464477539063e-08
0.4335493743419647,0.4335493743419647,0.0
0.4323510527610779,0.4323510527610779,0.0
0.4314291179180145,0.4314291179180145,0.0
0.4310868978500366,0.431086927652359,2.9802322387695312e-08
0.4298437237739563,0.4298437237739563,0.0
-0.019504930824041367,-0.01950491964817047,1.1175870895385742e-08
-0.018519585952162743,-0.018519580364227295,5.587935447692871e-09
0.4371992349624634,0.4371992349624634,0.0
0.43615472316741943,0.43615472316741943,0.0
0.4347025752067566,0.4347025454044342,-2.9802322387695312e-08
0.43199917674064636,0.431999146938324,-2.9802322387695312e-08
0.4321865141391754,0.432186484336853,-2.9802322387695312e-08
0.42978107929229736,0.42978110909461975,2.9802322387695312e-08
0.4296893775463104,0.4296893775463104,0.0
0.4277437925338745,0.4277437627315521,-2.9802322387695312e-08
-0.017832573503255844,-0.01783258467912674,-1.1175870895385742e-08
-0.017525900155305862,-0.01752590388059616,-3.725290298461914e-09
0.43793678283691406,0.4379367232322693,-5.960464477539063e-08
0.43647563457489014,0.43647563457489014,0.0
0.4351503252983093,0.43515029549598694,-2.9802322387695312e-08
0.43389302492141724,0.43389302492141724,0.0
0.4319189488887787,0.4319189190864563,-2.9802322387695312e-08
0.4309026598930359,0.4309026598930359,0.0
0.42960354685783386,0.4296035170555115,-2.9802322387695312e-08
0.42856770753860474,0.42856770753860474,0.0
-0.018695661798119545,-0.018695645034313202,1.6763806343078613e-08
-0.018732354044914246,-0.01873234286904335,1.1175870895385742e-08
0.4396010935306549,0.4396010935306549,0.0
0.43732723593711853,0.43732720613479614,-2.9802322387695312e-08
0.4359944760799408,0.4359944760799408,0.0
0.43472057580947876,0.43472054600715637,-2.9802322387695312e-08
0.4335569143295288,0.4335569441318512,2.9802322387695312e-08
0.4317658841609955,0.4317658841609955,0.0
0.43055254220962524,0.43055254220962524,0.0
0.42961692810058594,0.42961692810058594,0.0
-0.019659031182527542,-0.019659027457237244,3.725290298461914e-09
-0.018474457785487175,-0.01847447082400322,-1.30385160446167e-08
0.438548743724823,0.438548743724823,0.0
0.43739551305770874,0.43739548325538635,-2.9802322387695312e-08
0.4359462857246399,0.4359462857246399,0.0
0.4348430037498474,0.434842973947525,-2.9802322387695312e-08
0.4331478774547577,0.4331478774547577,0.0
0.43162238597869873,0.43162235617637634,-2.9802322387695312e-08
0.4284440577030182,0.4284440875053406,2.9802322387695312e-08
0.42968443036079407,0.4296844005584717,-2.9802322387695312e-08
-0.018815577030181885,-0.01881559193134308,-1.4901161193847656e-08
-0.017847737297415733,-0.01784772425889969,1.30385160446167e-08
0.4253793954849243,0.4253794252872467,2.9802322387695312e-08
0.4273284673690796,0.4273284673690796,0.0
0.4269842505455017,0.4269842505455017,0.0
0.42859965562820435,0.4285997152328491,5.960464477539063e-08
0.4298165440559387,0.42981648445129395,-5.960464477539063e-08
0.4298936724662781,0.4298936724662781,0.0
0.4297182261943817,0.4297182261943817,0.0
0.4309391975402832,0.4309391975402832,0.0
0.020457956939935684,0.020457956939935684,0.0
0.022542679682374,0.022542688995599747,9.313225746154785e-09
0.4347749650478363,0.4347749948501587,2.9802322387695312e-08
0.4332680106163025,0.4332680106163025,0.0
0.4316878318786621,0.4316878318786621,0.0
0.43047675490379333,0.4304767847061157,2.9802322387695312e-08
0.4291738271713257,0.4291737973690033,-2.9802322387695312e-08
0.42767053842544556,0.42767050862312317,-2.9802322387695312e-08
0.4263162612915039,0.4263162612915039,0.0
0.4254069924354553,0.4254069924354553,0.0
-0.017124272882938385,-0.017124272882938385,0.0
-0.017028914764523506,-0.017028912901878357,1.862645149230957e-09
0.43242570757865906,0.43242570757865906,0.0
0.4321325719356537,0.4321326017379761,2.9802322387695312e-08
0.4305158853530884,0.430515855550766,-2.9802322387695312e-08
0.42864924669265747,0.4286492168903351,-2.9802322387695312e-08
0.42752742767333984,0.42752745747566223,2.9802322387695312e-08
0.4266758859157562,0.4266759157180786,2.9802322387695312e-08
0.425096720457077,0.425096720457077,0.0
0.4242991805076599,0.4242991805076599,0.0
-0.017490407451987267,-0.017490409314632416,-1.862645149230957e-09
-0.016584336757659912,-0.01658434420824051,-7.450580596923828e-09
0.43341588973999023,0.43341585993766785,-2.9802322387695312e-08
0.4323675334453583,0.43236756324768066,2.9802322387695312e-08
0.42986321449279785,0.42986321449279785,0.0
0.42909693717956543,0.42909690737724304,-2.9802322387695312e-08
0.4274204969406128,0.4274204671382904,-2.9802322387695312e-08
0.42601561546325684,0.42601561546325684,0.0
0.4251435399055481,0.4251435697078705,2.9802322387695312e-08
0.4240249693393707,0.42402493953704834,-2.9802322387695312e-08
-0.016667984426021576,-0.01666799560189247,-1.1175870895385742e-08
-0.016082648187875748,-0.016082651913166046,-3.725290298461914e-09
0.4331219792366028,0.433121919631958,-5.960464477539063e-08
0.43148481845855713,0.4314848482608795,2.9802322387695312e-08
0.43004104495048523,0.43004101514816284,-2.9802322387695312e-08
0.4285593032836914,0.428559273481369,-2.9802322387695312e-08
0.4272328317165375,0.4272328019142151,-2.9802322387695312e-08
0.4260324239730835,0.4260324239730835,0.0
0.42456212639808655,0.42456215620040894,2.9802322387695312e-08
0.423705518245697,0.42370548844337463,-2.9802322387695312e-08
-0.01713906042277813,-0.017139051109552383,9.313225746154785e-09
-0.01591135933995247,-0.015911366790533066,-7.450580596923828e-09
0.4308624863624573,0.4308624565601349,-2.9802322387695312e-08
0.43143925070762634,0.43143922090530396,-2.9802322387695312e-08
0.4296472668647766,0.4296472668647766,0.0
0.4278537929058075,0.4278538227081299,2.9802322387695312e-08
0.4262465834617615,0.4262465834617615,0.0
0.42343756556510925,0.42343756556510925,0.0
0.4240638017654419,0.4240638017654419,0.0
0.42247894406318665,0.42247897386550903,2.9802322387695312e-08
-0.016331743448972702,-0.01633172482252121,1.862645149230957e-08
-0.015413185581564903,-0.015413176268339157,9.313225746154785e-09
0.4293534755706787,0.4293535351753235,5.960464477539063e-08
0.4306684732437134,0.4306684732437134,0.0
0.4293653070926666,0.42936527729034424,-2.9802322387695312e-08
0.4274377226829529,0.4274376630783081,-5.960464477539063e-08
0.4263339042663574,0.4263339042663574,0.0
0.424264132976532,0.424264132976532,0.0
0.42443597316741943,0.42443597316741943,0.0
0.4227755069732666,0.4227755069732666,0.0
-0.016796156764030457,-0.01679617166519165,-1.4901161193847656e-08
-0.016574980691075325,-0.016574982553720474,-1.862645149230957e-09
0.43252474069595337,0.43252474069595337,0.0
0.4313218891620636,0.4313218593597412,-2.9802322387695312e-08
0.42975249886512756,0.4297524690628052,-2.9802322387695312e-08
0.42839598655700684,0.4283960163593292,2.9802322387695312e-08
0.42712628841400146,0.4271262586116791,-2.9802322387695312e-08
0.4249814748764038,0.42498141527175903,-5.960464477539063e-08
0.42450785636901855,0.42450785636901855,0.0
0.42359283566474915,0.42359280586242676,-2.9802322387695312e-08
-0.016781210899353027,-0.01678120344877243,7.450580596923828e-09
-0.01619420200586319,-0.016194209456443787,-7.450580596923828e-09
0.4333227574825287,0.4333227872848511,2.9802322387695312e-08
0.432081401348114,0.432081401348114,0.0
0.4302237927913666,0.4302237927913666,0.0
0.428937703371048,0.428937703371048,0.0
0.42760545015335083,0.42760545015335083,0.0
0.4251673221588135,0.42516735196113586,2.9802322387695312e-08
0.42376479506492615,0.42376482486724854,2.9802322387695312e-08
0.4233132004737854,0.4233132004737854,0.0
-0.018709421157836914,-0.01870943233370781,-1.1175870895385742e-08
-0.01753999851644039,-0.017539996653795242,1.862645149230957e-09
0.4323345422744751,0.4323345422744751,0.0
0.43084388971328735,0.43084388971328735,0.0
0.42932450771331787,0.42932450771331787,0.0
0.4282350540161133,0.4282350540161133,0.0
0.42660999298095703,0.42660999298095703,0.0
0.42535948753356934,0.42535948753356934,0.0
0.42166897654533386,0.42166900634765625,2.9802322387695312e-08
0.42243844270706177,0.4224384129047394,-2.9802322387695312e-08
-0.01725715771317482,-0.017257142812013626,1.4901161193847656e-08
-0.01664392277598381,-0.016643919050693512,3.725290298461914e-09
0.4335809350013733,0.4335809051990509,-2.9802322387695312e-08
0.4322938323020935,0.4322938621044159,2.9802322387695312e-08
0.4318108558654785,0.4318108558654785,0.0
0.4317283630371094,0.431728333234787,-2.9802322387695312e-08
0.42985543608665466,0.42985543608665466,0.0
0.4283508360385895,0.4283508360385895,0.0
0.42684561014175415,0.42684561014175415,0.0
0.42628949880599976,0.42628949880599976,0.0
-0.01920350082218647,-0.01920348033308983,2.0489096641540527e-08
-0.019155114889144897,-0.0191551111638546,3.725290298461914e-09
0.42636507749557495,0.42636510729789734,2.9802322387695312e-08
0.4270155429840088,0.4270155131816864,-2.9802322387695312e-08
0.42712321877479553,0.42712318897247314,-2.9802322387695312e-08
0.4334670901298523,0.4334670305252075,-5.960464477539063e-08
0.4298418164253235,0.4298417866230011,-2.9802322387695312e-08
0.4294643700122833,0.4294643700122833,0.0
0.4304257929325104,0.43042582273483276,2.9802322387695312e-08
0.4300342798233032,0.4300342798233032,0.0
0.019749265164136887,0.019749276340007782,1.1175870895385742e-08
0.02038303203880787,0.020383037626743317,5.587935447692871e-09
0.4387966990470886,0.43879666924476624,-2.9802322387695312e-08
0.4369855523109436,0.4369855523109436,0.0
0.43616199493408203,0.43616193532943726,-5.960464477539063e-08
0.43384864926338196,0.43384861946105957,-2.9802322387695312e-08
0.43328678607940674,0.43328678607940674,0.0
0.4327908456325531,0.4327908158302307,-2.9802322387695312e-08
0.4299902319908142,0.4299902319908142,0.0
0.4298856854438782,0.42988571524620056,2.9802322387695312e-08
-0.020303482189774513,-0.020303502678871155,-2.0489096641540527e-08
-0.01953917182981968,-0.01953916996717453,1.862645149230957e-09
0.43878138065338135,0.43878138065338135,0.0
0.4372127652168274,0.4372127950191498,2.9802322387695312e-08
0.4353867769241333,0.4353867769241333,0.0
0.4341466426849365,0.4341466426849365,0.0
0.43306422233581543,0.43306422233581543,0.0
0.4309230446815491,0.43092307448387146,2.9802322387695312e-08
0.4290774464607239,0.4290774464607239,0.0
0.42891716957092285,0.42891719937324524,2.9802322387695312e-08
-0.019960787147283554,-0.019960764795541763,2.2351741790771484e-08
-0.019053393974900246,-0.019053373485803604,2.0489096641540527e-08
0.4388417601585388,0.43884173035621643,-2.9802322387695312e-08
0.43770384788513184,0.4377038776874542,2.9802322387695312e-08
0.4363268315792084,0.436326801776886,-2.9802322387695312e-08
0.4335612654685974,0.4335612952709198,2.9802322387695312e-08
0.433734655380249,0.433734655380249,0.0
0.43166232109069824,0.43166232109069824,0.0
0.43014687299728394,0.43014687299728394,0.0
0.42991167306900024,0.42991167306900024,0.0
-0.019983094185590744,-0.019983094185590744,0.0
-0.018839478492736816,-0.018839474767446518,3.725290298461914e-09
0.438126802444458,0.4381267726421356,-2.9802322387695312e-08
0.43634742498397827,0.43634745478630066,2.9802322387695312e-08
0.43516796827316284,0.43516796827316284,0.0
0.4338117837905884,0.4338117837905884,0.0
0.4315933585166931,0.4315933585166931,0.0
0.4304843246936798,0.4304843544960022,2.9802322387695312e-08
0.42953360080718994,0.42953360080718994,0.0
0.4285449981689453,0.4285449683666229,-2.9802322387695312e-08
-0.01920078694820404,-0.01920079067349434,-3.725290298461914e-09
-0.01848939247429371,-0.018489398062229156,-5.587935447692871e-09
0.4362682104110718,0.43626824021339417,2.9802322387695312e-08
0.4349347949028015,0.4349347949028015,0.0
0.4340074956417084,0.434007465839386,-2.9802322387695312e-08
0.4320705831050873,0.4320705831050873,0.0
0.4299786686897278,0.4299786686897278,0.0
0.42976850271224976,0.42976850271224976,0.0
0.42766690254211426,0.42766690254211426,0.0
0.4273514747619629,0.4273514151573181,-5.960464477539063e-08
-0.018781952559947968,-0.018781963735818863,-1.1175870895385742e-08
-0.018044034019112587,-0.018044032156467438,1.862645149230957e-09
0.43788251280784607,0.43788251280784607,0.0
0.43668150901794434,0.4366815686225891,5.960464477539063e-08
0.4353758990764618,0.4353758692741394,-2.9802322387695312e-08
0.43359383940696716,0.43359386920928955,2.9802322387695312e-08
0.43122491240501404,0.4312249422073364,2.9802322387695312e-08
0.43120959401130676,0.43120962381362915,2.9802322387695312e-08
0.4308456778526306,0.4308456778526306,0.0
0.4298827648162842,0.4298827350139618,-2.9802322387695312e-08
0.4380599558353424,0.43805992603302,-2.9802322387695312e-08
0.4369621276855469,0.4369621276855469,0.0
0.4351661205291748,0.4351661205291748,0.0
0.433185875415802,0.4331859052181244,2.9802322387695312e-08
0.4327854812145233,0.4327855408191681,5.960464477539063e-08
0.42991435527801514,0.42991432547569275,-2.9802322387695312e-08
0.4318891763687134,0.43188920617103577,2.9802322387695312e-08
0.4309234917163849,0.4309234619140625,-2.9802322387695312e-08
-0.019919224083423615,-0.019919227808713913,-3.725290298461914e-09
-0.019033946096897125,-0.019033949822187424,-3.725290298461914e-09
0.43646040558815,0.43646040558815,0.0
0.4365693926811218,0.4365694224834442,2.9802322387695312e-08
0.4339447021484375,0.4339446723461151,-2.9802322387695312e-08
0.4320441782474518,0.43204420804977417,2.9802322387695312e-08
0.43087896704673767,0.4308789372444153,-2.9802322387695312e-08
0.42925122380256653,0.4292512536048889,2.9802322387695312e-08
0.42921745777130127,0.42921745777130127,0.0
0.428743839263916,0.428743839263916,0.0
-0.021289128810167313,-0.02128913253545761,-3.725290298461914e-09
-0.02023884654045105,-0.020238853991031647,-7.450580596923828e-09
0.4330557584762573,0.43305572867393494,-2.9802322387695312e-08
0.43217432498931885,0.43217432498931885,0.0
0.43019646406173706,0.43019646406173706,0.0
0.42745742201805115,0.42745745182037354,2.9802322387695312e-08
0.4270089864730835,0.4270089864730835,0.0
0.42547720670700073,0.4254772365093231,2.9802322387695312e-08
0.4246758222579956,0.424675852060318,2.9802322387695312e-08
0.4234800338745117,0.4234800338745117,0.0
-0.01870824582874775,-0.018708229064941406,1.6763806343078613e-08
-0.0185614712536335,-0.018561460077762604,1.1175870895385742e-08
0.43635421991348267,0.43635421991348267,0.0
0.4345337450504303,0.4345337152481079,-2.9802322387695312e-08
0.4331342279911041,0.4331342577934265,2.9802322387695312e-08
0.4311559200286865,0.4311559498310089,2.9802322387695312e-08
0.43002355098724365,0.43002358078956604,2.9802322387695312e-08
0.4285926818847656,0.4285926818847656,0.0
0.42775577306747437,0.427755743265152,-2.9802322387695312e-08
0.4261836111545563,0.4261836111545563,0.0
-0.019024375826120377,-0.019024379551410675,-3.725290298461914e-09
-0.01770429126918316,-0.017704300582408905,-9.313225746154785e-09
0.4348532557487488,0.43485331535339355,5.960464477539063e-08
0.4334118068218231,0.4334118068218231,0.0
0.4319513440132141,0.4319513440132141,0.0
0.4302876889705658,0.4302877187728882,2.9802322387695312e-08
0.42880409955978394,0.42880406975746155,-2.9802322387695312e-08
0.42730551958084106,0.4273054897785187,-2.9802322387695312e-08
0.42646390199661255,0.42646390199661255,0.0
0.42520272731781006,0.42520278692245483,5.960464477539063e-08
-0.018278637900948524,-0.01827862858772278,9.313225746154785e-09
-0.018103528767824173,-0.018103525042533875,3.725290298461914e-09
0.43453770875930786,0.43453770875930786,0.0
0.4333498179912567,0.4333497881889343,-2.9802322387695312e-08
0.43178772926330566,0.4317876994609833,-2.9802322387695312e-08
0.4303751587867737,0.4303751289844513,-2.9802322387695312e-08
0.42905163764953613,0.42905163764953613,0.0
0.4271102547645569,0.4271102249622345,-2.9802322387695312e-08
0.42672646045684814,0.42672646045684814,0.0
0.4255635142326355,0.4255635440349579,2.9802322387695312e-08
-0.017952457070350647,-0.01795244961977005,7.450580596923828e-09
-0.017544634640216827,-0.017544619739055634,1.4901161193847656e-08
0.4353991746902466,0.4353991746902466,0.0
0.4339674413204193,0.4339675009250641,5.960464477539063e-08
0.4320101737976074,0.4320101737976074,0.0
0.4306659400463104,0.43066591024398804,-2.9802322387695312e-08
0.4290540814399719,0.4290541112422943,2.9802322387695312e-08
0.4276750683784485,0.4276750981807709,2.9802322387695312e-08
0.426685094833374,0.4266851246356964,2.9802322387695312e-08
0.42543256282806396,0.42543259263038635,2.9802322387695312e-08
-0.019610552117228508,-0.019610557705163956,-5.587935447692871e-09
-0.019430382177233696,-0.01943036913871765,1.30385160446167e-08
0.43547993898391724,0.43547993898391724,0.0
0.4356124997138977,0.4356124997138977,0.0
0.4343463182449341,0.43434634804725647,2.9802322387695312e-08
0.43277281522750854,0.43277281522750854,0.0
0.4312135577201843,0.43121352791786194,-2.9802322387695312e-08
0.4304247200489044,0.43042469024658203,-2.9802322387695312e-08
0.4281151592731476,0.4281151592731476,0.0
0.42766743898391724,0.42766740918159485,-2.9802322387695312e-08
-0.019932009279727936,-0.019932027906179428,-1.862645149230957e-08
-0.01923823542892933,-0.019238237291574478,-1.862645149230957e-09
-0.017245076596736908,-0.017245057970285416,1.862645149230957e-08
-0.016160469502210617,-0.016160480678081512,-1.1175870895385742e-08
0.4284469485282898,0.4284469485282898,0.0
0.4300692081451416,0.4300692081451416,0.0
0.42856255173683167,0.4285625219345093,-2.9802322387695312e-08
0.4275253713130951,0.4275253415107727,-2.9802322387695312e-08
0.42629146575927734,0.42629146575927734,0.0
0.42430275678634644,0.42430275678634644,0.0
0.42404910922050476,0.42404913902282715,2.9802322387695312e-08
0.4230967164039612,0.4230967164039612,0.0
0.4319991171360016,0.4319990873336792,-2.9802322387695312e-08
0.4307466745376587,0.4307466745376587,0.0
0.4294031262397766,0.4294030964374542,-2.9802322387695312e-08
0.42836540937423706,0.4283653795719147,-2.9802322387695312e-08
0.4271543622016907,0.4271543323993683,-2.9802322387695312e-08
0.4254826307296753,0.4254826307296753,0.0
0.4247434735298157,0.4247434735298157,0.0
0.4237925112247467,0.4237925112247467,0.0
0.42933064699172974,0.42933064699172974,0.0
0.42791786789894104,0.42791783809661865,-2.9802322387695312e-08
0.4281824827194214,0.4281824827194214,0.0
0.42618364095687866,0.42618364095687866,0.0
0.4245721697807312,0.4245721697807312,0.0
0.4233380854129791,0.4233380854129791,0.0
0.4222000241279602,0.422200083732605,5.960464477539063e-08
0.4214574992656708,0.4214574992656708,0.0
-0.017702549695968628,-0.017702534794807434,1.4901161193847656e-08
-0.01707441173493862,-0.017074424773454666,-1.30385160446167e-08
0.4290962219238281,0.42909619212150574,-2.9802322387695312e-08
0.42895036935806274,0.42895036935806274,0.0
0.4270056486129761,0.42700567841529846,2.9802322387695312e-08
0.42617395520210266,0.42617395520210266,0.0
0.4238978624343872,0.4238978624343872,0.0
0.4229946434497833,0.42299461364746094,-2.9802322387695312e-08
0.4216904044151306,0.4216904044151306,0.0
0.4200102686882019,0.4200103282928467,5.960464477539063e-08
-0.016901664435863495,-0.016901668161153793,-3.725290298461914e-09
-0.015701550990343094,-0.0157015323638916,1.862645149230957e-08
0.4267553389072418,0.4267553389072418,0.0
0.42800581455230713,0.42800578474998474,-2.9802322387695312e-08
0.4261954724788666,0.4261954426765442,-2.9802322387695312e-08
0.42502808570861816,0.42502808570861816,0.0
0.4239403009414673,0.4239403009414673,0.0
0.4226064682006836,0.4226064682006836,0.0
0.4217774271965027,0.4217774569988251,2.9802322387695312e-08
0.4204925298690796,0.4204925298690796,0.0
-0.016840413212776184,-0.01684042438864708,-1.1175870895385742e-08
-0.0168744008988142,-0.016874387860298157,1.30385160446167e-08
0.4286355674266815,0.4286355674266815,0.0
0.42791396379470825,0.42791396379470825,0.0
0.4273647665977478,0.427364706993103,-5.960464477539063e-08
0.4241887927055359,0.4241887927055359,0.0
0.42440080642700195,0.42440083622932434,2.9802322387695312e-08
0.42268770933151245,0.42268770933151245,0.0
0.4215218722820282,0.4215218722820282,0.0
0.42096155881881714,0.42096149921417236,-5.960464477539063e-08
-0.017945729196071625,-0.017945721745491028,7.450580596923828e-09
-0.01696355640888214,-0.016963563859462738,-7.450580596923828e-09
0.42873990535736084,0.42873990535736084,0.0
0.426300972700119,0.426300972700119,0.0
0.4263870120048523,0.4263870120048523,0.0
0.42516443133354187,0.42516446113586426,2.9802322387695312e-08
0.424050509929657,0.42405056953430176,5.960464477539063e-08
0.4216526746749878,0.421652615070343,-5.960464477539063e-08
0.42059022188186646,0.42059025168418884,2.9802322387695312e-08
0.4195951819419861,0.4195951819419861,0.0
-0.01812257058918476,-0.018122568726539612,1.862645149230957e-09
-0.016639675945043564,-0.01663966104388237,1.4901161193847656e-08
0.4286942481994629,0.4286942780017853,2.9802322387695312e-08
0.428400456905365,0.4284004867076874,2.9802322387695312e-08
0.42703601717948914,0.42703598737716675,-2.9802322387695312e-08
0.425660640001297,0.4256606698036194,2.9802322387695312e-08
0.4239864945411682,0.4239864647388458,-2.9802322387695312e-08
0.42261236906051636,0.42261236906051636,0.0
0.4219888746738434,0.4219888746738434,0.0
0.42019957304000854,0.42019957304000854,0.0
-0.018018463626503944,-0.018018454313278198,9.313225746154785e-09
-0.01764041557908058,-0.017640389502048492,2.60770320892334e-08
0.4264688491821289,0.4264688491821289,0.0
0.42692041397094727,0.42692044377326965,2.9802322387695312e-08
0.4249914586544037,0.4249914884567261,2.9802322387695312e-08
0.4230954051017761,0.4230954349040985,2.9802322387695312e-08
0.422357976436615,0.422357976436615,0.0
0.4211985766887665,0.4211985766887665,0.0
0.41969233751296997,0.41969236731529236,2.9802322387695312e-08
0.4190363883972168,0.4190363883972168,0.0
-0.017255842685699463,-0.01725585013628006,-7.450580596923828e-09
-0.01632680930197239,-0.01632680743932724,1.862645149230957e-09
0.42739927768707275,0.42739927768707275,0.0
0.42349517345428467,0.42349523305892944,5.960464477539063e-08
0.42454928159713745,0.42454931139945984,2.9802322387695312e-08
0.4232966899871826,0.42329663038253784,-5.960464477539063e-08
0.4217606782913208,0.4217606484889984,-2.9802322387695312e-08
0.4196978807449341,0.4196978509426117,-2.9802322387695312e-08
0.4190039336681366,0.4190039038658142,-2.9802322387695312e-08
0.41841745376586914,0.41841745376586914,0.0
-0.016827665269374847,-0.01682766154408455,3.725290298461914e-09
-0.015928305685520172,-0.015928301960229874,3.725290298461914e-09
0.42671534419059753,0.4267153739929199,2.9802322387695312e-08
0.4254488945007324,0.4254489243030548,2.9802322387695312e-08
0.4239423871040344,0.4239423871040344,0.0
0.42272695899009705,0.42272698879241943,2.9802322387695312e-08
0.4209256172180176,0.42092564702033997,2.9802322387695312e-08
0.42017045617103577,0.42017045617103577,0.0
0.41809093952178955,0.41809093952178955,0.0
0.4171653687953949,0.4171653687953949,0.0
-0.017149854451417923,-0.017149843275547028,1.1175870895385742e-08
-0.01638074591755867,-0.016380757093429565,-1.1175870895385742e-08
0.4274978041648865,0.4274978041648865,0.0
0.4261417090892792,0.42614173889160156,2.9802322387695312e-08
0.4248754680156708,0.4248754680156708,0.0
0.4236006736755371,0.4236006736755371,0.0
0.4224620461463928,0.4224620759487152,2.9802322387695312e-08
0.4190344214439392,0.4190343916416168,-2.9802322387695312e-08
0.4175952672958374,0.417595237493515,-2.9802322387695312e-08
0.4182800352573395,0.4182800054550171,-2.9802322387695312e-08
-0.017741288989782333,-0.017741285264492035,3.725290298461914e-09
-0.018243057653307915,-0.01824304461479187,1.30385160446167e-08
0.4279550015926361,0.4279550015926361,0.0
0.4264594614505768,0.4264594614505768,0.0
0.4245185852050781,0.4245185852050781,0.0
0.42388564348220825,0.42388564348220825,0.0
0.4224085211753845,0.42240849137306213,-2.9802322387695312e-08
0.42008817195892334,0.4200882315635681,5.960464477539063e-08
0.42030900716781616,0.42030900716781616,0.0
0.41891103982925415,0.41891103982925415,0.0
-0.018169522285461426,-0.018169503659009933,1.862645149230957e-08
-0.017115462571382523,-0.017115462571382523,0.0
0.4317554831504822,0.4317554831504822,0.0
0.4309770166873932,0.4309770166873932,0.0
0.42887118458747864,0.42887118458747864,0.0
0.42832744121551514,0.42832744121551514,0.0
0.4261714816093445,0.4261714816093445,0.0
0.42520153522491455,0.42520153522491455,0.0
0.42376744747161865,0.4237675070762634,5.960464477539063e-08
0.423283189535141,0.4232831597328186,-2.9802322387695312e-08
-0.019411537796258926,-0.01941155269742012,-1.4901161193847656e-08
-0.019917890429496765,-0.019917897880077362,-7.450580596923828e-09
0.4290965795516968,0.4290965795516968,0.0
0.4277583956718445,0.4277583956718445,0.0
0.4269479513168335,0.4269479513168335,0.0
0.4253689646720886,0.4253689646720886,0.0
0.4245966672897339,0.4245966672897339,0.0
0.42219337821006775,0.42219334840774536,-2.9802322387695312e-08
0.42045357823371887,0.4204535484313965,-2.9802322387695312e-08
0.4198565185070038,0.4198565185070038,0.0
-0.019335605204105377,-0.019335616379976273,-1.1175870895385742e-08
-0.018440553918480873,-0.018440552055835724,1.862645149230957e-09
0.4282293915748596,0.4282293915748596,0.0
0.4277098774909973,0.4277098774909973,0.0
0.4267587959766388,0.4267588257789612,2.9802322387695312e-08
0.4232626259326935,0.4232625961303711,-2.9802322387695312e-08
0.42228829860687256,0.42228829860687256,0.0
0.42077386379241943,0.42077386379241943,0.0
0.42070454359054565,0.42070460319519043,5.960464477539063e-08
0.41981303691864014,0.41981303691864014,0.0
-0.018974196165800095,-0.01897420361638069,-7.450580596923828e-09
-0.018518101423978806,-0.018518071621656418,2.9802322387695312e-08
0.43645843863487244,0.43645840883255005,-2.9802322387695312e-08
0.43379342555999756,0.43379339575767517,-2.9802322387695312e-08
0.4337587356567383,0.4337587058544159,-2.9802322387695312e-08
0.43112093210220337,0.43112093210220337,0.0
0.430713951587677,0.430713951587677,0.0
0.42912784218788147,0.42912784218788147,0.0
0.42802125215530396,0.42802131175994873,5.960464477539063e-08
0.4271487295627594,0.4271487593650818,2.9802322387695312e-08
-0.020710380747914314,-0.020710375159978867,5.587935447692871e-09
-0.02040533348917961,-0.020405355840921402,-2.2351741790771484e-08
0.4354931116104126,0.4354931116104126,0.0
0.4357188940048218,0.4357188940048218,0.0
0.4325539469718933,0.4325539469718933,0.0
0.431110143661499,0.43111011385917664,-2.9802322387695312e-08
0.42937684059143066,0.42937687039375305,2.9802322387695312e-08
0.42854005098342896,0.42854005098342896,0.0
0.42723387479782104,0.42723387479782104,0.0
0.4261774718761444,0.426177442073822,-2.9802322387695312e-08
-0.020585978403687477,-0.02058597281575203,5.587935447692871e-09
-0.019587991759181023,-0.01958799734711647,-5.587935447692871e-09
0.43374407291412354,0.4337441325187683,5.960464477539063e-08
0.43280547857284546,0.43280553817749023,5.960464477539063e-08
0.43169835209846497,0.43169838190078735,2.9802322387695312e-08
0.42962729930877686,0.42962729930877686,0.0
0.4271045923233032,0.42710456252098083,-2.9802322387695312e-08
0.4264524579048157,0.4264524281024933,-2.9802322387695312e-08
0.4256778657436371,0.4256778657436371,0.0
0.4247739315032959,0.4247739315032959,0.0
-0.020121296867728233,-0.020121295005083084,1.862645149230957e-09
-0.01976228877902031,-0.019762292504310608,-3.725290298461914e-09
0.43856680393218994,0.43856677412986755,-2.9802322387695312e-08
0.43718475103378296,0.43718472123146057,-2.9802322387695312e-08
0.4345903694629669,0.4345903992652893,2.9802322387695312e-08
0.4336043894290924,0.43360435962677,-2.9802322387695312e-08
0.43284305930137634,0.43284305930137634,0.0
0.43151500821113586,0.43151500821113586,0.0
0.42814087867736816,0.42814087867736816,0.0
0.4290538430213928,0.4290538430213928,0.0
-0.022118890658020973,-0.022118888795375824,1.862645149230957e-09
-0.021046623587608337,-0.02104663848876953,-1.4901161193847656e-08
0.43700116872787476,0.43700116872787476,0.0
0.43519559502601624,0.4351956248283386,2.9802322387695312e-08
0.4346301555633545,0.4346301555633545,0.0
0.4330902099609375,0.4330902099609375,0.0
0.43096470832824707,0.43096470832824707,0.0
0.43073076009750366,0.43073076009750366,0.0
0.4283120632171631,0.42831212282180786,5.960464477539063e-08
0.42704716324806213,0.42704713344573975,-2.9802322387695312e-08
-0.021302426233887672,-0.02130243182182312,-5.587935447692871e-09
-0.02081989124417305,-0.02081989496946335,-3.725290298461914e-09
0.43625056743621826,0.43625056743621826,0.0
0.43445414304733276,0.43445417284965515,2.9802322387695312e-08
0.43258023262023926,0.43258023262023926,0.0
0.4320457875728607,0.43204575777053833,-2.9802322387695312e-08
0.43092918395996094,0.43092918395996094,0.0
0.42916208505630493,0.4291621148586273,2.9802322387695312e-08
0.42709970474243164,0.42709970474243164,0.0
0.4270254373550415,0.4270254075527191,-2.9802322387695312e-08
-0.02292197197675705,-0.022921964526176453,7.450580596923828e-09
-0.021123133599758148,-0.021123141050338745,-7.450580596923828e-09
0.43603312969207764,0.43603312969207764,0.0
0.4349735379219055,0.43497350811958313,-2.9802322387695312e-08
0.4333997368812561,0.4333997070789337,-2.9802322387695312e-08
0.43293237686157227,0.43293240666389465,2.9802322387695312e-08
0.43175554275512695,0.43175551295280457,-2.9802322387695312e-08
0.43001389503479004,0.4300139546394348,5.960464477539063e-08
0.4281562864780426,0.428156316280365,2.9802322387695312e-08
0.42802155017852783,0.4280215799808502,2.9802322387695312e-08
-0.022257069125771523,-0.022257056087255478,1.30385160446167e-08
-0.021821295842528343,-0.02182130143046379,-5.587935447692871e-09
0.43714722990989685,0.43714720010757446,-2.9802322387695312e-08
0.4352187514305115,0.4352187514305115,0.0
0.4465336799621582,0.4465337097644806,2.9802322387695312e-08
0.4325428903102875,0.4325428605079651,-2.9802322387695312e-08
0.5054117441177368,0.5054117441177368,0.0
0.4299512505531311,0.4299512803554535,2.9802322387695312e-08
0.4286602735519409,0.4286602735519409,0.0
0.4282785654067993,0.4282785654067993,0.0
-0.023725111037492752,-0.023725125938653946,-1.4901161193847656e-08
-0.022855905815958977,-0.02285590022802353,5.587935447692871e-09
0.4360595643520355,0.43605953454971313,-2.9802322387695312e-08
0.43310031294822693,0.43310031294822693,0.0
0.4517466127872467,0.4517466127872467,0.0
0.43195265531539917,0.43195265531539917,0.0
0.49154722690582275,0.49154725670814514,2.9802322387695312e-08
0.4293975830078125,0.4293976128101349,2.9802322387695312e-08
0.4274000823497772,0.42740005254745483,-2.9802322387695312e-08
0.42811888456344604,0.42811888456344604,0.0
-0.02226545847952366,-0.02226545661687851,1.862645149230957e-09
-0.02238873392343521,-0.022388748824596405,-1.4901161193847656e-08
0.425576388835907,0.42557641863822937,2.9802322387695312e-08
0.4263726472854614,0.4263726472854614,0.0
0.4250759482383728,0.4250759482383728,0.0
0.42362505197525024,0.423625111579895,5.960464477539063e-08
0.42250463366508484,0.4225046634674072,2.9802322387695312e-08
0.42086082696914673,0.42086082696914673,0.0
0.4170278310775757,0.4170278310775757,0.0
0.4191344678401947,0.4191344678401947,0.0
-0.01946163922548294,-0.019461654126644135,-1.4901161193847656e-08
-0.01779249496757984,-0.017792515456676483,-2.0489096641540527e-08
0.42421454191207886,0.42421454191207886,0.0
0.4242173731327057,0.4242173433303833,-2.9802322387695312e-08
0.42334938049316406,0.4233493208885193,-5.960464477539063e-08
0.4220060110092163,0.4220060110092163,0.0
0.4207630455493927,0.4207630753517151,2.9802322387695312e-08
0.41933220624923706,0.41933220624923706,0.0
0.41698479652404785,0.41698479652404785,0.0
0.4176737368106842,0.4176737666130066,2.9802322387695312e-08
-0.017661642283201218,-0.01766163855791092,3.725290298461914e-09
-0.01718638651072979,-0.01718638837337494,-1.862645149230957e-09
0.42301517724990845,0.42301514744758606,-2.9802322387695312e-08
0.421802818775177,0.4218027889728546,-2.9802322387695312e-08
0.4202105402946472,0.42021051049232483,-2.9802322387695312e-08
0.4199376404285431,0.4199376404285431,0.0
0.41927462816238403,0.41927459836006165,-2.9802322387695312e-08
0.41798722743988037,0.41798722743988037,0.0
0.4159751832485199,0.4159751534461975,-2.9802322387695312e-08
0.4149433374404907,0.4149433374404907,0.0
-0.016574615612626076,-0.016574643552303314,-2.7939677238464355e-08
-0.015739142894744873,-0.015739135444164276,7.450580596923828e-09
0.4233768582344055,0.42337682843208313,-2.9802322387695312e-08
0.4227287471294403,0.4227287173271179,-2.9802322387695312e-08
0.42148059606552124,0.42148062586784363,2.9802322387695312e-08
0.4197719097137451,0.4197719097137451,0.0
0.41813886165618896,0.41813886165618896,0.0
0.4168776273727417,0.4168776273727417,0.0
0.4148511290550232,0.4148510694503784,-5.960464477539063e-08
0.41492030024528503,0.41492030024528503,0.0
-0.01739855296909809,-0.017398543655872345,9.313225746154785e-09
-0.016661178320646286,-0.016661182045936584,-3.725290298461914e-09
0.4248155951499939,0.4248156249523163,2.9802322387695312e-08
0.42444685101509094,0.42444685101509094,0.0
0.4230194091796875,0.4230194091796875,0.0
0.42193132638931274,0.42193129658699036,-2.9802322387695312e-08
0.42057037353515625,0.42057040333747864,2.9802322387695312e-08
0.41868704557418823,0.4186870753765106,2.9802322387695312e-08
0.41575318574905396,0.41575318574905396,0.0
0.41608545184135437,0.41608551144599915,5.960464477539063e-08
-0.017970629036426544,-0.017970621585845947,7.450580596923828e-09
-0.01736290752887726,-0.01736290752887726,0.0
0.4247586727142334,0.4247586131095886,-5.960464477539063e-08
0.42462557554244995,0.42462557554244995,0.0
0.42339420318603516,0.42339417338371277,-2.9802322387695312e-08
0.42180001735687256,0.4217999577522278,-5.960464477539063e-08
0.4208220839500427,0.4208220839500427,0.0
0.41971275210380554,0.41971275210380554,0.0
0.4185114800930023,0.4185114800930023,0.0
0.4175480306148529,0.4175480008125305,-2.9802322387695312e-08
-0.019817642867565155,-0.019817650318145752,-7.450580596923828e-09
-0.017821073532104492,-0.017821062356233597,1.1175870895385742e-08
0.42371612787246704,0.42371612787246704,0.0
0.4233202636241913,0.4233202338218689,-2.9802322387695312e-08
0.42196565866470337,0.42196568846702576,2.9802322387695312e-08
0.4199391305446625,0.4199391305446625,0.0
0.41918423771858215,0.41918423771858215,0.0
0.41729843616485596,0.41729846596717834,2.9802322387695312e-08
0.41635647416114807,0.4163564443588257,-2.9802322387695312e-08
0.41566014289855957,0.41566020250320435,5.960464477539063e-08
-0.018107838928699493,-0.018107853829860687,-1.4901161193847656e-08
-0.01746106520295143,-0.017461057752370834,7.450580596923828e-09
0.42435815930366516,0.42435818910598755,2.9802322387695312e-08
0.4257808327674866,0.42578086256980896,2.9802322387695312e-08
0.42397576570510864,0.42397573590278625,-2.9802322387695312e-08
0.4223078489303589,0.4223078489303589,0.0
0.42177778482437134,0.42177775502204895,-2.9802322387695312e-08
0.42001214623451233,0.42001211643218994,-2.9802322387695312e-08
0.41694098711013794,0.41694095730781555,-2.9802322387695312e-08
0.4182167649269104,0.4182167947292328,2.9802322387695312e-08
-0.018767792731523514,-0.018767785280942917,7.450580596923828e-09
-0.01822621189057827,-0.018226221203804016,-9.313225746154785e-09
0.4254656732082367,0.4254657030105591,2.9802322387695312e-08
0.42544126510620117,0.42544126510620117,0.0
0.4231920838356018,0.4231920540332794,-2.9802322387695312e-08
0.4215778112411499,0.4215778112411499,0.0
0.42131930589675903,0.4213193356990814,2.9802322387695312e-08
0.4190773665904999,0.4190773665904999,0.0
0.4187440574169159,0.4187440574169159,0.0
0.41802477836608887,0.41802477836608887,0.0
-0.020582322031259537,-0.020582325756549835,-3.725290298461914e-09
-0.020706288516521454,-0.020706281065940857,7.450580596923828e-09
0.4262213110923767,0.4262213110923767,0.0
0.42539894580841064,0.42539897561073303,2.9802322387695312e-08
0.4249139428138733,0.4249139130115509,-2.9802322387695312e-08
0.4238643944263458,0.4238644242286682,2.9802322387695312e-08
0.42221248149871826,0.42221248149871826,0.0
0.4206846058368683,0.4206846356391907,2.9802322387695312e-08
0.4190242886543274,0.419024258852005,-2.9802322387695312e-08
0.4191821813583374,0.4191821813583374,0.0
-0.01990313082933426,-0.019903108477592468,2.2351741790771484e-08
-0.019089888781309128,-0.019089892506599426,-3.725290298461914e-09
0.4333910346031189,0.4333910346031189,0.0
0.4322456419467926,0.4322456419467926,0.0
0.5589972734451294,0.5589972734451294,0.0
0.42945730686187744,0.42945730686187744,0.0
0.6024419069290161,0.6024419069290161,0.0
0.4251808822154999,0.4251808524131775,-2.9802322387695312e-08
0.42537111043930054,0.42537108063697815,-2.9802322387695312e-08
0.42371997237205505,0.42371994256973267,-2.9802322387695312e-08
-0.023989195004105568,-0.02398916706442833,2.7939677238464355e-08
-0.02352204918861389,-0.023522041738033295,7.450580596923828e-09
0.43033623695373535,0.43033623695373535,0.0
0.42830580472946167,0.42830580472946167,0.0
0.4671114683151245,0.4671114683151245,0.0
0.42603015899658203,0.4260301887989044,2.9802322387695312e-08
0.5701042413711548,0.5701042413711548,0.0
0.4227778911590576,0.42277792096138,2.9802322387695312e-08
0.42250460386276245,0.42250460386276245,0.0
0.42066332697868347,0.42066335678100586,2.9802322387695312e-08
-0.022105231881141663,-0.022105220705270767,1.1175870895385742e-08
-0.021780330687761307,-0.021780330687761307,0.0
-0.6141381859779358,-0.614138126373291,5.960464477539063e-08
-0.6138235926628113,-0.613823652267456,-5.960464477539063e-08
-0.6174244284629822,-0.6174244284629822,0.0
-0.6194334626197815,-0.6194335222244263,-5.960464477539063e-08
-0.6187876462936401,-0.6187876462936401,0.0
-0.6183279752731323,-0.6183280348777771,-5.960464477539063e-08
-0.6207064390182495,-0.6207064390182495,0.0
-0.6231122612953186,-0.6231122016906738,5.960464477539063e-08
-0.1433413177728653,-0.1433413177728653,0.0
-0.14121177792549133,-0.14121177792549133,0.0
-0.6122613549232483,-0.6122612953186035,5.960464477539063e-08
-0.6141712069511414,-0.6141712069511414,0.0
-0.6126090884208679,-0.6126090884208679,0.0
-0.6159005165100098,-0.6159005165100098,0.0
-0.620314359664917,-0.620314359664917,0.0
-0.6190145611763,-0.6190145015716553,5.960464477539063e-08
-0.6209120154380798,-0.6209120154380798,0.0
-0.6217483282089233,-0.6217483282089233,0.0
-0.144423246383667,-0.1444232314825058,1.4901161193847656e-08
-0.14128509163856506,-0.14128507673740387,1.4901161193847656e-08
-0.6100247502326965,-0.6100247502326965,0.0
-0.6142112016677856,-0.6142112612724304,-5.960464477539063e-08
-0.6148079633712769,-0.6148080229759216,-5.960464477539063e-08
-0.6144898533821106,-0.6144897937774658,5.960464477539063e-08
-0.617988109588623,-0.617988109588623,0.0
-0.6199796795845032,-0.6199796199798584,5.960464477539063e-08
-0.6211236715316772,-0.621123731136322,-5.960464477539063e-08
-0.6223865747451782,-0.6223865747451782,0.0
-0.14431321620941162,-0.14431321620941162,0.0
-0.14066468179225922,-0.1406646966934204,-1.4901161193847656e-08
-0.610271155834198,-0.6102710962295532,5.960464477539063e-08
-0.6112380623817444,-0.6112380623817444,0.0
-0.6131366491317749,-0.6131366491317749,0.0
-0.6166109442710876,-0.6166110038757324,-5.960464477539063e-08
-0.6176886558532715,-0.6176886558532715,0.0
-0.6199657320976257,-0.6199657917022705,-5.960464477539063e-08
-0.62110435962677,-0.6211043000221252,5.960464477539063e-08
-0.6224935054779053,-0.6224935054779053,0.0
-0.14433148503303528,-0.14433148503303528,0.0
-0.14055287837982178,-0.1405528485774994,2.9802322387695312e-08
-0.6109190583229065,-0.6109189987182617,5.960464477539063e-08
-0.6162891387939453,-0.6162891387939453,0.0
-0.6185965538024902,-0.6185966730117798,-1.1920928955078125e-07
-0.6199324727058411,-0.6199324727058411,0.0
-0.6188200116157532,-0.6188199520111084,5.960464477539063e-08
-0.622320294380188,-0.622320294380188,0.0
-0.6231082677841187,-0.6231082677841187,0.0
-0.624384343624115,-0.6243842840194702,5.960464477539063e-08
-0.14686720073223114,-0.14686720073223114,0.0
-0.14901447296142578,-0.1490144580602646,1.4901161193847656e-08
-0.6125255823135376,-0.6125255227088928,5.960464477539063e-08
-0.6181703805923462,-0.6181703805923462,0.0
-0.6200315356254578,-0.6200315356254578,0.0
-0.6193323731422424,-0.6193323731422424,0.0
-0.6216023564338684,-0.6216024160385132,-5.960464477539063e-08
-0.6200770139694214,-0.6200770139694214,0.0
-0.6239351630210876,-0.6239351034164429,5.960464477539063e-08
-0.6226980686187744,-0.6226980686187744,0.0
-0.14773312211036682,-0.14773312211036682,0.0
-0.14754438400268555,-0.14754438400268555,0.0
-0.6102654933929443,-0.6102654933929443,0.0
-0.6114663481712341,-0.6114664077758789,-5.960464477539063e-08
-0.6128956079483032,-0.6128956079483032,0.0
-0.6185204982757568,-0.6185204386711121,5.960464477539063e-08
-0.617296040058136,-0.617296040058136,0.0
-0.6193689107894897,-0.6193689107894897,0.0
-0.6207687854766846,-0.6207688450813293,-5.960464477539063e-08
-0.6223294734954834,-0.6223294734954834,0.0
-0.148197203874588,-0.148197203874588,0.0
-0.1451021432876587,-0.1451021432876587,0.0
-0.6128814220428467,-0.6128814220428467,0.0
-0.6149719953536987,-0.6149720549583435,-5.960464477539063e-08
-0.6148328185081482,-0.614832878112793,-5.960464477539063e-08
-0.6202270984649658,-0.6202271580696106,-5.960464477539063e-08
-0.6189048886299133,-0.6189048886299133,0.0
-0.6229779720306396,-0.6229779720306396,0.0
-0.6210945248603821,-0.6210945844650269,-5.960464477539063e-08
-0.6237061619758606,-0.6237061023712158,5.960464477539063e-08
-0.14884129166603088,-0.1488412767648697,1.4901161193847656e-08
-0.14334174990653992,-0.1433417648077011,-1.4901161193847656e-08
-0.6101951599121094,-0.6101951003074646,5.960464477539063e-08
-0.6140795946121216,-0.6140795946121216,0.0
-0.6131815314292908,-0.6131815910339355,-5.960464477539063e-08
-0.6146150827407837,-0.6146150827407837,0.0
-0.6178315877914429,-0.6178315877914429,0.0
-0.6199433207511902,-0.6199432611465454,5.960464477539063e-08
-0.6209790706634521,-0.6209791302680969,-5.960464477539063e-08
-0.6230766773223877,-0.6230766177177429,5.960464477539063e-08
-0.14566642045974731,-0.14566642045974731,0.0
-0.14436277747154236,-0.14436276257038116,1.4901161193847656e-08
-0.619937539100647,-0.619937539100647,0.0
-0.6203107237815857,-0.6203107237815857,0.0
-0.621065616607666,-0.621065616607666,0.0
-0.6256982088088989,-0.6256982088088989,0.0
-0.6250138282775879,-0.6250138878822327,-5.960464477539063e-08
-0.6279990077018738,-0.6279990077018738,0.0
-0.6290110945701599,-0.6290110945701599,0.0
-0.631057858467102,-0.631057858467102,0.0
-0.1490209549665451,-0.1490209549665451,0.0
-0.14650359749794006,-0.14650359749794006,0.0
-0.6134401559829712,-0.6134401559829712,0.0
-0.6186041831970215,-0.6186041831970215,0.0
-0.6238837242126465,-0.6238837242126465,0.0
-0.6242579817771912,-0.6242579221725464,5.960464477539063e-08
-0.6258138418197632,-0.625813901424408,-5.960464477539063e-08
-0.6253268718719482,-0.6253268718719482,0.0
-0.626996636390686,-0.626996636390686,0.0
-0.6287282109260559,-0.6287282705307007,-5.960464477539063e-08
-0.14860886335372925,-0.14860883355140686,2.9802322387695312e-08
-0.14548704028129578,-0.14548705518245697,-1.4901161193847656e-08
-0.6143098473548889,-0.6143098473548889,0.0
-0.6149882674217224,-0.6149882674217224,0.0
-0.6190003156661987,-0.6190003156661987,0.0
-0.6226059198379517,-0.6226059198379517,0.0
-0.6236763596534729,-0.6236764192581177,-5.960464477539063e-08
-0.6218077540397644,-0.6218078136444092,-5.960464477539063e-08
-0.622706949710846,-0.6227068901062012,5.960464477539063e-08
-0.624271810054779,-0.6242717504501343,5.960464477539063e-08
-0.14619940519332886,-0.14619940519332886,0.0
-0.14538344740867615,-0.14538344740867615,0.0
-0.6141406297683716,-0.6141406297683716,0.0
-0.6124774217605591,-0.6124774217605591,0.0
-0.6157525777816772,-0.6157525181770325,5.960464477539063e-08
-0.6188822984695435,-0.6188822984695435,0.0
-0.6205872297286987,-0.6205872297286987,0.0
-0.6203213930130005,-0.6203213930130005,0.0
-0.6220533847808838,-0.6220533847808838,0.0
-0.6233699917793274,-0.6233699917793274,0.0
-0.14289703965187073,-0.14289703965187073,0.0
-0.13984623551368713,-0.13984625041484833,-1.4901161193847656e-08
-0.6124536991119385,-0.6124535799026489,1.1920928955078125e-07
-0.6137495040893555,-0.6137495040893555,0.0
-0.6176314353942871,-0.6176314949989319,-5.960464477539063e-08
-0.6194453835487366,-0.6194453835487366,0.0
-0.6183183193206787,-0.6183182597160339,5.960464477539063e-08
-0.6195183992385864,-0.6195184588432312,-5.960464477539063e-08
-0.6211469769477844,-0.6211469769477844,0.0
-0.6253029108047485,-0.6253029108047485,0.0
-0.14360028505325317,-0.14360028505325317,0.0
-0.14571809768676758,-0.14571811258792877,-1.4901161193847656e-08
-0.6135842204093933,-0.6135842800140381,-5.960464477539063e-08
-0.6128461360931396,-0.6128460764884949,5.960464477539063e-08
-0.6139522790908813,-0.6139522790908813,0.0
-0.6177466511726379,-0.6177465915679932,5.960464477539063e-08
-0.6220866441726685,-0.6220866441726685,0.0
-0.6213237643241882,-0.621323823928833,-5.960464477539063e-08
-0.6225537657737732,-0.6225537061691284,5.960464477539063e-08
-0.624911904335022,-0.624911904335022,0.0
-0.14170262217521667,-0.14170260727405548,1.4901161193847656e-08
-0.13846448063850403,-0.13846449553966522,-1.4901161193847656e-08
-0.6111379861831665,-0.6111379861831665,0.0
-0.615038275718689,-0.615038275718689,0.0
-0.6143709421157837,-0.6143709421157837,0.0
-0.6177923679351807,-0.6177923083305359,5.960464477539063e-08
-0.6195064187049866,-0.6195064187049866,0.0
-0.6207481026649475,-0.6207480430603027,5.960464477539063e-08
-0.623609185218811,-0.6236092448234558,-5.960464477539063e-08
-0.6240140199661255,-0.6240140199661255,0.0
-0.14245787262916565,-0.14245785772800446,1.4901161193847656e-08
-0.14356470108032227,-0.14356470108032227,0.0
-0.6123530864715576,-0.6123531460762024,-5.960464477539063e-08
-0.6121135354042053,-0.6121135950088501,-5.960464477539063e-08
-0.6142499446868896,-0.6142498850822449,5.960464477539063e-08
-0.6156761050224304,-0.6156761050224304,0.0
-0.6198694109916687,-0.6198694109916687,0.0
-0.6219297051429749,-0.6219297051429749,0.0
-0.6231465339660645,-0.6231464743614197,5.960464477539063e-08
-0.6242945194244385,-0.6242945194244385,0.0
-0.14741481840610504,-0.14741480350494385,1.4901161193847656e-08
-0.13942229747772217,-0.13942229747772217,0.0
-0.6137793064117432,-0.6137793660163879,-5.960464477539063e-08
-0.6153922080993652,-0.6153922080993652,0.0
-0.6188876628875732,-0.618887722492218,-5.960464477539063e-08
-0.6212198138237,-0.6212198734283447,-5.960464477539063e-08
-0.622094988822937,-0.622094988822937,0.0
-0.619967520236969,-0.6199674606323242,5.960464477539063e-08
-0.6221040487289429,-0.6221040487289429,0.0
-0.6262193322181702,-0.6262192726135254,5.960464477539063e-08
-0.1424505114555359,-0.1424505114555359,0.0
-0.14312413334846497,-0.14312411844730377,1.4901161193847656e-08
-0.6109075546264648,-0.6109074950218201,5.960464477539063e-08
-0.6163421869277954,-0.616342306137085,-1.1920928955078125e-07
-0.6157853007316589,-0.6157853603363037,-5.960464477539063e-08
-0.6165066957473755,-0.6165066957473755,0.0
-0.6178522706031799,-0.6178523302078247,-5.960464477539063e-08
-0.6200704574584961,-0.6200704574584961,0.0
-0.6212545037269592,-0.6212545037269592,0.0
-0.6228694319725037,-0.6228694319725037,0.0
-0.1413622349500656,-0.1413622349500656,0.0
-0.14101487398147583,-0.14101485908031464,1.4901161193847656e-08
-0.613309919834137,-0.6133099794387817,-5.960464477539063e-08
-0.6156876087188721,-0.6156876087188721,0.0
-0.6166842579841614,-0.6166842579841614,0.0
-0.62156742811203,-0.6215674877166748,-5.960464477539063e-08
-0.621684193611145,-0.621684193611145,0.0
-0.622480571269989,-0.6224806308746338,-5.960464477539063e-08
-0.6250224709510803,-0.6250224113464355,5.960464477539063e-08
-0.6257222890853882,-0.625722348690033,-5.960464477539063e-08
-0.1442902386188507,-0.1442902535200119,-1.4901161193847656e-08
-0.14391261339187622,-0.14391261339187622,0.0
-0.6133679747581482,-0.6133679747581482,0.0
-0.6152225136756897,-0.6152225732803345,-5.960464477539063e-08
-0.6137306094169617,-0.6137305498123169,5.960464477539063e-08
-0.6169780492782593,-0.6169780492782593,0.0
-0.6186597347259521,-0.6186597347259521,0.0
-0.6203449368476868,-0.620344877243042,5.960464477539063e-08
-0.6217277646064758,-0.621727705001831,5.960464477539063e-08
-0.6232487559318542,-0.6232487559318542,0.0
-0.14056143164634705,-0.14056143164634705,0.0
-0.14167770743370056,-0.14167770743370056,0.0
-0.6106114983558655,-0.6106114387512207,5.960464477539063e-08
-0.6120069622993469,-0.6120069622993469,0.0
-0.6160815954208374,-0.6160816550254822,-5.960464477539063e-08
-0.616610050201416,-0.616610050201416,0.0
-0.6184597015380859,-0.6184597015380859,0.0
-0.620416522026062,-0.620416522026062,0.0
-0.621991753578186,-0.621991753578186,0.0
-0.6231804490089417,-0.6231804490089417,0.0
-0.13950619101524353,-0.13950619101524353,0.0
-0.13633620738983154,-0.13633620738983154,0.0
-0.6109187006950378,-0.6109187006950378,0.0
-0.6125224232673645,-0.6125224232673645,0.0
-0.6138388514518738,-0.6138389110565186,-5.960464477539063e-08
-0.6170158386230469,-0.6170158386230469,0.0
-0.6183106899261475,-0.6183106303215027,5.960464477539063e-08
-0.6207147836685181,-0.6207147836685181,0.0
-0.6225752234458923,-0.6225752830505371,-5.960464477539063e-08
-0.623508095741272,-0.623508095741272,0.0
-0.14045685529708862,-0.14045687019824982,-1.4901161193847656e-08
-0.1366036832332611,-0.1366036981344223,-1.4901161193847656e-08
-0.6119422912597656,-0.6119422912597656,0.0
-0.6153053641319275,-0.6153053641319275,0.0
-0.6149419546127319,-0.6149419546127319,0.0
-0.6183962821960449,-0.6183962821960449,0.0
-0.6195577383041382,-0.6195577383041382,0.0
-0.6212866306304932,-0.6212866306304932,0.0
-0.6240253448486328,-0.6240253448486328,0.0
-0.6270273923873901,-0.6270273923873901,0.0
-0.14086009562015533,-0.14086009562015533,0.0
-0.13728880882263184,-0.13728879392147064,1.4901161193847656e-08
-0.4054669439792633,-0.4054669141769409,2.9802322387695312e-08
-0.4047657549381256,-0.404765784740448,-2.9802322387695312e-08
-0.4047737717628479,-0.4047737717628479,0.0
-0.40725836157798767,-0.40725839138031006,-2.9802322387695312e-08
-0.4055422842502594,-0.405542254447937,2.9802322387695312e-08
-0.4086010456085205,-0.4086010456085205,0.0
-0.4087417721748352,-0.4087417721748352,0.0
-0.40867313742637634,-0.40867310762405396,2.9802322387695312e-08
0.0078034549951553345,0.0078034549951553345,0.0
0.0075354911386966705,0.007535475306212902,-1.5832483768463135e-08
-0.407985657453537,-0.4079856872558594,-2.9802322387695312e-08
-0.40960803627967834,-0.40960806608200073,-2.9802322387695312e-08
-0.4070175886154175,-0.4070175886154175,0.0
-0.4080788493156433,-0.4080788791179657,-2.9802322387695312e-08
-0.41044881939888,-0.4104488492012024,-2.9802322387695312e-08
-0.4114534258842468,-0.4114534258842468,0.0
-0.4088902771472931,-0.4088902473449707,2.9802322387695312e-08
-0.412297785282135,-0.4122978150844574,-2.9802322387695312e-08
0.00800403207540512,0.008004018105566502,-1.3969838619232178e-08
0.008912235498428345,0.008912235498428345,0.0
-0.38983234763145447,-0.38983234763145447,0.0
-0.38796982169151306,-0.3879697918891907,2.9802322387695312e-08
-0.3885103166103363,-0.3885102868080139,2.9802322387695312e-08
-0.39072567224502563,-0.39072567224502563,0.0
-0.3933090567588806,-0.3933090567588806,0.0
-0.39226776361465454,-0.39226779341697693,-2.9802322387695312e-08
-0.3929515480995178,-0.3929515480995178,0.0
-0.3958522081375122,-0.3958522081375122,0.0
0.1224101334810257,0.1224101185798645,-1.4901161193847656e-08
0.12553337216377258,0.12553337216377258,0.0
-0.37819185853004456,-0.37819188833236694,-2.9802322387695312e-08
-0.37715867161750793,-0.3771587014198303,-2.9802322387695312e-08
-0.3832738995552063,-0.3832738995552063,0.0
-0.3855733871459961,-0.3855733871459961,0.0
-0.3862006664276123,-0.3862006664276123,0.0
-0.38814687728881836,-0.3881468176841736,5.960464477539063e-08
-0.39267003536224365,-0.39267003536224365,0.0
-0.39238476753234863,-0.392384797334671,-2.9802322387695312e-08
0.08443664014339447,0.08443664014339447,0.0
0.08843734115362167,0.08843733370304108,-7.450580596923828e-09
-0.40697693824768066,-0.4069769084453583,2.9802322387695312e-08
-0.41053441166877747,-0.4105343818664551,2.9802322387695312e-08
-0.40813612937927246,-0.40813612937927246,0.0
-0.41058552265167236,-0.41058552265167236,0.0
-0.41142964363098145,-0.41142958402633667,5.960464477539063e-08
-0.40973275899887085,-0.40973275899887085,0.0
-0.4122852087020874,-0.4122852087020874,0.0
-0.41110357642173767,-0.4111035466194153,2.9802322387695312e-08
0.00832422822713852,0.008324210532009602,-1.7695128917694092e-08
0.010439708828926086,0.010439720004796982,1.1175870895385742e-08
-0.406271755695343,-0.4062718152999878,-5.960464477539063e-08
-0.4046773314476013,-0.4046773314476013,0.0
-0.4064849317073822,-0.4064849615097046,-2.9802322387695312e-08
-0.4100741744041443,-0.4100741744041443,0.0
-0.4105316996574402,-0.4105316996574402,0.0
-0.40945765376091003,-0.40945765376091003,0.0
-0.4101865291595459,-0.4101865291595459,0.0
-0.4102785587310791,-0.4102785587310791,0.0
0.008339129388332367,0.008339128457009792,-9.313225746154785e-10
0.008953660726547241,0.008953668177127838,7.450580596923828e-09
-0.40526556968688965,-0.40526556968688965,0.0
-0.40596723556518555,-0.40596723556518555,0.0
-0.40797144174575806,-0.40797144174575806,0.0
-0.40973639488220215,-0.40973639488220215,0.0
-0.41244393587112427,-0.41244393587112427,0.0
-0.40806007385253906,-0.40806007385253906,0.0
-0.41050517559051514,-0.41050517559051514,0.0
-0.41164499521255493,-0.4116450548171997,-5.960464477539063e-08
0.007144805043935776,0.00714480597525835,9.313225746154785e-10
0.007956087589263916,0.007956091314554214,3.725290298461914e-09
-0.11324851214885712,-0.11324851214885712,0.0
-0.11546611040830612,-0.11546613276004791,-2.2351741790771484e-08
-0.11411897093057632,-0.11411896347999573,7.450580596923828e-09
-0.11530426889657974,-0.11530427634716034,-7.450580596923828e-09
-0.12007114291191101,-0.12007112801074982,1.4901161193847656e-08
-0.11810897290706635,-0.11810897290706635,0.0
-0.11803102493286133,-0.11803101003170013,1.4901161193847656e-08
-0.1181890070438385,-0.1181890070438385,0.0
0.06284336745738983,0.06284338235855103,1.4901161193847656e-08
0.06123198941349983,0.06123199686408043,7.450580596923828e-09
-0.11289322376251221,-0.11289322376251221,0.0
-0.11191796511411667,-0.11191797256469727,-7.450580596923828e-09
-0.11263016611337662,-0.11263018846511841,-2.2351741790771484e-08
-0.11270016431808472,-0.11270014941692352,1.4901161193847656e-08
-0.11313246190547943,-0.11313244700431824,1.4901161193847656e-08
-0.1154543086886406,-0.11545433104038239,-2.2351741790771484e-08
-0.11515127122402191,-0.11515127122402191,0.0
-0.1179090067744255,-0.11790898442268372,2.2351741790771484e-08
0.06419321894645691,0.0641932338476181,1.4901161193847656e-08
0.06278148293495178,0.06278147548437119,-7.450580596923828e-09
0.17306196689605713,0.17306198179721832,1.4901161193847656e-08
0.16939374804496765,0.16939371824264526,-2.9802322387695312e-08
0.16806161403656006,0.16806161403656006,0.0
0.16954833269119263,0.16954834759235382,1.4901161193847656e-08
0.16824586689472198,0.16824588179588318,1.4901161193847656e-08
0.16565042734146118,0.1656503975391388,-2.9802322387695312e-08
0.1643441617488861,0.16434414684772491,-1.4901161193847656e-08
0.163161963224411,0.1631619781255722,1.4901161193847656e-08
-0.11156666278839111,-0.11156663298606873,2.9802322387695312e-08
-0.11485755443572998,-0.11485755443572998,0.0
-0.1153327003121376,-0.1153327077627182,-7.450580596923828e-09
-0.113963782787323,-0.11396379768848419,-1.4901161193847656e-08
-0.11303148418664932,-0.11303149163722992,-7.450580596923828e-09
-0.11370959877967834,-0.11370958387851715,1.4901161193847656e-08
-0.11552218347787857,-0.11552216112613678,2.2351741790771484e-08
-0.11605426669120789,-0.11605428159236908,-1.4901161193847656e-08
-0.11426448822021484,-0.11426448822021484,0.0
-0.11609779298305511,-0.11609779298305511,0.0
-0.11520089209079742,-0.11520090699195862,-1.4901161193847656e-08
-0.11632776260375977,-0.11632777750492096,-1.4901161193847656e-08
-0.11570452153682709,-0.11570453643798828,-1.4901161193847656e-08
-0.11821658164262772,-0.11821658909320831,-7.450580596923828e-09
-0.11770056933164597,-0.11770056188106537,7.450580596923828e-09
-0.11789370328187943,-0.11789369583129883,7.450580596923828e-09
0.0627816915512085,0.06278169900178909,7.450580596923828e-09
0.06117793172597885,0.06117793172597885,0.0
-0.11299560964107513,-0.11299562454223633,-1.4901161193847656e-08
-0.1158042922616005,-0.1158042848110199,7.450580596923828e-09
-0.11426026374101639,-0.1142602413892746,2.2351741790771484e-08
-0.11527078598737717,-0.11527080833911896,-2.2351741790771484e-08
-0.11597461998462677,-0.11597464978694916,-2.9802322387695312e-08
-0.11722815036773682,-0.11722815036773682,0.0
-0.11951842159032822,-0.11951841413974762,7.450580596923828e-09
-0.1182168647646904,-0.11821688711643219,-2.2351741790771484e-08
0.06276626139879227,0.06276625394821167,-7.450580596923828e-09
0.06080542132258415,0.06080541014671326,-1.1175870895385742e-08
-0.11116392910480499,-0.1111639142036438,1.4901161193847656e-08
-0.11459696292877197,-0.11459693312644958,2.9802322387695312e-08
-0.11373861134052277,-0.11373859643936157,1.4901161193847656e-08
-0.11297961324453354,-0.11297960579395294,7.450580596923828e-09
-0.1158222183585167,-0.1158222109079361,7.450580596923828e-09
-0.11671660840511322,-0.11671662330627441,-1.4901161193847656e-08
-0.1203247457742691,-0.1203247457742691,0.0
-0.118273064494133,-0.118273064494133,0.0
0.06266894936561584,0.06266895681619644,7.450580596923828e-09
0.06086717173457146,0.06086716428399086,-7.450580596923828e-09
-0.6138074994087219,-0.6138075590133667,-5.960464477539063e-08
-0.6157259941101074,-0.6157259345054626,5.960464477539063e-08
-0.6150799989700317,-0.6150799989700317,0.0
-0.6165947914123535,-0.6165947914123535,0.0
-0.6225270628929138,-0.622527003288269,5.960464477539063e-08
-0.6241651177406311,-0.6241651177406311,0.0
-0.6246382594108582,-0.6246383190155029,-5.960464477539063e-08
-0.6260174512863159,-0.6260174512863159,0.0
-0.13960927724838257,-0.13960929214954376,-1.4901161193847656e-08
-0.13609617948532104,-0.13609619438648224,-1.4901161193847656e-08
-0.11096015572547913,-0.11096015572547913,0.0
-0.112428680062294,-0.1124287098646164,-2.9802322387695312e-08
-0.11255469918251038,-0.11255471408367157,-1.4901161193847656e-08
-0.11315435916185379,-0.11315436661243439,-7.450580596923828e-09
-0.1135910302400589,-0.11359104514122009,-1.4901161193847656e-08
-0.11458029597997665,-0.11458025872707367,3.725290298461914e-08
-0.11844432353973389,-0.11844433844089508,-1.4901161193847656e-08
-0.11557924747467041,-0.11557923257350922,1.4901161193847656e-08
0.062434807419776917,0.062434807419776917,0.0
0.06150864064693451,0.06150863692164421,-3.725290298461914e-09
-0.11241167038679123,-0.11241167783737183,-7.450580596923828e-09
-0.11287377774715424,-0.11287374794483185,2.9802322387695312e-08
-0.11341341584920883,-0.11341340839862823,7.450580596923828e-09
-0.11346188932657242,-0.11346185207366943,3.725290298461914e-08
-0.11383812129497528,-0.11383812129497528,0.0
-0.11541174352169037,-0.11541171371936798,2.9802322387695312e-08
-0.11516697704792023,-0.11516697704792023,0.0
-0.11594036221504211,-0.11594034731388092,1.4901161193847656e-08
0.06268804520368576,0.06268802285194397,-2.2351741790771484e-08
0.06131083890795708,0.061310842633247375,3.725290298461914e-09
-0.11166554689407349,-0.11166554689407349,0.0
-0.10996931791305542,-0.10996931791305542,0.0
-0.11337945610284805,-0.11337944865226746,7.450580596923828e-09
-0.11239895969629288,-0.11239895224571228,7.450580596923828e-09
-0.11306560039520264,-0.11306560039520264,0.0
-0.11551970988512039,-0.1155197024345398,7.450580596923828e-09
-0.11857365816831589,-0.1185736358165741,2.2351741790771484e-08
-0.11783666163682938,-0.11783668398857117,-2.2351741790771484e-08
0.06297875940799713,0.06297875195741653,-7.450580596923828e-09
0.06202220544219017,0.06202221289277077,7.450580596923828e-09
-0.11076876521110535,-0.11076876521110535,0.0
-0.11296159029006958,-0.11296157538890839,1.4901161193847656e-08
-0.1111953929066658,-0.1111953854560852,7.450580596923828e-09
-0.11407758295536041,-0.1140776127576828,-2.9802322387695312e-08
-0.11585750430822372,-0.11585748195648193,2.2351741790771484e-08
-0.11825413256883621,-0.11825412511825562,7.450580596923828e-09
-0.11675223708152771,-0.11675222218036652,1.4901161193847656e-08
-0.11815576255321503,-0.11815579235553741,-2.9802322387695312e-08
0.06315919756889343,0.06315920501947403,7.450580596923828e-09
0.06175289303064346,0.061752866953611374,-2.60770320892334e-08
-0.11112042516469955,-0.11112041771411896,7.450580596923828e-09
-0.11000673472881317,-0.11000673472881317,0.0
-0.11243177950382233,-0.11243174970149994,2.9802322387695312e-08
-0.11242612451314926,-0.11242610216140747,2.2351741790771484e-08
-0.11441131681203842,-0.11441133916378021,-2.2351741790771484e-08
-0.11479153484106064,-0.11479154229164124,-7.450580596923828e-09
-0.11409539729356766,-0.11409540474414825,-7.450580596923828e-09
-0.11638927459716797,-0.11638927459716797,0.0
0.06352555751800537,0.06352555751800537,0.0
0.06279918551445007,0.06279920786619186,2.2351741790771484e-08
0.17288203537464142,0.1728820502758026,1.4901161193847656e-08
0.16613280773162842,0.1661328375339508,2.9802322387695312e-08
0.16933324933052063,0.16933324933052063,0.0
0.1697838008403778,0.1697838008403778,0.0
0.16829225420951843,0.16829228401184082,2.9802322387695312e-08
0.16698749363422394,0.16698749363422394,0.0
0.16551664471626282,0.16551664471626282,0.0
0.16435250639915466,0.16435247659683228,-2.9802322387695312e-08
0.04549755901098251,0.04549755901098251,0.0
0.04849141091108322,0.048491403460502625,-7.450580596923828e-09
0.06299463659524918,0.06299464404582977,7.450580596923828e-09
0.06210104748606682,0.06210106238722801,1.4901161193847656e-08
-0.6107444167137146,-0.6107444167137146,0.0
-0.6125427484512329,-0.6125428080558777,-5.960464477539063e-08
-0.6183269619941711,-0.6183269619941711,0.0
-0.6170733571052551,-0.6170733571052551,0.0
-0.619259238243103,-0.6192592978477478,-5.960464477539063e-08
-0.6206146478652954,-0.6206145882606506,5.960464477539063e-08
-0.6215378046035767,-0.6215378046035767,0.0
-0.6236135959625244,-0.6236135959625244,0.0
-0.14295777678489685,-0.14295777678489685,0.0
-0.1436273157596588,-0.14362730085849762,1.4901161193847656e-08
-0.610937774181366,-0.610937774181366,0.0
-0.6140400171279907,-0.6140400171279907,0.0
-0.6142675876617432,-0.6142675876617432,0.0
-0.617527186870575,-0.617527186870575,0.0
-0.6193166375160217,-0.6193166971206665,-5.960464477539063e-08
-0.6209123730659485,-0.6209124326705933,-5.960464477539063e-08
-0.6249423623085022,-0.6249423623085022,0.0
-0.6239985227584839,-0.6239985823631287,-5.960464477539063e-08
-0.14361217617988586,-0.14361217617988586,0.0
-0.14019833505153656,-0.14019833505153656,0.0
-0.6103332042694092,-0.610333263874054,-5.960464477539063e-08
-0.6119065284729004,-0.6119065880775452,-5.960464477539063e-08
-0.6136043667793274,-0.6136043667793274,0.0
-0.6194581985473633,-0.6194581985473633,0.0
-0.6209763288497925,-0.6209763288497925,0.0
-0.6221151351928711,-0.6221151351928711,0.0
-0.620840311050415,-0.620840311050415,0.0
-0.6227023601531982,-0.6227023601531982,0.0
-0.14303281903266907,-0.14303281903266907,0.0
-0.1394772082567215,-0.1394771933555603,1.4901161193847656e-08
-0.6115067601203918,-0.6115068197250366,-5.960464477539063e-08
-0.6119514107704163,-0.611951470375061,-5.960464477539063e-08
-0.6131564378738403,-0.6131564378738403,0.0
-0.6162010431289673,-0.6162011623382568,-1.1920928955078125e-07
-0.6178247332572937,-0.6178247928619385,-5.960464477539063e-08
-0.619734525680542,-0.6197344660758972,5.960464477539063e-08
-0.6211955547332764,-0.6211954951286316,5.960464477539063e-08
-0.6224909424781799,-0.6224909424781799,0.0
-0.14155885577201843,-0.14155885577201843,0.0
-0.13789355754852295,-0.13789354264736176,1.4901161193847656e-08
-0.11232775449752808,-0.11232775449752808,0.0
-0.11163763701915741,-0.11163762211799622,1.4901161193847656e-08
-0.11568738520145416,-0.11568740010261536,-1.4901161193847656e-08
-0.11297491192817688,-0.11297491192817688,0.0
-0.11351088434457779,-0.113510861992836,2.2351741790771484e-08
-0.11571615934371948,-0.11571617424488068,-1.4901161193847656e-08
-0.11590185016393661,-0.11590182781219482,2.2351741790771484e-08
-0.11645612120628357,-0.11645613610744476,-1.4901161193847656e-08
-0.610789954662323,-0.610789954662323,0.0
-0.6116827130317688,-0.611682653427124,5.960464477539063e-08
-0.6132575273513794,-0.6132575869560242,-5.960464477539063e-08
-0.616217851638794,-0.616217851638794,0.0
-0.6198788285255432,-0.619878888130188,-5.960464477539063e-08
-0.6200917959213257,-0.6200918555259705,-5.960464477539063e-08
-0.6185001134872437,-0.6185001134872437,0.0
-0.6199666261672974,-0.6199666261672974,0.0
-0.615258514881134,-0.6152584552764893,5.960464477539063e-08
-0.6204813122749329,-0.6204812526702881,5.960464477539063e-08
-0.6247618794441223,-0.6247618198394775,5.960464477539063e-08
-0.6286442875862122,-0.6286442875862122,0.0
-0.6265394687652588,-0.6265395283699036,-5.960464477539063e-08
-0.6319881677627563,-0.6319881677627563,0.0
-0.6307135820388794,-0.6307135820388794,0.0
-0.6300553679466248,-0.6300553679466248,0.0
-0.14734816551208496,-0.14734815061092377,1.4901161193847656e-08
-0.14851662516593933,-0.14851659536361694,2.9802322387695312e-08
-0.6141107678413391,-0.6141108274459839,-5.960464477539063e-08
-0.6120377779006958,-0.6120378971099854,-1.1920928955078125e-07
-0.6149683594703674,-0.6149682998657227,5.960464477539063e-08
-0.6175872087478638,-0.6175872087478638,0.0
-0.6185147762298584,-0.6185147762298584,0.0
-0.6200926899909973,-0.6200926899909973,0.0
-0.6217426657676697,-0.6217427253723145,-5.960464477539063e-08
-0.623078465461731,-0.6230784058570862,5.960464477539063e-08
-0.14082111418247223,-0.14082112908363342,-1.4901161193847656e-08
-0.14145950973033905,-0.14145950973033905,0.0
-0.609994649887085,-0.6099947094917297,-5.960464477539063e-08
-0.6127310395240784,-0.6127310395240784,0.0
-0.6157312989234924,-0.6157312989234924,0.0
-0.6190329790115356,-0.6190329790115356,0.0
-0.6185137629508972,-0.618513822555542,-5.960464477539063e-08
-0.620569109916687,-0.620569109916687,0.0
-0.6222750544548035,-0.6222751140594482,-5.960464477539063e-08
-0.6233692765235901,-0.6233692765235901,0.0
-0.14041858911514282,-0.14041857421398163,1.4901161193847656e-08
-0.1367548257112503,-0.1367548108100891,1.4901161193847656e-08
-0.14160959422588348,-0.14160960912704468,-1.4901161193847656e-08
-0.13785849511623383,-0.13785849511623383,0.0
-0.6106943488121033,-0.610694408416748,-5.960464477539063e-08
-0.6124027967453003,-0.6124027371406555,5.960464477539063e-08
-0.6156014800071716,-0.6156014800071716,0.0
-0.6179123520851135,-0.6179124116897583,-5.960464477539063e-08
-0.6191184520721436,-0.6191184520721436,0.0
-0.6207960247993469,-0.6207960247993469,0.0
-0.6222443580627441,-0.6222443580627441,0.0
-0.6245517134666443,-0.6245517134666443,0.0
-0.14041073620319366,-0.14041073620319366,0.0
-0.14152081310749054,-0.14152081310749054,0.0
-0.6127386093139648,-0.6127386093139648,0.0
-0.6123334169387817,-0.6123334765434265,-5.960464477539063e-08
-0.6153013110160828,-0.6153013706207275,-5.960464477539063e-08
-0.6193466186523438,-0.6193464994430542,1.1920928955078125e-07
-0.6185747385025024,-0.6185747981071472,-5.960464477539063e-08
-0.6202983260154724,-0.6202983260154724,0.0
-0.6228979229927063,-0.6228979229927063,0.0
-0.6231781244277954,-0.6231781840324402,-5.960464477539063e-08
-0.14124342799186707,-0.14124342799186707,0.0
-0.14178156852722168,-0.14178155362606049,1.4901161193847656e-08
-0.3510185480117798,-0.3510185480117798,0.0
-0.354921817779541,-0.354921817779541,0.0
-0.35741400718688965,-0.35741400718688965,0.0
-0.359005331993103,-0.359005331993103,0.0
-0.36125683784484863,-0.36125683784484863,0.0
-0.363808274269104,-0.3638083040714264,-2.9802322387695312e-08
-0.36551281809806824,-0.365512877702713,-5.960464477539063e-08
-0.3674863874912262,-0.3674863576889038,2.9802322387695312e-08
-0.20082272589206696,-0.20082274079322815,-1.4901161193847656e-08
-0.19752585887908936,-0.19752584397792816,1.4901161193847656e-08
-0.3569679260253906,-0.35696789622306824,2.9802322387695312e-08
-0.35799938440322876,-0.35799938440322876,0.0
-0.3611421585083008,-0.3611421585083008,0.0
-0.35975366830825806,-0.35975366830825806,0.0
-0.36258554458618164,-0.36258554458618164,0.0
-0.3645365238189697,-0.36453646421432495,5.960464477539063e-08
-0.36453700065612793,-0.36453700065612793,0.0
-0.36903002858161926,-0.3690299987792969,2.9802322387695312e-08
-0.20351946353912354,-0.20351946353912354,0.0
-0.20171956717967987,-0.20171956717967987,0.0
-0.3554081618785858,-0.3554081320762634,2.9802322387695312e-08
-0.35804587602615356,-0.35804587602615356,0.0
-0.36093223094940186,-0.36093220114707947,2.9802322387695312e-08
-0.3611147999763489,-0.3611147701740265,2.9802322387695312e-08
-0.3637125790119171,-0.3637126088142395,-2.9802322387695312e-08
-0.36480826139450073,-0.3648082911968231,-2.9802322387695312e-08
-0.36650705337524414,-0.36650702357292175,2.9802322387695312e-08
-0.36760079860687256,-0.36760079860687256,0.0
-0.2017519772052765,-0.2017519772052765,0.0
-0.17008137702941895,-0.17008137702941895,0.0
-0.35530346632003784,-0.35530346632003784,0.0
-0.3585107922554016,-0.3585107922554016,0.0
-0.35865819454193115,-0.35865816473960876,2.9802322387695312e-08
-0.3619229793548584,-0.3619229793548584,0.0
-0.36292630434036255,-0.36292633414268494,-2.9802322387695312e-08
-0.36397236585617065,-0.36397242546081543,-5.960464477539063e-08
-0.3653232455253601,-0.3653232455253601,0.0
-0.3669637441635132,-0.3669637441635132,0.0
-0.2044236958026886,-0.2044236958026886,0.0
-0.17943422496318817,-0.17943421006202698,1.4901161193847656e-08
-0.3548945188522339,-0.3548945188522339,0.0
-0.3565715253353119,-0.3565715551376343,-2.9802322387695312e-08
-0.35799092054367065,-0.35799092054367065,0.0
-0.361436128616333,-0.361436128616333,0.0
-0.3625427186489105,-0.36254268884658813,2.9802322387695312e-08
-0.3640984892845154,-0.364098459482193,2.9802322387695312e-08
-0.3657214939594269,-0.3657214641571045,2.9802322387695312e-08
-0.36675524711608887,-0.36675524711608887,0.0
-0.2008102834224701,-0.2008102983236313,-1.4901161193847656e-08
-0.19951678812503815,-0.19951680302619934,-1.4901161193847656e-08
-0.3553962707519531,-0.35539624094963074,2.9802322387695312e-08
-0.35753703117370605,-0.35753703117370605,0.0
-0.3587658107280731,-0.3587658107280731,0.0
-0.35999560356140137,-0.35999560356140137,0.0
-0.3621591031551361,-0.3621591031551361,0.0
-0.3632580041885376,-0.3632579445838928,5.960464477539063e-08
-0.36452239751815796,-0.36452239751815796,0.0
-0.36596018075942993,-0.36596018075942993,0.0
-0.1999693363904953,-0.1999693363904953,0.0
-0.19882458448410034,-0.19882458448410034,0.0
-0.3520776629447937,-0.3520776629447937,0.0
-0.35511165857315063,-0.35511159896850586,5.960464477539063e-08
-0.35751354694366455,-0.35751351714134216,2.9802322387695312e-08
-0.3611409366130829,-0.3611409664154053,-2.9802322387695312e-08
-0.3627760112285614,-0.362775981426239,2.9802322387695312e-08
-0.363083153963089,-0.3630831241607666,2.9802322387695312e-08
-0.36490997672080994,-0.3649100065231323,-2.9802322387695312e-08
-0.3664209842681885,-0.3664209842681885,0.0
-0.19961576163768768,-0.19961576163768768,0.0
-0.1980907917022705,-0.1980907917022705,0.0
-0.3528722822666168,-0.3528722822666168,0.0
-0.35458019375801086,-0.3545801639556885,2.9802322387695312e-08
-0.35702642798423767,-0.35702645778656006,-2.9802322387695312e-08
-0.359148234128952,-0.359148234128952,0.0
-0.3610272705554962,-0.3610272705554962,0.0
-0.36174827814102173,-0.36174827814102173,0.0
-0.3629661798477173,-0.3629661798477173,0.0
-0.36468276381492615,-0.36468279361724854,-2.9802322387695312e-08
-0.1975298523902893,-0.19752982258796692,2.9802322387695312e-08
-0.19837826490402222,-0.19837823510169983,2.9802322387695312e-08
-0.35316598415374756,-0.35316601395606995,-2.9802322387695312e-08
-0.3562265634536743,-0.3562265932559967,-2.9802322387695312e-08
-0.356822669506073,-0.356822669506073,0.0
-0.3611721694469452,-0.3611721694469452,0.0
-0.36363089084625244,-0.36363089084625244,0.0
-0.3648735284805298,-0.3648734986782074,2.9802322387695312e-08
-0.366120308637619,-0.3661203384399414,-2.9802322387695312e-08
-0.3676542639732361,-0.3676542639732361,0.0
-0.20048558712005615,-0.20048557221889496,1.4901161193847656e-08
-0.20014020800590515,-0.20014022290706635,-1.4901161193847656e-08
-0.35392260551452637,-0.35392260551452637,0.0
-0.3559018075466156,-0.3559017777442932,2.9802322387695312e-08
-0.3586196303367615,-0.35861966013908386,-2.9802322387695312e-08
-0.3597165644168854,-0.3597165644168854,0.0
-0.3612188696861267,-0.3612189292907715,-5.960464477539063e-08
-0.36264559626579285,-0.36264562606811523,-2.9802322387695312e-08
-0.3652598261833191,-0.3652598261833191,0.0
-0.3660199046134949,-0.3660199046134949,0.0
-0.19857527315616608,-0.19857525825500488,1.4901161193847656e-08
-0.1993778496980667,-0.1993778496980667,0.0
-0.35358044505119324,-0.3535804748535156,-2.9802322387695312e-08
-0.3555377423763275,-0.3555377125740051,2.9802322387695312e-08
-0.35895928740501404,-0.35895928740501404,0.0
-0.3592202067375183,-0.3592202067375183,0.0
-0.3600865602493286,-0.3600865304470062,2.9802322387695312e-08
-0.3623574674129486,-0.362357497215271,-2.9802322387695312e-08
-0.3642440736293793,-0.3642440736293793,0.0
-0.365106463432312,-0.3651064932346344,-2.9802322387695312e-08
-0.19787973165512085,-0.19787973165512085,0.0
-0.1978355050086975,-0.1978355050086975,0.0
-0.35440707206726074,-0.35440707206726074,0.0
-0.35768118500709534,-0.35768115520477295,2.9802322387695312e-08
-0.3592461943626404,-0.3592461943626404,0.0
-0.3605386018753052,-0.3605386018753052,0.0
-0.36229902505874634,-0.36229902505874634,0.0
-0.36388933658599854,-0.36388933658599854,0.0
-0.3163314461708069,-0.31633150577545166,-5.960464477539063e-08
-0.3663238286972046,-0.3663237988948822,2.9802322387695312e-08
-0.19741304218769073,-0.19741304218769073,0.0
-0.19585055112838745,-0.19585053622722626,1.4901161193847656e-08
-0.360786497592926,-0.360786497592926,0.0
-0.36420848965644836,-0.36420848965644836,0.0
-0.3680179715156555,-0.3680179715156555,0.0
-0.3695510923862457,-0.36955106258392334,2.9802322387695312e-08
-0.3701445460319519,-0.3701446056365967,-5.960464477539063e-08
-0.3722552955150604,-0.3722553253173828,-2.9802322387695312e-08
-0.3424965441226959,-0.3424965441226959,0.0
-0.37473633885383606,-0.37473636865615845,-2.9802322387695312e-08
-0.20296312868595123,-0.20296314358711243,-1.4901161193847656e-08
-0.20425260066986084,-0.20425260066986084,0.0
-0.35263365507125854,-0.35263365507125854,0.0
-0.3546406626701355,-0.3546407222747803,-5.960464477539063e-08
-0.3564145267009735,-0.3564145863056183,-5.960464477539063e-08
-0.35911619663238525,-0.35911616683006287,2.9802322387695312e-08
-0.3603018522262573,-0.36030182242393494,2.9802322387695312e-08
-0.3608872592449188,-0.36088722944259644,2.9802322387695312e-08
-0.3632003664970398,-0.3632003366947174,2.9802322387695312e-08
-0.36499330401420593,-0.3649933338165283,-2.9802322387695312e-08
-0.19703030586242676,-0.19703029096126556,1.4901161193847656e-08
-0.19472651183605194,-0.19472652673721313,-1.4901161193847656e-08
-0.6109870076179504,-0.6109869480133057,5.960464477539063e-08
-0.6122387647628784,-0.6122387647628784,0.0
-0.6138632893562317,-0.6138632893562317,0.0
-0.6170071363449097,-0.6170071959495544,-5.960464477539063e-08
-0.6186099052429199,-0.6186100244522095,-1.1920928955078125e-07
-0.620128333568573,-0.6201282739639282,5.960464477539063e-08
-0.6217825412750244,-0.6217826008796692,-5.960464477539063e-08
-0.623645544052124,-0.6236454844474792,5.960464477539063e-08
-0.14004667103290558,-0.14004667103290558,0.0
-0.13676570355892181,-0.136765718460083,-1.4901161193847656e-08
-0.35306212306022644,-0.35306215286254883,-2.9802322387695312e-08
-0.35459861159324646,-0.35459864139556885,-2.9802322387695312e-08
-0.35618364810943604,-0.35618361830711365,2.9802322387695312e-08
-0.35854607820510864,-0.35854610800743103,-2.9802322387695312e-08
-0.36035406589508057,-0.36035406589508057,0.0
-0.36178427934646606,-0.3617842495441437,2.9802322387695312e-08
-0.3634103536605835,-0.3634102940559387,5.960464477539063e-08
-0.364471435546875,-0.364471435546875,0.0
-0.19717338681221008,-0.19717338681221008,0.0
-0.19780345261096954,-0.19780343770980835,1.4901161193847656e-08
-0.35341912508010864,-0.35341912508010864,0.0
-0.355103075504303,-0.35510313510894775,-5.960464477539063e-08
-0.3573315739631653,-0.3573315739631653,0.0
-0.36016589403152466,-0.36016592383384705,-2.9802322387695312e-08
-0.3614698350429535,-0.3614698052406311,2.9802322387695312e-08
-0.36299043893814087,-0.36299043893814087,0.0
-0.3646082282066345,-0.3646082282066345,0.0
-0.36537474393844604,-0.36537474393844604,0.0
-0.19669535756111145,-0.19669535756111145,0.0
-0.1963365226984024,-0.1963365077972412,1.4901161193847656e-08
-0.3537923991680145,-0.3537924289703369,-2.9802322387695312e-08
-0.35773205757141113,-0.35773205757141113,0.0
-0.35709691047668457,-0.35709694027900696,-2.9802322387695312e-08
-0.3586805760860443,-0.3586805760860443,0.0
-0.3613930344581604,-0.361393004655838,2.9802322387695312e-08
-0.3624221980571747,-0.3624221682548523,2.9802322387695312e-08
-0.36394429206848145,-0.36394426226615906,2.9802322387695312e-08
-0.3653096556663513,-0.3653096556663513,0.0
-0.19568341970443726,-0.19568340480327606,1.4901161193847656e-08
-0.19467489421367645,-0.19467489421367645,0.0
-0.3541352152824402,-0.3541351854801178,2.9802322387695312e-08
-0.35631459951400757,-0.35631459951400757,0.0
-0.35819336771965027,-0.3581933379173279,2.9802322387695312e-08
-0.3610069751739502,-0.3610069751739502,0.0
-0.3626437783241272,-0.3626437485218048,2.9802322387695312e-08
-0.3645916283130646,-0.36459165811538696,-2.9802322387695312e-08
-0.3663206100463867,-0.3663206100463867,0.0
-0.36781734228134155,-0.36781734228134155,0.0
-0.1956327110528946,-0.1956327110528946,0.0
-0.1940234899520874,-0.1940235197544098,-2.9802322387695312e-08
-0.3527876138687134,-0.3527876138687134,0.0
-0.355024516582489,-0.355024516582489,0.0
-0.3564773201942444,-0.3564773499965668,-2.9802322387695312e-08
-0.359158992767334,-0.359158992767334,0.0
-0.36269015073776245,-0.36269012093544006,2.9802322387695312e-08
-0.3621882200241089,-0.3621882200241089,0.0
-0.36340194940567017,-0.36340194940567017,0.0
-0.36565351486206055,-0.36565351486206055,0.0
-0.19553644955158234,-0.19553643465042114,1.4901161193847656e-08
-0.19406087696552277,-0.19406086206436157,1.4901161193847656e-08
-0.35468798875808716,-0.35468798875808716,0.0
-0.3561910092830658,-0.3561910390853882,-2.9802322387695312e-08
-0.3613712191581726,-0.3613712191581726,0.0
-0.3638768196105957,-0.3638768792152405,-5.960464477539063e-08
-0.3659060001373291,-0.3659059405326843,5.960464477539063e-08
-0.3670840263366699,-0.3670840263366699,0.0
-0.34647658467292786,-0.34647661447525024,-2.9802322387695312e-08
-0.3696310818195343,-0.3696310520172119,2.9802322387695312e-08
-0.1999114751815796,-0.1999114751815796,0.0
-0.19729377329349518,-0.19729377329349518,0.0
-0.07411429286003113,-0.07411427795886993,1.4901161193847656e-08
-0.07730621099472046,-0.07730619609355927,1.4901161193847656e-08
-0.08117019385099411,-0.0811702311038971,-3.725290298461914e-08
-0.08293106406927109,-0.08293107897043228,-1.4901161193847656e-08
-0.08476773649454117,-0.08476772159337997,1.4901161193847656e-08
-0.08731363713741302,-0.08731363713741302,0.0
-0.05033663660287857,-0.050336629152297974,7.450580596923828e-09
-0.090728759765625,-0.0907287672162056,-7.450580596923828e-09
-0.2134573608636856,-0.21345734596252441,1.4901161193847656e-08
-0.2074938267469406,-0.20749381184577942,1.4901161193847656e-08
-0.3543086647987366,-0.3543086647987366,0.0
-0.356198251247406,-0.356198251247406,0.0
-0.3575723469257355,-0.35757237672805786,-2.9802322387695312e-08
-0.3591477870941162,-0.3591477870941162,0.0
-0.3621656894683838,-0.3621656894683838,0.0
-0.3624769151210785,-0.3624769151210785,0.0
-0.3071722984313965,-0.3071722984313965,0.0
-0.36677050590515137,-0.366770476102829,2.9802322387695312e-08
-0.19671277701854706,-0.19671277701854706,0.0
-0.19422465562820435,-0.19422465562820435,0.0
0.1710590422153473,0.17105905711650848,1.4901161193847656e-08
0.17187023162841797,0.17187023162841797,0.0
0.1657409816980362,0.1657409816980362,0.0
0.16731685400009155,0.16731688380241394,2.9802322387695312e-08
0.16764450073242188,0.16764453053474426,2.9802322387695312e-08
0.1665065586566925,0.1665065735578537,1.4901161193847656e-08
0.16344130039215088,0.16344128549098969,-1.4901161193847656e-08
0.1639115959405899,0.1639116108417511,1.4901161193847656e-08
0.045501526445150375,0.04550151526927948,-1.1175870895385742e-08
0.048491332679986954,0.04849133640527725,3.725290298461914e-09
-0.11111423373222351,-0.11111421883106232,1.4901161193847656e-08
-0.11105623096227646,-0.11105622351169586,7.450580596923828e-09
-0.11258596926927567,-0.11258600652217865,-3.725290298461914e-08
-0.11173909902572632,-0.11173908412456512,1.4901161193847656e-08
-0.11259880661964417,-0.11259885132312775,-4.470348358154297e-08
-0.11539806425571442,-0.11539806425571442,0.0
-0.1164173036813736,-0.1164173036813736,0.0
-0.11706696450710297,-0.11706696450710297,0.0
0.06343114376068115,0.06343113631010056,-7.450580596923828e-09
0.062013089656829834,0.062013085931539536,-3.725290298461914e-09
-0.1110653504729271,-0.1110653430223465,7.450580596923828e-09
-0.11073542386293411,-0.11073538661003113,3.725290298461914e-08
-0.11497330665588379,-0.1149732917547226,1.4901161193847656e-08
-0.11461538076400757,-0.11461538076400757,0.0
-0.11471223831176758,-0.11471223831176758,0.0
-0.11394145339727402,-0.11394143104553223,2.2351741790771484e-08
-0.11775771528482437,-0.11775770783424377,7.450580596923828e-09
-0.11737154424190521,-0.11737152934074402,1.4901161193847656e-08
0.06263381242752075,0.06263381242752075,0.0
0.06166594475507736,0.06166595220565796,7.450580596923828e-09
-0.11141113936901093,-0.11141115427017212,-1.4901161193847656e-08
-0.11142203211784363,-0.11142203211784363,0.0
-0.11450724303722382,-0.11450722813606262,1.4901161193847656e-08
-0.11532184481620789,-0.11532184481620789,0.0
-0.115119069814682,-0.11511904001235962,2.9802322387695312e-08
-0.11391384154558182,-0.11391383409500122,7.450580596923828e-09
-0.11414138227701187,-0.11414134502410889,3.725290298461914e-08
-0.11491021513938904,-0.11491020023822784,1.4901161193847656e-08
0.06353944540023804,0.06353943794965744,-7.450580596923828e-09
0.061428628861904144,0.06142864003777504,1.1175870895385742e-08
-0.11039303243160248,-0.11039304733276367,-1.4901161193847656e-08
-0.1105353981256485,-0.11053541302680969,-1.4901161193847656e-08
-0.11384308338165283,-0.11384308338165283,0.0
-0.11235728859901428,-0.11235731840133667,-2.9802322387695312e-08
-0.11497905850410461,-0.114979088306427,-2.9802322387695312e-08
-0.11548300087451935,-0.11548301577568054,-1.4901161193847656e-08
-0.1160442903637886,-0.11604426801204681,2.2351741790771484e-08
-0.11755949258804321,-0.1175595074892044,-1.4901161193847656e-08
0.062397535890340805,0.062397539615631104,3.725290298461914e-09
0.06145395711064339,0.06145395338535309,-3.725290298461914e-09
0.14839445054531097,0.14839446544647217,1.4901161193847656e-08
0.14881585538387299,0.1488158404827118,-1.4901161193847656e-08
0.14795061945915222,0.1479506492614746,2.9802322387695312e-08
0.14685523509979248,0.14685523509979248,0.0
0.1468493938446045,0.1468493938446045,0.0
0.1447637379169464,0.1447637677192688,2.9802322387695312e-08
0.14448711276054382,0.14448708295822144,-2.9802322387695312e-08
0.14374233782291412,0.14374235272407532,1.4901161193847656e-08
0.00426602503284812,0.004266023635864258,-1.3969838619232178e-09
0.0016245623119175434,0.0016245469450950623,-1.5366822481155396e-08
0.17041203379631042,0.17041200399398804,-2.9802322387695312e-08
0.17020832002162933,0.17020833492279053,1.4901161193847656e-08
0.16609084606170654,0.16609089076519012,4.470348358154297e-08
0.16666938364505768,0.16666941344738007,2.9802322387695312e-08
0.16568037867546082,0.16568037867546082,0.0
0.16404016315937042,0.16404013335704803,-2.9802322387695312e-08
0.16249673068523407,0.16249671578407288,-1.4901161193847656e-08
0.16103367507457733,0.16103367507457733,0.0
0.04477903991937637,0.04477904364466667,3.725290298461914e-09
0.045600421726703644,0.04560042917728424,7.450580596923828e-09
0.17086389660835266,0.17086389660835266,0.0
0.17118631303310394,0.17118635773658752,4.470348358154297e-08
0.1704171597957611,0.1704171746969223,1.4901161193847656e-08
0.16487176716327667,0.16487176716327667,0.0
0.16675075888633728,0.16675077378749847,1.4901161193847656e-08
0.1643180251121521,0.1643180251121521,0.0
0.1635986864566803,0.1635986566543579,-2.9802322387695312e-08
0.16182225942611694,0.16182227432727814,1.4901161193847656e-08
0.04503623768687248,0.04503624141216278,3.725290298461914e-09
0.047475703060626984,0.047475725412368774,2.2351741790771484e-08
0.17110012471675873,0.1711001694202423,4.470348358154297e-08
0.16995736956596375,0.16995736956596375,0.0
0.1699088215827942,0.16990885138511658,2.9802322387695312e-08
0.1682877540588379,0.1682877540588379,0.0
0.16642437875270844,0.16642439365386963,1.4901161193847656e-08
0.16475266218185425,0.16475266218185425,0.0
0.16362012922763824,0.16362012922763824,0.0
0.1625070422887802,0.1625070720911026,2.9802322387695312e-08
0.045251548290252686,0.04525153711438179,-1.1175870895385742e-08
0.048170071095228195,0.0481700524687767,-1.862645149230957e-08
0.43202298879623413,0.43202298879623413,0.0
0.42972707748413086,0.42972710728645325,2.9802322387695312e-08
0.426639199256897,0.426639199256897,0.0
0.42691171169281006,0.42691171169281006,0.0
0.42612338066101074,0.42612338066101074,0.0
0.42442455887794495,0.42442455887794495,0.0
0.42323970794677734,0.42323967814445496,-2.9802322387695312e-08
0.42260313034057617,0.42260313034057617,0.0
-0.01286314707249403,-0.012863166630268097,-1.955777406692505e-08
-0.011823521926999092,-0.011823512613773346,9.313225746154785e-09
0.4304606318473816,0.4304606318473816,0.0
0.4292437732219696,0.4292437732219696,0.0
0.4277724027633667,0.4277724027633667,0.0
0.42657965421676636,0.42657965421676636,0.0
0.4248618483543396,0.4248618483543396,0.0
0.42404675483703613,0.4240467846393585,2.9802322387695312e-08
0.4221954345703125,0.4221954643726349,2.9802322387695312e-08
0.42144638299942017,0.42144638299942017,0.0
-0.01374870352447033,-0.013748697936534882,5.587935447692871e-09
-0.011743071489036083,-0.011743061244487762,1.0244548320770264e-08
0.4299364686012268,0.4299364686012268,0.0
0.42875999212265015,0.42875999212265015,0.0
0.4270915687084198,0.4270915985107422,2.9802322387695312e-08
0.4258584678173065,0.42585843801498413,-2.9802322387695312e-08
0.4237014055252075,0.4237014055252075,0.0
0.4229344129562378,0.4229344129562378,0.0
0.4220317602157593,0.4220317602157593,0.0
0.42100635170936584,0.42100635170936584,0.0
-0.012486672960221767,-0.01248667761683464,-4.6566128730773926e-09
-0.011363226920366287,-0.011363234370946884,-7.450580596923828e-09
0.4298020303249359,0.4298020005226135,-2.9802322387695312e-08
0.42844873666763306,0.42844873666763306,0.0
0.4269907474517822,0.4269907772541046,2.9802322387695312e-08
0.4248887300491333,0.4248887300491333,0.0
0.42408835887908936,0.42408832907676697,-2.9802322387695312e-08
0.4233211874961853,0.4233211874961853,0.0
0.4217107892036438,0.4217107594013214,-2.9802322387695312e-08
0.4207778573036194,0.4207778573036194,0.0
-0.013327930122613907,-0.01332792267203331,7.450580596923828e-09
-0.011287109926342964,-0.011287100613117218,9.313225746154785e-09
0.4301269054412842,0.4301268756389618,-2.9802322387695312e-08
0.42847636342048645,0.42847636342048645,0.0
0.42669224739074707,0.42669224739074707,0.0
0.4247578978538513,0.4247579276561737,2.9802322387695312e-08
0.42274588346481323,0.42274585366249084,-2.9802322387695312e-08
0.42245933413505554,0.42245936393737793,2.9802322387695312e-08
0.42180347442626953,0.4218035042285919,2.9802322387695312e-08
0.4180428683757782,0.4180428683757782,0.0
-0.013004455715417862,-0.01300445944070816,-3.725290298461914e-09
-0.011818270199000835,-0.01181827113032341,-9.313225746154785e-10
0.4305272698402405,0.4305272698402405,0.0
0.4298134446144104,0.4298134446144104,0.0
0.426740437746048,0.426740437746048,0.0
0.4262935519218445,0.4262935221195221,-2.9802322387695312e-08
0.4251226484775543,0.4251226782798767,2.9802322387695312e-08
0.4232977032661438,0.4232976734638214,-2.9802322387695312e-08
0.4224826991558075,0.4224826991558075,0.0
0.4217768907546997,0.4217768907546997,0.0
-0.012987279333174229,-0.012987297028303146,-1.7695128917694092e-08
-0.012055633589625359,-0.012055628001689911,5.587935447692871e-09
0.430657297372818,0.4306572675704956,-2.9802322387695312e-08
0.42940574884414673,0.42940574884414673,0.0
0.42874595522880554,0.42874598503112793,2.9802322387695312e-08
0.4269310534000397,0.4269310235977173,-2.9802322387695312e-08
0.42533034086227417,0.42533034086227417,0.0
0.4237961769104004,0.42379623651504517,5.960464477539063e-08
0.42302441596984863,0.42302441596984863,0.0
0.42162734270095825,0.42162734270095825,0.0
-0.014875544235110283,-0.014875534921884537,9.313225746154785e-09
-0.014012251980602741,-0.014012239873409271,1.210719347000122e-08
0.4301769435405731,0.4301769435405731,0.0
0.42861512303352356,0.42861515283584595,2.9802322387695312e-08
0.42695361375808716,0.42695361375808716,0.0
0.4260953664779663,0.4260953366756439,-2.9802322387695312e-08
0.4235150218009949,0.4235150218009949,0.0
0.42337119579315186,0.42337119579315186,0.0
0.42231887578964233,0.42231887578964233,0.0
0.4210851192474365,0.4210851192474365,0.0
-0.013958962634205818,-0.013958953320980072,9.313225746154785e-09
-0.012605288997292519,-0.012605298310518265,-9.313225746154785e-09
0.42784202098846436,0.42784202098846436,0.0
0.42796242237091064,0.42796242237091064,0.0
0.4242846965789795,0.4242846965789795,0.0
0.42421525716781616,0.42421525716781616,0.0
0.4243291914463043,0.4243291914463043,0.0
0.4215410351753235,0.4215410351753235,0.0
0.4210743308067322,0.4210743308067322,0.0
0.4194600582122803,0.4194600582122803,0.0
-0.012674134224653244,-0.012674137949943542,-3.725290298461914e-09
-0.0121529595926404,-0.012152966111898422,-6.51925802230835e-09
0.17155882716178894,0.17155882716178894,0.0
0.1703389585018158,0.1703389436006546,-1.4901161193847656e-08
0.16735482215881348,0.16735482215881348,0.0
0.16934266686439514,0.16934269666671753,2.9802322387695312e-08
0.16785891354084015,0.16785892844200134,1.4901161193847656e-08
0.16656482219696045,0.16656483709812164,1.4901161193847656e-08
0.1635631024837494,0.1635630875825882,-1.4901161193847656e-08
0.16400526463985443,0.16400523483753204,-2.9802322387695312e-08
0.04541758447885513,0.04541756585240364,-1.862645149230957e-08
0.04821009188890457,0.04821009188890457,0.0
0.17151033878326416,0.17151033878326416,0.0
0.1677505522966385,0.1677505373954773,-1.4901161193847656e-08
0.16900165379047394,0.16900166869163513,1.4901161193847656e-08
0.16902557015419006,0.16902557015419006,0.0
0.168107271194458,0.168107271194458,0.0
0.16664651036262512,0.16664652526378632,1.4901161193847656e-08
0.16282430291175842,0.16282430291175842,0.0
0.15835551917552948,0.1583555042743683,-1.4901161193847656e-08
0.044808194041252136,0.04480820894241333,1.4901161193847656e-08
0.04712262004613876,0.047122638672590256,1.862645149230957e-08
0.4327329099178314,0.43273288011550903,-2.9802322387695312e-08
0.43100714683532715,0.43100714683532715,0.0
0.428715318441391,0.428715318441391,0.0
0.4289299249649048,0.42892986536026,-5.960464477539063e-08
0.42521676421165466,0.42521676421165466,0.0
0.42376071214675903,0.42376068234443665,-2.9802322387695312e-08
0.4236125349998474,0.4236125946044922,5.960464477539063e-08
0.421835720539093,0.421835720539093,0.0
-0.014673630706965923,-0.014673642814159393,-1.210719347000122e-08
-0.013729732483625412,-0.013729721307754517,1.1175870895385742e-08
0.4322422742843628,0.4322422742843628,0.0
0.42917731404304504,0.42917731404304504,0.0
0.42921727895736694,0.42921727895736694,0.0
0.42794114351272583,0.4279411733150482,2.9802322387695312e-08
0.4267151355743408,0.4267151355743408,0.0
0.42439866065979004,0.42439863085746765,-2.9802322387695312e-08
0.42412811517715454,0.42412811517715454,0.0
0.42237389087677,0.42237389087677,0.0
-0.013814609497785568,-0.01381460577249527,3.725290298461914e-09
-0.012513399124145508,-0.01251339539885521,3.725290298461914e-09
0.4318264126777649,0.4318264424800873,2.9802322387695312e-08
0.43008896708488464,0.43008899688720703,2.9802322387695312e-08
0.4283365309238434,0.4283365309238434,0.0
0.42761385440826416,0.42761385440826416,0.0
0.425262987613678,0.425262987613678,0.0
0.42384666204452515,0.42384663224220276,-2.9802322387695312e-08
0.4208279252052307,0.4208279252052307,0.0
0.42157453298568726,0.42157453298568726,0.0
-0.01400013267993927,-0.014000140130519867,-7.450580596923828e-09
-0.013111516833305359,-0.013111509382724762,7.450580596923828e-09
0.4320518970489502,0.4320518672466278,-2.9802322387695312e-08
0.4297284483909607,0.4297284185886383,-2.9802322387695312e-08
0.4297545552253723,0.4297545850276947,2.9802322387695312e-08
0.4288662075996399,0.4288662075996399,0.0
0.42545846104621887,0.42545846104621887,0.0
0.42485785484313965,0.42485785484313965,0.0
0.4248352646827698,0.4248352348804474,-2.9802322387695312e-08
0.42323818802833557,0.42323821783065796,2.9802322387695312e-08
-0.014674518257379532,-0.014674533158540726,-1.4901161193847656e-08
-0.013160668313503265,-0.013160664588212967,3.725290298461914e-09
0.4320420026779175,0.4320420026779175,0.0
0.43108823895454407,0.43108823895454407,0.0
0.4289267659187317,0.4289267659187317,0.0
0.4277990460395813,0.4277990460395813,0.0
0.4261159598827362,0.4261159896850586,2.9802322387695312e-08
0.4243572950363159,0.4243573248386383,2.9802322387695312e-08
0.4241705536842346,0.4241705536842346,0.0
0.4225926399230957,0.4225926101207733,-2.9802322387695312e-08
-0.014533387497067451,-0.014533378183841705,9.313225746154785e-09
-0.014145736582577229,-0.014145728200674057,8.381903171539307e-09
0.43089503049850464,0.430895060300827,2.9802322387695312e-08
0.4306531548500061,0.4306531548500061,0.0
0.4280409812927246,0.4280410408973694,5.960464477539063e-08
0.4270898699760437,0.4270898997783661,2.9802322387695312e-08
0.42506837844848633,0.42506837844848633,0.0
0.42376193404197693,0.4237619638442993,2.9802322387695312e-08
0.4230944514274597,0.4230944812297821,2.9802322387695312e-08
0.4215646982192993,0.4215646982192993,0.0
-0.014016831293702126,-0.014016818255186081,1.30385160446167e-08
-0.013165194541215897,-0.013165198266506195,-3.725290298461914e-09
0.4310488700866699,0.4310488700866699,0.0
0.4320778250694275,0.43207788467407227,5.960464477539063e-08
0.43110841512680054,0.43110838532447815,-2.9802322387695312e-08
0.4288070797920227,0.4288070797920227,0.0
0.42737331986427307,0.4273732900619507,-2.9802322387695312e-08
0.4259989857673645,0.4259989857673645,0.0
0.42556434869766235,0.42556431889533997,-2.9802322387695312e-08
0.4235732853412628,0.4235732853412628,0.0
-0.015940457582473755,-0.015940465033054352,-7.450580596923828e-09
-0.01482485793530941,-0.01482485979795456,-1.862645149230957e-09
0.4336094856262207,0.4336094558238983,-2.9802322387695312e-08
0.4326280355453491,0.4326280653476715,2.9802322387695312e-08
0.4312615990638733,0.4312615990638733,0.0
0.43017861247062683,0.43017861247062683,0.0
0.42886459827423096,0.42886456847190857,-2.9802322387695312e-08
0.4266185164451599,0.4266184866428375,-2.9802322387695312e-08
0.4254421591758728,0.4254421889781952,2.9802322387695312e-08
0.42507198452949524,0.42507195472717285,-2.9802322387695312e-08
-0.01546248234808445,-0.015462495386600494,-1.30385160446167e-08
-0.014364881440997124,-0.014364887028932571,-5.587935447692871e-09
0.4335111975669861,0.4335111975669861,0.0
0.43406426906585693,0.43406426906585693,0.0
0.43224629759788513,0.43224629759788513,0.0
0.43114906549453735,0.43114906549453735,0.0
0.429945707321167,0.4299457371234894,2.9802322387695312e-08
0.42811140418052673,0.42811140418052673,0.0
0.4272828698158264,0.4272828698158264,0.0
0.426029771566391,0.426029771566391,0.0
-0.01579882763326168,-0.01579882949590683,-1.862645149230957e-09
-0.014839235693216324,-0.014839209616184235,2.60770320892334e-08
0.4344956576824188,0.43449562788009644,-2.9802322387695312e-08
0.43318837881088257,0.43318840861320496,2.9802322387695312e-08
0.4312691390514374,0.4312691390514374,0.0
0.4300279915332794,0.4300279915332794,0.0
0.4281354248523712,0.4281354546546936,2.9802322387695312e-08
0.4270334839820862,0.4270334839820862,0.0
0.4258772134780884,0.4258771538734436,-5.960464477539063e-08
0.4247933626174927,0.42479339241981506,2.9802322387695312e-08
-0.01597425527870655,-0.015974268317222595,-1.30385160446167e-08
-0.015372587367892265,-0.01537260040640831,-1.30385160446167e-08
0.4350878596305847,0.4350878596305847,0.0
0.4334559440612793,0.4334559738636017,2.9802322387695312e-08
0.4312904179096222,0.4312904477119446,2.9802322387695312e-08
0.42958125472068787,0.42958128452301025,2.9802322387695312e-08
0.4273782968521118,0.4273782968521118,0.0
0.425856351852417,0.425856351852417,0.0
0.42477279901504517,0.4247727692127228,-2.9802322387695312e-08
0.42390385270118713,0.42390385270118713,0.0
-0.015651166439056396,-0.015651144087314606,2.2351741790771484e-08
-0.015807244926691055,-0.015807241201400757,3.725290298461914e-09
0.4329144060611725,0.4329144060611725,0.0
0.4297301769256592,0.4297301471233368,-2.9802322387695312e-08
0.43022310733795166,0.43022310733795166,0.0
0.429423987865448,0.429423987865448,0.0
0.427131325006485,0.4271312952041626,-2.9802322387695312e-08
0.42628419399261475,0.42628419399261475,0.0
0.4249824583530426,0.4249824583530426,0.0
0.4232047200202942,0.4232047200202942,0.0
-0.01499741431325674,-0.014997422695159912,-8.381903171539307e-09
-0.014117579907178879,-0.014117583632469177,-3.725290298461914e-09
0.4317757785320282,0.4317757785320282,0.0
0.4302807152271271,0.4302806854248047,-2.9802322387695312e-08
0.4289040267467499,0.42890405654907227,2.9802322387695312e-08
0.4274018406867981,0.4274018406867981,0.0
0.42597776651382446,0.42597779631614685,2.9802322387695312e-08
0.4241712987422943,0.4241712987422943,0.0
0.4231608211994171,0.4231608510017395,2.9802322387695312e-08
0.4222668409347534,0.4222668409347534,0.0
-0.016302071511745453,-0.016302064061164856,7.450580596923828e-09
-0.014638477936387062,-0.014638468623161316,9.313225746154785e-09
0.4334263205528259,0.4334263205528259,0.0
0.43187370896339417,0.4318736791610718,-2.9802322387695312e-08
0.43046295642852783,0.43046292662620544,-2.9802322387695312e-08
0.42862972617149353,0.42862969636917114,-2.9802322387695312e-08
0.4269523322582245,0.4269523322582245,0.0
0.42558911442756653,0.42558908462524414,-2.9802322387695312e-08
0.4246484041213989,0.4246484041213989,0.0
0.42245781421661377,0.42245781421661377,0.0
-0.01601337268948555,-0.016013354063034058,1.862645149230957e-08
-0.014969714917242527,-0.014969687908887863,2.7008354663848877e-08
0.4343559145927429,0.4343559145927429,0.0
0.43243828415870667,0.43243831396102905,2.9802322387695312e-08
0.43158456683158875,0.43158453702926636,-2.9802322387695312e-08
0.42935553193092346,0.42935556173324585,2.9802322387695312e-08
0.427916556596756,0.427916556596756,0.0
0.42651185393333435,0.42651185393333435,0.0
0.4255084693431854,0.4255084991455078,2.9802322387695312e-08
0.4244646728038788,0.42446470260620117,2.9802322387695312e-08
-0.016508115455508232,-0.01650812476873398,-9.313225746154785e-09
-0.01544235274195671,-0.015442341566085815,1.1175870895385742e-08
0.43342527747154236,0.43342524766921997,-2.9802322387695312e-08
0.4337449073791504,0.4337449371814728,2.9802322387695312e-08
0.4321347773075104,0.4321347773075104,0.0
0.43101248145103455,0.43101248145103455,0.0
0.42874008417129517,0.4287400543689728,-2.9802322387695312e-08
0.42734137177467346,0.42734140157699585,2.9802322387695312e-08
0.42451757192611694,0.42451760172843933,2.9802322387695312e-08
0.4252670705318451,0.4252670705318451,0.0
-0.016910376027226448,-0.016910377889871597,-1.862645149230957e-09
-0.01598557084798813,-0.015985578298568726,-7.450580596923828e-09
-0.08065257966518402,-0.08065260201692581,-2.2351741790771484e-08
-0.08393310010433197,-0.08393312990665436,-2.9802322387695312e-08
-0.08445432037115097,-0.08445429801940918,2.2351741790771484e-08
-0.0849652960896492,-0.0849653109908104,-1.4901161193847656e-08
-0.08882610499858856,-0.08882611244916916,-7.450580596923828e-09
-0.08902008086442947,-0.08902005851268768,2.2351741790771484e-08
0.004623532295227051,0.004623532295227051,0.0
-0.09273143112659454,-0.09273143112659454,0.0
-0.21336284279823303,-0.21336284279823303,0.0
-0.2112714946269989,-0.2112714797258377,1.4901161193847656e-08
-0.35654887557029724,-0.35654887557029724,0.0
-0.3597421646118164,-0.3597421944141388,-2.9802322387695312e-08
-0.3613058626651764,-0.3613058924674988,-2.9802322387695312e-08
-0.3623563349246979,-0.36235636472702026,-2.9802322387695312e-08
-0.3645239472389221,-0.3645239472389221,0.0
-0.3669508695602417,-0.3669508397579193,2.9802322387695312e-08
-0.29584088921546936,-0.295840859413147,2.9802322387695312e-08
-0.3703482449054718,-0.3703482151031494,2.9802322387695312e-08
-0.19860045611858368,-0.19860044121742249,1.4901161193847656e-08
-0.1947147399187088,-0.19471475481987,-1.4901161193847656e-08
-0.3581905961036682,-0.3581905961036682,0.0
-0.3597312271595001,-0.35973119735717773,2.9802322387695312e-08
-0.36175113916397095,-0.36175107955932617,5.960464477539063e-08
-0.36372458934783936,-0.36372458934783936,0.0
-0.3654504716396332,-0.3654504418373108,2.9802322387695312e-08
-0.3667279779911041,-0.36672794818878174,2.9802322387695312e-08
-0.3230239748954773,-0.3230239152908325,5.960464477539063e-08
-0.36982038617134094,-0.36982035636901855,2.9802322387695312e-08
-0.1982438564300537,-0.1982438564300537,0.0
-0.2010083943605423,-0.2010083943605423,0.0
-0.3571121096611023,-0.3571120798587799,2.9802322387695312e-08
-0.358366996049881,-0.3583669662475586,2.9802322387695312e-08
-0.3608335852622986,-0.3608335852622986,0.0
-0.3623397648334503,-0.3623397648334503,0.0
-0.36417633295059204,-0.36417633295059204,0.0
-0.36593806743621826,-0.36593809723854065,-2.9802322387695312e-08
-0.34227466583251953,-0.34227466583251953,0.0
-0.3683464825153351,-0.36834651231765747,-2.9802322387695312e-08
-0.19661320745944977,-0.19661320745944977,0.0
-0.19585049152374268,-0.19585049152374268,0.0
-0.07852122187614441,-0.07852119207382202,2.9802322387695312e-08
-0.0816514641046524,-0.08165144920349121,1.4901161193847656e-08
-0.08451859652996063,-0.08451859652996063,0.0
-0.08417373895645142,-0.0841737613081932,-2.2351741790771484e-08
-0.08683809638023376,-0.08683808147907257,1.4901161193847656e-08
-0.08571841567754745,-0.08571840077638626,1.4901161193847656e-08
0.02813088893890381,0.028130918741226196,2.9802322387695312e-08
-0.07549437135457993,-0.07549439370632172,-2.2351741790771484e-08
-0.21213938295841217,-0.21213936805725098,1.4901161193847656e-08
-0.20443402230739594,-0.20443400740623474,1.4901161193847656e-08
-0.07853487879037857,-0.07853483408689499,4.470348358154297e-08
-0.0822516530752182,-0.0822516605257988,-7.450580596923828e-09
-0.08439253270626068,-0.08439254015684128,-7.450580596923828e-09
-0.08741793036460876,-0.08741790801286697,2.2351741790771484e-08
-0.08787518739700317,-0.08787518739700317,0.0
-0.08927232027053833,-0.08927232027053833,0.0
0.0074540674686431885,0.007454022765159607,-4.470348358154297e-08
-0.09314936399459839,-0.09314936399459839,0.0
-0.2121874839067459,-0.2121874839067459,0.0
-0.20965757966041565,-0.20965757966041565,0.0
-0.07960598170757294,-0.07960597425699234,7.450580596923828e-09
-0.0815085917711258,-0.08150859922170639,-7.450580596923828e-09
-0.08453398942947388,-0.08453398942947388,0.0
-0.08498933911323547,-0.08498935401439667,-1.4901161193847656e-08
-0.0893644168972969,-0.08936440199613571,1.4901161193847656e-08
-0.08979221433401108,-0.08979220688343048,7.450580596923828e-09
-0.013742946088314056,-0.01374293863773346,7.450580596923828e-09
-0.09355387836694717,-0.09355388581752777,-7.450580596923828e-09
-0.21510018408298492,-0.21510019898414612,-1.4901161193847656e-08
-0.21172037720680237,-0.21172040700912476,-2.9802322387695312e-08
-0.07623123377561569,-0.0762312188744545,1.4901161193847656e-08
-0.08091742545366287,-0.08091744035482407,-1.4901161193847656e-08
-0.08203121274709702,-0.08203117549419403,3.725290298461914e-08
-0.08525341749191284,-0.08525339514017105,2.2351741790771484e-08
-0.08691979199647903,-0.08691978454589844,7.450580596923828e-09
-0.08864358067512512,-0.08864358812570572,-7.450580596923828e-09
-0.04388153553009033,-0.04388152062892914,1.4901161193847656e-08
-0.09298191964626312,-0.09298193454742432,-1.4901161193847656e-08
-0.21251347661018372,-0.21251347661018372,0.0
-0.20662957429885864,-0.20662958920001984,-1.4901161193847656e-08
0.4313167333602905,0.4313167631626129,2.9802322387695312e-08
0.4304730296134949,0.4304730296134949,0.0
0.42840850353240967,0.4284084737300873,-2.9802322387695312e-08
0.4271640181541443,0.4271640181541443,0.0
0.4253925681114197,0.4253925681114197,0.0
0.42356669902801514,0.42356669902801514,0.0
0.4231552481651306,0.4231552481651306,0.0
0.422146737575531,0.422146737575531,0.0
-0.014421803876757622,-0.014421794563531876,9.313225746154785e-09
-0.014660857617855072,-0.014660865068435669,-7.450580596923828e-09
0.4292858839035034,0.4292858839035034,0.0
0.42872512340545654,0.42872512340545654,0.0
0.4275776445865631,0.4275776445865631,0.0
0.4260966181755066,0.4260965883731842,-2.9802322387695312e-08
0.4245421886444092,0.4245421886444092,0.0
0.42299461364746094,0.42299458384513855,-2.9802322387695312e-08
0.4219951331615448,0.4219951033592224,-2.9802322387695312e-08
0.4211108088493347,0.4211108088493347,0.0
-0.014275871217250824,-0.014275878667831421,-7.450580596923828e-09
-0.013452859595417976,-0.013452857732772827,1.862645149230957e-09
0.42946144938468933,0.42946141958236694,-2.9802322387695312e-08
0.4278572201728821,0.42785727977752686,5.960464477539063e-08
0.42628124356269836,0.426281213760376,-2.9802322387695312e-08
0.42579033970832825,0.42579033970832825,0.0
0.42421695590019226,0.42421698570251465,2.9802322387695312e-08
0.4228929281234741,0.4228929281234741,0.0
0.4217034876346588,0.4217035174369812,2.9802322387695312e-08
0.4210832417011261,0.4210832118988037,-2.9802322387695312e-08
-0.01505938172340393,-0.015059374272823334,7.450580596923828e-09
-0.013455051928758621,-0.013455066829919815,-1.4901161193847656e-08
0.4282153248786926,0.42821529507637024,-2.9802322387695312e-08
0.42720335721969604,0.42720335721969604,0.0
0.42578938603401184,0.42578938603401184,0.0
0.4234592914581299,0.4234592914581299,0.0
0.4225495755672455,0.4225495755672455,0.0
0.4210265874862671,0.4210265874862671,0.0
0.42045891284942627,0.42045894265174866,2.9802322387695312e-08
0.4190523326396942,0.4190523326396942,0.0
-0.012970132753252983,-0.012970127165317535,5.587935447692871e-09
-0.012285218574106693,-0.012285221368074417,-2.7939677238464355e-09
0.4269185960292816,0.42691856622695923,-2.9802322387695312e-08
0.426624059677124,0.426624059677124,0.0
0.42514288425445557,0.42514288425445557,0.0
0.42331889271736145,0.42331889271736145,0.0
0.4231696128845215,0.42316964268684387,2.9802322387695312e-08
0.4203484058380127,0.4203484058380127,0.0
0.4179985523223877,0.4179985523223877,0.0
0.41874247789382935,0.41874247789382935,0.0
-0.013320405036211014,-0.013320423662662506,-1.862645149230957e-08
-0.012650801800191402,-0.012650780379772186,2.1420419216156006e-08
0.42890679836273193,0.42890679836273193,0.0
0.4284108281135559,0.4284108281135559,0.0
0.42654675245285034,0.42654672265052795,-2.9802322387695312e-08
0.42515984177589417,0.42515984177589417,0.0
0.42392390966415405,0.42392393946647644,2.9802322387695312e-08
0.4227556586265564,0.4227556586265564,0.0
0.4213070273399353,0.4213070273399353,0.0
0.4202362298965454,0.4202362298965454,0.0
-0.014760488644242287,-0.01476047933101654,9.313225746154785e-09
-0.013962626457214355,-0.013962596654891968,2.9802322387695312e-08
0.43006840348243713,0.4300684332847595,2.9802322387695312e-08
0.4275512397289276,0.4275512397289276,0.0
0.425637423992157,0.4256373941898346,-2.9802322387695312e-08
0.4252055883407593,0.42520561814308167,2.9802322387695312e-08
0.42298778891563416,0.42298775911331177,-2.9802322387695312e-08
0.42145130038261414,0.42145127058029175,-2.9802322387695312e-08
0.4209052324295044,0.4209052324295044,0.0
0.4197198748588562,0.4197198748588562,0.0
-0.013955673202872276,-0.013955682516098022,-9.313225746154785e-09
-0.013277387246489525,-0.013277385383844376,1.862645149230957e-09
0.4291181266307831,0.4291181266307831,0.0
0.42771464586257935,0.42771464586257935,0.0
0.4272218644618988,0.4272218644618988,0.0
0.42494773864746094,0.42494770884513855,-2.9802322387695312e-08
0.42378169298171997,0.42378169298171997,0.0
0.4223654270172119,0.4223654270172119,0.0
0.4213520884513855,0.4213521182537079,2.9802322387695312e-08
0.4203185737133026,0.4203185737133026,0.0
-0.014650160446763039,-0.014650162309408188,-1.862645149230957e-09
-0.01353620644658804,-0.013536181300878525,2.514570951461792e-08
0.42880743741989136,0.42880743741989136,0.0
0.42927706241607666,0.42927706241607666,0.0
0.42756158113479614,0.42756155133247375,-2.9802322387695312e-08
0.42595013976097107,0.42595013976097107,0.0
0.4250078499317169,0.42500782012939453,-2.9802322387695312e-08
0.42290639877319336,0.42290636897087097,-2.9802322387695312e-08
0.42025285959243774,0.42025285959243774,0.0
0.4211811423301697,0.4211811423301697,0.0
-0.015142478980123997,-0.015142485499382019,-6.51925802230835e-09
-0.014449172653257847,-0.014449167996644974,4.6566128730773926e-09
0.4292287826538086,0.429228812456131,2.9802322387695312e-08
0.42822593450546265,0.42822593450546265,0.0
0.42641961574554443,0.42641958594322205,-2.9802322387695312e-08
0.4249582588672638,0.4249582588672638,0.0
0.42318665981292725,0.42318663001060486,-2.9802322387695312e-08
0.42221903800964355,0.42221906781196594,2.9802322387695312e-08
0.4212043285369873,0.4212043285369873,0.0
0.4197513461112976,0.4197513461112976,0.0
-0.014929122291505337,-0.014929119497537613,2.7939677238464355e-09
-0.014590254984796047,-0.01459025964140892,-4.6566128730773926e-09
0.4284345507621765,0.4284345209598541,-2.9802322387695312e-08
0.42749541997909546,0.42749539017677307,-2.9802322387695312e-08
0.4251559376716614,0.4251559376716614,0.0
0.42404472827911377,0.42404472827911377,0.0
0.42277461290359497,0.42277461290359497,0.0
0.4211917519569397,0.4211917519569397,0.0
0.41991961002349854,0.41991961002349854,0.0
0.4187673330307007,0.4187673330307007,0.0
-0.014247948303818703,-0.01424795389175415,-5.587935447692871e-09
-0.013349572196602821,-0.013349555432796478,1.6763806343078613e-08
0.42812612652778625,0.42812615633010864,2.9802322387695312e-08
0.42627060413360596,0.42627060413360596,0.0
0.42474502325057983,0.42474499344825745,-2.9802322387695312e-08
0.42344075441360474,0.42344075441360474,0.0
0.42132484912872314,0.4213249087333679,5.960464477539063e-08
0.420304536819458,0.4203045666217804,2.9802322387695312e-08
0.4190852642059326,0.4190852642059326,0.0
0.41788554191589355,0.41788551211357117,-2.9802322387695312e-08
-0.013707032427191734,-0.013707030564546585,1.862645149230957e-09
-0.013007262721657753,-0.0130072683095932,-5.587935447692871e-09
0.42720556259155273,0.42720553278923035,-2.9802322387695312e-08
0.4262728989124298,0.4262728989124298,0.0
0.42451512813568115,0.42451515793800354,2.9802322387695312e-08
0.42314809560775757,0.42314809560775757,0.0
0.42142531275749207,0.42142531275749207,0.0
0.4208662509918213,0.4208662211894989,-2.9802322387695312e-08
0.4190797805786133,0.41907984018325806,5.960464477539063e-08
0.41801488399505615,0.41801488399505615,0.0
-0.01391460932791233,-0.013914618641138077,-9.313225746154785e-09
-0.013231754302978516,-0.01323176920413971,-1.4901161193847656e-08
0.42787060141563416,0.42787063121795654,2.9802322387695312e-08
0.4271359443664551,0.4271359443664551,0.0
0.42569366097450256,0.42569369077682495,2.9802322387695312e-08
0.42444124817848206,0.42444124817848206,0.0
0.42297860980033875,0.42297860980033875,0.0
0.4211229979991913,0.4211229681968689,-2.9802322387695312e-08
0.4202806055545807,0.4202805757522583,-2.9802322387695312e-08
0.4187554121017456,0.4187554121017456,0.0
-0.014768708497285843,-0.014768712222576141,-3.725290298461914e-09
-0.014112642034888268,-0.014112651348114014,-9.313225746154785e-09
0.4300474226474762,0.4300473928451538,-2.9802322387695312e-08
0.4287397265434265,0.4287397265434265,0.0
0.42730534076690674,0.42730534076690674,0.0
0.42472103238105774,0.42472103238105774,0.0
0.42486685514450073,0.42486685514450073,0.0
0.42336076498031616,0.42336076498031616,0.0
0.42292100191116333,0.42292100191116333,0.0
0.4217139482498169,0.4217139482498169,0.0
-0.016588490456342697,-0.0165884830057621,7.450580596923828e-09
-0.014870785176753998,-0.014870785176753998,0.0
0.4262411594390869,0.4262411296367645,-2.9802322387695312e-08
0.42370790243148804,0.4237079322338104,2.9802322387695312e-08
0.4228817820549011,0.42288175225257874,-2.9802322387695312e-08
0.4212701916694641,0.4212701916694641,0.0
0.41989147663116455,0.41989147663116455,0.0
0.41842252016067505,0.41842254996299744,2.9802322387695312e-08
0.41730767488479614,0.41730764508247375,-2.9802322387695312e-08
0.41536980867385864,0.41536974906921387,-5.960464477539063e-08
-0.014534033834934235,-0.014534056186676025,-2.2351741790771484e-08
-0.014008764177560806,-0.014008760452270508,3.725290298461914e-09
0.4246179759502411,0.4246180057525635,2.9802322387695312e-08
0.42257875204086304,0.42257872223854065,-2.9802322387695312e-08
0.42185986042022705,0.42185986042022705,0.0
0.419477641582489,0.419477641582489,0.0
0.4185638725757599,0.4185638725757599,0.0
0.4175521433353424,0.41755211353302,-2.9802322387695312e-08
0.41551291942596436,0.41551291942596436,0.0
0.41548454761505127,0.41548454761505127,0.0
-0.015576434321701527,-0.015576440840959549,-6.51925802230835e-09
-0.014995437115430832,-0.01499544084072113,-3.725290298461914e-09
0.4238651394844055,0.4238651692867279,2.9802322387695312e-08
0.4231228232383728,0.4231228232383728,0.0
0.4215339422225952,0.4215339124202728,-2.9802322387695312e-08
0.4194905161857605,0.4194904863834381,-2.9802322387695312e-08
0.4187924265861511,0.4187924563884735,2.9802322387695312e-08
0.417443186044693,0.417443186044693,0.0
0.41620445251464844,0.4162044823169708,2.9802322387695312e-08
0.415258526802063,0.415258526802063,0.0
-0.01586391031742096,-0.015863914042711258,-3.725290298461914e-09
-0.0149167999625206,-0.014916792511940002,7.450580596923828e-09
-0.07983742654323578,-0.07983739674091339,2.9802322387695312e-08
-0.08299805223941803,-0.08299804478883743,7.450580596923828e-09
-0.08623719215393066,-0.08623719215393066,0.0
-0.08773282170295715,-0.08773285895586014,-3.725290298461914e-08
-0.08995917439460754,-0.08995917439460754,0.0
-0.091295525431633,-0.09129554033279419,-1.4901161193847656e-08
-0.0935363620519638,-0.0935363695025444,-7.450580596923828e-09
-0.0955025851726532,-0.0955025777220726,7.450580596923828e-09
-0.21345365047454834,-0.21345365047454834,0.0
-0.21167415380477905,-0.21167415380477905,0.0
-0.08190792798995972,-0.08190795034170151,-2.2351741790771484e-08
-0.08389289677143097,-0.08389288187026978,1.4901161193847656e-08
-0.08689091354608536,-0.08689092099666595,-7.450580596923828e-09
-0.08858830481767654,-0.08858829736709595,7.450580596923828e-09
-0.09059259295463562,-0.09059256315231323,2.9802322387695312e-08
-0.09264548122882843,-0.09264548122882843,0.0
-0.09499505907297134,-0.09499502182006836,3.725290298461914e-08
-0.09666728973388672,-0.09666728973388672,0.0
-0.21339811384677887,-0.21339809894561768,1.4901161193847656e-08
-0.20954716205596924,-0.20954716205596924,0.0
0.4239896237850189,0.42398959398269653,-2.9802322387695312e-08
0.42292532324790955,0.42292532324790955,0.0
0.4212229251861572,0.4212229251861572,0.0
0.41984641551971436,0.41984638571739197,-2.9802322387695312e-08
0.4184645116329193,0.4184644818305969,-2.9802322387695312e-08
0.41665118932724,0.41665118932724,0.0
0.41528984904289246,0.41528987884521484,2.9802322387695312e-08
0.41442930698394775,0.41442930698394775,0.0
-0.014847353100776672,-0.014847353100776672,0.0
-0.01393604651093483,-0.013936057686805725,-1.1175870895385742e-08
0.42465871572494507,0.42465877532958984,5.960464477539063e-08
0.42372339963912964,0.42372339963912964,0.0
0.4221419394016266,0.422141969203949,2.9802322387695312e-08
0.42100760340690613,0.4210076332092285,2.9802322387695312e-08
0.419331818819046,0.41933178901672363,-2.9802322387695312e-08
0.4169216752052307,0.4169216752052307,0.0
0.4165900945663452,0.4165900945663452,0.0
0.41495847702026367,0.41495847702026367,0.0
-0.015305565670132637,-0.015305556356906891,9.313225746154785e-09
-0.015584423206746578,-0.015584416687488556,6.51925802230835e-09
0.4290391504764557,0.4290391504764557,0.0
0.42774611711502075,0.42774611711502075,0.0
0.42671114206314087,0.42671114206314087,0.0
0.42521464824676514,0.42521464824676514,0.0
0.4233240485191345,0.4233240485191345,0.0
0.4216352105140686,0.4216352105140686,0.0
0.4216759204864502,0.42167598009109497,5.960464477539063e-08
0.4200608730316162,0.4200608730316162,0.0
-0.016002284362912178,-0.016002289950847626,-5.587935447692871e-09
-0.01528596319258213,-0.01528596505522728,-1.862645149230957e-09
0.4276178181171417,0.4276178181171417,0.0
0.4261358082294464,0.4261358380317688,2.9802322387695312e-08
0.42404741048812866,0.42404741048812866,0.0
0.4231495261192322,0.4231494963169098,-2.9802322387695312e-08
0.4216521084308624,0.42165207862854004,-2.9802322387695312e-08
0.42002221941947937,0.420022189617157,-2.9802322387695312e-08
0.4190906286239624,0.4190906286239624,0.0
0.4182615876197815,0.4182615876197815,0.0
-0.014951422810554504,-0.014951411634683609,1.1175870895385742e-08
-0.014027716591954231,-0.014027722179889679,-5.587935447692871e-09
0.42851489782333374,0.42851489782333374,0.0
0.427607923746109,0.4276079535484314,2.9802322387695312e-08
0.42474377155303955,0.42474374175071716,-2.9802322387695312e-08
0.4243471324443817,0.4243471622467041,2.9802322387695312e-08
0.42324674129486084,0.42324671149253845,-2.9802322387695312e-08
0.42144179344177246,0.42144182324409485,2.9802322387695312e-08
0.4200460910797119,0.4200460910797119,0.0
0.41896843910217285,0.41896843910217285,0.0
-0.016269110143184662,-0.016269095242023468,1.4901161193847656e-08
-0.014587780460715294,-0.014587771147489548,9.313225746154785e-09
0.4255768060684204,0.4255768060684204,0.0
0.42575132846832275,0.42575132846832275,0.0
0.4244123697280884,0.4244123697280884,0.0
0.42221206426620483,0.4222120940685272,2.9802322387695312e-08
0.41991522908210754,0.41991522908210754,0.0
0.41973036527633667,0.41973036527633667,0.0
0.41827642917633057,0.41827645897865295,2.9802322387695312e-08
0.4180203676223755,0.4180203974246979,2.9802322387695312e-08
-0.014189549721777439,-0.014189563691616058,-1.3969838619232178e-08
-0.013626659289002419,-0.01362665742635727,1.862645149230957e-09
0.42636948823928833,0.42636945843696594,-2.9802322387695312e-08
0.4260970950126648,0.42609703540802,-5.960464477539063e-08
0.42439213395118713,0.4243921637535095,2.9802322387695312e-08
0.42430204153060913,0.42430201172828674,-2.9802322387695312e-08
0.4210372567176819,0.4210372567176819,0.0
0.41969621181488037,0.41969624161720276,2.9802322387695312e-08
0.41883644461631775,0.41883644461631775,0.0
0.41741544008255005,0.41741544008255005,0.0
-0.015327025204896927,-0.015327014029026031,1.1175870895385742e-08
-0.014675242826342583,-0.014675229787826538,1.30385160446167e-08
0.4271965026855469,0.4271965026855469,0.0
0.4271113872528076,0.42711135745048523,-2.9802322387695312e-08
0.42397165298461914,0.42397165298461914,0.0
0.4240955710411072,0.4240955710411072,0.0
0.4222998023033142,0.4222997725009918,-2.9802322387695312e-08
0.42150890827178955,0.42150890827178955,0.0
0.41981789469718933,0.41981786489486694,-2.9802322387695312e-08
0.41883978247642517,0.41883978247642517,0.0
-0.016281642019748688,-0.016281645745038986,-3.725290298461914e-09
-0.015296152792870998,-0.015296146273612976,6.51925802230835e-09
0.4270201325416565,0.4270201027393341,-2.9802322387695312e-08
0.42572349309921265,0.42572349309921265,0.0
0.42399469017982483,0.4239947199821472,2.9802322387695312e-08
0.42296841740608215,0.42296838760375977,-2.9802322387695312e-08
0.421200156211853,0.42120012640953064,-2.9802322387695312e-08
0.4196578562259674,0.4196578562259674,0.0
0.4185694754123688,0.41856950521469116,2.9802322387695312e-08
0.41808652877807617,0.41808652877807617,0.0
-0.015565023757517338,-0.015565011650323868,1.210719347000122e-08
-0.015021532773971558,-0.015021514147520065,1.862645149230957e-08
0.4258928894996643,0.4258928894996643,0.0
0.4242905080318451,0.4242905080318451,0.0
0.42353272438049316,0.4235326945781708,-2.9802322387695312e-08
0.4220983386039734,0.422098308801651,-2.9802322387695312e-08
0.4207919239997864,0.4207919239997864,0.0
0.41904813051223755,0.41904816031455994,2.9802322387695312e-08
0.4180392920970917,0.4180392920970917,0.0
0.41718125343322754,0.41718122363090515,-2.9802322387695312e-08
-0.015918787568807602,-0.015918780118227005,7.450580596923828e-09
-0.015527354553341866,-0.015527352690696716,1.862645149230957e-09
-0.08477283269166946,-0.08477284759283066,-1.4901161193847656e-08
-0.08540991693735123,-0.08540991693735123,0.0
-0.08872797340154648,-0.08872795104980469,2.2351741790771484e-08
-0.09098593145608902,-0.09098594635725021,-1.4901161193847656e-08
-0.09307818859815598,-0.09307823330163956,-4.470348358154297e-08
-0.09541544318199158,-0.09541541337966919,2.9802322387695312e-08
-0.09650655835866928,-0.09650656580924988,-7.450580596923828e-09
-0.09851418435573578,-0.09851415455341339,2.9802322387695312e-08
-0.21336081624031067,-0.21336084604263306,-2.9802322387695312e-08
-0.21100357174873352,-0.21100357174873352,0.0
-0.08383570611476898,-0.08383569866418839,7.450580596923828e-09
-0.08735199272632599,-0.08735198527574539,7.450580596923828e-09
-0.08815368264913559,-0.08815367519855499,7.450580596923828e-09
-0.0925326943397522,-0.0925326943397522,0.0
-0.09316464513540268,-0.09316463768482208,7.450580596923828e-09
-0.09490552544593811,-0.09490551054477692,1.4901161193847656e-08
-0.09761802852153778,-0.09761804342269897,-1.4901161193847656e-08
-0.09937387704849243,-0.09937386214733124,1.4901161193847656e-08
-0.2144419550895691,-0.21444196999073029,-1.4901161193847656e-08
-0.20913732051849365,-0.20913732051849365,0.0
-0.0848482996225357,-0.08484827727079391,2.2351741790771484e-08
-0.08710820972919464,-0.08710820972919464,0.0
-0.08882056176662445,-0.08882059156894684,-2.9802322387695312e-08
-0.08969259262084961,-0.08969257026910782,2.2351741790771484e-08
-0.09220929443836212,-0.09220926463603973,2.9802322387695312e-08
-0.09615475684404373,-0.09615476429462433,-7.450580596923828e-09
-0.09672276675701141,-0.09672273695468903,2.9802322387695312e-08
-0.09991595149040222,-0.09991592168807983,2.9802322387695312e-08
-0.21539922058582306,-0.21539923548698425,-1.4901161193847656e-08
-0.20641225576400757,-0.20641222596168518,2.9802322387695312e-08
-0.08540040999650955,-0.08540040999650955,0.0
-0.08779581636190414,-0.08779583871364594,-2.2351741790771484e-08
-0.08976183086633682,-0.08976183086633682,0.0
-0.09231609851121902,-0.09231610596179962,-7.450580596923828e-09
-0.09452766180038452,-0.09452763199806213,2.9802322387695312e-08
-0.09676885604858398,-0.0967688262462616,2.9802322387695312e-08
-0.09821929782629013,-0.09821926802396774,2.9802322387695312e-08
-0.0994127169251442,-0.09941273927688599,-2.2351741790771484e-08
-0.2138747125864029,-0.2138747125864029,0.0
-0.20887626707553864,-0.20887626707553864,0.0
0.4260811507701874,0.4260811507701874,0.0
0.42425331473350525,0.42425331473350525,0.0
0.42110344767570496,0.42110344767570496,0.0
0.42174088954925537,0.42174088954925537,0.0
0.41840529441833496,0.41840529441833496,0.0
0.4185327887535095,0.41853275895118713,-2.9802322387695312e-08
0.4172157347202301,0.4172157645225525,2.9802322387695312e-08
0.4162939190864563,0.4162939190864563,0.0
-0.01617678627371788,-0.016176782548427582,3.725290298461914e-09
-0.01555815152823925,-0.015558157116174698,-5.587935447692871e-09
0.4223331809043884,0.4223332405090332,5.960464477539063e-08
0.42299216985702515,0.42299216985702515,0.0
0.4210692048072815,0.4210692346096039,2.9802322387695312e-08
0.41844815015792847,0.41844815015792847,0.0
0.41722172498703003,0.41722172498703003,0.0
0.41610634326934814,0.41610634326934814,0.0
0.41372382640838623,0.41372382640838623,0.0
0.41418346762657166,0.41418349742889404,2.9802322387695312e-08
-0.016015546396374702,-0.016015537083148956,9.313225746154785e-09
-0.014471374452114105,-0.014471359550952911,1.4901161193847656e-08
-0.08207517862319946,-0.08207516372203827,1.4901161193847656e-08
-0.08471249788999557,-0.08471252769231796,-2.9802322387695312e-08
-0.08659178763628006,-0.08659178763628006,0.0
-0.08937811851501465,-0.08937811106443405,7.450580596923828e-09
-0.09161996096372604,-0.09161994606256485,1.4901161193847656e-08
-0.09327293187379837,-0.09327291697263718,1.4901161193847656e-08
-0.09553200006484985,-0.09553201496601105,-1.4901161193847656e-08
-0.09723160415887833,-0.09723158925771713,1.4901161193847656e-08
-0.2151169627904892,-0.2151169776916504,-1.4901161193847656e-08
-0.2075878530740738,-0.2075878530740738,0.0
-0.0835353434085846,-0.0835353434085846,0.0
-0.0857803001999855,-0.0857803225517273,-2.2351741790771484e-08
-0.08799313008785248,-0.08799313008785248,0.0
-0.09256850183010101,-0.092568539083004,-3.725290298461914e-08
-0.09259982407093048,-0.09259982407093048,0.0
-0.09690100699663162,-0.09690102189779282,-1.4901161193847656e-08
-0.09724612534046173,-0.09724613279104233,-7.450580596923828e-09
-0.09995037317276001,-0.0999503955245018,-2.2351741790771484e-08
-0.21505877375602722,-0.21505877375602722,0.0
-0.2109905481338501,-0.2109905481338501,0.0
0.42297691106796265,0.42297691106796265,0.0
0.42073050141334534,0.42073050141334534,0.0
0.41983160376548767,0.4198315739631653,-2.9802322387695312e-08
0.4168105721473694,0.4168105721473694,0.0
0.4160384237766266,0.4160383939743042,-2.9802322387695312e-08
0.4147988557815552,0.4147988259792328,-2.9802322387695312e-08
0.41409367322921753,0.41409364342689514,-2.9802322387695312e-08
0.4132678806781769,0.41326791048049927,2.9802322387695312e-08
-0.01687803491950035,-0.01687806099653244,-2.60770320892334e-08
-0.016489459201693535,-0.016489461064338684,-1.862645149230957e-09
0.4229971170425415,0.4229971170425415,0.0
0.42416703701019287,0.42416703701019287,0.0
0.4221240282058716,0.4221240282058716,0.0
0.421043336391449,0.42104336619377136,2.9802322387695312e-08
0.41946524381637573,0.4194652736186981,2.9802322387695312e-08
0.4165656566619873,0.4165656268596649,-2.9802322387695312e-08
0.4156683087348938,0.4156683385372162,2.9802322387695312e-08
0.41536813974380493,0.41536813974380493,0.0
-0.01657761074602604,-0.01657761260867119,-1.862645149230957e-09
-0.015932168811559677,-0.01593216508626938,3.725290298461914e-09
0.25004076957702637,0.25004076957702637,0.0
0.2511540949344635,0.2511540949344635,0.0
0.25147557258605957,0.25147557258605957,0.0
0.25081127882003784,0.25081127882003784,0.0
0.2513277530670166,0.2513277530670166,0.0
0.25179749727249146,0.25179749727249146,0.0
0.2521834671497345,0.2521834373474121,-2.9802322387695312e-08
0.25290098786354065,0.25290098786354065,0.0
-0.035876452922821045,-0.03587644547224045,7.450580596923828e-09
-0.0380631685256958,-0.0380631722509861,-3.725290298461914e-09
-0.03111572563648224,-0.031115740537643433,-1.4901161193847656e-08
-0.03203988075256348,-0.03203985095024109,2.9802322387695312e-08
0.0009130090475082397,0.0009130239486694336,1.4901161193847656e-08
-0.033218562602996826,-0.03321854770183563,1.4901161193847656e-08
-0.03327755630016327,-0.03327760100364685,-4.470348358154297e-08
-0.03294413536787033,-0.03294415771961212,-2.2351741790771484e-08
-0.033432431519031525,-0.03343243896961212,-7.450580596923828e-09
-0.033526040613651276,-0.03352603316307068,7.450580596923828e-09
-0.1173749566078186,-0.117374949157238,7.450580596923828e-09
-0.12095295637845993,-0.12095295637845993,0.0
-0.04280312359333038,-0.042803093791007996,2.9802322387695312e-08
-0.03909569978713989,-0.039095714688301086,-1.4901161193847656e-08
-0.038560301065444946,-0.038560301065444946,0.0
-0.041016995906829834,-0.041016966104507446,2.9802322387695312e-08
-0.03943362832069397,-0.039433643221855164,-1.4901161193847656e-08
-0.040008559823036194,-0.040008544921875,1.4901161193847656e-08
-0.0390649288892746,-0.03906494379043579,-1.4901161193847656e-08
-0.03886166960000992,-0.03886166214942932,7.450580596923828e-09
-0.004232194274663925,-0.004232201725244522,-7.450580596923828e-09
-0.00750509649515152,-0.007505100220441818,-3.725290298461914e-09
-0.03581401705741882,-0.03581400215625763,1.4901161193847656e-08
-0.03568173944950104,-0.03568173944950104,0.0
-0.035064131021499634,-0.035064131021499634,0.0
-0.03471560776233673,-0.034715622663497925,-1.4901161193847656e-08
-0.004728417843580246,-0.004728425294160843,-7.450580596923828e-09
-0.005562484264373779,-0.005562484264373779,0.0
-0.03599357604980469,-0.035993561148643494,1.4901161193847656e-08
-0.035655200481414795,-0.03565521538257599,-1.4901161193847656e-08
-0.03564460575580597,-0.03564463555812836,-2.9802322387695312e-08
-0.03458976745605469,-0.034589752554893494,1.4901161193847656e-08
-0.006121207028627396,-0.006121213547885418,-6.51925802230835e-09
-0.00939144566655159,-0.009391456842422485,-1.1175870895385742e-08
-0.0411711186170578,-0.041171103715896606,1.4901161193847656e-08
-0.0461449921131134,-0.0461449921131134,0.0
-0.04217234253883362,-0.04217234253883362,0.0
-0.04135613143444061,-0.04135613143444061,0.0
-0.003081291913986206,-0.0030813030898571014,-1.1175870895385742e-08
-0.006782125681638718,-0.006782114505767822,1.1175870895385742e-08
-0.030408576130867004,-0.030408591032028198,-1.4901161193847656e-08
-0.030747592449188232,-0.03074757754802704,1.4901161193847656e-08
-0.030727818608283997,-0.030727818608283997,0.0
-0.03036898374557495,-0.030368953943252563,2.9802322387695312e-08
-0.11668563634157181,-0.11668562889099121,7.450580596923828e-09
-0.12063366174697876,-0.12063366174697876,0.0
0.2523800730705261,0.2523800730705261,0.0
0.25287944078445435,0.25287944078445435,0.0
0.2537606656551361,0.2537606656551361,0.0
0.254588782787323,0.254588782787323,0.0
-0.0385039821267128,-0.038503970950841904,1.1175870895385742e-08
-0.03889511525630951,-0.03889511525630951,0.0
-0.03896249830722809,-0.03896251320838928,-1.4901161193847656e-08
-0.03864283859729767,-0.03864285349845886,-1.4901161193847656e-08
-0.03829474002122879,-0.038294717669487,2.2351741790771484e-08
-0.0376395583152771,-0.03763958811759949,-2.9802322387695312e-08
-0.037251196801662445,-0.037251219153404236,-2.2351741790771484e-08
-0.03698799014091492,-0.03698800504207611,-1.4901161193847656e-08
-0.036368146538734436,-0.03636813163757324,1.4901161193847656e-08
-0.03553449362516403,-0.035534486174583435,7.450580596923828e-09
-0.007388893514871597,-0.0073888832703232765,1.0244548320770264e-08
-0.010260138660669327,-0.010260146111249924,-7.450580596923828e-09
0.24881941080093384,0.24881941080093384,0.0
0.2495722770690918,0.2495722472667694,-2.9802322387695312e-08
0.2505103051662445,0.2505102753639221,-2.9802322387695312e-08
0.25141441822052,0.25141441822052,0.0
-0.04213554412126541,-0.04213554784655571,-3.725290298461914e-09
-0.04353662580251694,-0.04353662207722664,3.725290298461914e-09
0.25026825070381165,0.25026822090148926,-2.9802322387695312e-08
0.25116804242134094,0.25116807222366333,2.9802322387695312e-08
0.2520284354686737,0.2520284652709961,2.9802322387695312e-08
0.253024160861969,0.253024160861969,0.0
-0.04119286313652992,-0.041192859411239624,3.725290298461914e-09
-0.04454968497157097,-0.04454968124628067,3.725290298461914e-09
0.2527998983860016,0.252799928188324,2.9802322387695312e-08
0.25352728366851807,0.25352728366851807,0.0
0.25406378507614136,0.25406378507614136,0.0
0.2562693655490875,0.2562693655490875,0.0
-0.043031852692365646,-0.043031852692365646,0.0
-0.04375674948096275,-0.04375674948096275,0.0
0.2546912133693695,0.2546911835670471,-2.9802322387695312e-08
0.25537195801734924,0.25537192821502686,-2.9802322387695312e-08
0.2561246454715729,0.2561246454715729,0.0
0.25714486837387085,0.2571448087692261,-5.960464477539063e-08
-0.039168573915958405,-0.039168573915958405,0.0
-0.03976798057556152,-0.039767973124980927,7.450580596923828e-09
0.2569273114204407,0.25692737102508545,5.960464477539063e-08
0.25759977102279663,0.25759977102279663,0.0
0.25809329748153687,0.2580932676792145,-2.9802322387695312e-08
0.2592562437057495,0.2592562139034271,-2.9802322387695312e-08
-0.040286481380462646,-0.04028647392988205,7.450580596923828e-09
-0.041364602744579315,-0.041364602744579315,0.0
0.23855999112129211,0.23855999112129211,0.0
0.23926419019699097,0.23926421999931335,2.9802322387695312e-08
0.23967128992080688,0.2396712750196457,-1.4901161193847656e-08
0.24084098637104034,0.24084100127220154,1.4901161193847656e-08
-0.04595864564180374,-0.04595864936709404,-3.725290298461914e-09
-0.04716932773590088,-0.04716934263706207,-1.4901161193847656e-08
0.2436598837375641,0.2436598837375641,0.0
0.24421721696853638,0.24421723186969757,1.4901161193847656e-08
0.2449778914451599,0.2449779212474823,2.9802322387695312e-08
0.24629363417625427,0.24629360437393188,-2.9802322387695312e-08
-0.043161336332559586,-0.04316133260726929,3.725290298461914e-09
-0.04659460112452507,-0.046594612300395966,-1.1175870895385742e-08
0.24308526515960693,0.24308523535728455,-2.9802322387695312e-08
0.24365946650505066,0.24365949630737305,2.9802322387695312e-08
0.24459341168403625,0.24459339678287506,-1.4901161193847656e-08
0.246064230799675,0.24606424570083618,1.4901161193847656e-08
-0.043944209814071655,-0.043944209814071655,0.0
-0.047310106456279755,-0.047310106456279755,0.0
0.24321001768112183,0.24321001768112183,0.0
0.24389412999153137,0.2438940703868866,-5.960464477539063e-08
0.24429865181446075,0.24429865181446075,0.0
0.24574115872383118,0.24574117362499237,1.4901161193847656e-08
-0.04744284972548485,-0.04744286090135574,-1.1175870895385742e-08
-0.0480501689016819,-0.0480501726269722,-3.725290298461914e-09
0.23844215273857117,0.23844210803508759,-4.470348358154297e-08
0.2389216423034668,0.2389216423034668,0.0
0.2396681308746338,0.2396680861711502,-4.470348358154297e-08
0.2408139407634735,0.24081391096115112,-2.9802322387695312e-08
-0.04395028203725815,-0.04395028203725815,0.0
-0.04537273198366165,-0.04537273198366165,0.0
0.2456018477678299,0.2456018626689911,1.4901161193847656e-08
0.24633106589317322,0.2463310956954956,2.9802322387695312e-08
0.24682481586933136,0.24682483077049255,1.4901161193847656e-08
0.2479255497455597,0.2479255497455597,0.0
-0.04122226685285568,-0.04122227430343628,-7.450580596923828e-09
-0.04218580946326256,-0.042185813188552856,-3.725290298461914e-09
0.24884387850761414,0.24884390830993652,2.9802322387695312e-08
0.24971464276313782,0.24971461296081543,-2.9802322387695312e-08
0.25028640031814575,0.25028643012046814,2.9802322387695312e-08
0.2515106797218323,0.2515106797218323,0.0
-0.04557590186595917,-0.04557589441537857,7.450580596923828e-09
-0.04645027965307236,-0.04645027220249176,7.450580596923828e-09
0.1967950016260147,0.1967950165271759,1.4901161193847656e-08
0.1974952220916748,0.1974952071905136,-1.4901161193847656e-08
0.19854333996772766,0.19854331016540527,-2.9802322387695312e-08
0.19941456615924835,0.19941458106040955,1.4901161193847656e-08
0.20054340362548828,0.20054340362548828,0.0
0.20180276036262512,0.20180276036262512,0.0
0.20263317227363586,0.20263318717479706,1.4901161193847656e-08
0.20364907383918762,0.20364907383918762,0.0
0.02206728607416153,0.022067297250032425,1.1175870895385742e-08
0.02260836958885193,0.022608358412981033,-1.1175870895385742e-08
0.23259584605693817,0.23259587585926056,2.9802322387695312e-08
0.23373150825500488,0.23373152315616608,1.4901161193847656e-08
0.23268568515777588,0.2326856404542923,-4.470348358154297e-08
0.2333255261182785,0.2333255410194397,1.4901161193847656e-08
0.23419281840324402,0.2341928482055664,2.9802322387695312e-08
0.23510576784610748,0.2351057529449463,-1.4901161193847656e-08
0.23519909381866455,0.23519909381866455,0.0
0.2369786500930786,0.2369786500930786,0.0
-0.048560451716184616,-0.048560451716184616,0.0
-0.04945816099643707,-0.04945817589759827,-1.4901161193847656e-08
0.23421378433704376,0.23421375453472137,-2.9802322387695312e-08
0.23505648970603943,0.23505648970603943,0.0
0.23621487617492676,0.23621484637260437,-2.9802322387695312e-08
0.23678120970726013,0.23678122460842133,1.4901161193847656e-08
0.237591952085495,0.2375919222831726,-2.9802322387695312e-08
0.23841407895088196,0.23841410875320435,2.9802322387695312e-08
0.23896783590316772,0.23896780610084534,-2.9802322387695312e-08
0.2404906153678894,0.2404906302690506,1.4901161193847656e-08
-0.04741000384092331,-0.04741000011563301,3.725290298461914e-09
-0.048519305884838104,-0.0485193096101284,-3.725290298461914e-09
0.24929486215114594,0.24929489195346832,2.9802322387695312e-08
0.2491985708475113,0.24919858574867249,1.4901161193847656e-08
0.24862438440322876,0.24862441420555115,2.9802322387695312e-08
0.24919837713241577,0.24919834733009338,-2.9802322387695312e-08
0.25061821937561035,0.25061821937561035,0.0
0.25099292397499084,0.25099286437034607,-5.960464477539063e-08
0.2517266273498535,0.2517266571521759,2.9802322387695312e-08
0.2527299225330353,0.2527298927307129,-2.9802322387695312e-08
-0.035526275634765625,-0.03552627190947533,3.725290298461914e-09
-0.03645283728837967,-0.03645283728837967,0.0
-0.03846164047718048,-0.03846162557601929,1.4901161193847656e-08
-0.0379643589258194,-0.0379643589258194,0.0
-0.03778640180826187,-0.037786439061164856,-3.725290298461914e-08
-0.0368838757276535,-0.0368838906288147,-1.4901161193847656e-08
-0.007102940231561661,-0.00710294209420681,-1.862645149230957e-09
-0.009608492255210876,-0.00960849691182375,-4.6566128730773926e-09
0.2500579357147217,0.2500579059123993,-2.9802322387695312e-08
0.2506099343299866,0.2506099045276642,-2.9802322387695312e-08
0.2511403560638428,0.2511403560638428,0.0
0.25212180614471436,0.2521217465400696,-5.960464477539063e-08
-0.03711608052253723,-0.037116073071956635,7.450580596923828e-09
-0.038184575736522675,-0.03818458318710327,-7.450580596923828e-09
0.24980248510837555,0.24980245530605316,-2.9802322387695312e-08
0.2504886984825134,0.2504886984825134,0.0
0.25114336609840393,0.2511433959007263,2.9802322387695312e-08
0.2520330250263214,0.2520330548286438,2.9802322387695312e-08
-0.0385596826672554,-0.0385596789419651,3.725290298461914e-09
-0.039165206253528595,-0.039165202528238297,3.725290298461914e-09
-0.3334960341453552,-0.3334960639476776,-2.9802322387695312e-08
-0.3341144621372223,-0.3341144323348999,2.9802322387695312e-08
-0.3348117470741272,-0.3348117470741272,0.0
-0.3353304862976074,-0.3353305160999298,-2.9802322387695312e-08
-0.012773744761943817,-0.01277373731136322,7.450580596923828e-09
-0.015478186309337616,-0.015478178858757019,7.450580596923828e-09
-0.3336957097053528,-0.3336957097053528,0.0
-0.3340626358985901,-0.3340626358985901,0.0
-0.3348730206489563,-0.3348729908466339,2.9802322387695312e-08
-0.3352421820163727,-0.33524221181869507,-2.9802322387695312e-08
-0.012916654348373413,-0.012916646897792816,7.450580596923828e-09
-0.015727374702692032,-0.015727385878562927,-1.1175870895385742e-08
-0.33247289061546326,-0.33247286081314087,2.9802322387695312e-08
-0.3330954909324646,-0.3330954909324646,0.0
-0.33366233110427856,-0.3336623013019562,2.9802322387695312e-08
-0.3342035710811615,-0.3342036008834839,-2.9802322387695312e-08
-0.012555614113807678,-0.012555599212646484,1.4901161193847656e-08
-0.015169991180300713,-0.015169993042945862,-1.862645149230957e-09
-0.3348597586154938,-0.33485978841781616,-2.9802322387695312e-08
-0.3354819416999817,-0.3354819416999817,0.0
-0.3361619710922241,-0.33616194128990173,2.9802322387695312e-08
-0.33656954765319824,-0.33656954765319824,0.0
-0.013828175142407417,-0.013828195631504059,-2.0489096641540527e-08
-0.016448643058538437,-0.016448646783828735,-3.725290298461914e-09
-0.3317697048187256,-0.331769734621048,-2.9802322387695312e-08
-0.3321760296821594,-0.3321760296821594,0.0
-0.33277997374534607,-0.33278000354766846,-2.9802322387695312e-08
-0.3333747982978821,-0.3333747386932373,5.960464477539063e-08
-0.012643318623304367,-0.012643314898014069,3.725290298461914e-09
-0.015619874000549316,-0.015619881451129913,-7.450580596923828e-09
-0.33060628175735474,-0.33060625195503235,2.9802322387695312e-08
-0.33076852560043335,-0.33076855540275574,-2.9802322387695312e-08
-0.33156663179397583,-0.33156663179397583,0.0
-0.3320107161998749,-0.3320106863975525,2.9802322387695312e-08
-0.015560835599899292,-0.015560828149318695,7.450580596923828e-09
-0.01893180049955845,-0.018931791186332703,9.313225746154785e-09
-0.027947962284088135,-0.02794794738292694,1.4901161193847656e-08
-0.028285861015319824,-0.02828584611415863,1.4901161193847656e-08
-0.028829090297222137,-0.028829097747802734,-7.450580596923828e-09
-0.028715141117572784,-0.02871514856815338,-7.450580596923828e-09
-0.11609607934951782,-0.11609607934951782,0.0
-0.12060027569532394,-0.12060027569532394,0.0
-0.02703683078289032,-0.027036860585212708,-2.9802322387695312e-08
-0.02755489945411682,-0.027554884552955627,1.4901161193847656e-08
-0.027895651757717133,-0.02789565920829773,-7.450580596923828e-09
-0.027528472244739532,-0.027528509497642517,-3.725290298461914e-08
-0.11587222665548325,-0.11587221920490265,7.450580596923828e-09
-0.12101075053215027,-0.12101076543331146,-1.4901161193847656e-08
-0.024632707238197327,-0.024632692337036133,1.4901161193847656e-08
-0.025250419974327087,-0.025250479578971863,-5.960464477539063e-08
-0.02559904009103775,-0.025599032640457153,7.450580596923828e-09
-0.025772958993911743,-0.025772929191589355,2.9802322387695312e-08
-0.11554025858640671,-0.11554023623466492,2.2351741790771484e-08
-0.1206202432513237,-0.1206202432513237,0.0
-0.5720639824867249,-0.5720639824867249,0.0
-0.573583722114563,-0.5735836625099182,5.960464477539063e-08
-0.5749648809432983,-0.5749648809432983,0.0
-0.5770733952522278,-0.577073335647583,5.960464477539063e-08
-0.04148460924625397,-0.041484616696834564,-7.450580596923828e-09
-0.039113931357860565,-0.03911393880844116,-7.450580596923828e-09
-0.5703048706054688,-0.5703049302101135,-5.960464477539063e-08
-0.5720213651657104,-0.5720213651657104,0.0
-0.5738798975944519,-0.5738798975944519,0.0
-0.5754541158676147,-0.57545405626297,5.960464477539063e-08
-0.04026392474770546,-0.04026392847299576,-3.725290298461914e-09
-0.038082193583250046,-0.03808218985795975,3.725290298461914e-09
-0.5724269151687622,-0.5724270343780518,-1.1920928955078125e-07
-0.5738186836242676,-0.5738187432289124,-5.960464477539063e-08
-0.5768570899963379,-0.5768570899963379,0.0
-0.577675998210907,-0.5776760578155518,-5.960464477539063e-08
-0.04171959310770035,-0.04171958565711975,7.450580596923828e-09
-0.039517875760793686,-0.03951787203550339,3.725290298461914e-09
-0.5731910467147827,-0.5731911063194275,-5.960464477539063e-08
-0.5732902884483337,-0.573290228843689,5.960464477539063e-08
-0.5767483711242676,-0.5767483711242676,0.0
-0.5784576535224915,-0.5784576535224915,0.0
-0.04173867404460907,-0.04173867404460907,0.0
-0.038994040340185165,-0.038994044065475464,-3.725290298461914e-09
-0.5707507133483887,-0.5707507729530334,-5.960464477539063e-08
-0.5724977254867554,-0.5724976658821106,5.960464477539063e-08
-0.574099063873291,-0.574099063873291,0.0
-0.5757973194122314,-0.5757973194122314,0.0
-0.04042183235287666,-0.04042183607816696,-3.725290298461914e-09
-0.037541888654232025,-0.03754187375307083,1.4901161193847656e-08
-0.5708262324333191,-0.5708262324333191,0.0
-0.5725467801094055,-0.5725468993186951,-1.1920928955078125e-07
-0.5747896432876587,-0.5747897028923035,-5.960464477539063e-08
-0.5763963460922241,-0.5763963460922241,0.0
-0.0404871366918087,-0.04048715531826019,-1.862645149230957e-08
-0.03825138136744499,-0.0382513701915741,1.1175870895385742e-08
-0.6145127415657043,-0.6145127415657043,0.0
-0.6156995296478271,-0.6156995296478271,0.0
-0.6171111464500427,-0.617111086845398,5.960464477539063e-08
-0.618245005607605,-0.618245005607605,0.0
-0.14474529027938843,-0.14474529027938843,0.0
-0.1415024697780609,-0.1415024697780609,0.0
-0.6085233688354492,-0.6085233688354492,0.0
-0.6099162697792053,-0.6099162697792053,0.0
-0.6114295721054077,-0.6114295721054077,0.0
-0.6127639412879944,-0.6127639412879944,0.0
-0.6141225099563599,-0.6141224503517151,5.960464477539063e-08
-0.6156235933303833,-0.6156235933303833,0.0
-0.6169435977935791,-0.6169435381889343,5.960464477539063e-08
-0.6184188723564148,-0.61841881275177,5.960464477539063e-08
-0.14579743146896362,-0.14579743146896362,0.0
-0.1425597220659256,-0.1425597220659256,0.0
-0.6096832752227783,-0.6096832752227783,0.0
-0.6116437315940857,-0.6116437911987305,-5.960464477539063e-08
-0.6133527159690857,-0.6133527159690857,0.0
-0.6147735118865967,-0.6147735714912415,-5.960464477539063e-08
-0.6161447167396545,-0.6161447167396545,0.0
-0.6175307035446167,-0.6175307035446167,0.0
-0.6197115778923035,-0.6197115778923035,0.0
-0.6203932166099548,-0.6203932166099548,0.0
-0.14336475729942322,-0.14336475729942322,0.0
-0.14018163084983826,-0.14018164575099945,-1.4901161193847656e-08
-0.608695924282074,-0.6086959838867188,-5.960464477539063e-08
-0.6100424528121948,-0.6100424528121948,0.0
-0.6113834381103516,-0.6113834381103516,0.0
-0.6128100752830505,-0.6128100156784058,5.960464477539063e-08
-0.6147984266281128,-0.6147984266281128,0.0
-0.6163984537124634,-0.6163984537124634,0.0
-0.6177781224250793,-0.6177781820297241,-5.960464477539063e-08
-0.6189864277839661,-0.6189864277839661,0.0
-0.14377495646476746,-0.14377495646476746,0.0
-0.1406402587890625,-0.1406402587890625,0.0
-0.608956515789032,-0.6089564561843872,5.960464477539063e-08
-0.6103098392486572,-0.6103098392486572,0.0
-0.6115976572036743,-0.6115976572036743,0.0
-0.6128906011581421,-0.6128906011581421,0.0
-0.6141844987869263,-0.614184558391571,-5.960464477539063e-08
-0.6157564520835876,-0.6157564520835876,0.0
-0.6171198487281799,-0.6171198487281799,0.0
-0.6184907555580139,-0.6184907555580139,0.0
-0.1437055915594101,-0.1437055766582489,1.4901161193847656e-08
-0.14040333032608032,-0.14040334522724152,-1.4901161193847656e-08
-0.6097044944763184,-0.6097045540809631,-5.960464477539063e-08
-0.6112306118011475,-0.6112306118011475,0.0
-0.6126717329025269,-0.6126717329025269,0.0
-0.6144222617149353,-0.6144222617149353,0.0
-0.6161462068557739,-0.6161462664604187,-5.960464477539063e-08
-0.6173979043960571,-0.6173979043960571,0.0
-0.6188198328018188,-0.6188198328018188,0.0
-0.6200817823410034,-0.6200817823410034,0.0
-0.14272840321063995,-0.14272840321063995,0.0
-0.13778473436832428,-0.13778471946716309,1.4901161193847656e-08
-0.6111996173858643,-0.6111994981765747,1.1920928955078125e-07
-0.6134350299835205,-0.6134350895881653,-5.960464477539063e-08
-0.6161787509918213,-0.6161788105964661,-5.960464477539063e-08
-0.6178948283195496,-0.6178948879241943,-5.960464477539063e-08
-0.6196962594985962,-0.6196962594985962,0.0
-0.6206397414207458,-0.6206396818161011,5.960464477539063e-08
-0.6226733326911926,-0.6226733326911926,0.0
-0.6246151924133301,-0.6246152520179749,-5.960464477539063e-08
-0.1450543850660324,-0.1450543850660324,0.0
-0.14178603887557983,-0.14178603887557983,0.0
-0.6153814792633057,-0.6153814792633057,0.0
-0.6167227625846863,-0.6167227625846863,0.0
-0.618035078048706,-0.618035078048706,0.0
-0.6197794675827026,-0.6197794675827026,0.0
-0.14491771161556244,-0.14491771161556244,0.0
-0.14207017421722412,-0.14207017421722412,0.0
-0.6168462038040161,-0.6168462038040161,0.0
-0.6189616322517395,-0.6189616918563843,-5.960464477539063e-08
-0.6195555329322815,-0.6195555329322815,0.0
-0.6208432912826538,-0.6208432912826538,0.0
-0.14685365557670593,-0.14685367047786713,-1.4901161193847656e-08
-0.10603466629981995,-0.10603465884923935,7.450580596923828e-09
-0.36661282181739807,-0.36661282181739807,0.0
-0.36784061789512634,-0.36784061789512634,0.0
-0.36877286434173584,-0.36877283453941345,2.9802322387695312e-08
-0.3703191876411438,-0.3703191876411438,0.0
-0.2042558193206787,-0.2042558193206787,0.0
-0.20269501209259033,-0.20269501209259033,0.0
-0.6167630553245544,-0.6167631149291992,-5.960464477539063e-08
-0.6181661486625671,-0.6181661486625671,0.0
-0.6196101903915405,-0.6196101307868958,5.960464477539063e-08
-0.6220603585243225,-0.6220602989196777,5.960464477539063e-08
-0.14469441771507263,-0.14469443261623383,-1.4901161193847656e-08
-0.14178742468357086,-0.14178742468357086,0.0
-0.6188595294952393,-0.6188595294952393,0.0
-0.619382917881012,-0.619382917881012,0.0
-0.6200061440467834,-0.6200062036514282,-5.960464477539063e-08
-0.622667670249939,-0.622667670249939,0.0
-0.1454295963048935,-0.1454295963048935,0.0
-0.1421143263578415,-0.1421143263578415,0.0
-0.3668275475502014,-0.3668275773525238,-2.9802322387695312e-08
-0.3685576319694519,-0.3685576319694519,0.0
-0.37000659108161926,-0.37000659108161926,0.0
-0.3716321885585785,-0.3716322183609009,-2.9802322387695312e-08
-0.2056330293416977,-0.2056330144405365,1.4901161193847656e-08
-0.20545032620429993,-0.20545031130313873,1.4901161193847656e-08
-0.3664311468601227,-0.36643117666244507,-2.9802322387695312e-08
-0.3679963946342468,-0.3679963946342468,0.0
-0.36966049671173096,-0.36966049671173096,0.0
-0.37132853269577026,-0.37132853269577026,0.0
-0.20295444130897522,-0.20295444130897522,0.0
-0.20131510496139526,-0.20131509006023407,1.4901161193847656e-08
-0.3629526197910309,-0.3629526197910309,0.0
-0.36427298188209534,-0.3642730116844177,-2.9802322387695312e-08
-0.3664928674697876,-0.3664928376674652,2.9802322387695312e-08
-0.3676222562789917,-0.3676222562789917,0.0
-0.19973747432231903,-0.19973748922348022,-1.4901161193847656e-08
-0.19815693795681,-0.1981569230556488,1.4901161193847656e-08
0.4167582392692566,0.4167582094669342,-2.9802322387695312e-08
0.41529279947280884,0.41529276967048645,-2.9802322387695312e-08
0.41447335481643677,0.41447341442108154,5.960464477539063e-08
0.41334518790245056,0.41334521770477295,2.9802322387695312e-08
-0.01903953030705452,-0.01903953030705452,0.0
-0.018327467143535614,-0.018327459692955017,7.450580596923828e-09
0.418351948261261,0.4183519780635834,2.9802322387695312e-08
0.4170292019844055,0.4170292019844055,0.0
0.4158440828323364,0.4158440828323364,0.0
0.41483479738235474,0.41483479738235474,0.0
-0.019476044923067093,-0.0194760300219059,1.4901161193847656e-08
-0.018682897090911865,-0.01868291199207306,-1.4901161193847656e-08
0.41853001713752747,0.41853001713752747,0.0
0.41722536087036133,0.41722533106803894,-2.9802322387695312e-08
0.41587352752685547,0.41587352752685547,0.0
0.4149571657180786,0.4149571657180786,0.0
-0.02008204162120819,-0.0200820192694664,2.2351741790771484e-08
-0.019311415031552315,-0.01931140199303627,1.30385160446167e-08
0.4191182851791382,0.4191182851791382,0.0
0.4178380072116852,0.41783803701400757,2.9802322387695312e-08
0.41675084829330444,0.41675084829330444,0.0
0.41561728715896606,0.41561728715896606,0.0
-0.021095681935548782,-0.021095681935548782,0.0
-0.02038433961570263,-0.02038434147834778,-1.862645149230957e-09
-0.08893708139657974,-0.08893709629774094,-1.4901161193847656e-08
-0.09082885086536407,-0.09082885086536407,0.0
-0.06313127279281616,-0.06313127279281616,0.0
-0.09571824967861176,-0.09571826457977295,-1.4901161193847656e-08
-0.2152848243713379,-0.2152848094701767,1.4901161193847656e-08
-0.21064873039722443,-0.21064874529838562,-1.4901161193847656e-08
-0.08699116110801697,-0.08699114620685577,1.4901161193847656e-08
-0.08939569443464279,-0.08939570933580399,-1.4901161193847656e-08
-0.09137971699237823,-0.09137970209121704,1.4901161193847656e-08
-0.09276646375656128,-0.09276647120714188,-7.450580596923828e-09
-0.21195676922798157,-0.21195676922798157,0.0
-0.20640462636947632,-0.20640461146831512,1.4901161193847656e-08
-0.0917278379201889,-0.09172780066728592,3.725290298461914e-08
-0.09299120306968689,-0.0929911881685257,1.4901161193847656e-08
-0.09543690085411072,-0.09543687850236893,2.2351741790771484e-08
-0.09667772054672241,-0.09667771309614182,7.450580596923828e-09
-0.21531149744987488,-0.21531149744987488,0.0
-0.2108849585056305,-0.2108849734067917,-1.4901161193847656e-08
-0.08573706448078156,-0.08573704957962036,1.4901161193847656e-08
-0.08788573741912842,-0.08788573741912842,0.0
-0.06192418932914734,-0.06192421913146973,-2.9802322387695312e-08
-0.09195144474506378,-0.09195142239332199,2.2351741790771484e-08
-0.21161837875843048,-0.2116183638572693,1.4901161193847656e-08
-0.2057112753391266,-0.2057112604379654,1.4901161193847656e-08
-0.08901773393154144,-0.08901770412921906,2.9802322387695312e-08
-0.09124109148979187,-0.09124109148979187,0.0
-0.09402377903461456,-0.09402378648519516,-7.450580596923828e-09
-0.09522542357444763,-0.09522541612386703,7.450580596923828e-09
-0.21318471431732178,-0.21318471431732178,0.0
-0.2073809802532196,-0.2073809951543808,-1.4901161193847656e-08
-0.087840236723423,-0.0878402441740036,-7.450580596923828e-09
-0.09002062678337097,-0.09002062678337097,0.0
-0.09200084209442139,-0.0920008048415184,3.725290298461914e-08
-0.09377117455005646,-0.09377120435237885,-2.9802322387695312e-08
-0.21102741360664368,-0.21102741360664368,0.0
-0.20527184009552002,-0.20527182519435883,1.4901161193847656e-08
-0.08999058604240417,-0.0899905264377594,5.960464477539063e-08
-0.09175021946430206,-0.09175024926662445,-2.9802322387695312e-08
-0.09366437792778015,-0.09366437047719955,7.450580596923828e-09
-0.09639210999011993,-0.09639210999011993,0.0
-0.21271347999572754,-0.21271347999572754,0.0
-0.2067946195602417,-0.2067946344614029,-1.4901161193847656e-08
-0.09368817508220673,-0.09368816018104553,1.4901161193847656e-08
-0.09498007595539093,-0.09498009830713272,-2.2351741790771484e-08
-0.09695500880479813,-0.09695497900247574,2.9802322387695312e-08
-0.10035969316959381,-0.10035968571901321,7.450580596923828e-09
-0.21511566638946533,-0.21511566638946533,0.0
-0.2090805619955063,-0.2090805619955063,0.0
-0.09017655998468399,-0.0901765450835228,1.4901161193847656e-08
-0.09214934706687927,-0.09214933216571808,1.4901161193847656e-08
-0.09427343308925629,-0.09427347779273987,-4.470348358154297e-08
-0.0959743857383728,-0.09597441554069519,-2.9802322387695312e-08
-0.21144314110279083,-0.21144314110279083,0.0
-0.2057788372039795,-0.2057788372039795,0.0
-0.09969839453697205,-0.09969838708639145,7.450580596923828e-09
-0.10206624865531921,-0.10206626355648041,-1.4901161193847656e-08
-0.10398972034454346,-0.10398969054222107,2.9802322387695312e-08
-0.10641658306121826,-0.10641658306121826,0.0
-0.21560296416282654,-0.21560296416282654,0.0
-0.211748406291008,-0.2117483913898468,1.4901161193847656e-08
-0.0933956727385521,-0.09339570254087448,-2.9802322387695312e-08
-0.09497365355491638,-0.09497365355491638,0.0
-0.09731791168451309,-0.09731791913509369,-7.450580596923828e-09
-0.09903794527053833,-0.09903791546821594,2.9802322387695312e-08
-0.21209925413131714,-0.21209925413131714,0.0
-0.2062073051929474,-0.2062073051929474,0.0
-0.09148634225130081,-0.09148640185594559,-5.960464477539063e-08
-0.09384255111217499,-0.09384255856275558,-7.450580596923828e-09
-0.09553159773349762,-0.09553159773349762,0.0
-0.09739705920219421,-0.097397081553936,-2.2351741790771484e-08
-0.21307189762592316,-0.21307191252708435,-1.4901161193847656e-08
-0.21040408313274384,-0.21040408313274384,0.0
-0.09562219679355621,-0.09562218189239502,1.4901161193847656e-08
-0.09792444109916687,-0.09792445600032806,-1.4901161193847656e-08
-0.10004524141550064,-0.10004527121782303,-2.9802322387695312e-08
-0.10241910070180893,-0.10241910070180893,0.0
-0.21454685926437378,-0.21454684436321259,1.4901161193847656e-08
-0.20923542976379395,-0.20923542976379395,0.0
-0.09313333034515381,-0.09313331544399261,1.4901161193847656e-08
-0.09528915584087372,-0.0952891856431961,-2.9802322387695312e-08
-0.09757082164287567,-0.09757085144519806,-2.9802322387695312e-08
-0.10005713999271393,-0.10005713254213333,7.450580596923828e-09
-0.21439190208911896,-0.21439190208911896,0.0
-0.20867477357387543,-0.20867477357387543,0.0
0.5987805724143982,0.598780632019043,5.960464477539063e-08
0.42583268880844116,0.42583268880844116,0.0
0.42457330226898193,0.42457330226898193,0.0
0.4235530197620392,0.4235530197620392,0.0
-0.0259862057864666,-0.025986194610595703,1.1175870895385742e-08
-0.025378257036209106,-0.02537824958562851,7.450580596923828e-09
0.5560188293457031,0.5560188293457031,0.0
0.4216996431350708,0.4216996431350708,0.0
0.4205930531024933,0.4205930531024933,0.0
0.4195055067539215,0.4195055067539215,0.0
-0.025004908442497253,-0.025004897266626358,1.1175870895385742e-08
-0.024116430431604385,-0.024116434156894684,-3.725290298461914e-09
0.42227861285209656,0.42227864265441895,2.9802322387695312e-08
0.4210647940635681,0.4210647940635681,0.0
0.4199162423610687,0.4199162721633911,2.9802322387695312e-08
0.41897398233413696,0.41897398233413696,0.0
-0.023833036422729492,-0.023833036422729492,0.0
-0.023111307993531227,-0.023111313581466675,-5.587935447692871e-09
0.4195955693721771,0.4195955693721771,0.0
0.4183463454246521,0.4183463454246521,0.0
0.4169805645942688,0.4169805645942688,0.0
0.4161720275878906,0.416172057390213,2.9802322387695312e-08
-0.022744830697774887,-0.02274482697248459,3.725290298461914e-09
-0.022046808153390884,-0.022046800702810287,7.450580596923828e-09
0.41799506545066833,0.41799503564834595,-2.9802322387695312e-08
0.41682299971580505,0.41682296991348267,-2.9802322387695312e-08
0.41567349433898926,0.41567349433898926,0.0
0.41454094648361206,0.41454094648361206,0.0
-0.022431666031479836,-0.022431660443544388,5.587935447692871e-09
-0.021522071212530136,-0.021522074937820435,-3.725290298461914e-09
-0.6172985434532166,-0.6172985434532166,0.0
-0.6197414994239807,-0.6197415590286255,-5.960464477539063e-08
-0.6229894161224365,-0.6229894161224365,0.0
-0.6218628883361816,-0.6218628287315369,5.960464477539063e-08
-0.6251947283744812,-0.6251947283744812,0.0
-0.62614905834198,-0.62614905834198,0.0
-0.6329202651977539,-0.6329202651977539,0.0
-0.6304612159729004,-0.6304611563682556,5.960464477539063e-08
-0.1503758728504181,-0.1503758579492569,1.4901161193847656e-08
-0.1476007103919983,-0.1476006954908371,1.4901161193847656e-08
0.19866696000099182,0.19866696000099182,0.0
0.198781818151474,0.198781818151474,0.0
0.20007655024528503,0.20007658004760742,2.9802322387695312e-08
0.20113681256771088,0.20113681256771088,0.0
0.20227204263210297,0.20227205753326416,1.4901161193847656e-08
0.20292425155639648,0.20292425155639648,0.0
0.204514741897583,0.20451471209526062,-2.9802322387695312e-08
0.20469844341278076,0.20469847321510315,2.9802322387695312e-08
0.027239441871643066,0.027239426970481873,-1.4901161193847656e-08
0.02935507893562317,0.029355071485042572,-7.450580596923828e-09
0.19849486649036407,0.19849488139152527,1.4901161193847656e-08
0.19926486909389496,0.19926486909389496,0.0
0.19998016953468323,0.19998016953468323,0.0
0.20121295750141144,0.20121297240257263,1.4901161193847656e-08
0.20246344804763794,0.20246343314647675,-1.4901161193847656e-08
0.20369143784046173,0.20369145274162292,1.4901161193847656e-08
0.20420879125595093,0.20420880615711212,1.4901161193847656e-08
0.20546230673789978,0.20546230673789978,0.0
0.028531961143016815,0.028531961143016815,0.0
0.02982276678085327,0.029822763055562973,-3.725290298461914e-09
0.19866272807121277,0.19866272807121277,0.0
0.20127788186073303,0.20127791166305542,2.9802322387695312e-08
0.20253944396972656,0.20253944396972656,0.0
0.20222704112529755,0.20222702622413635,-1.4901161193847656e-08
0.2035219818353653,0.2035219967365265,1.4901161193847656e-08
0.2049812525510788,0.2049812525510788,0.0
0.205613911151886,0.205613911151886,0.0
0.2066933661699295,0.2066933810710907,1.4901161193847656e-08
0.027190029621124268,0.02719004452228546,1.4901161193847656e-08
0.029254868626594543,0.02925487980246544,1.1175870895385742e-08
-0.3090690076351166,-0.3090689778327942,2.9802322387695312e-08
-0.3109839856624603,-0.3109840154647827,-2.9802322387695312e-08
-0.313693642616272,-0.313693642616272,0.0
-0.3169107437133789,-0.3169107139110565,2.9802322387695312e-08
-0.3180064558982849,-0.3180064558982849,0.0
-0.32406044006347656,-0.32406044006347656,0.0
-0.32597261667251587,-0.32597261667251587,0.0
-0.32604193687438965,-0.32604193687438965,0.0
0.1598367989063263,0.1598367989063263,0.0
0.16336745023727417,0.16336748003959656,2.9802322387695312e-08
-0.3391213119029999,-0.3391212821006775,2.9802322387695312e-08
-0.33721989393234253,-0.33721986413002014,2.9802322387695312e-08
-0.341640830039978,-0.34164080023765564,2.9802322387695312e-08
-0.34259864687919617,-0.34259864687919617,0.0
-0.34373873472213745,-0.34373873472213745,0.0
-0.3453351557254791,-0.34533512592315674,2.9802322387695312e-08
-0.3449755907058716,-0.3449755907058716,0.0
-0.3446851372718811,-0.3446851372718811,0.0
0.22901782393455505,0.22901783883571625,1.4901161193847656e-08
0.23068442940711975,0.23068442940711975,0.0
0.23571272194385529,0.23571273684501648,1.4901161193847656e-08
0.23788870871067047,0.23788870871067047,0.0
0.23478084802627563,0.23478078842163086,-5.960464477539063e-08
0.23719459772109985,0.23719453811645508,-5.960464477539063e-08
0.2368495762348175,0.2368495762348175,0.0
0.23840148746967316,0.23840151727199554,2.9802322387695312e-08
0.23927408456802368,0.23927411437034607,2.9802322387695312e-08
0.23984473943710327,0.23984472453594208,-1.4901161193847656e-08
-0.036096565425395966,-0.03609655797481537,7.450580596923828e-09
-0.034728288650512695,-0.034728288650512695,0.0
-0.04863379895687103,-0.04863379895687103,0.0
-0.040874235332012177,-0.040874212980270386,2.2351741790771484e-08
-0.04834707826375961,-0.048347070813179016,7.450580596923828e-09
-0.04920212924480438,-0.049202121794223785,7.450580596923828e-09
-0.04895775765180588,-0.04895772784948349,2.9802322387695312e-08
-0.04900345206260681,-0.049003466963768005,-1.4901161193847656e-08
-0.048514530062675476,-0.04851451516151428,1.4901161193847656e-08
-0.04796549677848816,-0.04796548932790756,7.450580596923828e-09
0.061597246676683426,0.061597250401973724,3.725290298461914e-09
0.06246740370988846,0.06246739625930786,-7.450580596923828e-09
-0.26920199394226074,-0.26920199394226074,0.0
-0.26998811960220337,-0.26998811960220337,0.0
-0.27415186166763306,-0.27415186166763306,0.0
-0.27444058656692505,-0.2744405269622803,5.960464477539063e-08
-0.2754526734352112,-0.2754526734352112,0.0
-0.2766340374946594,-0.2766340374946594,0.0
-0.2776499092578888,-0.2776499390602112,-2.9802322387695312e-08
-0.2785634696483612,-0.2785634398460388,2.9802322387695312e-08
0.037011146545410156,0.03701115399599075,7.450580596923828e-09
0.03955230116844177,0.039552293717861176,-7.450580596923828e-09
-0.6192367672920227,-0.6192368268966675,-5.960464477539063e-08
-0.6200218796730042,-0.6200218796730042,0.0
-0.6212966442108154,-0.6212966442108154,0.0
-0.6229495406150818,-0.622949481010437,5.960464477539063e-08
-0.6233049631118774,-0.6233049631118774,0.0
-0.6284528374671936,-0.6284528970718384,-5.960464477539063e-08
-0.6304944157600403,-0.6304944157600403,0.0
-0.6312383413314819,-0.6312383413314819,0.0
-0.15637610852718353,-0.15637610852718353,0.0
-0.1505207121372223,-0.15052072703838348,-1.4901161193847656e-08
-0.33332985639572144,-0.33332985639572144,0.0
-0.3338284194469452,-0.3338283896446228,2.9802322387695312e-08
-0.33806025981903076,-0.33806028962135315,-2.9802322387695312e-08
-0.3399008512496948,-0.3399008512496948,0.0
-0.3404209017753601,-0.3404209017753601,0.0
-0.34122180938720703,-0.34122177958488464,2.9802322387695312e-08
-0.34199059009552,-0.3419906198978424,-2.9802322387695312e-08
-0.34306466579437256,-0.34306466579437256,0.0
-0.017903443425893784,-0.017903439700603485,3.725290298461914e-09
-0.023806415498256683,-0.023806408047676086,7.450580596923828e-09
-0.3347965478897095,-0.3347965478897095,0.0
-0.3322269320487976,-0.33222696185112,-2.9802322387695312e-08
-0.3359507620334625,-0.33595073223114014,2.9802322387695312e-08
-0.337155818939209,-0.337155818939209,0.0
-0.33516573905944824,-0.33516570925712585,2.9802322387695312e-08
-0.3389982581138611,-0.3389982581138611,0.0
-0.33943694829940796,-0.33943697810173035,-2.9802322387695312e-08
-0.3369547724723816,-0.3369547724723816,0.0
-0.01831788569688797,-0.018317893147468567,-7.450580596923828e-09
-0.020235950127243996,-0.020235948264598846,1.862645149230957e-09
0.24150913953781128,0.24150916934013367,2.9802322387695312e-08
0.24227578938007355,0.24227583408355713,4.470348358154297e-08
0.2380841076374054,0.2380841076374054,0.0
0.24093584716320038,0.24093586206436157,1.4901161193847656e-08
0.24252650141716003,0.24252648651599884,-1.4901161193847656e-08
0.24099573493003845,0.24099573493003845,0.0
0.2436552345752716,0.24365520477294922,-2.9802322387695312e-08
0.2444486767053604,0.24444866180419922,-1.4901161193847656e-08
-0.036257676780223846,-0.036257676780223846,0.0
-0.0349092073738575,-0.0349092110991478,-3.725290298461914e-09
0.23600663244724274,0.23600660264492035,-2.9802322387695312e-08
0.23769080638885498,0.23769080638885498,0.0
0.23707570135593414,0.23707571625709534,1.4901161193847656e-08
0.23502866923809052,0.2350286990404129,2.9802322387695312e-08
0.2354310154914856,0.2354310303926468,1.4901161193847656e-08
0.23678283393383026,0.23678287863731384,4.470348358154297e-08
0.23843161761760712,0.23843160271644592,-1.4901161193847656e-08
0.23703695833683014,0.23703694343566895,-1.4901161193847656e-08
-0.04115695506334305,-0.04115695133805275,3.725290298461914e-09
-0.03783508762717247,-0.037835102528333664,-1.4901161193847656e-08
-0.059385329484939575,-0.05938531458377838,1.4901161193847656e-08
-0.05893496423959732,-0.05893494188785553,2.2351741790771484e-08
-0.06020963937044144,-0.060209646821022034,-7.450580596923828e-09
-0.06188763678073883,-0.06188763678073883,0.0
-0.06098015606403351,-0.060980141162872314,1.4901161193847656e-08
-0.06325219571590424,-0.06325219571590424,0.0
-0.0642319768667221,-0.06423196196556091,1.4901161193847656e-08
-0.06557857245206833,-0.06557857990264893,-7.450580596923828e-09
0.13851042091846466,0.13851040601730347,-1.4901161193847656e-08
0.13976410031318665,0.13976411521434784,1.4901161193847656e-08
-0.06056157499551773,-0.06056159734725952,-2.2351741790771484e-08
-0.06163559854030609,-0.061635613441467285,-1.4901161193847656e-08
-0.0622716024518013,-0.0622715950012207,7.450580596923828e-09
-0.06316722184419632,-0.06316721439361572,7.450580596923828e-09
-0.06377449631690979,-0.06377451121807098,-1.4901161193847656e-08
-0.06363555788993835,-0.06363552808761597,2.9802322387695312e-08
-0.06396859884262085,-0.06396861374378204,-1.4901161193847656e-08
-0.06375400722026825,-0.06375400722026825,0.0
0.13665905594825745,0.13665905594825745,0.0
0.1419031322002411,0.1419031322002411,0.0
-0.059845417737960815,-0.05984540283679962,1.4901161193847656e-08
-0.061758145689964294,-0.06175816059112549,-1.4901161193847656e-08
-0.06217491626739502,-0.06217491626739502,0.0
-0.06114162504673004,-0.06114161014556885,1.4901161193847656e-08
-0.06164964288473129,-0.061649665236473083,-2.2351741790771484e-08
-0.06339524686336517,-0.06339524686336517,0.0
-0.06294353306293488,-0.06294353306293488,0.0
-0.06329631805419922,-0.06329633295536041,-1.4901161193847656e-08
0.13595762848854065,0.13595761358737946,-1.4901161193847656e-08
0.13914835453033447,0.13914835453033447,0.0
-0.3077149987220764,-0.3077149987220764,0.0
-0.310167133808136,-0.310167133808136,0.0
-0.31493279337882996,-0.31493279337882996,0.0
-0.3138864040374756,-0.3138863742351532,2.9802322387695312e-08
-0.31984788179397583,-0.31984788179397583,0.0
-0.3202607035636902,-0.3202607035636902,0.0
-0.3190613389015198,-0.3190613389015198,0.0
-0.3239974081516266,-0.3239974081516266,0.0
0.16657687723636627,0.16657689213752747,1.4901161193847656e-08
0.16675734519958496,0.16675733029842377,-1.4901161193847656e-08
-0.3418651819229126,-0.3418651819229126,0.0
-0.34216684103012085,-0.34216684103012085,0.0
-0.34368401765823364,-0.34368404746055603,-2.9802322387695312e-08
-0.34558984637260437,-0.34558987617492676,-2.9802322387695312e-08
-0.34578895568847656,-0.34578895568847656,0.0
-0.3466868996620178,-0.3466869592666626,-5.960464477539063e-08
-0.34545814990997314,-0.34545817971229553,-2.9802322387695312e-08
-0.34865066409111023,-0.34865066409111023,0.0
0.2262945920228958,0.22629457712173462,-1.4901161193847656e-08
0.22932691872119904,0.22932691872119904,0.0
-0.3069459795951843,-0.3069459795951843,0.0
-0.30688875913619995,-0.3068888187408447,-5.960464477539063e-08
-0.3158642053604126,-0.3158642053604126,0.0
-0.31395936012268066,-0.31395938992500305,-2.9802322387695312e-08
-0.3190973997116089,-0.3190973997116089,0.0
-0.31837907433509827,-0.31837910413742065,-2.9802322387695312e-08
-0.32221394777297974,-0.32221394777297974,0.0
-0.3236743211746216,-0.3236743211746216,0.0
0.16600708663463593,0.16600708663463593,0.0
0.1670967936515808,0.1670967936515808,0.0
-0.33706533908843994,-0.33706533908843994,0.0
-0.3393677771091461,-0.33936774730682373,2.9802322387695312e-08
-0.34354254603385925,-0.34354257583618164,-2.9802322387695312e-08
-0.3453903794288635,-0.34539034962654114,2.9802322387695312e-08
-0.34239768981933594,-0.34239768981933594,0.0
-0.34717655181884766,-0.34717658162117004,-2.9802322387695312e-08
-0.3449043035507202,-0.3449043035507202,0.0
-0.3497479259967804,-0.3497479557991028,-2.9802322387695312e-08
0.22599977254867554,0.22599978744983673,1.4901161193847656e-08
0.23031482100486755,0.23031482100486755,0.0
-0.34061625599861145,-0.34061628580093384,-2.9802322387695312e-08
-0.34170740842819214,-0.3417074382305145,-2.9802322387695312e-08
-0.34388118982315063,-0.34388118982315063,0.0
-0.3442015051841736,-0.3442015051841736,0.0
-0.34122949838638306,-0.34122949838638306,0.0
-0.34640589356422424,-0.34640586376190186,2.9802322387695312e-08
-0.3435935974121094,-0.3435935974121094,0.0
-0.34867987036705017,-0.3486798405647278,2.9802322387695312e-08
0.2243109792470932,0.2243110090494156,2.9802322387695312e-08
0.2279094159603119,0.2279093861579895,-2.9802322387695312e-08
-0.39081671833992004,-0.39081671833992004,0.0
-0.3921729326248169,-0.3921729624271393,-2.9802322387695312e-08
-0.39260926842689514,-0.39260929822921753,-2.9802322387695312e-08
-0.39184731245040894,-0.39184731245040894,0.0
-0.3917059898376465,-0.3917059898376465,0.0
-0.39696604013442993,-0.39696604013442993,0.0
-0.3969287574291229,-0.39692872762680054,2.9802322387695312e-08
-0.39835989475250244,-0.39835989475250244,0.0
0.12392094731330872,0.12392093241214752,-1.4901161193847656e-08
0.12679244577884674,0.12679243087768555,-1.4901161193847656e-08
-0.3327651023864746,-0.3327651023864746,0.0
-0.3347799777984619,-0.3347799777984619,0.0
-0.3361496329307556,-0.3361496031284332,2.9802322387695312e-08
-0.3388475775718689,-0.3388475775718689,0.0
-0.3396833539009094,-0.3396833837032318,-2.9802322387695312e-08
-0.3395810127258301,-0.33958104252815247,-2.9802322387695312e-08
-0.340737521648407,-0.340737521648407,0.0
-0.3425111174583435,-0.3425111174583435,0.0
0.222800612449646,0.222800612449646,0.0
0.22614648938179016,0.22614648938179016,0.0
-0.33451175689697266,-0.33451175689697266,0.0
-0.33383119106292725,-0.333831250667572,-5.960464477539063e-08
-0.34135371446609497,-0.34135371446609497,0.0
-0.33846479654312134,-0.33846479654312134,0.0
-0.3426065444946289,-0.3426065444946289,0.0
-0.34337374567985535,-0.34337377548217773,-2.9802322387695312e-08
-0.3450869619846344,-0.345086932182312,2.9802322387695312e-08
-0.34607797861099243,-0.34607797861099243,0.0
0.22278492152690887,0.22278492152690887,0.0
0.22617824375629425,0.22617825865745544,1.4901161193847656e-08
-0.3925122320652008,-0.3925122320652008,0.0
-0.3934004604816437,-0.3934004604816437,0.0
-0.39564311504364014,-0.39564311504364014,0.0
-0.39535796642303467,-0.39535796642303467,0.0
-0.39659371972084045,-0.39659368991851807,2.9802322387695312e-08
-0.39422160387039185,-0.39422160387039185,0.0
-0.3982700705528259,-0.3982700705528259,0.0
-0.3980615735054016,-0.3980615735054016,0.0
0.12211243808269501,0.12211243063211441,-7.450580596923828e-09
0.12628234922885895,0.12628234922885895,0.0
0.4381256401538849,0.4381256401538849,0.0
0.43603360652923584,0.43603360652923584,0.0
0.4354328513145447,0.4354328513145447,0.0
0.43306344747543335,0.43306347727775574,2.9802322387695312e-08
0.43174540996551514,0.4317454397678375,2.9802322387695312e-08
0.43078020215034485,0.43078020215034485,0.0
0.4293757379055023,0.4293757379055023,0.0
0.4281902313232422,0.4281902313232422,0.0
-0.020597215741872787,-0.020597219467163086,-3.725290298461914e-09
-0.019834890961647034,-0.019834890961647034,0.0
0.4283912777900696,0.42839130759239197,2.9802322387695312e-08
0.4278670847415924,0.42786705493927,-2.9802322387695312e-08
0.42771226167678833,0.42771223187446594,-2.9802322387695312e-08
0.4263190031051636,0.4263189733028412,-2.9802322387695312e-08
0.4249472916126251,0.42494726181030273,-2.9802322387695312e-08
0.42361825704574585,0.42361825704574585,0.0
0.42252641916275024,0.42252638936042786,-2.9802322387695312e-08
0.4194292724132538,0.41942930221557617,2.9802322387695312e-08
-0.017267385497689247,-0.017267398536205292,-1.30385160446167e-08
-0.01575268991291523,-0.015752680599689484,9.313225746154785e-09
0.4361191391944885,0.43611910939216614,-2.9802322387695312e-08
0.43539103865623474,0.43539106845855713,2.9802322387695312e-08
0.4326520562171936,0.4326520562171936,0.0
0.43194058537483215,0.43194055557250977,-2.9802322387695312e-08
0.43047457933425903,0.43047457933425903,0.0
0.4288002848625183,0.4288002848625183,0.0
0.4262086749076843,0.4262086749076843,0.0
0.42680540680885315,0.42680543661117554,2.9802322387695312e-08
-0.018786732107400894,-0.018786735832691193,-3.725290298461914e-09
-0.017964739352464676,-0.017964757978916168,-1.862645149230957e-08
0.4337466359138489,0.4337466359138489,0.0
0.4337195158004761,0.4337195158004761,0.0
0.43126049637794495,0.43126052618026733,2.9802322387695312e-08
0.4308526813983917,0.4308527112007141,2.9802322387695312e-08
0.4290919601917267,0.42909201979637146,5.960464477539063e-08
0.42792803049087524,0.42792803049087524,0.0
0.42619040608406067,0.42619040608406067,0.0
0.4255296289920807,0.4255296289920807,0.0
-0.018163075670599937,-0.018163077533245087,-1.862645149230957e-09
-0.01684318110346794,-0.016843192279338837,-1.1175870895385742e-08
0.43744540214538574,0.43744537234306335,-2.9802322387695312e-08
0.43413129448890686,0.43413129448890686,0.0
0.43334680795669556,0.43334680795669556,0.0
0.433046817779541,0.433046817779541,0.0
0.431214839220047,0.431214839220047,0.0
0.42978572845458984,0.42978572845458984,0.0
0.4288289546966553,0.4288289546966553,0.0
0.42775022983551025,0.42775022983551025,0.0
-0.01661796309053898,-0.016617976129055023,-1.30385160446167e-08
-0.015272514894604683,-0.015272531658411026,-1.6763806343078613e-08
0.1715555191040039,0.1715555191040039,0.0
0.17075616121292114,0.17075614631175995,-1.4901161193847656e-08
0.17225340008735657,0.17225338518619537,-1.4901161193847656e-08
0.16867540776729584,0.16867540776729584,0.0
0.1673043668270111,0.16730435192584991,-1.4901161193847656e-08
0.16612783074378967,0.16612784564495087,1.4901161193847656e-08
0.16407036781311035,0.16407036781311035,0.0
0.1632625311613083,0.1632625162601471,-1.4901161193847656e-08
0.04389346018433571,0.04389346390962601,3.725290298461914e-09
0.046677712351083755,0.046677712351083755,0.0
0.16984225809574127,0.16984227299690247,1.4901161193847656e-08
0.17084497213363647,0.17084497213363647,0.0
0.168394535779953,0.168394535779953,0.0
0.16783609986305237,0.16783608496189117,-1.4901161193847656e-08
0.16488516330718994,0.16488513350486755,-2.9802322387695312e-08
0.16768233478069305,0.16768230497837067,-2.9802322387695312e-08
0.16645939648151398,0.16645941138267517,1.4901161193847656e-08
0.16339388489723206,0.16339386999607086,-1.4901161193847656e-08
0.0422995463013649,0.042299557477235794,1.1175870895385742e-08
0.046612270176410675,0.04661225154995918,-1.862645149230957e-08
0.17194628715515137,0.17194631695747375,2.9802322387695312e-08
0.1716385781764984,0.1716386079788208,2.9802322387695312e-08
0.17079424858093262,0.17079424858093262,0.0
0.16952544450759888,0.16952544450759888,0.0
0.16702046990394592,0.16702046990394592,0.0
0.16485561430454254,0.16485565900802612,4.470348358154297e-08
0.16393235325813293,0.16393233835697174,-1.4901161193847656e-08
0.1626916080713272,0.16269159317016602,-1.4901161193847656e-08
0.04462170973420143,0.04462172091007233,1.1175870895385742e-08
0.04732067883014679,0.04732067883014679,0.0
0.170305997133255,0.170305997133255,0.0
0.16846689581871033,0.16846689581871033,0.0
0.16593019664287567,0.16593024134635925,4.470348358154297e-08
0.16577111184597015,0.16577109694480896,-1.4901161193847656e-08
0.16658218204975128,0.16658219695091248,1.4901161193847656e-08
0.16542667150497437,0.16542667150497437,0.0
0.16408652067184448,0.1640865057706833,-1.4901161193847656e-08
0.16268302500247955,0.16268303990364075,1.4901161193847656e-08
0.043888892978429794,0.0438888818025589,-1.1175870895385742e-08
0.04394026845693588,0.043940283358097076,1.4901161193847656e-08
0.43146446347236633,0.43146443367004395,-2.9802322387695312e-08
0.4295694828033447,0.4295694828033447,0.0
0.42812657356262207,0.42812657356262207,0.0
0.4264174997806549,0.4264175295829773,2.9802322387695312e-08
0.4257274270057678,0.4257274270057678,0.0
0.4238593280315399,0.4238593578338623,2.9802322387695312e-08
0.42259058356285095,0.42259058356285095,0.0
0.42093122005462646,0.42093124985694885,2.9802322387695312e-08
-0.013949863612651825,-0.013949878513813019,-1.4901161193847656e-08
-0.012035191990435123,-0.012035198509693146,-6.51925802230835e-09
-0.3548673391342163,-0.3548673391342163,0.0
-0.35643869638442993,-0.35643869638442993,0.0
-0.3586309850215912,-0.3586309850215912,0.0
-0.3603678345680237,-0.3603678345680237,0.0
-0.36232292652130127,-0.36232292652130127,0.0
-0.3632986843585968,-0.3632986545562744,2.9802322387695312e-08
-0.3659183382987976,-0.36591827869415283,5.960464477539063e-08
-0.36657029390335083,-0.36657029390335083,0.0
-0.19726671278476715,-0.19726674258708954,-2.9802322387695312e-08
-0.19657324254512787,-0.19657324254512787,0.0
-0.614757239818573,-0.6147572994232178,-5.960464477539063e-08
-0.613410472869873,-0.6134104132652283,5.960464477539063e-08
-0.6224443912506104,-0.6224443912506104,0.0
-0.6212064027786255,-0.6212064027786255,0.0
-0.6193227171897888,-0.619322657585144,5.960464477539063e-08
-0.621097207069397,-0.621097207069397,0.0
-0.6223645210266113,-0.6223644614219666,5.960464477539063e-08
-0.6240568161010742,-0.6240568161010742,0.0
-0.14334648847579956,-0.14334648847579956,0.0
-0.13636842370033264,-0.13636842370033264,0.0
-0.6162586808204651,-0.6162587404251099,-5.960464477539063e-08
-0.6200701594352722,-0.6200701594352722,0.0
-0.6180859208106995,-0.6180858612060547,5.960464477539063e-08
-0.6256177425384521,-0.6256177425384521,0.0
-0.6255136728286743,-0.6255136728286743,0.0
-0.6284118890762329,-0.6284118890762329,0.0
-0.6294471621513367,-0.6294471025466919,5.960464477539063e-08
-0.6307437419891357,-0.6307438015937805,-5.960464477539063e-08
-0.15391959249973297,-0.15391959249973297,0.0
-0.14674437046051025,-0.14674437046051025,0.0
-0.4067014753818512,-0.4067015051841736,-2.9802322387695312e-08
-0.4080106019973755,-0.4080105721950531,2.9802322387695312e-08
-0.4070531725883484,-0.4070531725883484,0.0
-0.4093687832355499,-0.4093688130378723,-2.9802322387695312e-08
-0.4093857705593109,-0.4093857407569885,2.9802322387695312e-08
-0.4083485007286072,-0.4083485007286072,0.0
-0.40819185972213745,-0.40819185972213745,0.0
-0.412943035364151,-0.4129430055618286,2.9802322387695312e-08
0.00783013179898262,0.007830139249563217,7.450580596923828e-09
0.009231258183717728,0.009231256321072578,-1.862645149230957e-09
0.17228111624717712,0.17228111624717712,0.0
0.16950607299804688,0.16950607299804688,0.0
0.16808760166168213,0.16808761656284332,1.4901161193847656e-08
0.16695602238178253,0.16695605218410492,2.9802322387695312e-08
0.16823887825012207,0.16823887825012207,0.0
0.16416864097118378,0.16416862607002258,-1.4901161193847656e-08
0.16228216886520386,0.16228216886520386,0.0
0.1609552502632141,0.1609552502632141,0.0
0.04333449900150299,0.043334491550922394,-7.450580596923828e-09
0.04242303594946861,0.042423032224178314,-3.725290298461914e-09
-0.12116124480962753,-0.12116127461194992,-2.9802322387695312e-08
-0.11876517534255981,-0.11876516044139862,1.4901161193847656e-08
-0.12593820691108704,-0.12593820691108704,0.0
-0.12362870573997498,-0.12362870573997498,0.0
-0.12463967502117157,-0.12463968247175217,-7.450580596923828e-09
-0.12548033893108368,-0.12548035383224487,-1.4901161193847656e-08
-0.12726524472236633,-0.12726521492004395,2.9802322387695312e-08
-0.1280914545059204,-0.1280914545059204,0.0
-0.011581405997276306,-0.01158139854669571,7.450580596923828e-09
-0.008217018097639084,-0.008217031136155128,-1.30385160446167e-08
-0.38877323269844055,-0.38877323269844055,0.0
-0.3871294856071472,-0.38712945580482483,2.9802322387695312e-08
-0.38884788751602173,-0.38884788751602173,0.0
-0.3879466950893402,-0.3879467248916626,-2.9802322387695312e-08
-0.3922725319862366,-0.3922724723815918,5.960464477539063e-08
-0.39364007115364075,-0.39364007115364075,0.0
-0.3898017704486847,-0.3898017406463623,2.9802322387695312e-08
-0.39047181606292725,-0.39047178626060486,2.9802322387695312e-08
-0.38852471113204956,-0.38852471113204956,0.0
-0.38712844252586365,-0.38712844252586365,0.0
-0.3873916268348694,-0.3873916268348694,0.0
-0.38976138830184937,-0.38976138830184937,0.0
-0.39115557074546814,-0.39115554094314575,2.9802322387695312e-08
-0.39010363817214966,-0.3901035785675049,5.960464477539063e-08
-0.39185428619384766,-0.39185428619384766,0.0
-0.3914759159088135,-0.39147594571113586,-2.9802322387695312e-08
0.12192582339048386,0.12192583084106445,7.450580596923828e-09
0.12369974702596664,0.12369972467422485,-2.2351741790771484e-08
0.1715487688779831,0.1715487837791443,1.4901161193847656e-08
0.17052899301052094,0.17052900791168213,1.4901161193847656e-08
0.17243993282318115,0.17243993282318115,0.0
0.16778765618801117,0.16778767108917236,1.4901161193847656e-08
0.1682681292295456,0.1682681143283844,-1.4901161193847656e-08
0.16660448908805847,0.16660451889038086,2.9802322387695312e-08
0.1655530482530594,0.1655530482530594,0.0
0.16111624240875244,0.16111625730991364,1.4901161193847656e-08
0.04353875666856766,0.043538764119148254,7.450580596923828e-09
0.0445169135928154,0.0445169061422348,-7.450580596923828e-09
0.16944736242294312,0.16944736242294312,0.0
0.16864486038684845,0.16864486038684845,0.0
0.1650983989238739,0.1650983691215515,-2.9802322387695312e-08
0.16304969787597656,0.16304969787597656,0.0
0.16122081875801086,0.16122081875801086,0.0
0.15889160335063934,0.15889161825180054,1.4901161193847656e-08
0.15800119936466217,0.15800116956233978,-2.9802322387695312e-08
0.15661320090293884,0.15661318600177765,-1.4901161193847656e-08
0.03572399914264679,0.03572399914264679,0.0
0.0379754900932312,0.037975482642650604,-7.450580596923828e-09
-0.09558546543121338,-0.09558545053005219,1.4901161193847656e-08
-0.09474168717861176,-0.09474167227745056,1.4901161193847656e-08
-0.09425942599773407,-0.09425944089889526,-1.4901161193847656e-08
-0.09460888803005219,-0.09460888803005219,0.0
-0.09801892936229706,-0.09801891446113586,1.4901161193847656e-08
-0.09711713343858719,-0.09711714088916779,-7.450580596923828e-09
-0.09805899858474731,-0.09805898368358612,1.4901161193847656e-08
-0.09970106184482574,-0.09970109164714813,-2.9802322387695312e-08
0.17862696945667267,0.17862698435783386,1.4901161193847656e-08
0.1777862161397934,0.1777862012386322,-1.4901161193847656e-08
-0.38999950885772705,-0.38999950885772705,0.0
-0.389790415763855,-0.389790415763855,0.0
-0.3885967433452606,-0.3885967433452606,0.0
-0.3897671699523926,-0.3897671699523926,0.0
-0.39262688159942627,-0.39262688159942627,0.0
-0.3937477767467499,-0.39374780654907227,-2.9802322387695312e-08
-0.3948707580566406,-0.39487069845199585,5.960464477539063e-08
-0.39235934615135193,-0.3923593759536743,-2.9802322387695312e-08
0.12006011605262756,0.12006010115146637,-1.4901161193847656e-08
0.12669584155082703,0.12669582664966583,-1.4901161193847656e-08
-0.38725224137306213,-0.3872522711753845,-2.9802322387695312e-08
-0.3906550407409668,-0.3906550407409668,0.0
-0.38837099075317383,-0.38837099075317383,0.0
-0.3896491229534149,-0.38964909315109253,2.9802322387695312e-08
-0.3900739252567291,-0.39007389545440674,2.9802322387695312e-08
-0.39060914516448975,-0.3906092047691345,-5.960464477539063e-08
-0.39292168617248535,-0.39292165637016296,2.9802322387695312e-08
-0.39200559258461,-0.3920056223869324,-2.9802322387695312e-08
0.126480370759964,0.1264803558588028,-1.4901161193847656e-08
0.13488267362117767,0.13488268852233887,1.4901161193847656e-08
-0.5265204906463623,-0.5265204906463623,0.0
-0.5264281034469604,-0.5264281034469604,0.0
-0.5349262356758118,-0.534926176071167,5.960464477539063e-08
-0.5339720845222473,-0.5339720845222473,0.0
-0.5406359434127808,-0.5406359434127808,0.0
-0.5433865785598755,-0.5433865785598755,0.0
-0.5462530851364136,-0.5462530255317688,5.960464477539063e-08
-0.5489771962165833,-0.548977255821228,-5.960464477539063e-08
0.14656493067741394,0.14656494557857513,1.4901161193847656e-08
0.15294528007507324,0.15294526517391205,-1.4901161193847656e-08
-0.5207188129425049,-0.5207188129425049,0.0
-0.5291699171066284,-0.5291699171066284,0.0
-0.5286655426025391,-0.5286655426025391,0.0
-0.5361061692237854,-0.5361062288284302,-5.960464477539063e-08
-0.5419326424598694,-0.5419326424598694,0.0
-0.5409806966781616,-0.5409806966781616,0.0
-0.5464767217636108,-0.5464766621589661,5.960464477539063e-08
-0.5455136299133301,-0.5455135703086853,5.960464477539063e-08
0.14506179094314575,0.14506180584430695,1.4901161193847656e-08
0.14835725724697113,0.14835727214813232,1.4901161193847656e-08
-0.5261080265045166,-0.5261079668998718,5.960464477539063e-08
-0.5297400951385498,-0.529740035533905,5.960464477539063e-08
-0.5332862138748169,-0.5332861542701721,5.960464477539063e-08
-0.5372945666313171,-0.5372945666313171,0.0
-0.5401638746261597,-0.5401638150215149,5.960464477539063e-08
-0.5439294576644897,-0.5439294576644897,0.0
-0.5475057363510132,-0.5475056767463684,5.960464477539063e-08
-0.552577555179596,-0.552577555179596,0.0
0.030388765037059784,0.03038877248764038,7.450580596923828e-09
0.03445320948958397,0.03445320576429367,-3.725290298461914e-09
-0.5312401056289673,-0.5312401056289673,0.0
-0.5340474843978882,-0.5340474843978882,0.0
-0.5327478051185608,-0.532747745513916,5.960464477539063e-08
-0.5409759879112244,-0.5409759283065796,5.960464477539063e-08
-0.5480555295944214,-0.5480555295944214,0.0
-0.5528050661087036,-0.5528050661087036,0.0
-0.5544543862342834,-0.5544543266296387,5.960464477539063e-08
-0.5593507289886475,-0.5593506693840027,5.960464477539063e-08
0.03743591532111168,0.03743591904640198,3.725290298461914e-09
0.043479349464178085,0.04347933828830719,-1.1175870895385742e-08
-0.532199501991272,-0.5321995615959167,-5.960464477539063e-08
-0.5356093645095825,-0.535609245300293,1.1920928955078125e-07
-0.5352201461791992,-0.5352200865745544,5.960464477539063e-08
-0.5431846380233765,-0.5431846380233765,0.0
-0.5475897789001465,-0.5475897789001465,0.0
-0.54875248670578,-0.5487524271011353,5.960464477539063e-08
-0.5532747507095337,-0.5532746315002441,1.1920928955078125e-07
-0.5604054927825928,-0.560405433177948,5.960464477539063e-08
0.037858474999666214,0.037858471274375916,-3.725290298461914e-09
0.04118647426366806,0.041186489164829254,1.4901161193847656e-08
-0.5258159637451172,-0.5258159637451172,0.0
-0.5240710377693176,-0.5240710377693176,0.0
-0.5230127573013306,-0.5230126976966858,5.960464477539063e-08
-0.5337371826171875,-0.5337371826171875,0.0
-0.5401473045349121,-0.5401473045349121,0.0
-0.5442631244659424,-0.5442631244659424,0.0
-0.5423771739006042,-0.5423771739006042,0.0
-0.5456938743591309,-0.5456938743591309,0.0
0.1440456062555313,0.1440456211566925,1.4901161193847656e-08
0.1483854055404663,0.1483854055404663,0.0
-0.6098178029060364,-0.6098178625106812,-5.960464477539063e-08
-0.612098753452301,-0.612098753452301,0.0
-0.6136161088943481,-0.6136161684989929,-5.960464477539063e-08
-0.620482861995697,-0.6204827427864075,1.1920928955078125e-07
-0.6177854537963867,-0.6177854537963867,0.0
-0.6188819408416748,-0.6188819408416748,0.0
-0.6206231713294983,-0.6206232309341431,-5.960464477539063e-08
-0.6227473020553589,-0.6227473616600037,-5.960464477539063e-08
-0.14168301224708557,-0.14168299734592438,1.4901161193847656e-08
-0.14020639657974243,-0.14020639657974243,0.0
-0.5838209986686707,-0.5838210582733154,-5.960464477539063e-08
-0.5864260196685791,-0.5864259600639343,5.960464477539063e-08
-0.5931316614151001,-0.5931315422058105,1.1920928955078125e-07
-0.5913163423538208,-0.591316282749176,5.960464477539063e-08
-0.5965779423713684,-0.5965779423713684,0.0
-0.6000473499298096,-0.6000472903251648,5.960464477539063e-08
-0.6016101837158203,-0.6016101837158203,0.0
-0.6054486632347107,-0.6054487228393555,-5.960464477539063e-08
-0.07057754695415497,-0.07057755440473557,-7.450580596923828e-09
-0.06430117040872574,-0.06430115550756454,1.4901161193847656e-08
-0.5173255205154419,-0.5173255205154419,0.0
-0.524854302406311,-0.524854302406311,0.0
-0.5322116613388062,-0.5322116613388062,0.0
-0.5383486151695251,-0.5383485555648804,5.960464477539063e-08
-0.5410572290420532,-0.5410571694374084,5.960464477539063e-08
-0.5413438677787781,-0.5413438081741333,5.960464477539063e-08
-0.5433940887451172,-0.5433940291404724,5.960464477539063e-08
-0.5504137277603149,-0.5504137277603149,0.0
0.1426522582769394,0.1426522582769394,0.0
0.14587150514125824,0.14587149024009705,-1.4901161193847656e-08
-0.5238376259803772,-0.5238375663757324,5.960464477539063e-08
-0.5256979465484619,-0.5256979465484619,0.0
-0.5233035087585449,-0.5233035087585449,0.0
-0.5347106456756592,-0.5347105860710144,5.960464477539063e-08
-0.5337907075881958,-0.5337907075881958,0.0
-0.5371508598327637,-0.5371508598327637,0.0
-0.5427182912826538,-0.5427184104919434,-1.1920928955078125e-07
-0.5459580421447754,-0.5459580421447754,0.0
0.14492930471897125,0.14492931962013245,1.4901161193847656e-08
0.14788147807121277,0.14788146317005157,-1.4901161193847656e-08
-0.33218544721603394,-0.33218544721603394,0.0
-0.3361629843711853,-0.3361629843711853,0.0
-0.3407118320465088,-0.3407118320465088,0.0
-0.341824471950531,-0.341824471950531,0.0
-0.3429778814315796,-0.3429778814315796,0.0
-0.34367096424102783,-0.34367096424102783,0.0
-0.34083330631256104,-0.34083330631256104,0.0
-0.3458157777786255,-0.3458157777786255,0.0
0.22392140328884125,0.22392138838768005,-1.4901161193847656e-08
0.22682175040245056,0.22682175040245056,0.0
-0.37963664531707764,-0.37963664531707764,0.0
-0.38022688031196594,-0.38022691011428833,-2.9802322387695312e-08
-0.3823797106742859,-0.3823797106742859,0.0
-0.38809719681739807,-0.38809722661972046,-2.9802322387695312e-08
-0.39207524061203003,-0.3920753002166748,-5.960464477539063e-08
-0.38995903730392456,-0.38995903730392456,0.0
-0.39255282282829285,-0.39255282282829285,0.0
-0.39856645464897156,-0.39856648445129395,-2.9802322387695312e-08
0.08455154299736023,0.08455156534910202,2.2351741790771484e-08
0.08964058756828308,0.08964058756828308,0.0
-0.3383667469024658,-0.3383668065071106,-5.960464477539063e-08
-0.3403599262237549,-0.3403599262237549,0.0
-0.33641135692596436,-0.33641135692596436,0.0
-0.34562116861343384,-0.34562113881111145,2.9802322387695312e-08
-0.3468397855758667,-0.3468397855758667,0.0
-0.34340858459472656,-0.34340858459472656,0.0
-0.34831053018569946,-0.34831053018569946,0.0
-0.3492494821548462,-0.3492495119571686,-2.9802322387695312e-08
0.22633102536201477,0.22633101046085358,-1.4901161193847656e-08
0.22777418792247772,0.22777420282363892,1.4901161193847656e-08
-0.6105779409408569,-0.6105779409408569,0.0
-0.6119053959846497,-0.6119054555892944,-5.960464477539063e-08
-0.6178523302078247,-0.6178523302078247,0.0
-0.6147493720054626,-0.6147494316101074,-5.960464477539063e-08
-0.6183898448944092,-0.6183898448944092,0.0
-0.6179024577140808,-0.6179024577140808,0.0
-0.6194267272949219,-0.6194267272949219,0.0
-0.6207940578460693,-0.6207939982414246,5.960464477539063e-08
-0.13994213938713074,-0.13994212448596954,1.4901161193847656e-08
-0.13976682722568512,-0.1397668421268463,-1.4901161193847656e-08
-0.6121854782104492,-0.6121854782104492,0.0
-0.6117403507232666,-0.611740231513977,1.1920928955078125e-07
-0.6177935004234314,-0.6177935600280762,-5.960464477539063e-08
-0.6146335005760193,-0.6146335005760193,0.0
-0.6205036640167236,-0.6205036044120789,5.960464477539063e-08
-0.6195924878120422,-0.6195924878120422,0.0
-0.6211736798286438,-0.6211736798286438,0.0
-0.6231462955474854,-0.6231462955474854,0.0
-0.14519545435905457,-0.14519542455673218,2.9802322387695312e-08
-0.14199203252792358,-0.1419920176267624,1.4901161193847656e-08
0.431279718875885,0.431279718875885,0.0
0.4295794367790222,0.4295794367790222,0.0
0.4281444549560547,0.4281444549560547,0.0
0.4266568124294281,0.4266568124294281,0.0
0.42496347427368164,0.42496347427368164,0.0
0.42385759949684143,0.42385759949684143,0.0
0.42270708084106445,0.42270705103874207,-2.9802322387695312e-08
0.4213428199291229,0.42134279012680054,-2.9802322387695312e-08
-0.022565746679902077,-0.022565722465515137,2.421438694000244e-08
-0.021304666996002197,-0.0213046595454216,7.450580596923828e-09
-0.39338943362236023,-0.39338940382003784,2.9802322387695312e-08
-0.3937693238258362,-0.3937692642211914,5.960464477539063e-08
-0.3962463140487671,-0.3962463140487671,0.0
-0.39632976055145264,-0.39632976055145264,0.0
-0.39763712882995605,-0.39763712882995605,0.0
-0.39753490686416626,-0.39753490686416626,0.0
-0.3989897668361664,-0.39898979663848877,-2.9802322387695312e-08
-0.3994804620742798,-0.39948052167892456,-5.960464477539063e-08
0.12180431187152863,0.12180431187152863,0.0
0.12576493620872498,0.12576493620872498,0.0
-0.33107030391693115,-0.33107030391693115,0.0
-0.33283793926239014,-0.33283793926239014,0.0
-0.3348432183265686,-0.3348432183265686,0.0
-0.33587831258773804,-0.33587831258773804,0.0
-0.33686918020248413,-0.33686915040016174,2.9802322387695312e-08
-0.3372876048088074,-0.3372876048088074,0.0
-0.3392145037651062,-0.3392145037651062,0.0
-0.3402787446975708,-0.3402787446975708,0.0
0.22194325923919678,0.22194325923919678,0.0
0.22490531206130981,0.22490531206130981,0.0
-0.3903743028640747,-0.3903743326663971,-2.9802322387695312e-08
-0.38860461115837097,-0.3886045813560486,2.9802322387695312e-08
-0.38889604806900024,-0.388896107673645,-5.960464477539063e-08
-0.38985884189605713,-0.3898588716983795,-2.9802322387695312e-08
-0.39250069856643677,-0.3925006687641144,2.9802322387695312e-08
-0.3937269151210785,-0.3937268853187561,2.9802322387695312e-08
-0.39215391874313354,-0.39215391874313354,0.0
-0.3926471471786499,-0.3926471471786499,0.0
0.1229465901851654,0.1229465901851654,0.0
0.12537038326263428,0.12537038326263428,0.0
-0.3883584141731262,-0.3883584141731262,0.0
-0.38997071981430054,-0.38997069001197815,2.9802322387695312e-08
-0.39084553718566895,-0.39084553718566895,0.0
-0.39246416091918945,-0.39246416091918945,0.0
-0.3909440040588379,-0.3909440040588379,0.0
-0.39123520255088806,-0.39123523235321045,-2.9802322387695312e-08
-0.3918818235397339,-0.3918818235397339,0.0
-0.39276552200317383,-0.39276546239852905,5.960464477539063e-08
0.12272682785987854,0.12272683531045914,7.450580596923828e-09
0.12425902485847473,0.12425901740789413,-7.450580596923828e-09
-0.3886653780937195,-0.38866540789604187,-2.9802322387695312e-08
-0.3883984088897705,-0.3883984386920929,-2.9802322387695312e-08
-0.3896443247795105,-0.3896443843841553,-5.960464477539063e-08
-0.388231098651886,-0.388231098651886,0.0
-0.3889962136745453,-0.3889962136745453,0.0
-0.3907276391983032,-0.39072760939598083,2.9802322387695312e-08
-0.3940061032772064,-0.3940061032772064,0.0
-0.3945167362689972,-0.3945167064666748,2.9802322387695312e-08
0.12276335060596466,0.12276333570480347,-1.4901161193847656e-08
0.124723419547081,0.124723419547081,0.0
-0.4061621427536011,-0.4061620831489563,5.960464477539063e-08
-0.40530675649642944,-0.40530675649642944,0.0
-0.4087780714035034,-0.40877804160118103,2.9802322387695312e-08
-0.409925252199173,-0.4099252223968506,2.9802322387695312e-08
-0.41055363416671753,-0.4105536937713623,-5.960464477539063e-08
-0.4116998612880707,-0.4116998016834259,5.960464477539063e-08
-0.4095354676246643,-0.40953540802001953,5.960464477539063e-08
-0.4132995009422302,-0.413299560546875,-5.960464477539063e-08
0.007652491331100464,0.0076525043696165085,1.30385160446167e-08
0.008969422429800034,0.008969423361122608,9.313225746154785e-10
-0.3748255968093872,-0.3748255670070648,2.9802322387695312e-08
-0.379195898771286,-0.3791959285736084,-2.9802322387695312e-08
-0.3804784417152405,-0.3804784119129181,2.9802322387695312e-08
-0.38397982716560364,-0.38397979736328125,2.9802322387695312e-08
-0.3879472613334656,-0.3879472613334656,0.0
-0.38840150833129883,-0.3884015381336212,-2.9802322387695312e-08
-0.3926202654838562,-0.3926202654838562,0.0
-0.394534707069397,-0.394534707069397,0.0
0.08321726322174072,0.08321727067232132,7.450580596923828e-09
0.08672889322042465,0.08672890812158585,1.4901161193847656e-08
-0.4073936641216278,-0.4073936343193054,2.9802322387695312e-08
-0.4037160575389862,-0.4037160575389862,0.0
-0.4043152332305908,-0.4043152630329132,-2.9802322387695312e-08
-0.40907007455825806,-0.40907007455825806,0.0
-0.4088442921638489,-0.4088442921638489,0.0
-0.4135579466819763,-0.4135579466819763,0.0
-0.4110743999481201,-0.4110743999481201,0.0
-0.41020429134368896,-0.41020429134368896,0.0
0.008243080228567123,0.00824308767914772,7.450580596923828e-09
0.00903821736574173,0.009038214571774006,-2.7939677238464355e-09
-0.37358349561691284,-0.37358349561691284,0.0
-0.378045916557312,-0.378045916557312,0.0
-0.3783608376979828,-0.3783608675003052,-2.9802322387695312e-08
-0.38287553191185,-0.38287553191185,0.0
-0.3879886567592621,-0.3879886567592621,0.0
-0.3874029517173767,-0.3874029815196991,-2.9802322387695312e-08
-0.3897371292114258,-0.389737069606781,5.960464477539063e-08
-0.39407414197921753,-0.39407414197921753,0.0
0.08353863656520844,0.08353865146636963,1.4901161193847656e-08
0.08757840096950531,0.08757840096950531,0.0
-0.38777661323547363,-0.38777661323547363,0.0
-0.38814669847488403,-0.38814669847488403,0.0
-0.3900100886821747,-0.3900100886821747,0.0
-0.3904629349708557,-0.3904629349708557,0.0
-0.39107486605644226,-0.3910748362541199,2.9802322387695312e-08
-0.3915809988975525,-0.3915809988975525,0.0
-0.3935709595680237,-0.3935709595680237,0.0
-0.39341622591018677,-0.39341622591018677,0.0
0.12053580582141876,0.12053582072257996,1.4901161193847656e-08
0.12529273331165314,0.12529273331165314,0.0
-0.37742552161216736,-0.37742552161216736,0.0
-0.3811332583427429,-0.3811332583427429,0.0
-0.38710376620292664,-0.38710373640060425,2.9802322387695312e-08
-0.38464537262916565,-0.38464534282684326,2.9802322387695312e-08
-0.3866320848464966,-0.38663211464881897,-2.9802322387695312e-08
-0.39154645800590515,-0.39154645800590515,0.0
-0.39225953817367554,-0.39225953817367554,0.0
-0.3964445888996124,-0.3964446187019348,-2.9802322387695312e-08
0.08459973335266113,0.08459973335266113,0.0
0.08735111355781555,0.08735109865665436,-1.4901161193847656e-08
-0.6114211678504944,-0.6114211678504944,0.0
-0.6149054765701294,-0.6149054169654846,5.960464477539063e-08
-0.6165412068367004,-0.6165412068367004,0.0
-0.6183977723121643,-0.6183977723121643,0.0
-0.6211401224136353,-0.6211401224136353,0.0
-0.6237624883651733,-0.6237624883651733,0.0
-0.6230013966560364,-0.6230013966560364,0.0
-0.6240381598472595,-0.6240381598472595,0.0
-0.14156542718410492,-0.14156542718410492,0.0
-0.1426743119955063,-0.1426742970943451,1.4901161193847656e-08
-0.4077601432800293,-0.4077601432800293,0.0
-0.4060491621494293,-0.40604913234710693,2.9802322387695312e-08
-0.4081277847290039,-0.4081278443336487,-5.960464477539063e-08
-0.40878406167030334,-0.40878403186798096,2.9802322387695312e-08
-0.40768954157829285,-0.40768954157829285,0.0
-0.40870583057403564,-0.40870586037635803,-2.9802322387695312e-08
-0.40896305441856384,-0.40896305441856384,0.0
-0.4101351499557495,-0.4101352095603943,-5.960464477539063e-08
0.008340395987033844,0.008340404368937016,8.381903171539307e-09
0.008882958441972733,0.008882945403456688,-1.30385160446167e-08
-0.6123196482658386,-0.6123196482658386,0.0
-0.6189837455749512,-0.6189837455749512,0.0
-0.6155353784561157,-0.6155354380607605,-5.960464477539063e-08
-0.6200368404388428,-0.6200368404388428,0.0
-0.6213473081588745,-0.6213473081588745,0.0
-0.6233072280883789,-0.6233072280883789,0.0
-0.6251305341720581,-0.6251305937767029,-5.960464477539063e-08
-0.6296975612640381,-0.6296975612640381,0.0
-0.1465575098991394,-0.1465575098991394,0.0
-0.1456776261329651,-0.1456776261329651,0.0
-0.6099799871444702,-0.6099799871444702,0.0
-0.6116014122962952,-0.6116014719009399,-5.960464477539063e-08
-0.6132228970527649,-0.6132228970527649,0.0
-0.6166443824768066,-0.6166443824768066,0.0
-0.6177210807800293,-0.6177210211753845,5.960464477539063e-08
-0.619699239730835,-0.6196992993354797,-5.960464477539063e-08
-0.6236060857772827,-0.6236060857772827,0.0
-0.6226457953453064,-0.6226457357406616,5.960464477539063e-08
-0.14219734072685242,-0.14219734072685242,0.0
-0.14305683970451355,-0.14305683970451355,0.0
-0.39266476035118103,-0.39266473054885864,2.9802322387695312e-08
-0.3941316604614258,-0.3941316306591034,2.9802322387695312e-08
-0.39426732063293457,-0.39426732063293457,0.0
-0.39496850967407227,-0.39496850967407227,0.0
-0.39541423320770264,-0.39541420340538025,2.9802322387695312e-08
-0.39584147930145264,-0.3958415389060974,-5.960464477539063e-08
-0.3936685621738434,-0.39366859197616577,-2.9802322387695312e-08
-0.39717763662338257,-0.39717766642570496,-2.9802322387695312e-08
0.12006767094135284,0.12006766349077225,-7.450580596923828e-09
0.12523101270198822,0.12523101270198822,0.0
-0.3933485746383667,-0.3933486044406891,-2.9802322387695312e-08
-0.3937424421310425,-0.3937424421310425,0.0
-0.39580053091049194,-0.39580053091049194,0.0
-0.3962633013725281,-0.3962633013725281,0.0
-0.3971266448497772,-0.3971266746520996,-2.9802322387695312e-08
-0.39777347445487976,-0.39777350425720215,-2.9802322387695312e-08
-0.39882028102874756,-0.39882028102874756,0.0
-0.39934390783309937,-0.39934390783309937,0.0
0.12060217559337616,0.12060217559337616,0.0
0.12432603538036346,0.12432604283094406,7.450580596923828e-09
-0.6159324645996094,-0.6159324645996094,0.0
-0.6178908944129944,-0.6178909540176392,-5.960464477539063e-08
-0.6171213388442993,-0.6171212792396545,5.960464477539063e-08
-0.619635820388794,-0.6196358799934387,-5.960464477539063e-08
-0.6220136284828186,-0.6220135688781738,5.960464477539063e-08
-0.6242678761482239,-0.6242679357528687,-5.960464477539063e-08
-0.621707558631897,-0.621707558631897,0.0
-0.6262291073799133,-0.6262291669845581,-5.960464477539063e-08
-0.14469292759895325,-0.14469291269779205,1.4901161193847656e-08
-0.14171141386032104,-0.14171141386032104,0.0
-0.6191602945327759,-0.6191602945327759,0.0
-0.6201075911521912,-0.6201074719429016,1.1920928955078125e-07
-0.6212155818939209,-0.6212155818939209,0.0
-0.6222147941589355,-0.6222147941589355,0.0
-0.6297134757041931,-0.6297135353088379,-5.960464477539063e-08
-0.6324973702430725,-0.6324973702430725,0.0
-0.6303619146347046,-0.630361795425415,1.1920928955078125e-07
-0.6320501565933228,-0.6320501565933228,0.0
-0.1511361300945282,-0.15113615989685059,-2.9802322387695312e-08
-0.14837606251239777,-0.14837606251239777,0.0
-0.6095460653305054,-0.6095461249351501,-5.960464477539063e-08
-0.6109373569488525,-0.6109373569488525,0.0
-0.6149017810821533,-0.6149018406867981,-5.960464477539063e-08
-0.6184732913970947,-0.6184732913970947,0.0
-0.615475058555603,-0.615475058555603,0.0
-0.6172791123390198,-0.617279052734375,5.960464477539063e-08
-0.6175999641418457,-0.6175999045372009,5.960464477539063e-08
-0.6191446781158447,-0.6191446185112,5.960464477539063e-08
-0.6157536506652832,-0.6157535910606384,5.960464477539063e-08
-0.6118761301040649,-0.6118761301040649,0.0
-0.6174532175064087,-0.6174532175064087,0.0
-0.6149076819419861,-0.6149076819419861,0.0
-0.6168054342269897,-0.6168054342269897,0.0
-0.6181694269180298,-0.6181694865226746,-5.960464477539063e-08
-0.6199819445610046,-0.6199819445610046,0.0
-0.6210338473320007,-0.6210338473320007,0.0
-0.1422632336616516,-0.1422632336616516,0.0
-0.13881602883338928,-0.1388160139322281,1.4901161193847656e-08
-0.60982346534729,-0.6098234057426453,5.960464477539063e-08
-0.6156581044197083,-0.615658164024353,-5.960464477539063e-08
-0.6119778156280518,-0.6119778156280518,0.0
-0.6168906688690186,-0.6168906688690186,0.0
-0.6157184839248657,-0.6157184839248657,0.0
-0.6174297332763672,-0.6174297332763672,0.0
-0.6178896427154541,-0.6178896427154541,0.0
-0.619446873664856,-0.6194467544555664,1.1920928955078125e-07
-0.6110052466392517,-0.6110053062438965,-5.960464477539063e-08
-0.6175082921981812,-0.6175082921981812,0.0
-0.6140815019607544,-0.6140815615653992,-5.960464477539063e-08
-0.6194654703140259,-0.6194655299186707,-5.960464477539063e-08
-0.6210171580314636,-0.6210171580314636,0.0
-0.6200591921806335,-0.6200592517852783,-5.960464477539063e-08
-0.6217818856239319,-0.6217819452285767,-5.960464477539063e-08
-0.6237150430679321,-0.6237151026725769,-5.960464477539063e-08
-0.1437782645225525,-0.1437782645225525,0.0
-0.14485710859298706,-0.14485710859298706,0.0
0.4347490668296814,0.4347490668296814,0.0
0.4347084164619446,0.4347084164619446,0.0
0.43315738439559937,0.43315741419792175,2.9802322387695312e-08
0.43012627959251404,0.43012627959251404,0.0
0.4301620125770569,0.4301619827747345,-2.9802322387695312e-08
0.4290458559989929,0.42904582619667053,-2.9802322387695312e-08
0.4279436469078064,0.4279435873031616,-5.960464477539063e-08
0.4267827570438385,0.4267827570438385,0.0
-0.016636207699775696,-0.01663621887564659,-1.1175870895385742e-08
-0.01585303619503975,-0.015853025019168854,1.1175870895385742e-08
-0.3932574391365051,-0.3932574391365051,0.0
-0.39424067735671997,-0.3942406475543976,2.9802322387695312e-08
-0.39626002311706543,-0.39626002311706543,0.0
-0.396742582321167,-0.3967426121234894,-2.9802322387695312e-08
-0.3968340754508972,-0.39683404564857483,2.9802322387695312e-08
-0.39797186851501465,-0.39797186851501465,0.0
-0.39832770824432373,-0.39832767844200134,2.9802322387695312e-08
-0.39894044399261475,-0.3989405035972595,-5.960464477539063e-08
0.1212083250284195,0.1212083101272583,-1.4901161193847656e-08
0.12507158517837524,0.12507158517837524,0.0
-0.3911173641681671,-0.3911173641681671,0.0
-0.39109188318252563,-0.39109188318252563,0.0
-0.3920530080795288,-0.3920530080795288,0.0
-0.3924102187156677,-0.3924102187156677,0.0
-0.39313530921936035,-0.39313530921936035,0.0
-0.39366745948791504,-0.39366745948791504,0.0
-0.39150679111480713,-0.39150679111480713,0.0
-0.3954694867134094,-0.3954694867134094,0.0
0.1199231818318367,0.1199231818318367,0.0
0.12414079904556274,0.12414078414440155,-1.4901161193847656e-08
-0.5605466365814209,-0.5605465769767761,5.960464477539063e-08
-0.5629739761352539,-0.5629739165306091,5.960464477539063e-08
-0.5699953436851501,-0.5699952840805054,5.960464477539063e-08
-0.571439266204834,-0.571439266204834,0.0
-0.5760965943336487,-0.5760965943336487,0.0
-0.5725964307785034,-0.5725964307785034,0.0
-0.5790156722068787,-0.5790156722068787,0.0
-0.5797969698905945,-0.5797970294952393,-5.960464477539063e-08
-0.04127979278564453,-0.04127980023622513,-7.450580596923828e-09
-0.04051753878593445,-0.04051753878593445,0.0
-0.334543913602829,-0.33454394340515137,-2.9802322387695312e-08
-0.33822837471961975,-0.33822834491729736,2.9802322387695312e-08
-0.34339070320129395,-0.34339073300361633,-2.9802322387695312e-08
-0.33975595235824585,-0.33975595235824585,0.0
-0.34470540285110474,-0.34470540285110474,0.0
-0.34218502044677734,-0.34218502044677734,0.0
-0.34327438473701477,-0.34327438473701477,0.0
-0.34775853157043457,-0.34775856137275696,-2.9802322387695312e-08
0.2248094230890274,0.2248094379901886,1.4901161193847656e-08
0.22787557542324066,0.22787559032440186,1.4901161193847656e-08
-0.3351488411426544,-0.3351488709449768,-2.9802322387695312e-08
-0.33602628111839294,-0.33602625131607056,2.9802322387695312e-08
-0.3420921862125397,-0.3420921862125397,0.0
-0.3391213119029999,-0.3391213119029999,0.0
-0.3408934473991394,-0.3408934473991394,0.0
-0.3411983847618103,-0.3411983847618103,0.0
-0.3419067859649658,-0.3419068157672882,-2.9802322387695312e-08
-0.3476393520832062,-0.3476393222808838,2.9802322387695312e-08
0.22458387911319733,0.22458386421203613,-1.4901161193847656e-08
0.22696778178215027,0.22696778178215027,0.0
0.4294758141040802,0.4294758141040802,0.0
0.42793241143226624,0.4279324412345886,2.9802322387695312e-08
0.42649132013320923,0.42649132013320923,0.0
0.4259761571884155,0.42597612738609314,-2.9802322387695312e-08
0.42433151602745056,0.4243314862251282,-2.9802322387695312e-08
0.42303231358528137,0.42303231358528137,0.0
0.4206809401512146,0.4206809997558594,5.960464477539063e-08
0.4201192855834961,0.4201192557811737,-2.9802322387695312e-08
-0.017567863687872887,-0.01756785437464714,9.313225746154785e-09
-0.016680385917425156,-0.01668040081858635,-1.4901161193847656e-08
0.4348191022872925,0.4348191022872925,0.0
0.4307236075401306,0.4307236075401306,0.0
0.4320550262928009,0.4320550560951233,2.9802322387695312e-08
0.4294424057006836,0.4294424057006836,0.0
0.4287361204624176,0.4287361204624176,0.0
0.4270358681678772,0.4270358383655548,-2.9802322387695312e-08
0.4244893491268158,0.4244893491268158,0.0
0.42473071813583374,0.42473074793815613,2.9802322387695312e-08
-0.015432829968631268,-0.015432823449373245,6.51925802230835e-09
-0.013975443318486214,-0.013975456357002258,-1.30385160446167e-08
-0.40682968497276306,-0.4068296253681183,5.960464477539063e-08
-0.4075013995170593,-0.4075013995170593,0.0
-0.4098646938800812,-0.4098646938800812,0.0
-0.4113345742225647,-0.4113345742225647,0.0
-0.409574419260025,-0.40957438945770264,2.9802322387695312e-08
-0.4131949245929718,-0.4131949543952942,-2.9802322387695312e-08
-0.40914058685302734,-0.4091406464576721,-5.960464477539063e-08
-0.4121584892272949,-0.4121585190296173,-2.9802322387695312e-08
0.007978219538927078,0.007978216744959354,-2.7939677238464355e-09
0.009234551340341568,0.009234555065631866,3.725290298461914e-09
-0.6163654327392578,-0.6163654327392578,0.0
-0.6157208681106567,-0.615720808506012,5.960464477539063e-08
-0.6176788210868835,-0.6176788806915283,-5.960464477539063e-08
-0.6184114217758179,-0.6184114217758179,0.0
-0.6200595498085022,-0.6200595498085022,0.0
-0.622077226638794,-0.622077226638794,0.0
-0.6238036155700684,-0.6238035559654236,5.960464477539063e-08
-0.6277932524681091,-0.6277933120727539,-5.960464477539063e-08
-0.14292767643928528,-0.14292767643928528,0.0
-0.13960231840610504,-0.13960233330726624,-1.4901161193847656e-08
-0.37930941581726074,-0.37930941581726074,0.0
-0.37979817390441895,-0.37979811429977417,5.960464477539063e-08
-0.38686999678611755,-0.38686996698379517,2.9802322387695312e-08
-0.3897750675678253,-0.3897750675678253,0.0
-0.39234086871147156,-0.39234083890914917,2.9802322387695312e-08
-0.393688827753067,-0.39368879795074463,2.9802322387695312e-08
-0.39379626512527466,-0.39379626512527466,0.0
-0.3968740403652191,-0.3968740701675415,-2.9802322387695312e-08
0.08456611633300781,0.08456609398126602,-2.2351741790771484e-08
0.0890616625547409,0.0890616625547409,0.0
-0.6114967465400696,-0.6114968061447144,-5.960464477539063e-08
-0.6152964234352112,-0.6152963638305664,5.960464477539063e-08
-0.6206037998199463,-0.6206037998199463,0.0
-0.6182696223258972,-0.618269681930542,-5.960464477539063e-08
-0.622646152973175,-0.6226460933685303,5.960464477539063e-08
-0.6239309310913086,-0.6239309310913086,0.0
-0.6253836750984192,-0.6253836750984192,0.0
-0.6259241700172424,-0.6259241700172424,0.0
-0.15208303928375244,-0.15208303928375244,0.0
-0.14797142148017883,-0.14797143638134003,-1.4901161193847656e-08
-0.6130127906799316,-0.6130128502845764,-5.960464477539063e-08
-0.6151023507118225,-0.6151023507118225,0.0
-0.6223026514053345,-0.6223025918006897,5.960464477539063e-08
-0.6285264492034912,-0.6285264492034912,0.0
-0.628369152545929,-0.628369152545929,0.0
-0.6300396919250488,-0.6300396919250488,0.0
-0.629254937171936,-0.629254937171936,0.0
-0.631834089756012,-0.6318341493606567,-5.960464477539063e-08
-0.14432863891124725,-0.14432862401008606,1.4901161193847656e-08
-0.14388346672058105,-0.14388346672058105,0.0
-0.378964364528656,-0.3789643347263336,2.9802322387695312e-08
-0.38088807463645935,-0.38088807463645935,0.0
-0.3830585777759552,-0.3830586075782776,-2.9802322387695312e-08
-0.3876745104789734,-0.3876745104789734,0.0
-0.38960912823677063,-0.38960912823677063,0.0
-0.3924422264099121,-0.39244216680526733,5.960464477539063e-08
-0.3946759104728699,-0.3946759104728699,0.0
-0.3962356746196747,-0.3962356746196747,0.0
0.08291508257389069,0.08291509002447128,7.450580596923828e-09
0.0879778116941452,0.0879778116941452,0.0
-0.6121811270713806,-0.6121811270713806,0.0
-0.6174536347389221,-0.6174535751342773,5.960464477539063e-08
-0.6148816347122192,-0.6148816347122192,0.0
-0.62151038646698,-0.62151038646698,0.0
-0.6240304708480835,-0.6240304708480835,0.0
-0.6245017051696777,-0.6245017647743225,-5.960464477539063e-08
-0.6258910894393921,-0.6258910894393921,0.0
-0.6269161105155945,-0.6269161701202393,-5.960464477539063e-08
-0.14390963315963745,-0.14390960335731506,2.9802322387695312e-08
-0.14060746133327484,-0.14060744643211365,1.4901161193847656e-08
-0.612012505531311,-0.612012505531311,0.0
-0.6110344529151917,-0.6110344529151917,0.0
-0.612531304359436,-0.612531304359436,0.0
-0.6141911745071411,-0.6141912341117859,-5.960464477539063e-08
-0.6172393560409546,-0.6172393560409546,0.0
-0.6187768578529358,-0.6187769174575806,-5.960464477539063e-08
-0.6205373406410217,-0.6205373406410217,0.0
-0.6223661303520203,-0.622366189956665,-5.960464477539063e-08
-0.14421504735946655,-0.14421504735946655,0.0
-0.14100424945354462,-0.14100424945354462,0.0
-0.617762565612793,-0.6177626252174377,-5.960464477539063e-08
-0.6207725405693054,-0.6207725405693054,0.0
-0.6225265860557556,-0.6225265860557556,0.0
-0.6261464357376099,-0.6261464357376099,0.0
-0.6226879954338074,-0.6226880550384521,-5.960464477539063e-08
-0.6266354322433472,-0.6266354322433472,0.0
-0.6330562829971313,-0.6330563426017761,-5.960464477539063e-08
-0.6342007517814636,-0.6342007517814636,0.0
-0.14892533421516418,-0.14892533421516418,0.0
-0.14662884175777435,-0.14662884175777435,0.0
-0.09479278326034546,-0.09479278326034546,0.0
-0.09364151209592819,-0.09364151954650879,-7.450580596923828e-09
-0.09537424147129059,-0.09537425637245178,-1.4901161193847656e-08
-0.09629817306995392,-0.09629815816879272,1.4901161193847656e-08
-0.09920656681060791,-0.09920655190944672,1.4901161193847656e-08
-0.09791800379753113,-0.09791797399520874,2.9802322387695312e-08
-0.09906800091266632,-0.09906800091266632,0.0
-0.10025730729103088,-0.10025730729103088,0.0
0.17784716188907623,0.17784716188907623,0.0
0.1774594932794571,0.1774595081806183,1.4901161193847656e-08
0.23381629586219788,0.2338162660598755,-2.9802322387695312e-08
0.23373037576675415,0.23373040556907654,2.9802322387695312e-08
0.2318587601184845,0.23185878992080688,2.9802322387695312e-08
0.2337295114994049,0.2337295264005661,1.4901161193847656e-08
0.23211102187633514,0.23211102187633514,0.0
0.23415057361125946,0.23415058851242065,1.4901161193847656e-08
0.23327241837978363,0.23327241837978363,0.0
0.23619017004966736,0.23619014024734497,-2.9802322387695312e-08
-0.03631620854139328,-0.03631620854139328,0.0
-0.03686809539794922,-0.036868106573820114,-1.1175870895385742e-08
0.17322321236133575,0.17322319746017456,-1.4901161193847656e-08
0.1726226806640625,0.1726226806640625,0.0
0.16764704883098602,0.16764703392982483,-1.4901161193847656e-08
0.17003250122070312,0.17003250122070312,0.0
0.1688728928565979,0.1688729077577591,1.4901161193847656e-08
0.16603514552116394,0.16603514552116394,0.0
0.16129127144813538,0.16129127144813538,0.0
0.1627696305513382,0.1627696454524994,1.4901161193847656e-08
0.04429556429386139,0.04429555684328079,-7.450580596923828e-09
0.047081202268600464,0.04708121716976166,1.4901161193847656e-08
0.4277561902999878,0.4277561902999878,0.0
0.42800429463386536,0.42800432443618774,2.9802322387695312e-08
0.4295211732387543,0.42952120304107666,2.9802322387695312e-08
0.4259480834007263,0.4259480834007263,0.0
0.4273560047149658,0.4273560047149658,0.0
0.4275687038898468,0.4275686740875244,-2.9802322387695312e-08
0.4276547133922577,0.4276547431945801,2.9802322387695312e-08
0.42763209342956543,0.42763209342956543,0.0
0.021483030170202255,0.02148301899433136,-1.1175870895385742e-08
0.02088184468448162,0.020881853997707367,9.313225746154785e-09
-0.014380358159542084,-0.014380360953509808,-2.7939677238464355e-09
-0.009813304990530014,-0.009813308715820312,-3.725290298461914e-09
-0.14328879117965698,-0.1432887762784958,1.4901161193847656e-08
-0.1406063437461853,-0.1406063586473465,-1.4901161193847656e-08
-0.018078505992889404,-0.01807849109172821,1.4901161193847656e-08
-0.0186908096075058,-0.01869077980518341,2.9802322387695312e-08
-0.01812027394771576,-0.018120288848876953,-1.4901161193847656e-08
-0.01894471049308777,-0.01894475519657135,-4.470348358154297e-08
-0.11588537693023682,-0.11588536202907562,1.4901161193847656e-08
-0.11900310218334198,-0.11900310218334198,0.0
-0.01533535122871399,-0.015335381031036377,-2.9802322387695312e-08
-0.015604615211486816,-0.015604645013809204,-2.9802322387695312e-08
-0.016000472009181976,-0.016000479459762573,-7.450580596923828e-09
-0.016578420996665955,-0.01657840609550476,1.4901161193847656e-08
-0.11699501425027847,-0.11699502170085907,-7.450580596923828e-09
-0.12090680003166199,-0.12090680003166199,0.0
-0.11679036170244217,-0.11679035425186157,7.450580596923828e-09
-0.12082916498184204,-0.12082916498184204,0.0
