scenario,tract_geoid_native,health_reference_year,prediction_difference,poverty,scheme_count
D10_traffic_pressure_minus_1sd,17031010100,2023,-0.062909886,0.6755196,4
D10_traffic_pressure_minus_1sd,17031010201,2023,-0.061222464,0.67674166,4
D10_traffic_pressure_minus_1sd,17031010202,2023,-0.06309374,0.6734606,4
D10_traffic_pressure_minus_1sd,17031010300,2023,-0.0630288,0.6737658,4
D10_traffic_pressure_minus_1sd,17031010400,2023,-0.06253737,0.6719411,4
D10_traffic_pressure_minus_1sd,17031010501,2023,-0.061049752,0.67753816,4
D10_traffic_pressure_minus_1sd,17031010502,2023,-0.06291278,0.6752467,4
D10_traffic_pressure_minus_1sd,17031010503,2023,-0.06288438,0.67504823,4
D10_traffic_pressure_minus_1sd,17031010600,2023,-0.06275634,0.67369425,4
D10_traffic_pressure_minus_1sd,17031010701,2023,-0.062224664,0.6746793,4
D10_traffic_pressure_minus_1sd,17031010702,2023,-0.06287852,0.6713878,4
D10_traffic_pressure_minus_1sd,17031020100,2023,-0.06054019,0.7350894,4
D10_traffic_pressure_minus_1sd,17031020200,2023,-0.06304493,0.7310629,4
D10_traffic_pressure_minus_1sd,17031020301,2023,-0.06256181,0.7320291,4
D10_traffic_pressure_minus_1sd,17031020302,2023,-0.06005374,0.7351478,4
D10_traffic_pressure_minus_1sd,17031020400,2023,-0.062810056,0.73224974,4
D10_traffic_pressure_minus_1sd,17031020500,2023,-0.06265157,0.73230505,4
D10_traffic_pressure_minus_1sd,17031020601,2023,-0.061937332,0.73169637,4
D10_traffic_pressure_minus_1sd,17031020602,2023,-0.06474084,0.73087454,4
D10_traffic_pressure_minus_1sd,17031020701,2023,-0.061868493,0.73188734,4
D10_traffic_pressure_minus_1sd,17031020702,2023,-0.061841235,0.73182344,4
D10_traffic_pressure_minus_1sd,17031020801,2023,-0.06207943,0.7317059,4
D10_traffic_pressure_minus_1sd,17031020802,2023,-0.062315315,0.73150957,4
D10_traffic_pressure_minus_1sd,17031020901,2023,-0.060802247,0.7342075,4
D10_traffic_pressure_minus_1sd,17031020902,2023,-0.060027633,0.6734357,4
D10_traffic_pressure_minus_1sd,17031030101,2023,-0.06265594,0.67546344,4
D10_traffic_pressure_minus_1sd,17031030102,2023,-0.06270605,0.6757866,4
D10_traffic_pressure_minus_1sd,17031030103,2023,-0.062560536,0.6756171,4
D10_traffic_pressure_minus_1sd,17031030104,2023,-0.062526435,0.67603374,4
D10_traffic_pressure_minus_1sd,17031030200,2023,-0.06295285,0.67333674,4
D10_traffic_pressure_minus_1sd,17031030300,2023,-0.060511768,0.6765195,4
D10_traffic_pressure_minus_1sd,17031030400,2023,-0.06274866,0.6737492,4
D10_traffic_pressure_minus_1sd,17031030500,2023,-0.062410768,0.6742083,4
D10_traffic_pressure_minus_1sd,17031030601,2023,-0.062233195,0.67631865,4
D10_traffic_pressure_minus_1sd,17031030603,2023,-0.06421034,0.6756859,4
D10_traffic_pressure_minus_1sd,17031030604,2023,-0.06231986,0.67669433,4
D10_traffic_pressure_minus_1sd,17031030701,2023,-0.0622138,0.67543757,4
D10_traffic_pressure_minus_1sd,17031030702,2023,-0.060167804,0.67819065,4
D10_traffic_pressure_minus_1sd,17031030703,2023,-0.06003413,0.6771807,4
D10_traffic_pressure_minus_1sd,17031030706,2023,-0.06216205,0.67587984,4
D10_traffic_pressure_minus_1sd,17031030800,2023,-0.06264351,0.67371607,4
D10_traffic_pressure_minus_1sd,17031030900,2023,-0.062741995,0.6730536,4
D10_traffic_pressure_minus_1sd,17031031000,2023,-0.06247232,0.67401206,4
D10_traffic_pressure_minus_1sd,17031031100,2023,-0.06233459,0.6729693,4
D10_traffic_pressure_minus_1sd,17031031200,2023,-0.062198076,0.6745483,4
D10_traffic_pressure_minus_1sd,17031031300,2023,-0.0616036,0.6761132,4
D10_traffic_pressure_minus_1sd,17031031400,2023,-0.04858984,0.65996635,4
D10_traffic_pressure_minus_1sd,17031031501,2023,-0.061847173,0.6763332,4
D10_traffic_pressure_minus_1sd,17031031502,2023,-0.06007134,0.67811745,4
D10_traffic_pressure_minus_1sd,17031031700,2023,-0.062011387,0.67414004,4
D10_traffic_pressure_minus_1sd,17031031800,2023,-0.06223742,0.6729896,4
D10_traffic_pressure_minus_1sd,17031031900,2023,-0.062120274,0.6750576,4
D10_traffic_pressure_minus_1sd,17031032100,2023,-0.04946001,0.6581139,4
D10_traffic_pressure_minus_1sd,17031040100,2023,-0.059386577,0.73552185,4
D10_traffic_pressure_minus_1sd,17031040201,2023,-0.061777737,0.7318852,4
D10_traffic_pressure_minus_1sd,17031040202,2023,-0.058959007,0.73563266,4
D10_traffic_pressure_minus_1sd,17031040300,2023,-0.058864985,0.7358066,4
D10_traffic_pressure_minus_1sd,17031040401,2023,-0.0610279,0.73265713,4
D10_traffic_pressure_minus_1sd,17031040402,2023,-0.062320065,0.6732781,4
D10_traffic_pressure_minus_1sd,17031040600,2023,-0.061192468,0.73242086,4
D10_traffic_pressure_minus_1sd,17031040700,2023,-0.061155073,0.73256767,4
D10_traffic_pressure_minus_1sd,17031040800,2023,-0.059845153,0.7353983,4
D10_traffic_pressure_minus_1sd,17031040900,2023,-0.060981303,0.7329332,4
D10_traffic_pressure_minus_1sd,17031050100,2023,-0.062146008,0.67278594,4
D10_traffic_pressure_minus_1sd,17031050200,2023,-0.061062507,0.7322135,4
D10_traffic_pressure_minus_1sd,17031050300,2023,-0.058163293,0.73609006,4
D10_traffic_pressure_minus_1sd,17031050500,2023,-0.060493436,0.7329187,4
D10_traffic_pressure_minus_1sd,17031050600,2023,-0.062067524,0.67213553,4
D10_traffic_pressure_minus_1sd,17031050700,2023,-0.0593756,0.6773178,4
D10_traffic_pressure_minus_1sd,17031050800,2023,-0.06011121,0.7329266,4
D10_traffic_pressure_minus_1sd,17031050900,2023,-0.058468014,0.7343441,4
D10_traffic_pressure_minus_1sd,17031051000,2023,-0.059461944,0.733892,4
D10_traffic_pressure_minus_1sd,17031051100,2023,-0.060027882,0.7330964,4
D10_traffic_pressure_minus_1sd,17031051200,2023,-0.060660146,0.67619497,4
D10_traffic_pressure_minus_1sd,17031051300,2023,0.00505127,0.6543182,4
D10_traffic_pressure_minus_1sd,17031051400,2023,0.007302463,0.71348155,4
D10_traffic_pressure_minus_1sd,17031060100,2023,-0.05955455,0.67730516,4
D10_traffic_pressure_minus_1sd,17031060200,2023,-0.06108712,0.6752082,4
D10_traffic_pressure_minus_1sd,17031060300,2023,-0.061861984,0.6742642,4
D10_traffic_pressure_minus_1sd,17031060400,2023,-0.06192141,0.67361647,4
D10_traffic_pressure_minus_1sd,17031060500,2023,-0.048094865,0.661503,4
D10_traffic_pressure_minus_1sd,17031060800,2023,-0.046148486,0.66270894,4
D10_traffic_pressure_minus_1sd,17031060900,2023,-0.047396112,0.6616265,4
D10_traffic_pressure_minus_1sd,17031061000,2023,-0.047848817,0.66167736,4
D10_traffic_pressure_minus_1sd,17031061100,2023,-0.047862418,0.65895003,4
D10_traffic_pressure_minus_1sd,17031061200,2023,-0.04808119,0.6614709,4
D10_traffic_pressure_minus_1sd,17031061500,2023,-0.047620162,0.6608522,4
D10_traffic_pressure_minus_1sd,17031061800,2023,-0.04741253,0.66230214,4
D10_traffic_pressure_minus_1sd,17031061901,2023,-0.04664404,0.66224426,4
D10_traffic_pressure_minus_1sd,17031061902,2023,-0.04589248,0.66392756,4
D10_traffic_pressure_minus_1sd,17031062000,2023,-0.047575995,0.66196156,4
D10_traffic_pressure_minus_1sd,17031062100,2023,-0.048621662,0.65978813,4
D10_traffic_pressure_minus_1sd,17031062200,2023,-0.04735242,0.661791,4
D10_traffic_pressure_minus_1sd,17031062300,2023,-0.04729196,0.6622117,4
D10_traffic_pressure_minus_1sd,17031062400,2023,-0.0462912,0.662112,4
D10_traffic_pressure_minus_1sd,17031062500,2023,-0.047993354,0.65986,4
D10_traffic_pressure_minus_1sd,17031062600,2023,0.006223266,0.6539528,4
D10_traffic_pressure_minus_1sd,17031062700,2023,0.005950452,0.65411735,4
D10_traffic_pressure_minus_1sd,17031062800,2023,0.0060050134,0.65453655,4
D10_traffic_pressure_minus_1sd,17031062900,2023,-0.04812125,0.66051173,4
D10_traffic_pressure_minus_1sd,17031063000,2023,-0.04899268,0.6559295,4
D10_traffic_pressure_minus_1sd,17031063100,2023,-0.047421988,0.6606391,4
D10_traffic_pressure_minus_1sd,17031063200,2023,-0.047498517,0.6616335,4
D10_traffic_pressure_minus_1sd,17031063301,2023,0.005710724,0.6550854,4
D10_traffic_pressure_minus_1sd,17031063302,2023,0.0054222625,0.65482736,4
D10_traffic_pressure_minus_1sd,17031063303,2023,0.0059274603,0.6561159,4
D10_traffic_pressure_minus_1sd,17031063400,2023,0.006258182,0.6548468,4
D10_traffic_pressure_minus_1sd,17031070101,2023,0.0057355156,0.6566394,4
D10_traffic_pressure_minus_1sd,17031070102,2023,0.006136981,0.6547688,4
D10_traffic_pressure_minus_1sd,17031070103,2023,0.0060390355,0.6560799,4
D10_traffic_pressure_minus_1sd,17031070200,2023,0.0051942,0.6517538,4
D10_traffic_pressure_minus_1sd,17031070300,2023,0.0061139744,0.65436476,4
D10_traffic_pressure_minus_1sd,17031070400,2023,0.0061108675,0.6545825,4
D10_traffic_pressure_minus_1sd,17031070500,2023,0.0062655993,0.6519259,4
D10_traffic_pressure_minus_1sd,17031070600,2023,0.0054375604,0.6533601,4
D10_traffic_pressure_minus_1sd,17031070700,2023,0.0059736185,0.6525217,4
D10_traffic_pressure_minus_1sd,17031071000,2023,0.006022824,0.65400976,4
D10_traffic_pressure_minus_1sd,17031071100,2023,0.006059099,0.6538143,4
D10_traffic_pressure_minus_1sd,17031071200,2023,0.006031852,0.65498006,4
D10_traffic_pressure_minus_1sd,17031071300,2023,0.0058563445,0.6560404,4
D10_traffic_pressure_minus_1sd,17031071400,2023,0.0043406542,0.65523547,4
D10_traffic_pressure_minus_1sd,17031071500,2023,0.0045825113,0.6559298,4
D10_traffic_pressure_minus_1sd,17031071600,2023,0.005401997,0.6559489,4
D10_traffic_pressure_minus_1sd,17031071700,2023,0.0052266438,0.6563996,4
D10_traffic_pressure_minus_1sd,17031071800,2023,0.005036815,0.65508765,4
D10_traffic_pressure_minus_1sd,17031080100,2023,0.0046600746,0.65572965,4
D10_traffic_pressure_minus_1sd,17031080201,2023,0.0052377395,0.6557926,4
D10_traffic_pressure_minus_1sd,17031080202,2023,0.0057984227,0.65530473,4
D10_traffic_pressure_minus_1sd,17031080300,2023,0.0054153204,0.6530024,4
D10_traffic_pressure_minus_1sd,17031080400,2023,0.0057210177,0.65475595,4
D10_traffic_pressure_minus_1sd,17031081000,2023,0.004068898,0.6526233,4
D10_traffic_pressure_minus_1sd,17031081100,2023,0.004491085,0.6526716,4
D10_traffic_pressure_minus_1sd,17031081201,2023,0.0044455454,0.65212005,4
D10_traffic_pressure_minus_1sd,17031081202,2023,0.0057225935,0.65508235,4
D10_traffic_pressure_minus_1sd,17031081300,2023,0.0038135406,0.6525744,4
D10_traffic_pressure_minus_1sd,17031081401,2023,0.0046202727,0.6524601,4
D10_traffic_pressure_minus_1sd,17031081402,2023,0.0038582198,0.65394366,4
D10_traffic_pressure_minus_1sd,17031081403,2023,0.0036516786,0.6530008,4
D10_traffic_pressure_minus_1sd,17031081500,2023,0.00421793,0.65213567,4
D10_traffic_pressure_minus_1sd,17031081600,2023,0.004378643,0.652249,4
D10_traffic_pressure_minus_1sd,17031081700,2023,0.0043897517,0.6518597,4
D10_traffic_pressure_minus_1sd,17031081800,2023,0.0038859732,0.6517496,4
D10_traffic_pressure_minus_1sd,17031081900,2023,0.0053275004,0.6564747,4
D10_traffic_pressure_minus_1sd,17031090100,2023,-0.058671,0.733881,4
D10_traffic_pressure_minus_1sd,17031090200,2023,-0.059487723,0.7311809,4
D10_traffic_pressure_minus_1sd,17031090300,2023,-0.0583044,0.7340336,4
D10_traffic_pressure_minus_1sd,17031100100,2023,-0.06103314,0.73031783,4
D10_traffic_pressure_minus_1sd,17031100200,2023,-0.06121736,0.73086923,4
D10_traffic_pressure_minus_1sd,17031100300,2023,-0.057596304,0.73491764,4
D10_traffic_pressure_minus_1sd,17031100400,2023,-0.057797723,0.73373246,4
D10_traffic_pressure_minus_1sd,17031100500,2023,-0.057179354,0.7345941,4
D10_traffic_pressure_minus_1sd,17031100600,2023,-0.057736535,0.7343391,4
D10_traffic_pressure_minus_1sd,17031100700,2023,-0.056977123,0.73526907,4
D10_traffic_pressure_minus_1sd,17031110100,2023,-0.061007336,0.7306151,4
D10_traffic_pressure_minus_1sd,17031110200,2023,-0.06062992,0.7312608,4
D10_traffic_pressure_minus_1sd,17031110300,2023,-0.057546366,0.73537755,4
D10_traffic_pressure_minus_1sd,17031110400,2023,-0.060341414,0.7323405,4
D10_traffic_pressure_minus_1sd,17031110501,2023,-0.05764687,0.7347253,4
D10_traffic_pressure_minus_1sd,17031110502,2023,-0.060626924,0.7309125,4
D10_traffic_pressure_minus_1sd,17031120100,2023,-0.05880747,0.73466176,4
D10_traffic_pressure_minus_1sd,17031120200,2023,-0.06354785,0.7297498,4
D10_traffic_pressure_minus_1sd,17031120300,2023,-0.05886067,0.73489183,4
D10_traffic_pressure_minus_1sd,17031120400,2023,-0.062160097,0.7318703,4
D10_traffic_pressure_minus_1sd,17031130100,2023,-0.061648063,0.7310072,4
D10_traffic_pressure_minus_1sd,17031130200,2023,-0.06115339,0.7315797,4
D10_traffic_pressure_minus_1sd,17031130300,2023,-0.061558045,0.7320903,4
D10_traffic_pressure_minus_1sd,17031140100,2023,-0.06097255,0.73283094,4
D10_traffic_pressure_minus_1sd,17031140200,2023,-0.060894553,0.73165417,4
D10_traffic_pressure_minus_1sd,17031140301,2023,-0.060258534,0.73251784,4
D10_traffic_pressure_minus_1sd,17031140302,2023,-0.05815201,0.73597044,4
D10_traffic_pressure_minus_1sd,17031140400,2023,-0.060730785,0.7314898,4
D10_traffic_pressure_minus_1sd,17031140500,2023,-0.060306873,0.7324887,4
D10_traffic_pressure_minus_1sd,17031140601,2023,-0.05947519,0.7346534,4
D10_traffic_pressure_minus_1sd,17031140602,2023,-0.060215037,0.7326273,4
D10_traffic_pressure_minus_1sd,17031140701,2023,-0.0608238,0.7324958,4
D10_traffic_pressure_minus_1sd,17031140702,2023,-0.060664892,0.7323139,4
D10_traffic_pressure_minus_1sd,17031140800,2023,-0.06083932,0.7323944,4
D10_traffic_pressure_minus_1sd,17031150200,2023,-0.0600987,0.7314197,4
D10_traffic_pressure_minus_1sd,17031150300,2023,-0.060001686,0.73178923,4
D10_traffic_pressure_minus_1sd,17031150401,2023,-0.06017721,0.7318547,4
D10_traffic_pressure_minus_1sd,17031150402,2023,-0.058101848,0.73432314,4
D10_traffic_pressure_minus_1sd,17031150501,2023,-0.05622671,0.7375034,4
D10_traffic_pressure_minus_1sd,17031150502,2023,-0.05958213,0.7319647,4
D10_traffic_pressure_minus_1sd,17031150600,2023,-0.057854824,0.7343179,4
D10_traffic_pressure_minus_1sd,17031150700,2023,-0.056894142,0.736227,4
D10_traffic_pressure_minus_1sd,17031150800,2023,-0.058176253,0.7343072,4
D10_traffic_pressure_minus_1sd,17031151001,2023,-0.05808145,0.7340402,4
D10_traffic_pressure_minus_1sd,17031151002,2023,-0.056767594,0.7360561,4
D10_traffic_pressure_minus_1sd,17031151100,2023,-0.05939437,0.7341712,4
D10_traffic_pressure_minus_1sd,17031151200,2023,-0.056434177,0.7361892,4
D10_traffic_pressure_minus_1sd,17031160100,2023,-0.058958452,0.73436594,4
D10_traffic_pressure_minus_1sd,17031160200,2023,-0.05879602,0.7333272,4
D10_traffic_pressure_minus_1sd,17031160300,2023,-0.05863393,0.7346356,4
D10_traffic_pressure_minus_1sd,17031160400,2023,-0.059239168,0.7334279,4
D10_traffic_pressure_minus_1sd,17031160501,2023,-0.057866137,0.7362634,4
D10_traffic_pressure_minus_1sd,17031160502,2023,-0.0598851,0.7328812,4
D10_traffic_pressure_minus_1sd,17031160601,2023,-0.058013543,0.7361271,4
D10_traffic_pressure_minus_1sd,17031160602,2023,-0.06061717,0.7329396,4
D10_traffic_pressure_minus_1sd,17031160700,2023,-0.060484346,0.7315399,4
D10_traffic_pressure_minus_1sd,17031160800,2023,-0.060060363,0.73227686,4
D10_traffic_pressure_minus_1sd,17031160900,2023,-0.060128562,0.7330266,4
D10_traffic_pressure_minus_1sd,17031161000,2023,-0.059550237,0.73350817,4
D10_traffic_pressure_minus_1sd,17031161100,2023,-0.059362143,0.7325153,4
D10_traffic_pressure_minus_1sd,17031161200,2023,-0.056598797,0.73629117,4
D10_traffic_pressure_minus_1sd,17031161300,2023,-0.05955686,0.7326475,4
D10_traffic_pressure_minus_1sd,17031170100,2023,-0.057117824,0.7337074,4
D10_traffic_pressure_minus_1sd,17031170200,2023,-0.059103303,0.73261535,4
D10_traffic_pressure_minus_1sd,17031170300,2023,-0.056435794,0.73570883,4
D10_traffic_pressure_minus_1sd,17031170400,2023,-0.06444065,0.7009733,4
D10_traffic_pressure_minus_1sd,17031170500,2023,-0.060987867,0.7046093,4
D10_traffic_pressure_minus_1sd,17031170600,2023,-0.07234207,0.74711686,4
D10_traffic_pressure_minus_1sd,17031170700,2023,-0.07378507,0.74646074,4
D10_traffic_pressure_minus_1sd,17031170800,2023,-0.061029583,0.70466125,4
D10_traffic_pressure_minus_1sd,17031170900,2023,-0.07317476,0.7473473,4
D10_traffic_pressure_minus_1sd,17031171000,2023,-0.061183974,0.7045697,4
D10_traffic_pressure_minus_1sd,17031171100,2023,-0.058886006,0.73315614,4
D10_traffic_pressure_minus_1sd,17031180100,2023,-0.0087783225,0.6957431,4
D10_traffic_pressure_minus_1sd,17031190100,2023,-0.004726559,0.7272067,4
D10_traffic_pressure_minus_1sd,17031190200,2023,-0.0046236757,0.7261952,4
D10_traffic_pressure_minus_1sd,17031190300,2023,-0.0044187587,0.72627646,4
D10_traffic_pressure_minus_1sd,17031190401,2023,-0.00402043,0.72588605,4
D10_traffic_pressure_minus_1sd,17031190402,2023,-0.004926076,0.7278924,4
D10_traffic_pressure_minus_1sd,17031190601,2023,-0.008734873,0.69605964,4
D10_traffic_pressure_minus_1sd,17031190602,2023,-0.004194077,0.72725636,4
D10_traffic_pressure_minus_1sd,17031190701,2023,-0.004340695,0.7276259,4
D10_traffic_pressure_minus_1sd,17031190702,2023,-0.004183026,0.72741663,4
D10_traffic_pressure_minus_1sd,17031190800,2023,-0.005042959,0.7257896,4
D10_traffic_pressure_minus_1sd,17031190900,2023,-0.0043970216,0.72758645,4
D10_traffic_pressure_minus_1sd,17031191000,2023,-0.0044805333,0.7276007,4
D10_traffic_pressure_minus_1sd,17031191100,2023,-0.004592078,0.7260224,4
D10_traffic_pressure_minus_1sd,17031191200,2023,-0.004079327,0.7276309,4
D10_traffic_pressure_minus_1sd,17031191301,2023,-0.022920711,0.73982143,4
D10_traffic_pressure_minus_1sd,17031191302,2023,-0.021972075,0.73968804,4
D10_traffic_pressure_minus_1sd,17031200100,2023,-0.004660651,0.72758317,4
D10_traffic_pressure_minus_1sd,17031200200,2023,-0.004682295,0.72749954,4
D10_traffic_pressure_minus_1sd,17031200300,2023,-0.0045866743,0.72782564,4
D10_traffic_pressure_minus_1sd,17031200401,2023,-0.0048889574,0.726141,4
D10_traffic_pressure_minus_1sd,17031200402,2023,-0.004634248,0.7267083,4
D10_traffic_pressure_minus_1sd,17031210100,2023,-0.060338687,0.7316585,4
D10_traffic_pressure_minus_1sd,17031210400,2023,-0.004895853,0.727618,4
D10_traffic_pressure_minus_1sd,17031210501,2023,-0.058126405,0.73435414,4
D10_traffic_pressure_minus_1sd,17031210502,2023,-0.005129706,0.72665596,4
D10_traffic_pressure_minus_1sd,17031210601,2023,-0.05790733,0.7351799,4
D10_traffic_pressure_minus_1sd,17031210602,2023,-0.005707385,0.7259471,4
D10_traffic_pressure_minus_1sd,17031210700,2023,-0.0052792765,0.726656,4
D10_traffic_pressure_minus_1sd,17031210800,2023,-0.005149618,0.72664773,4
D10_traffic_pressure_minus_1sd,17031210900,2023,-0.0058353897,0.7260213,4
D10_traffic_pressure_minus_1sd,17031220300,2023,-0.0051663443,0.7268551,4
D10_traffic_pressure_minus_1sd,17031220400,2023,-0.0052765235,0.72670364,4
D10_traffic_pressure_minus_1sd,17031220500,2023,-0.005285971,0.72607595,4
D10_traffic_pressure_minus_1sd,17031220601,2023,-0.0051213056,0.7275788,4
D10_traffic_pressure_minus_1sd,17031220602,2023,-0.005236093,0.7258581,4
D10_traffic_pressure_minus_1sd,17031220701,2023,-0.0047703087,0.7279339,4
D10_traffic_pressure_minus_1sd,17031220702,2023,-0.0042570382,0.72688943,4
D10_traffic_pressure_minus_1sd,17031220901,2023,-0.004456343,0.72783244,4
D10_traffic_pressure_minus_1sd,17031220902,2023,-0.0046702996,0.7279575,4
D10_traffic_pressure_minus_1sd,17031221000,2023,-0.0046597365,0.72787946,4
D10_traffic_pressure_minus_1sd,17031221100,2023,-0.0042612776,0.72795653,4
D10_traffic_pressure_minus_1sd,17031221200,2023,-0.00502621,0.7267319,4
D10_traffic_pressure_minus_1sd,17031221300,2023,0.008163655,0.7133677,4
D10_traffic_pressure_minus_1sd,17031221400,2023,0.007997326,0.7129415,4
D10_traffic_pressure_minus_1sd,17031221500,2023,0.0072610704,0.7132919,4
D10_traffic_pressure_minus_1sd,17031221600,2023,0.007334223,0.7129282,4
D10_traffic_pressure_minus_1sd,17031222200,2023,0.008128866,0.713858,4
D10_traffic_pressure_minus_1sd,17031222500,2023,0.007922027,0.71449566,4
D10_traffic_pressure_minus_1sd,17031222600,2023,0.008814143,0.7149403,4
D10_traffic_pressure_minus_1sd,17031222700,2023,-0.004689865,0.72804904,4
D10_traffic_pressure_minus_1sd,17031222800,2023,-0.0042206906,0.72831196,4
D10_traffic_pressure_minus_1sd,17031222900,2023,-0.004664991,0.7283648,4
D10_traffic_pressure_minus_1sd,17031230100,2023,0.007887656,0.7144725,4
D10_traffic_pressure_minus_1sd,17031230200,2023,0.00795949,0.7139362,4
D10_traffic_pressure_minus_1sd,17031230300,2023,0.008260632,0.71404195,4
D10_traffic_pressure_minus_1sd,17031230400,2023,-0.003882438,0.728248,4
D10_traffic_pressure_minus_1sd,17031230500,2023,-0.004389735,0.727787,4
D10_traffic_pressure_minus_1sd,17031230600,2023,-0.006630685,0.7719001,4
D10_traffic_pressure_minus_1sd,17031230700,2023,0.0072472245,0.7594428,4
D10_traffic_pressure_minus_1sd,17031230800,2023,0.008442199,0.7585021,4
D10_traffic_pressure_minus_1sd,17031230900,2023,0.008538693,0.758505,4
D10_traffic_pressure_minus_1sd,17031231100,2023,0.008279023,0.758576,4
D10_traffic_pressure_minus_1sd,17031231200,2023,0.00835466,0.75882936,4
D10_traffic_pressure_minus_1sd,17031231500,2023,-0.006489482,0.805568,4
D10_traffic_pressure_minus_1sd,17031240200,2023,0.0061288513,0.6548254,4
D10_traffic_pressure_minus_1sd,17031240300,2023,0.005766996,0.65430367,4
D10_traffic_pressure_minus_1sd,17031240500,2023,0.008024365,0.71319026,4
D10_traffic_pressure_minus_1sd,17031240600,2023,0.007808462,0.714535,4
D10_traffic_pressure_minus_1sd,17031240700,2023,0.008647129,0.7150943,4
D10_traffic_pressure_minus_1sd,17031240800,2023,0.007954499,0.7144767,4
D10_traffic_pressure_minus_1sd,17031240900,2023,0.00819218,0.75752103,4
D10_traffic_pressure_minus_1sd,17031241000,2023,0.008927045,0.7574765,4
D10_traffic_pressure_minus_1sd,17031241100,2023,0.009139414,0.7577969,4
D10_traffic_pressure_minus_1sd,17031241200,2023,0.0091896085,0.75753534,4
D10_traffic_pressure_minus_1sd,17031241300,2023,0.008828202,0.7574244,4
D10_traffic_pressure_minus_1sd,17031241400,2023,0.005129777,0.65143514,4
D10_traffic_pressure_minus_1sd,17031241500,2023,0.005752554,0.6518899,4
D10_traffic_pressure_minus_1sd,17031241600,2023,0.005435683,0.65012217,4
D10_traffic_pressure_minus_1sd,17031242000,2023,0.0056119915,0.6543598,4
D10_traffic_pressure_minus_1sd,17031242100,2023,0.0057159755,0.6539339,4
D10_traffic_pressure_minus_1sd,17031242200,2023,0.0058602067,0.65313077,4
D10_traffic_pressure_minus_1sd,17031242300,2023,0.0024356693,0.7306611,4
D10_traffic_pressure_minus_1sd,17031242400,2023,0.008771797,0.75663006,4
D10_traffic_pressure_minus_1sd,17031242500,2023,0.009020873,0.7576266,4
D10_traffic_pressure_minus_1sd,17031242600,2023,0.008720864,0.7573281,4
D10_traffic_pressure_minus_1sd,17031242700,2023,0.008694317,0.7585961,4
D10_traffic_pressure_minus_1sd,17031242800,2023,0.009141724,0.7578525,4
D10_traffic_pressure_minus_1sd,17031242900,2023,0.008979671,0.75716645,4
D10_traffic_pressure_minus_1sd,17031243000,2023,0.0054592974,0.6518403,4
D10_traffic_pressure_minus_1sd,17031243100,2023,0.0052191615,0.6515323,4
D10_traffic_pressure_minus_1sd,17031243200,2023,0.005234588,0.6519268,4
D10_traffic_pressure_minus_1sd,17031243300,2023,0.0052571893,0.6514893,4
D10_traffic_pressure_minus_1sd,17031243400,2023,0.0049892925,0.65410596,4
D10_traffic_pressure_minus_1sd,17031243500,2023,0.004532246,0.65065753,4
D10_traffic_pressure_minus_1sd,17031250200,2023,-0.0040620826,0.7278883,4
D10_traffic_pressure_minus_1sd,17031250300,2023,-0.022289302,0.7401858,4
D10_traffic_pressure_minus_1sd,17031250400,2023,-0.022880066,0.7398819,4
D10_traffic_pressure_minus_1sd,17031250500,2023,-0.022508662,0.73831606,4
D10_traffic_pressure_minus_1sd,17031250600,2023,-0.02289145,0.78624916,4
D10_traffic_pressure_minus_1sd,17031250700,2023,-0.023170196,0.7863674,4
D10_traffic_pressure_minus_1sd,17031250800,2023,-0.022955716,0.78589356,4
D10_traffic_pressure_minus_1sd,17031251000,2023,-0.024528105,0.7869247,4
D10_traffic_pressure_minus_1sd,17031251100,2023,-0.023576686,0.78634375,4
D10_traffic_pressure_minus_1sd,17031251200,2023,-0.021915242,0.7862188,4
D10_traffic_pressure_minus_1sd,17031251300,2023,-0.022621034,0.7875707,4
D10_traffic_pressure_minus_1sd,17031251400,2023,-0.023054324,0.7874035,4
D10_traffic_pressure_minus_1sd,17031251500,2023,-0.022866827,0.7864461,4
D10_traffic_pressure_minus_1sd,17031251600,2023,-0.023034338,0.78662336,4
D10_traffic_pressure_minus_1sd,17031251700,2023,-0.024502883,0.78769994,4
D10_traffic_pressure_minus_1sd,17031251800,2023,-0.0227603,0.78633344,4
D10_traffic_pressure_minus_1sd,17031251900,2023,-0.023623124,0.7870865,4
D10_traffic_pressure_minus_1sd,17031252000,2023,-0.021195952,0.78647184,4
D10_traffic_pressure_minus_1sd,17031252101,2023,-0.06361718,0.7501757,4
D10_traffic_pressure_minus_1sd,17031252102,2023,-0.024380099,0.78777254,4
D10_traffic_pressure_minus_1sd,17031252201,2023,-0.022673655,0.7867207,4
D10_traffic_pressure_minus_1sd,17031252202,2023,-0.022434473,0.78640676,4
D10_traffic_pressure_minus_1sd,17031260100,2023,-0.023398807,0.7875961,4
D10_traffic_pressure_minus_1sd,17031260200,2023,-0.02375367,0.7865428,4
D10_traffic_pressure_minus_1sd,17031260300,2023,-0.024160251,0.78678954,4
D10_traffic_pressure_minus_1sd,17031260400,2023,-0.023111487,0.786834,4
D10_traffic_pressure_minus_1sd,17031260500,2023,-0.024102274,0.78811085,4
D10_traffic_pressure_minus_1sd,17031260600,2023,-0.023203634,0.7852347,4
D10_traffic_pressure_minus_1sd,17031260700,2023,-0.023330892,0.7870685,4
D10_traffic_pressure_minus_1sd,17031260800,2023,-0.02320429,0.7872075,4
D10_traffic_pressure_minus_1sd,17031260900,2023,-0.06050843,0.751361,4
D10_traffic_pressure_minus_1sd,17031261000,2023,-0.0622463,0.75143194,4
D10_traffic_pressure_minus_1sd,17031270500,2023,-0.02352371,0.78693235,4
D10_traffic_pressure_minus_1sd,17031271200,2023,-0.0062044375,0.8051292,4
D10_traffic_pressure_minus_1sd,17031271300,2023,-0.023501696,0.78693587,4
D10_traffic_pressure_minus_1sd,17031271400,2023,-0.023128517,0.78730613,4
D10_traffic_pressure_minus_1sd,17031271500,2023,-0.059581216,0.7500217,4
D10_traffic_pressure_minus_1sd,17031271800,2023,-0.05810651,0.74988973,4
D10_traffic_pressure_minus_1sd,17031280100,2023,0.0037637409,0.6517951,4
D10_traffic_pressure_minus_1sd,17031280400,2023,0.0045937262,0.65058583,4
D10_traffic_pressure_minus_1sd,17031280800,2023,-0.005917104,0.80481684,4
D10_traffic_pressure_minus_1sd,17031280900,2023,-0.0058663916,0.8046513,4
D10_traffic_pressure_minus_1sd,17031281900,2023,0.004458947,0.65146226,4
D10_traffic_pressure_minus_1sd,17031282700,2023,-0.043945115,0.76915854,4
D10_traffic_pressure_minus_1sd,17031282800,2023,-0.044604033,0.769725,4
D10_traffic_pressure_minus_1sd,17031283100,2023,-0.033741277,0.6191943,4
D10_traffic_pressure_minus_1sd,17031283200,2023,-0.033143967,0.6202181,4
D10_traffic_pressure_minus_1sd,17031283800,2023,-0.03274583,0.61982054,4
D10_traffic_pressure_minus_1sd,17031290900,2023,-0.062395494,0.7518223,4
D10_traffic_pressure_minus_1sd,17031291200,2023,-0.06203895,0.75230384,4
D10_traffic_pressure_minus_1sd,17031291600,2023,-0.057034995,0.7501817,4
D10_traffic_pressure_minus_1sd,17031292200,2023,-0.060498185,0.7511311,4
D10_traffic_pressure_minus_1sd,17031292400,2023,-0.060920622,0.7518013,4
D10_traffic_pressure_minus_1sd,17031292500,2023,-0.060762774,0.7514432,4
D10_traffic_pressure_minus_1sd,17031300500,2023,-0.0626584,0.7525327,4
D10_traffic_pressure_minus_1sd,17031300600,2023,-0.060736347,0.7521042,4
D10_traffic_pressure_minus_1sd,17031300700,2023,-0.06072701,0.75226545,4
D10_traffic_pressure_minus_1sd,17031300800,2023,-0.06190261,0.7521908,4
D10_traffic_pressure_minus_1sd,17031300900,2023,-0.06151557,0.75231767,4
D10_traffic_pressure_minus_1sd,17031301100,2023,-0.060883243,0.75229037,4
D10_traffic_pressure_minus_1sd,17031301200,2023,-0.061782192,0.7524768,4
D10_traffic_pressure_minus_1sd,17031301600,2023,-0.0603186,0.7522495,4
D10_traffic_pressure_minus_1sd,17031301701,2023,-0.06128636,0.75216305,4
D10_traffic_pressure_minus_1sd,17031301702,2023,-0.060287323,0.7522059,4
D10_traffic_pressure_minus_1sd,17031301801,2023,-0.06252975,0.751938,4
D10_traffic_pressure_minus_1sd,17031301802,2023,-0.06243974,0.75245404,4
D10_traffic_pressure_minus_1sd,17031301803,2023,-0.060556836,0.7521995,4
D10_traffic_pressure_minus_1sd,17031310200,2023,-0.03745818,0.6178019,4
D10_traffic_pressure_minus_1sd,17031310300,2023,-0.034041688,0.6193391,4
D10_traffic_pressure_minus_1sd,17031310400,2023,-0.032872967,0.61991274,4
D10_traffic_pressure_minus_1sd,17031310500,2023,-0.034353197,0.618805,4
D10_traffic_pressure_minus_1sd,17031310600,2023,-0.03484867,0.61804986,4
D10_traffic_pressure_minus_1sd,17031310700,2023,-0.02013564,0.6278969,4
D10_traffic_pressure_minus_1sd,17031310800,2023,-0.02099621,0.6274559,4
D10_traffic_pressure_minus_1sd,17031310900,2023,-0.021772448,0.6273477,4
D10_traffic_pressure_minus_1sd,17031320101,2023,0.0035859235,0.65313435,4
D10_traffic_pressure_minus_1sd,17031320102,2023,0.0037828386,0.65258366,4
D10_traffic_pressure_minus_1sd,17031320400,2023,0.0033478402,0.65311885,4
D10_traffic_pressure_minus_1sd,17031320600,2023,-0.03749522,0.6179747,4
D10_traffic_pressure_minus_1sd,17031330101,2023,-0.038014255,0.61837524,4
D10_traffic_pressure_minus_1sd,17031330102,2023,-0.037840202,0.6174436,4
D10_traffic_pressure_minus_1sd,17031330103,2023,-0.035853177,0.6193136,4
D10_traffic_pressure_minus_1sd,17031330200,2023,-0.033579588,0.6205639,4
D10_traffic_pressure_minus_1sd,17031340300,2023,-0.032602295,0.6208979,4
D10_traffic_pressure_minus_1sd,17031340400,2023,-0.033128247,0.6211759,4
D10_traffic_pressure_minus_1sd,17031340500,2023,-0.03327822,0.62104493,4
D10_traffic_pressure_minus_1sd,17031340600,2023,-0.023752183,0.62636906,4
D10_traffic_pressure_minus_1sd,17031350100,2023,-0.033168018,0.6213707,4
D10_traffic_pressure_minus_1sd,17031350400,2023,-0.031759202,0.62167436,4
D10_traffic_pressure_minus_1sd,17031351000,2023,-0.034622382,0.62089485,4
D10_traffic_pressure_minus_1sd,17031351100,2023,-0.033306777,0.6215993,4
D10_traffic_pressure_minus_1sd,17031351400,2023,-0.034884788,0.6208739,4
D10_traffic_pressure_minus_1sd,17031351500,2023,-0.032994855,0.6220056,4
D10_traffic_pressure_minus_1sd,17031360200,2023,-0.031821653,0.6223295,4
D10_traffic_pressure_minus_1sd,17031380100,2023,-0.032910235,0.62198734,4
D10_traffic_pressure_minus_1sd,17031380200,2023,-0.033121206,0.62145627,4
D10_traffic_pressure_minus_1sd,17031380600,2023,-0.034605738,0.6211002,4
D10_traffic_pressure_minus_1sd,17031381200,2023,-0.034955755,0.57056105,4
D10_traffic_pressure_minus_1sd,17031381400,2023,-0.034129187,0.57044923,4
D10_traffic_pressure_minus_1sd,17031381500,2023,-0.034271646,0.5705346,4
D10_traffic_pressure_minus_1sd,17031381800,2023,-0.035090618,0.57012427,4
D10_traffic_pressure_minus_1sd,17031381900,2023,-0.036948808,0.5700556,4
D10_traffic_pressure_minus_1sd,17031390100,2023,-0.033277206,0.62313175,4
D10_traffic_pressure_minus_1sd,17031390200,2023,-0.025373869,0.5820502,4
D10_traffic_pressure_minus_1sd,17031390300,2023,-0.03359236,0.62227035,4
D10_traffic_pressure_minus_1sd,17031390400,2023,-0.025593258,0.5815562,4
D10_traffic_pressure_minus_1sd,17031390500,2023,-0.024154464,0.5817667,4
D10_traffic_pressure_minus_1sd,17031390600,2023,-0.025098827,0.5826222,4
D10_traffic_pressure_minus_1sd,17031390700,2023,-0.025550006,0.58237135,4
D10_traffic_pressure_minus_1sd,17031400300,2023,-0.03511297,0.57047635,4
D10_traffic_pressure_minus_1sd,17031400400,2023,-0.034544982,0.5706024,4
D10_traffic_pressure_minus_1sd,17031400500,2023,-0.03473859,0.5700487,4
D10_traffic_pressure_minus_1sd,17031400800,2023,-0.013180469,0.5451237,4
D10_traffic_pressure_minus_1sd,17031410100,2023,-0.026712798,0.58220685,4
D10_traffic_pressure_minus_1sd,17031410200,2023,-0.02514881,0.5827321,4
D10_traffic_pressure_minus_1sd,17031410500,2023,-0.03549522,0.5704669,4
D10_traffic_pressure_minus_1sd,17031410600,2023,-0.049637392,0.5637625,4
D10_traffic_pressure_minus_1sd,17031410700,2023,-0.025537781,0.58171034,4
D10_traffic_pressure_minus_1sd,17031410800,2023,-0.027829219,0.5817006,4
D10_traffic_pressure_minus_1sd,17031410900,2023,-0.02657912,0.5822756,4
D10_traffic_pressure_minus_1sd,17031411000,2023,-0.026900135,0.58200186,4
D10_traffic_pressure_minus_1sd,17031411100,2023,-0.048872508,0.5639566,4
D10_traffic_pressure_minus_1sd,17031411200,2023,-0.04934293,0.563722,4
D10_traffic_pressure_minus_1sd,17031420100,2023,-0.028267995,0.53924257,4
D10_traffic_pressure_minus_1sd,17031420200,2023,-0.037351973,0.5702645,4
D10_traffic_pressure_minus_1sd,17031420300,2023,-0.0139869,0.5446319,4
D10_traffic_pressure_minus_1sd,17031420400,2023,-0.01358421,0.5456366,4
D10_traffic_pressure_minus_1sd,17031420500,2023,-0.013270311,0.54570377,4
D10_traffic_pressure_minus_1sd,17031420600,2023,-0.013294341,0.5447849,4
D10_traffic_pressure_minus_1sd,17031420700,2023,-0.013659139,0.545462,4
D10_traffic_pressure_minus_1sd,17031420800,2023,-0.014079599,0.5449158,4
D10_traffic_pressure_minus_1sd,17031421200,2023,-0.01374935,0.54439443,4
D10_traffic_pressure_minus_1sd,17031430101,2023,-0.028882198,0.53950894,4
D10_traffic_pressure_minus_1sd,17031430102,2023,-0.029347548,0.5393688,4
D10_traffic_pressure_minus_1sd,17031430200,2023,-0.014814567,0.54445493,4
D10_traffic_pressure_minus_1sd,17031430300,2023,-0.014570832,0.54413676,4
D10_traffic_pressure_minus_1sd,17031430400,2023,-0.014597442,0.54409254,4
D10_traffic_pressure_minus_1sd,17031430500,2023,-0.0149216615,0.5444313,4
D10_traffic_pressure_minus_1sd,17031430600,2023,-0.015428336,0.5446478,4
D10_traffic_pressure_minus_1sd,17031430700,2023,-0.029470012,0.53943855,4
D10_traffic_pressure_minus_1sd,17031430800,2023,-0.01553507,0.5433151,4
D10_traffic_pressure_minus_1sd,17031430900,2023,-0.015194268,0.5447931,4
D10_traffic_pressure_minus_1sd,17031431200,2023,-0.01564128,0.54413575,4
D10_traffic_pressure_minus_1sd,17031431301,2023,-0.016019138,0.54453814,4
D10_traffic_pressure_minus_1sd,17031431302,2023,-0.015782313,0.5448762,4
D10_traffic_pressure_minus_1sd,17031431400,2023,-0.02995138,0.54028857,4
D10_traffic_pressure_minus_1sd,17031440101,2023,-0.014691258,0.5450747,4
D10_traffic_pressure_minus_1sd,17031440102,2023,-0.014833099,0.5449342,4
D10_traffic_pressure_minus_1sd,17031440201,2023,-0.014249512,0.54472345,4
D10_traffic_pressure_minus_1sd,17031440202,2023,-0.01425872,0.5451305,4
D10_traffic_pressure_minus_1sd,17031440300,2023,-0.013757845,0.5443177,4
D10_traffic_pressure_minus_1sd,17031440600,2023,-0.014057094,0.54450136,4
D10_traffic_pressure_minus_1sd,17031440700,2023,-0.014220103,0.54428494,4
D10_traffic_pressure_minus_1sd,17031440800,2023,-0.014717167,0.54343104,4
D10_traffic_pressure_minus_1sd,17031440900,2023,-0.014514559,0.54529333,4
D10_traffic_pressure_minus_1sd,17031450300,2023,-0.015489572,0.54482573,4
D10_traffic_pressure_minus_1sd,17031460100,2023,-0.031139536,0.5402298,4
D10_traffic_pressure_minus_1sd,17031460200,2023,-0.016557688,0.5436058,4
D10_traffic_pressure_minus_1sd,17031460301,2023,-0.016331008,0.5444024,4
D10_traffic_pressure_minus_1sd,17031460302,2023,-0.015981156,0.54397684,4
D10_traffic_pressure_minus_1sd,17031460400,2023,-0.015897552,0.54437906,4
D10_traffic_pressure_minus_1sd,17031460500,2023,-0.015672633,0.5449389,4
D10_traffic_pressure_minus_1sd,17031460800,2023,-0.016324759,0.5435703,4
D10_traffic_pressure_minus_1sd,17031461000,2023,-0.016885944,0.5443435,4
D10_traffic_pressure_minus_1sd,17031470100,2023,-0.015240144,0.5450401,4
D10_traffic_pressure_minus_1sd,17031480100,2023,-0.015519889,0.54473567,4
D10_traffic_pressure_minus_1sd,17031480200,2023,-0.01528969,0.54466575,4
D10_traffic_pressure_minus_1sd,17031480300,2023,-0.015184641,0.5448164,4
D10_traffic_pressure_minus_1sd,17031480400,2023,-0.015714047,0.54419804,4
D10_traffic_pressure_minus_1sd,17031480500,2023,-0.01632944,0.5436978,4
D10_traffic_pressure_minus_1sd,17031490200,2023,-0.014172127,0.544198,4
D10_traffic_pressure_minus_1sd,17031490500,2023,-0.014629563,0.54498214,4
D10_traffic_pressure_minus_1sd,17031490600,2023,-0.013800103,0.5443512,4
D10_traffic_pressure_minus_1sd,17031490700,2023,-0.014529819,0.5435464,4
D10_traffic_pressure_minus_1sd,17031490800,2023,-0.014542752,0.54396576,4
D10_traffic_pressure_minus_1sd,17031490901,2023,-0.014727186,0.54519653,4
D10_traffic_pressure_minus_1sd,17031490902,2023,-0.014964737,0.5447879,4
D10_traffic_pressure_minus_1sd,17031491000,2023,-0.0141682755,0.5440507,4
D10_traffic_pressure_minus_1sd,17031491100,2023,-0.013856683,0.5442065,4
D10_traffic_pressure_minus_1sd,17031491200,2023,-0.014077467,0.54451615,4
D10_traffic_pressure_minus_1sd,17031491300,2023,-0.014720613,0.54337037,4
D10_traffic_pressure_minus_1sd,17031491400,2023,-0.015095957,0.54479206,4
D10_traffic_pressure_minus_1sd,17031500100,2023,-0.015480753,0.5449053,4
D10_traffic_pressure_minus_1sd,17031500200,2023,-0.0154262725,0.5445399,4
D10_traffic_pressure_minus_1sd,17031500300,2023,-0.015498232,0.5441596,4
D10_traffic_pressure_minus_1sd,17031510100,2023,-0.01686493,0.543514,4
D10_traffic_pressure_minus_1sd,17031510200,2023,-0.016442595,0.5434824,4
D10_traffic_pressure_minus_1sd,17031510300,2023,-0.01597222,0.54373014,4
D10_traffic_pressure_minus_1sd,17031520100,2023,-0.017640576,0.54392457,4
D10_traffic_pressure_minus_1sd,17031520200,2023,-0.016938504,0.5441119,4
D10_traffic_pressure_minus_1sd,17031520300,2023,-0.017492134,0.54317623,4
D10_traffic_pressure_minus_1sd,17031520400,2023,-0.017604118,0.5439659,4
D10_traffic_pressure_minus_1sd,17031520500,2023,-0.018125651,0.54254156,4
D10_traffic_pressure_minus_1sd,17031520600,2023,-0.017701041,0.54281795,4
D10_traffic_pressure_minus_1sd,17031530100,2023,-0.014985854,0.5439325,4
D10_traffic_pressure_minus_1sd,17031530200,2023,-0.014425678,0.54433084,4
D10_traffic_pressure_minus_1sd,17031530300,2023,-0.013674659,0.544219,4
D10_traffic_pressure_minus_1sd,17031530400,2023,-0.013936337,0.5442622,4
D10_traffic_pressure_minus_1sd,17031530501,2023,-0.014453046,0.5441945,4
D10_traffic_pressure_minus_1sd,17031530502,2023,-0.014832947,0.544021,4
D10_traffic_pressure_minus_1sd,17031530503,2023,-0.014620389,0.54399,4
D10_traffic_pressure_minus_1sd,17031530600,2023,-0.015266726,0.54497194,4
D10_traffic_pressure_minus_1sd,17031540101,2023,-0.016409073,0.5443124,4
D10_traffic_pressure_minus_1sd,17031540102,2023,-0.015581008,0.5439018,4
D10_traffic_pressure_minus_1sd,17031550100,2023,-0.017939769,0.54359597,4
D10_traffic_pressure_minus_1sd,17031550200,2023,-0.017476838,0.54400384,4
D10_traffic_pressure_minus_1sd,17031560100,2023,-0.060114138,0.7522447,4
D10_traffic_pressure_minus_1sd,17031560200,2023,-0.059837654,0.7523945,4
D10_traffic_pressure_minus_1sd,17031560300,2023,-0.059809655,0.7526423,4
D10_traffic_pressure_minus_1sd,17031560400,2023,-0.059898436,0.7525079,4
D10_traffic_pressure_minus_1sd,17031560700,2023,-0.06289373,0.752991,4
D10_traffic_pressure_minus_1sd,17031560800,2023,-0.06199968,0.7527579,4
D10_traffic_pressure_minus_1sd,17031560900,2023,-0.06034507,0.7523025,4
D10_traffic_pressure_minus_1sd,17031561000,2023,-0.06090401,0.75253546,4
D10_traffic_pressure_minus_1sd,17031561100,2023,-0.060398284,0.752521,4
D10_traffic_pressure_minus_1sd,17031570100,2023,-0.062601715,0.7523424,4
D10_traffic_pressure_minus_1sd,17031570200,2023,-0.0625284,0.7524001,4
D10_traffic_pressure_minus_1sd,17031570300,2023,-0.062099595,0.75271785,4
D10_traffic_pressure_minus_1sd,17031570400,2023,-0.060127597,0.7529624,4
D10_traffic_pressure_minus_1sd,17031570500,2023,-0.06214974,0.75286436,4
D10_traffic_pressure_minus_1sd,17031580100,2023,-0.06045726,0.75295633,4
D10_traffic_pressure_minus_1sd,17031580200,2023,-0.0620299,0.7528783,4
D10_traffic_pressure_minus_1sd,17031580300,2023,-0.060293756,0.7526616,4
D10_traffic_pressure_minus_1sd,17031580400,2023,-0.061930843,0.7530254,4
D10_traffic_pressure_minus_1sd,17031580501,2023,-0.0613318,0.75290465,4
D10_traffic_pressure_minus_1sd,17031580502,2023,-0.06265616,0.7532513,4
D10_traffic_pressure_minus_1sd,17031580600,2023,-0.06187758,0.75339234,4
D10_traffic_pressure_minus_1sd,17031580700,2023,-0.059723184,0.7531421,4
D10_traffic_pressure_minus_1sd,17031580800,2023,-0.059751287,0.7532901,4
D10_traffic_pressure_minus_1sd,17031590500,2023,-0.06009595,0.7529784,4
D10_traffic_pressure_minus_1sd,17031590600,2023,-0.037135117,0.6088018,4
D10_traffic_pressure_minus_1sd,17031590700,2023,-0.03728586,0.6082255,4
D10_traffic_pressure_minus_1sd,17031600400,2023,-0.03408859,0.6203391,4
D10_traffic_pressure_minus_1sd,17031600600,2023,-0.02071149,0.62821275,4
D10_traffic_pressure_minus_1sd,17031600700,2023,-0.035876773,0.61004454,4
D10_traffic_pressure_minus_1sd,17031600900,2023,-0.037154917,0.6091585,4
D10_traffic_pressure_minus_1sd,17031610300,2023,-0.03776224,0.6073111,4
D10_traffic_pressure_minus_1sd,17031610400,2023,-0.028627302,0.5691918,4
D10_traffic_pressure_minus_1sd,17031610800,2023,-0.028540675,0.5695103,4
D10_traffic_pressure_minus_1sd,17031611200,2023,-0.028770564,0.5692163,4
D10_traffic_pressure_minus_1sd,17031611300,2023,-0.029065926,0.5692345,4
D10_traffic_pressure_minus_1sd,17031611400,2023,-0.028864268,0.56930566,4
D10_traffic_pressure_minus_1sd,17031611500,2023,-0.059746493,0.75333834,4
D10_traffic_pressure_minus_1sd,17031611600,2023,-0.027875787,0.5696551,4
D10_traffic_pressure_minus_1sd,17031611700,2023,-0.028167773,0.5696416,4
D10_traffic_pressure_minus_1sd,17031611800,2023,-0.028066117,0.56961554,4
D10_traffic_pressure_minus_1sd,17031611900,2023,-0.028193953,0.5695188,4
D10_traffic_pressure_minus_1sd,17031612000,2023,-0.027726587,0.569069,4
D10_traffic_pressure_minus_1sd,17031612100,2023,-0.033431657,0.5694504,4
D10_traffic_pressure_minus_1sd,17031612200,2023,-0.028505791,0.5692452,4
D10_traffic_pressure_minus_1sd,17031620100,2023,-0.061678823,0.7534827,4
D10_traffic_pressure_minus_1sd,17031620200,2023,-0.06012686,0.75302696,4
D10_traffic_pressure_minus_1sd,17031620300,2023,-0.05960105,0.7532189,4
D10_traffic_pressure_minus_1sd,17031620400,2023,-0.05936219,0.7533497,4
D10_traffic_pressure_minus_1sd,17031630300,2023,-0.064316355,0.75358576,4
D10_traffic_pressure_minus_1sd,17031630400,2023,-0.06165497,0.75359243,4
D10_traffic_pressure_minus_1sd,17031630500,2023,-0.059610568,0.75359946,4
D10_traffic_pressure_minus_1sd,17031630600,2023,-0.06054386,0.75336266,4
D10_traffic_pressure_minus_1sd,17031630800,2023,-0.06154916,0.75383043,4
D10_traffic_pressure_minus_1sd,17031630900,2023,-0.06159097,0.7535156,4
D10_traffic_pressure_minus_1sd,17031640100,2023,-0.03716817,0.72982895,4
D10_traffic_pressure_minus_1sd,17031640300,2023,-0.03895901,0.73046,4
D10_traffic_pressure_minus_1sd,17031640400,2023,-0.03917133,0.73022044,4
D10_traffic_pressure_minus_1sd,17031640500,2023,-0.039473485,0.7306746,4
D10_traffic_pressure_minus_1sd,17031640600,2023,-0.037161604,0.7301447,4
D10_traffic_pressure_minus_1sd,17031640700,2023,-0.037109695,0.7300321,4
D10_traffic_pressure_minus_1sd,17031640800,2023,-0.037197463,0.73005,4
D10_traffic_pressure_minus_1sd,17031650100,2023,-0.039378844,0.7304251,4
D10_traffic_pressure_minus_1sd,17031650200,2023,-0.039109882,0.7303302,4
D10_traffic_pressure_minus_1sd,17031650301,2023,-0.03926376,0.7306825,4
D10_traffic_pressure_minus_1sd,17031650302,2023,-0.038320247,0.72997063,4
D10_traffic_pressure_minus_1sd,17031650400,2023,-0.036977462,0.73023045,4
D10_traffic_pressure_minus_1sd,17031650500,2023,-0.038006134,0.73115045,4
D10_traffic_pressure_minus_1sd,17031660301,2023,-0.038688123,0.72999275,4
D10_traffic_pressure_minus_1sd,17031660302,2023,-0.059400667,0.75374913,4
D10_traffic_pressure_minus_1sd,17031660400,2023,-0.039141152,0.73042727,4
D10_traffic_pressure_minus_1sd,17031660500,2023,-0.03807521,0.7300633,4
D10_traffic_pressure_minus_1sd,17031660600,2023,-0.037112575,0.7300455,4
D10_traffic_pressure_minus_1sd,17031660700,2023,-0.036984153,0.7298945,4
D10_traffic_pressure_minus_1sd,17031660800,2023,-0.037002187,0.7299725,4
D10_traffic_pressure_minus_1sd,17031660900,2023,-0.037928704,0.73032916,4
D10_traffic_pressure_minus_1sd,17031661000,2023,-0.042706843,0.73031604,4
D10_traffic_pressure_minus_1sd,17031661100,2023,-0.036844037,0.72983015,4
D10_traffic_pressure_minus_1sd,17031670100,2023,-0.033208866,0.5693171,4
D10_traffic_pressure_minus_1sd,17031670200,2023,-0.027879559,0.56953037,4
D10_traffic_pressure_minus_1sd,17031670300,2023,-0.028096579,0.5694396,4
D10_traffic_pressure_minus_1sd,17031670400,2023,-0.027609684,0.56977105,4
D10_traffic_pressure_minus_1sd,17031670500,2023,-0.027695116,0.5694643,4
D10_traffic_pressure_minus_1sd,17031670600,2023,-0.0055692154,0.5449122,4
D10_traffic_pressure_minus_1sd,17031670700,2023,-0.03317114,0.5706279,4
D10_traffic_pressure_minus_1sd,17031670800,2023,-0.033496432,0.5697783,4
D10_traffic_pressure_minus_1sd,17031670900,2023,-0.03335956,0.56986904,4
D10_traffic_pressure_minus_1sd,17031671100,2023,-0.011589987,0.5455893,4
D10_traffic_pressure_minus_1sd,17031671200,2023,-0.011530808,0.54601395,4
D10_traffic_pressure_minus_1sd,17031671300,2023,-0.0113248415,0.54563457,4
D10_traffic_pressure_minus_1sd,17031671400,2023,-0.011249946,0.54582524,4
D10_traffic_pressure_minus_1sd,17031671500,2023,-0.011518936,0.54636425,4
D10_traffic_pressure_minus_1sd,17031671600,2023,-0.011744773,0.5453553,4
D10_traffic_pressure_minus_1sd,17031671800,2023,-0.012359546,0.54438376,4
D10_traffic_pressure_minus_1sd,17031671900,2023,-0.011927376,0.54521245,4
D10_traffic_pressure_minus_1sd,17031672000,2023,-0.011566297,0.5453871,4
D10_traffic_pressure_minus_1sd,17031680500,2023,-0.033437274,0.5692947,4
D10_traffic_pressure_minus_1sd,17031680600,2023,-0.03367781,0.5696907,4
D10_traffic_pressure_minus_1sd,17031680900,2023,-0.012560293,0.5450107,4
D10_traffic_pressure_minus_1sd,17031681000,2023,-0.01207136,0.54517066,4
D10_traffic_pressure_minus_1sd,17031681100,2023,-0.012309581,0.5455688,4
D10_traffic_pressure_minus_1sd,17031681200,2023,-0.012575075,0.54484934,4
D10_traffic_pressure_minus_1sd,17031681300,2023,-0.012863849,0.54507625,4
D10_traffic_pressure_minus_1sd,17031681400,2023,-0.012067709,0.5453992,4
D10_traffic_pressure_minus_1sd,17031690300,2023,-0.012892952,0.5450285,4
D10_traffic_pressure_minus_1sd,17031690400,2023,-0.013365293,0.54452497,4
D10_traffic_pressure_minus_1sd,17031690500,2023,-0.013581794,0.545622,4
D10_traffic_pressure_minus_1sd,17031690900,2023,-0.013995787,0.54544246,4
D10_traffic_pressure_minus_1sd,17031691000,2023,-0.0138152875,0.54471767,4
D10_traffic_pressure_minus_1sd,17031691100,2023,-0.013105892,0.54471874,4
D10_traffic_pressure_minus_1sd,17031691200,2023,-0.013211699,0.54463995,4
D10_traffic_pressure_minus_1sd,17031691300,2023,-0.013713994,0.5451987,4
D10_traffic_pressure_minus_1sd,17031691400,2023,-0.014074907,0.5452332,4
D10_traffic_pressure_minus_1sd,17031691500,2023,-0.014324218,0.54418194,4
D10_traffic_pressure_minus_1sd,17031700100,2023,-0.044383164,0.7318028,4
D10_traffic_pressure_minus_1sd,17031700200,2023,-0.036562994,0.7302934,4
D10_traffic_pressure_minus_1sd,17031700301,2023,-0.03869103,0.73099744,4
D10_traffic_pressure_minus_1sd,17031700302,2023,-0.036794633,0.7305559,4
D10_traffic_pressure_minus_1sd,17031700401,2023,-0.04364073,0.73158294,4
D10_traffic_pressure_minus_1sd,17031700402,2023,-0.044058185,0.7317331,4
D10_traffic_pressure_minus_1sd,17031700501,2023,-0.04475584,0.73179555,4
D10_traffic_pressure_minus_1sd,17031700502,2023,-0.043194104,0.7302358,4
D10_traffic_pressure_minus_1sd,17031710100,2023,-0.012962624,0.54408157,4
D10_traffic_pressure_minus_1sd,17031710200,2023,-0.012183944,0.54524994,4
D10_traffic_pressure_minus_1sd,17031710300,2023,-0.012180436,0.54538226,4
D10_traffic_pressure_minus_1sd,17031710400,2023,-0.011829083,0.5459865,4
D10_traffic_pressure_minus_1sd,17031710500,2023,-0.011804185,0.5450658,4
D10_traffic_pressure_minus_1sd,17031710600,2023,-0.012381613,0.5442933,4
D10_traffic_pressure_minus_1sd,17031710700,2023,-0.012269555,0.5450318,4
D10_traffic_pressure_minus_1sd,17031710800,2023,-0.012535739,0.5448022,4
D10_traffic_pressure_minus_1sd,17031710900,2023,-0.013000601,0.5447744,4
D10_traffic_pressure_minus_1sd,17031711000,2023,-0.013078189,0.5458061,4
D10_traffic_pressure_minus_1sd,17031711100,2023,-0.0124095995,0.5448223,4
D10_traffic_pressure_minus_1sd,17031711200,2023,-0.012021681,0.54496026,4
D10_traffic_pressure_minus_1sd,17031711300,2023,-0.012209598,0.5447597,4
D10_traffic_pressure_minus_1sd,17031711400,2023,-0.012860181,0.54557085,4
D10_traffic_pressure_minus_1sd,17031711500,2023,-0.013091482,0.5448793,4
D10_traffic_pressure_minus_1sd,17031720100,2023,-0.012308396,0.5458051,4
D10_traffic_pressure_minus_1sd,17031720200,2023,-0.012763236,0.54553103,4
D10_traffic_pressure_minus_1sd,17031720300,2023,-0.011779584,0.5453726,4
D10_traffic_pressure_minus_1sd,17031720400,2023,-0.046133786,0.73158556,4
D10_traffic_pressure_minus_1sd,17031720500,2023,-0.04581837,0.73048556,4
D10_traffic_pressure_minus_1sd,17031720600,2023,-0.0127146505,0.54572326,4
D10_traffic_pressure_minus_1sd,17031720700,2023,-0.012721582,0.5454888,4
D10_traffic_pressure_minus_1sd,17031730100,2023,-0.0135140475,0.5449106,4
D10_traffic_pressure_minus_1sd,17031730201,2023,-0.012631217,0.5445685,4
D10_traffic_pressure_minus_1sd,17031730202,2023,-0.012972919,0.5446332,4
D10_traffic_pressure_minus_1sd,17031730300,2023,-0.012340998,0.5446936,4
D10_traffic_pressure_minus_1sd,17031730400,2023,-0.013053065,0.54449975,4
D10_traffic_pressure_minus_1sd,17031730500,2023,-0.013574141,0.54426485,4
D10_traffic_pressure_minus_1sd,17031730600,2023,-0.013240118,0.5443701,4
D10_traffic_pressure_minus_1sd,17031730700,2023,-0.01343886,0.5448289,4
D10_traffic_pressure_minus_1sd,17031740100,2023,-0.045824528,0.73184276,4
D10_traffic_pressure_minus_1sd,17031740200,2023,-0.043722473,0.7304033,4
D10_traffic_pressure_minus_1sd,17031740300,2023,-0.043705218,0.7305109,4
D10_traffic_pressure_minus_1sd,17031740400,2023,-0.045243964,0.7315448,4
D10_traffic_pressure_minus_1sd,17031750100,2023,-0.013505412,0.5442699,4
D10_traffic_pressure_minus_1sd,17031750200,2023,-0.012854479,0.5455361,4
D10_traffic_pressure_minus_1sd,17031750300,2023,-0.044636805,0.73061323,4
D10_traffic_pressure_minus_1sd,17031750400,2023,-0.046579033,0.73193264,4
D10_traffic_pressure_minus_1sd,17031750500,2023,-0.013334235,0.5452723,4
D10_traffic_pressure_minus_1sd,17031750600,2023,-0.013609144,0.54423213,4
D10_traffic_pressure_minus_1sd,17031760801,2023,-0.060610544,0.72918224,4
D10_traffic_pressure_minus_1sd,17031760802,2023,-0.0771058,0.74317455,4
D10_traffic_pressure_minus_1sd,17031760803,2023,-0.06103063,0.7036833,4
D10_traffic_pressure_minus_1sd,17031770500,2023,-0.05798305,0.7007789,4
D10_traffic_pressure_minus_1sd,17031770602,2023,-0.055601854,0.7019739,4
D10_traffic_pressure_minus_1sd,17031770700,2023,-0.05976719,0.7005157,4
D10_traffic_pressure_minus_1sd,17031770800,2023,-0.06799034,0.7436202,4
D10_traffic_pressure_minus_1sd,17031770901,2023,-0.05496438,0.73652565,4
D10_traffic_pressure_minus_1sd,17031770902,2023,-0.057535168,0.7059759,4
D10_traffic_pressure_minus_1sd,17031805402,2023,-0.057594605,0.7340989,4
D10_traffic_pressure_minus_1sd,17031805502,2023,-0.057312988,0.73470324,4
D10_traffic_pressure_minus_1sd,17031805600,2023,-0.05666149,0.7356878,4
D10_traffic_pressure_minus_1sd,17031805702,2023,-0.055452365,0.73560107,4
D10_traffic_pressure_minus_1sd,17031806600,2023,-0.055854324,0.73376846,4
D10_traffic_pressure_minus_1sd,17031807600,2023,-0.058933664,0.7340346,4
D10_traffic_pressure_minus_1sd,17031807800,2023,-0.058033932,0.73421127,4
D10_traffic_pressure_minus_1sd,17031807900,2023,-0.05805678,0.7354107,4
D10_traffic_pressure_minus_1sd,17031808001,2023,-0.058370344,0.7357749,4
D10_traffic_pressure_minus_1sd,17031808002,2023,-0.05796887,0.73451436,4
D10_traffic_pressure_minus_1sd,17031808100,2023,-0.057030756,0.73379153,4
D10_traffic_pressure_minus_1sd,17031808200,2023,-0.05806409,0.7346463,4
D10_traffic_pressure_minus_1sd,17031810000,2023,-0.06027042,0.6778621,4
D10_traffic_pressure_minus_1sd,17031810200,2023,-0.059439167,0.73582304,4
D10_traffic_pressure_minus_1sd,17031810301,2023,-0.059215117,0.7353275,4
D10_traffic_pressure_minus_1sd,17031810400,2023,-0.056967158,0.73424655,4
D10_traffic_pressure_minus_1sd,17031810501,2023,-0.05705393,0.70590246,4
D10_traffic_pressure_minus_1sd,17031810502,2023,-0.054716904,0.73511773,4
D10_traffic_pressure_minus_1sd,17031810600,2023,-0.055102207,0.736564,4
D10_traffic_pressure_minus_1sd,17031810701,2023,-0.01967284,0.737506,4
D10_traffic_pressure_minus_1sd,17031810702,2023,-0.019446366,0.7372463,4
D10_traffic_pressure_minus_1sd,17031810800,2023,-0.019359605,0.7370175,4
D10_traffic_pressure_minus_1sd,17031810900,2023,-0.019372467,0.7373893,4
D10_traffic_pressure_minus_1sd,17031811100,2023,-0.017891988,0.73627967,4
D10_traffic_pressure_minus_1sd,17031811200,2023,-0.016378695,0.7350203,4
D10_traffic_pressure_minus_1sd,17031811500,2023,-0.066534534,0.74485475,4
D10_traffic_pressure_minus_1sd,17031811600,2023,-0.067844786,0.7449738,4
D10_traffic_pressure_minus_1sd,17031811701,2023,-0.06506487,0.74268216,4
D10_traffic_pressure_minus_1sd,17031811900,2023,-0.019791434,0.7837502,4
D10_traffic_pressure_minus_1sd,17031812100,2023,-0.021800604,0.7844824,4
D10_traffic_pressure_minus_1sd,17031812200,2023,-0.021459077,0.7838942,4
D10_traffic_pressure_minus_1sd,17031812500,2023,-0.019866485,0.78398585,4
D10_traffic_pressure_minus_1sd,17031812600,2023,-0.02030383,0.7846476,4
D10_traffic_pressure_minus_1sd,17031813000,2023,-0.021343064,0.784868,4
D10_traffic_pressure_minus_1sd,17031813100,2023,-0.05862205,0.7492672,4
D10_traffic_pressure_minus_1sd,17031813301,2023,-0.0597746,0.7496228,4
D10_traffic_pressure_minus_1sd,17031813302,2023,-0.05909366,0.74986434,4
D10_traffic_pressure_minus_1sd,17031813400,2023,-0.0587095,0.74961114,4
D10_traffic_pressure_minus_1sd,17031813500,2023,-0.058335386,0.7495803,4
D10_traffic_pressure_minus_1sd,17031813801,2023,-0.05764195,0.7497228,4
D10_traffic_pressure_minus_1sd,17031814200,2023,-0.05996906,0.7501254,4
D10_traffic_pressure_minus_1sd,17031820300,2023,-0.058191806,0.7503494,4
D10_traffic_pressure_minus_1sd,17031820400,2023,-0.05853115,0.7505763,4
D10_traffic_pressure_minus_1sd,17031820502,2023,-0.033696912,0.727924,4
D10_traffic_pressure_minus_1sd,17031820700,2023,-0.05852075,0.7499712,4
D10_traffic_pressure_minus_1sd,17031820800,2023,-0.05918744,0.7504688,4
D10_traffic_pressure_minus_1sd,17031820901,2023,-0.03474821,0.7283956,4
D10_traffic_pressure_minus_1sd,17031820902,2023,-0.03464987,0.72817415,4
D10_traffic_pressure_minus_1sd,17031821102,2023,-0.034870367,0.72803825,4
D10_traffic_pressure_minus_1sd,17031821200,2023,-0.013351552,0.54311514,4
D10_traffic_pressure_minus_1sd,17031821401,2023,-0.013910283,0.5429058,4
D10_traffic_pressure_minus_1sd,17031821402,2023,-0.014205473,0.5428401,4
D10_traffic_pressure_minus_1sd,17031821500,2023,-0.014964668,0.54262286,4
D10_traffic_pressure_minus_1sd,17031821600,2023,-0.043587368,0.7272066,4
D10_traffic_pressure_minus_1sd,17031821700,2023,-0.042714693,0.7271081,4
D10_traffic_pressure_minus_1sd,17031821900,2023,-0.044129796,0.72735876,4
D10_traffic_pressure_minus_1sd,17031822000,2023,-0.041847497,0.72699916,4
D10_traffic_pressure_minus_1sd,17031822101,2023,-0.04185805,0.72706485,4
D10_traffic_pressure_minus_1sd,17031822701,2023,-0.042372234,0.7270148,4
D10_traffic_pressure_minus_1sd,17031822702,2023,-0.042684484,0.72717047,4
D10_traffic_pressure_minus_1sd,17031822801,2023,-0.043006588,0.72735244,4
D10_traffic_pressure_minus_1sd,17031822802,2023,-0.042823907,0.7271952,4
D10_traffic_pressure_minus_1sd,17031823200,2023,-0.04324587,0.72710943,4
D10_traffic_pressure_minus_1sd,17031823303,2023,-0.043487497,0.7272604,4
D10_traffic_pressure_minus_1sd,17031823304,2023,-0.045583803,0.72820926,4
D10_traffic_pressure_minus_1sd,17031823400,2023,-0.045363747,0.7274825,4
D10_traffic_pressure_minus_1sd,17031823500,2023,-0.0456544,0.72765285,4
D10_traffic_pressure_minus_1sd,17031825700,2023,-0.018524256,0.5418924,4
D10_traffic_pressure_minus_1sd,17031825801,2023,-0.018078227,0.5421879,4
D10_traffic_pressure_minus_1sd,17031826401,2023,-0.016761823,0.54226977,4
D10_traffic_pressure_minus_1sd,17031826500,2023,-0.01609591,0.54242444,4
D10_traffic_pressure_minus_1sd,17031826600,2023,-0.016179621,0.54253143,4
D10_traffic_pressure_minus_1sd,17031830500,2023,-0.063217066,0.7522658,4
D10_traffic_pressure_minus_1sd,17031830600,2023,-0.06290652,0.66991454,4
D10_traffic_pressure_minus_1sd,17031830700,2023,-0.063282385,0.669899,4
D10_traffic_pressure_minus_1sd,17031830800,2023,-0.062425375,0.67334116,4
D10_traffic_pressure_minus_1sd,17031830900,2023,0.0066021727,0.7118999,4
D10_traffic_pressure_minus_1sd,17031831000,2023,0.0054383986,0.6542285,4
D10_traffic_pressure_minus_1sd,17031831100,2023,-0.059851274,0.73154426,4
D10_traffic_pressure_minus_1sd,17031831200,2023,-0.0045267437,0.7278012,4
D10_traffic_pressure_minus_1sd,17031831300,2023,-0.004466936,0.7721357,4
D10_traffic_pressure_minus_1sd,17031831400,2023,-0.06365463,0.7509521,4
D10_traffic_pressure_minus_1sd,17031831500,2023,-0.021829337,0.738148,4
D10_traffic_pressure_minus_1sd,17031831600,2023,-0.022026254,0.73911345,4
D10_traffic_pressure_minus_1sd,17031831700,2023,-0.058216132,0.7340687,4
D10_traffic_pressure_minus_1sd,17031831800,2023,-0.06152203,0.7307809,4
D10_traffic_pressure_minus_1sd,17031831900,2023,-0.048584163,0.65828097,4
D10_traffic_pressure_minus_1sd,17031832000,2023,-0.047483016,0.66099966,4
D10_traffic_pressure_minus_1sd,17031832100,2023,-0.048168264,0.6613813,4
D10_traffic_pressure_minus_1sd,17031832200,2023,0.00766751,0.71357876,4
D10_traffic_pressure_minus_1sd,17031832300,2023,0.005441945,0.65137696,4
D10_traffic_pressure_minus_1sd,17031832400,2023,0.007349232,0.7137522,4
D10_traffic_pressure_minus_1sd,17031832500,2023,0.0055807233,0.651829,4
D10_traffic_pressure_minus_1sd,17031832600,2023,0.005318083,0.65161085,4
D10_traffic_pressure_minus_1sd,17031832900,2023,-0.034412265,0.6193251,4
D10_traffic_pressure_minus_1sd,17031833000,2023,0.0036372337,0.6511867,4
D10_traffic_pressure_minus_1sd,17031833100,2023,0.0045005027,0.6507048,4
D10_traffic_pressure_minus_1sd,17031833300,2023,-0.035301402,0.6183635,4
D10_traffic_pressure_minus_1sd,17031833900,2023,-0.016726606,0.5443944,4
D10_traffic_pressure_minus_1sd,17031834000,2023,-0.013090851,0.54506576,4
D10_traffic_pressure_minus_1sd,17031834200,2023,-0.015247207,0.54458004,4
D10_traffic_pressure_minus_1sd,17031834300,2023,-0.014982021,0.54468405,4
D10_traffic_pressure_minus_1sd,17031834400,2023,-0.014112072,0.54542387,4
D10_traffic_pressure_minus_1sd,17031834500,2023,-0.034457903,0.56971955,4
D10_traffic_pressure_minus_1sd,17031834600,2023,-0.034472026,0.5698384,4
D10_traffic_pressure_minus_1sd,17031834700,2023,-0.033769898,0.56996644,4
D10_traffic_pressure_minus_1sd,17031834800,2023,-0.033622064,0.57032645,4
D10_traffic_pressure_minus_1sd,17031834900,2023,-0.01176037,0.5453824,4
D10_traffic_pressure_minus_1sd,17031835000,2023,-0.03719848,0.729906,4
D10_traffic_pressure_minus_1sd,17031835100,2023,-0.059578836,0.75377727,4
D10_traffic_pressure_minus_1sd,17031835200,2023,-0.061791763,0.7527801,4
D10_traffic_pressure_minus_1sd,17031835500,2023,-0.036587037,0.609488,4
D10_traffic_pressure_minus_1sd,17031835600,2023,-0.035078917,0.5701182,4
D10_traffic_pressure_minus_1sd,17031835800,2023,-0.04239036,0.61106974,4
D10_traffic_pressure_minus_1sd,17031836000,2023,-0.033763506,0.62206167,4
D10_traffic_pressure_minus_1sd,17031836100,2023,-0.034683503,0.57021755,4
D10_traffic_pressure_minus_1sd,17031836200,2023,-0.037475914,0.5707065,4
D10_traffic_pressure_minus_1sd,17031836300,2023,-0.025766945,0.58236396,4
D10_traffic_pressure_minus_1sd,17031836400,2023,-0.032894034,0.6226953,4
D10_traffic_pressure_minus_1sd,17031836500,2023,-0.03089504,0.6222997,4
D10_traffic_pressure_minus_1sd,17031836600,2023,0.008382706,0.75825226,4
D10_traffic_pressure_minus_1sd,17031836700,2023,0.008393476,0.7575136,4
D10_traffic_pressure_minus_1sd,17031836800,2023,-0.008017246,0.8071768,4
D10_traffic_pressure_minus_1sd,17031836900,2023,-0.0056484602,0.80400586,4
D10_traffic_pressure_minus_1sd,17031837000,2023,-0.006433271,0.8051462,4
D10_traffic_pressure_minus_1sd,17031837100,2023,0.0073259547,0.7569215,4
D10_traffic_pressure_minus_1sd,17031837300,2023,-0.06048073,0.75161266,4
D10_traffic_pressure_minus_1sd,17031837400,2023,-0.045469187,0.77115124,4
D10_traffic_pressure_minus_1sd,17031837800,2023,0.007776698,0.7563362,4
D10_traffic_pressure_minus_1sd,17031838000,2023,0.008160971,0.7569563,4
D10_traffic_pressure_minus_1sd,17031838100,2023,0.00449349,0.65058327,4
D10_traffic_pressure_minus_1sd,17031838200,2023,-0.023450295,0.6263252,4
D10_traffic_pressure_minus_1sd,17031838300,2023,0.005221436,0.65585834,4
D10_traffic_pressure_minus_1sd,17031838600,2023,-0.06053549,0.7512622,4
D10_traffic_pressure_minus_1sd,17031838700,2023,-0.06099693,0.7518474,4
D10_traffic_pressure_minus_1sd,17031838800,2023,-0.016864702,0.54474217,4
D10_traffic_pressure_minus_1sd,17031839000,2023,-0.03660766,0.61806154,4
D10_traffic_pressure_minus_1sd,17031839100,2023,0.0035399124,0.65221435,4
D10_traffic_pressure_minus_1sd,17031839200,2023,-0.03777091,0.61895907,4
D10_traffic_pressure_minus_1sd,17031839500,2023,-0.03298868,0.62232846,4
D10_traffic_pressure_minus_1sd,17031839600,2023,-0.035131026,0.6207909,4
D10_traffic_pressure_minus_1sd,17031839700,2023,-0.03774576,0.6087393,4
D10_traffic_pressure_minus_1sd,17031839800,2023,-0.020028522,0.62857026,4
D10_traffic_pressure_minus_1sd,17031839900,2023,-0.03833174,0.60809,4
D10_traffic_pressure_minus_1sd,17031840000,2023,-0.020122623,0.62808335,4
D10_traffic_pressure_minus_1sd,17031840100,2023,-0.033158734,0.6212867,4
D10_traffic_pressure_minus_1sd,17031840200,2023,-0.020335866,0.6283553,4
D10_traffic_pressure_minus_1sd,17031840300,2023,-0.062441554,0.75299436,4
D10_traffic_pressure_minus_1sd,17031840400,2023,-0.038838178,0.60645974,4
D10_traffic_pressure_minus_1sd,17031840700,2023,-0.06311689,0.75193,4
D10_traffic_pressure_minus_1sd,17031840800,2023,-0.062092878,0.7527697,4
D10_traffic_pressure_minus_1sd,17031841000,2023,-0.037463356,0.6184572,4
D10_traffic_pressure_minus_1sd,17031841100,2023,-0.03622815,0.6191048,4
D10_traffic_pressure_minus_1sd,17031841200,2023,-0.061960228,0.7521161,4
D10_traffic_pressure_minus_1sd,17031841300,2023,-0.064852186,0.7523238,4
D10_traffic_pressure_minus_1sd,17031841500,2023,-0.06030526,0.7515544,4
D10_traffic_pressure_minus_1sd,17031841700,2023,-0.062637284,0.75225496,4
D10_traffic_pressure_minus_1sd,17031841800,2023,-0.014099736,0.5443438,4
D10_traffic_pressure_minus_1sd,17031841900,2023,-0.037513234,0.6169275,4
D10_traffic_pressure_minus_1sd,17031842000,2023,-0.03747168,0.6187376,4
D10_traffic_pressure_minus_1sd,17031842100,2023,-0.022697665,0.78581095,4
D10_traffic_pressure_minus_1sd,17031842200,2023,0.00482193,0.65093863,4
D10_traffic_pressure_minus_1sd,17031842300,2023,0.0046592616,0.65083975,4
D10_traffic_pressure_minus_1sd,17031842400,2023,-0.013453622,0.5446063,4
D10_traffic_pressure_minus_1sd,17031842500,2023,-0.012995029,0.54489267,4
D10_traffic_pressure_minus_1sd,17031842600,2023,-0.038194686,0.60676986,4
D10_traffic_pressure_minus_1sd,17031842800,2023,-0.06055399,0.7532635,4
D10_traffic_pressure_minus_1sd,17031842900,2023,-0.02367856,0.6259809,4
D10_traffic_pressure_minus_1sd,17031843000,2023,-0.06356889,0.7516663,4
D10_traffic_pressure_minus_1sd,17031843100,2023,-0.06265209,0.7521378,4
D10_traffic_pressure_minus_1sd,17031843200,2023,-0.023369074,0.6261672,4
D10_traffic_pressure_minus_1sd,17031843300,2023,-0.06042266,0.75173175,4
D10_traffic_pressure_minus_1sd,17031843400,2023,-0.060374137,0.7520071,4
D10_traffic_pressure_minus_1sd,17031843500,2023,-0.06397761,0.75274295,4
D10_traffic_pressure_minus_1sd,17031843600,2023,-0.025395706,0.58175147,4
D10_traffic_pressure_minus_1sd,17031843700,2023,-0.060549866,0.73187816,4
D10_traffic_pressure_minus_1sd,17031843800,2023,-0.034330487,0.5699317,4
D10_traffic_pressure_minus_1sd,17031843900,2023,-0.028403224,0.539259,4
D10_traffic_pressure_minus_1sd,17031844600,2023,-0.041777544,0.611331,4
D10_traffic_pressure_minus_1sd,17031844700,2023,-0.060591735,0.7520576,4
D10_traffic_pressure_minus_1sd,17043840000,2023,-0.065111235,0.73985726,4
D10_traffic_pressure_minus_1sd,17043840801,2023,-0.06492576,0.74274564,4
D10_traffic_pressure_minus_1sd,17043840802,2023,-0.06575047,0.74265754,4
D1_green_water_plus_1sd,17031010100,2023,0.10776164,0.6755196,4
D1_green_water_plus_1sd,17031010201,2023,0.10811868,0.67674166,4
D1_green_water_plus_1sd,17031010202,2023,0.1081312,0.6734606,4
D1_green_water_plus_1sd,17031010300,2023,0.109893054,0.6737658,4
D1_green_water_plus_1sd,17031010400,2023,0.11284411,0.6719411,4
D1_green_water_plus_1sd,17031010501,2023,0.108165994,0.67753816,4
D1_green_water_plus_1sd,17031010502,2023,0.10865322,0.6752467,4
D1_green_water_plus_1sd,17031010503,2023,0.109062076,0.67504823,4
D1_green_water_plus_1sd,17031010600,2023,0.110148564,0.67369425,4
D1_green_water_plus_1sd,17031010701,2023,0.10681306,0.6746793,4
D1_green_water_plus_1sd,17031010702,2023,0.11047641,0.6713878,4
D1_green_water_plus_1sd,17031020100,2023,0.04122547,0.7350894,4
D1_green_water_plus_1sd,17031020200,2023,0.043438345,0.7310629,4
D1_green_water_plus_1sd,17031020301,2023,0.041840993,0.7320291,4
D1_green_water_plus_1sd,17031020302,2023,0.041931447,0.7351478,4
D1_green_water_plus_1sd,17031020400,2023,0.042503055,0.73224974,4
D1_green_water_plus_1sd,17031020500,2023,0.042451493,0.73230505,4
D1_green_water_plus_1sd,17031020601,2023,0.04340508,0.73169637,4
D1_green_water_plus_1sd,17031020602,2023,0.04300604,0.73087454,4
D1_green_water_plus_1sd,17031020701,2023,0.04428393,0.73188734,4
D1_green_water_plus_1sd,17031020702,2023,0.044047073,0.73182344,4
D1_green_water_plus_1sd,17031020801,2023,0.044018432,0.7317059,4
D1_green_water_plus_1sd,17031020802,2023,0.044069327,0.73150957,4
D1_green_water_plus_1sd,17031020901,2023,0.04227058,0.7342075,4
D1_green_water_plus_1sd,17031020902,2023,0.110702574,0.6734357,4
D1_green_water_plus_1sd,17031030101,2023,0.10899666,0.67546344,4
D1_green_water_plus_1sd,17031030102,2023,0.10888152,0.6757866,4
D1_green_water_plus_1sd,17031030103,2023,0.10895484,0.6756171,4
D1_green_water_plus_1sd,17031030104,2023,0.10805078,0.67603374,4
D1_green_water_plus_1sd,17031030200,2023,0.1088654,0.67333674,4
D1_green_water_plus_1sd,17031030300,2023,0.10788459,0.6765195,4
D1_green_water_plus_1sd,17031030400,2023,0.108605966,0.6737492,4
D1_green_water_plus_1sd,17031030500,2023,0.1084411,0.6742083,4
D1_green_water_plus_1sd,17031030601,2023,0.108427286,0.67631865,4
D1_green_water_plus_1sd,17031030603,2023,0.108718015,0.6756859,4
D1_green_water_plus_1sd,17031030604,2023,0.10802576,0.67669433,4
D1_green_water_plus_1sd,17031030701,2023,0.10910803,0.67543757,4
D1_green_water_plus_1sd,17031030702,2023,0.108903244,0.67819065,4
D1_green_water_plus_1sd,17031030703,2023,0.108473375,0.6771807,4
D1_green_water_plus_1sd,17031030706,2023,0.10929997,0.67587984,4
D1_green_water_plus_1sd,17031030800,2023,0.10933705,0.67371607,4
D1_green_water_plus_1sd,17031030900,2023,0.1096185,0.6730536,4
D1_green_water_plus_1sd,17031031000,2023,0.109166265,0.67401206,4
D1_green_water_plus_1sd,17031031100,2023,0.11015247,0.6729693,4
D1_green_water_plus_1sd,17031031200,2023,0.110577986,0.6745483,4
D1_green_water_plus_1sd,17031031300,2023,0.109106265,0.6761132,4
D1_green_water_plus_1sd,17031031400,2023,0.08562295,0.65996635,4
D1_green_water_plus_1sd,17031031501,2023,0.10905884,0.6763332,4
D1_green_water_plus_1sd,17031031502,2023,0.10951734,0.67811745,4
D1_green_water_plus_1sd,17031031700,2023,0.111111306,0.67414004,4
D1_green_water_plus_1sd,17031031800,2023,0.11021553,0.6729896,4
D1_green_water_plus_1sd,17031031900,2023,0.11001159,0.6750576,4
D1_green_water_plus_1sd,17031032100,2023,0.08602411,0.6581139,4
D1_green_water_plus_1sd,17031040100,2023,0.042705,0.73552185,4
D1_green_water_plus_1sd,17031040201,2023,0.04531087,0.7318852,4
D1_green_water_plus_1sd,17031040202,2023,0.043032352,0.73563266,4
D1_green_water_plus_1sd,17031040300,2023,0.04283588,0.7358066,4
D1_green_water_plus_1sd,17031040401,2023,0.043942742,0.73265713,4
D1_green_water_plus_1sd,17031040402,2023,0.10949996,0.6732781,4
D1_green_water_plus_1sd,17031040600,2023,0.044537622,0.73242086,4
D1_green_water_plus_1sd,17031040700,2023,0.044347133,0.73256767,4
D1_green_water_plus_1sd,17031040800,2023,0.0426671,0.7353983,4
D1_green_water_plus_1sd,17031040900,2023,0.044082884,0.7329332,4
D1_green_water_plus_1sd,17031050100,2023,0.11051193,0.67278594,4
D1_green_water_plus_1sd,17031050200,2023,0.045048594,0.7322135,4
D1_green_water_plus_1sd,17031050300,2023,0.043667033,0.73609006,4
D1_green_water_plus_1sd,17031050500,2023,0.04438769,0.7329187,4
D1_green_water_plus_1sd,17031050600,2023,0.11111334,0.67213553,4
D1_green_water_plus_1sd,17031050700,2023,0.108746365,0.6773178,4
D1_green_water_plus_1sd,17031050800,2023,0.044973962,0.7329266,4
D1_green_water_plus_1sd,17031050900,2023,0.044525616,0.7343441,4
D1_green_water_plus_1sd,17031051000,2023,0.04433795,0.733892,4
D1_green_water_plus_1sd,17031051100,2023,0.044905778,0.7330964,4
D1_green_water_plus_1sd,17031051200,2023,0.10898486,0.67619497,4
D1_green_water_plus_1sd,17031051300,2023,0.036562584,0.6543182,4
D1_green_water_plus_1sd,17031051400,2023,-0.028471483,0.71348155,4
D1_green_water_plus_1sd,17031060100,2023,0.10861352,0.67730516,4
D1_green_water_plus_1sd,17031060200,2023,0.11017214,0.6752082,4
D1_green_water_plus_1sd,17031060300,2023,0.10901329,0.6742642,4
D1_green_water_plus_1sd,17031060400,2023,0.110343575,0.67361647,4
D1_green_water_plus_1sd,17031060500,2023,0.082718596,0.661503,4
D1_green_water_plus_1sd,17031060800,2023,0.08294826,0.66270894,4
D1_green_water_plus_1sd,17031060900,2023,0.08421293,0.6616265,4
D1_green_water_plus_1sd,17031061000,2023,0.08277263,0.66167736,4
D1_green_water_plus_1sd,17031061100,2023,0.08553228,0.65895003,4
D1_green_water_plus_1sd,17031061200,2023,0.08266832,0.6614709,4
D1_green_water_plus_1sd,17031061500,2023,0.08309149,0.6608522,4
D1_green_water_plus_1sd,17031061800,2023,0.0833848,0.66230214,4
D1_green_water_plus_1sd,17031061901,2023,0.08327864,0.66224426,4
D1_green_water_plus_1sd,17031061902,2023,0.08187456,0.66392756,4
D1_green_water_plus_1sd,17031062000,2023,0.083650455,0.66196156,4
D1_green_water_plus_1sd,17031062100,2023,0.08563897,0.65978813,4
D1_green_water_plus_1sd,17031062200,2023,0.08258502,0.661791,4
D1_green_water_plus_1sd,17031062300,2023,0.08211263,0.6622117,4
D1_green_water_plus_1sd,17031062400,2023,0.0823652,0.662112,4
D1_green_water_plus_1sd,17031062500,2023,0.08442386,0.65986,4
D1_green_water_plus_1sd,17031062600,2023,0.036978215,0.6539528,4
D1_green_water_plus_1sd,17031062700,2023,0.037038468,0.65411735,4
D1_green_water_plus_1sd,17031062800,2023,0.036655337,0.65453655,4
D1_green_water_plus_1sd,17031062900,2023,0.083881356,0.66051173,4
D1_green_water_plus_1sd,17031063000,2023,0.09031139,0.6559295,4
D1_green_water_plus_1sd,17031063100,2023,0.08513326,0.6606391,4
D1_green_water_plus_1sd,17031063200,2023,0.08404544,0.6616335,4
D1_green_water_plus_1sd,17031063301,2023,0.036812782,0.6550854,4
D1_green_water_plus_1sd,17031063302,2023,0.03711223,0.65482736,4
D1_green_water_plus_1sd,17031063303,2023,0.03607868,0.6561159,4
D1_green_water_plus_1sd,17031063400,2023,0.037528954,0.6548468,4
D1_green_water_plus_1sd,17031070101,2023,0.03529932,0.6566394,4
D1_green_water_plus_1sd,17031070102,2023,0.036381602,0.6547688,4
D1_green_water_plus_1sd,17031070103,2023,0.03655613,0.6560799,4
D1_green_water_plus_1sd,17031070200,2023,0.03865325,0.6517538,4
D1_green_water_plus_1sd,17031070300,2023,0.038039476,0.65436476,4
D1_green_water_plus_1sd,17031070400,2023,0.037626233,0.6545825,4
D1_green_water_plus_1sd,17031070500,2023,0.04008742,0.6519259,4
D1_green_water_plus_1sd,17031070600,2023,0.03810908,0.6533601,4
D1_green_water_plus_1sd,17031070700,2023,0.03781497,0.6525217,4
D1_green_water_plus_1sd,17031071000,2023,0.037875094,0.65400976,4
D1_green_water_plus_1sd,17031071100,2023,0.038335692,0.6538143,4
D1_green_water_plus_1sd,17031071200,2023,0.03744449,0.65498006,4
D1_green_water_plus_1sd,17031071300,2023,0.036541007,0.6560404,4
D1_green_water_plus_1sd,17031071400,2023,0.036064215,0.65523547,4
D1_green_water_plus_1sd,17031071500,2023,0.035407063,0.6559298,4
D1_green_water_plus_1sd,17031071600,2023,0.035716113,0.6559489,4
D1_green_water_plus_1sd,17031071700,2023,0.0345743,0.6563996,4
D1_green_water_plus_1sd,17031071800,2023,0.03526155,0.65508765,4
D1_green_water_plus_1sd,17031080100,2023,0.03626467,0.65572965,4
D1_green_water_plus_1sd,17031080201,2023,0.037010502,0.6557926,4
D1_green_water_plus_1sd,17031080202,2023,0.03710488,0.65530473,4
D1_green_water_plus_1sd,17031080300,2023,0.0375223,0.6530024,4
D1_green_water_plus_1sd,17031080400,2023,0.037380267,0.65475595,4
D1_green_water_plus_1sd,17031081000,2023,0.038190834,0.6526233,4
D1_green_water_plus_1sd,17031081100,2023,0.039241325,0.6526716,4
D1_green_water_plus_1sd,17031081201,2023,0.04013247,0.65212005,4
D1_green_water_plus_1sd,17031081202,2023,0.037271243,0.65508235,4
D1_green_water_plus_1sd,17031081300,2023,0.038431253,0.6525744,4
D1_green_water_plus_1sd,17031081401,2023,0.038645558,0.6524601,4
D1_green_water_plus_1sd,17031081402,2023,0.03719628,0.65394366,4
D1_green_water_plus_1sd,17031081403,2023,0.03779724,0.6530008,4
D1_green_water_plus_1sd,17031081500,2023,0.040103298,0.65213567,4
D1_green_water_plus_1sd,17031081600,2023,0.03955924,0.652249,4
D1_green_water_plus_1sd,17031081700,2023,0.0401819,0.6518597,4
D1_green_water_plus_1sd,17031081800,2023,0.038712062,0.6517496,4
D1_green_water_plus_1sd,17031081900,2023,0.035769947,0.6564747,4
D1_green_water_plus_1sd,17031090100,2023,0.044173464,0.733881,4
D1_green_water_plus_1sd,17031090200,2023,0.045619335,0.7311809,4
D1_green_water_plus_1sd,17031090300,2023,0.045390166,0.7340336,4
D1_green_water_plus_1sd,17031100100,2023,0.046816476,0.73031783,4
D1_green_water_plus_1sd,17031100200,2023,0.04484383,0.73086923,4
D1_green_water_plus_1sd,17031100300,2023,0.04494752,0.73491764,4
D1_green_water_plus_1sd,17031100400,2023,0.047102094,0.73373246,4
D1_green_water_plus_1sd,17031100500,2023,0.046199396,0.7345941,4
D1_green_water_plus_1sd,17031100600,2023,0.046135087,0.7343391,4
D1_green_water_plus_1sd,17031100700,2023,0.04517884,0.73526907,4
D1_green_water_plus_1sd,17031110100,2023,0.046435077,0.7306151,4
D1_green_water_plus_1sd,17031110200,2023,0.04615763,0.7312608,4
D1_green_water_plus_1sd,17031110300,2023,0.044689372,0.73537755,4
D1_green_water_plus_1sd,17031110400,2023,0.044862635,0.7323405,4
D1_green_water_plus_1sd,17031110501,2023,0.045521576,0.7347253,4
D1_green_water_plus_1sd,17031110502,2023,0.047185212,0.7309125,4
D1_green_water_plus_1sd,17031120100,2023,0.043652344,0.73466176,4
D1_green_water_plus_1sd,17031120200,2023,0.044893973,0.7297498,4
D1_green_water_plus_1sd,17031120300,2023,0.043854885,0.73489183,4
D1_green_water_plus_1sd,17031120400,2023,0.04434702,0.7318703,4
D1_green_water_plus_1sd,17031130100,2023,0.04575563,0.7310072,4
D1_green_water_plus_1sd,17031130200,2023,0.044854254,0.7315797,4
D1_green_water_plus_1sd,17031130300,2023,0.043658793,0.7320903,4
D1_green_water_plus_1sd,17031140100,2023,0.043777503,0.73283094,4
D1_green_water_plus_1sd,17031140200,2023,0.045878153,0.73165417,4
D1_green_water_plus_1sd,17031140301,2023,0.044728473,0.73251784,4
D1_green_water_plus_1sd,17031140302,2023,0.04393289,0.73597044,4
D1_green_water_plus_1sd,17031140400,2023,0.045785025,0.7314898,4
D1_green_water_plus_1sd,17031140500,2023,0.045061767,0.7324887,4
D1_green_water_plus_1sd,17031140601,2023,0.04412663,0.7346534,4
D1_green_water_plus_1sd,17031140602,2023,0.04451084,0.7326273,4
D1_green_water_plus_1sd,17031140701,2023,0.044577643,0.7324958,4
D1_green_water_plus_1sd,17031140702,2023,0.045047164,0.7323139,4
D1_green_water_plus_1sd,17031140800,2023,0.044834472,0.7323944,4
D1_green_water_plus_1sd,17031150200,2023,0.04644292,0.7314197,4
D1_green_water_plus_1sd,17031150300,2023,0.04612502,0.73178923,4
D1_green_water_plus_1sd,17031150401,2023,0.045318335,0.7318547,4
D1_green_water_plus_1sd,17031150402,2023,0.045477346,0.73432314,4
D1_green_water_plus_1sd,17031150501,2023,0.044161454,0.7375034,4
D1_green_water_plus_1sd,17031150502,2023,0.046299435,0.7319647,4
D1_green_water_plus_1sd,17031150600,2023,0.045704536,0.7343179,4
D1_green_water_plus_1sd,17031150700,2023,0.0449567,0.736227,4
D1_green_water_plus_1sd,17031150800,2023,0.045678154,0.7343072,4
D1_green_water_plus_1sd,17031151001,2023,0.045434058,0.7340402,4
D1_green_water_plus_1sd,17031151002,2023,0.04569585,0.7360561,4
D1_green_water_plus_1sd,17031151100,2023,0.0447757,0.7341712,4
D1_green_water_plus_1sd,17031151200,2023,0.0458325,0.7361892,4
D1_green_water_plus_1sd,17031160100,2023,0.044812415,0.73436594,4
D1_green_water_plus_1sd,17031160200,2023,0.04711596,0.7333272,4
D1_green_water_plus_1sd,17031160300,2023,0.044782076,0.7346356,4
D1_green_water_plus_1sd,17031160400,2023,0.045417488,0.7334279,4
D1_green_water_plus_1sd,17031160501,2023,0.043754887,0.7362634,4
D1_green_water_plus_1sd,17031160502,2023,0.04496275,0.7328812,4
D1_green_water_plus_1sd,17031160601,2023,0.04396866,0.7361271,4
D1_green_water_plus_1sd,17031160602,2023,0.044464197,0.7329396,4
D1_green_water_plus_1sd,17031160700,2023,0.047550954,0.7315399,4
D1_green_water_plus_1sd,17031160800,2023,0.045590952,0.73227686,4
D1_green_water_plus_1sd,17031160900,2023,0.045236014,0.7330266,4
D1_green_water_plus_1sd,17031161000,2023,0.045231882,0.73350817,4
D1_green_water_plus_1sd,17031161100,2023,0.045184463,0.7325153,4
D1_green_water_plus_1sd,17031161200,2023,0.045450963,0.73629117,4
D1_green_water_plus_1sd,17031161300,2023,0.045397185,0.7326475,4
D1_green_water_plus_1sd,17031170100,2023,0.049290024,0.7337074,4
D1_green_water_plus_1sd,17031170200,2023,0.046550687,0.73261535,4
D1_green_water_plus_1sd,17031170300,2023,0.046152808,0.73570883,4
D1_green_water_plus_1sd,17031170400,2023,0.035938792,0.7009733,4
D1_green_water_plus_1sd,17031170500,2023,0.035237305,0.7046093,4
D1_green_water_plus_1sd,17031170600,2023,0.07001674,0.74711686,4
D1_green_water_plus_1sd,17031170700,2023,0.07031639,0.74646074,4
D1_green_water_plus_1sd,17031170800,2023,0.03492152,0.70466125,4
D1_green_water_plus_1sd,17031170900,2023,0.070132,0.7473473,4
D1_green_water_plus_1sd,17031171000,2023,0.035002157,0.7045697,4
D1_green_water_plus_1sd,17031171100,2023,0.046489,0.73315614,4
D1_green_water_plus_1sd,17031180100,2023,-0.010239014,0.6957431,4
D1_green_water_plus_1sd,17031190100,2023,0.0005069063,0.7272067,4
D1_green_water_plus_1sd,17031190200,2023,0.00068825483,0.7261952,4
D1_green_water_plus_1sd,17031190300,2023,0.00039422372,0.72627646,4
D1_green_water_plus_1sd,17031190401,2023,0.0011030948,0.72588605,4
D1_green_water_plus_1sd,17031190402,2023,-0.00020503905,0.7278924,4
D1_green_water_plus_1sd,17031190601,2023,-0.010714709,0.69605964,4
D1_green_water_plus_1sd,17031190602,2023,0.0012621479,0.72725636,4
D1_green_water_plus_1sd,17031190701,2023,0.0008026231,0.7276259,4
D1_green_water_plus_1sd,17031190702,2023,0.0009634234,0.72741663,4
D1_green_water_plus_1sd,17031190800,2023,0.0006474587,0.7257896,4
D1_green_water_plus_1sd,17031190900,2023,0.0006361115,0.72758645,4
D1_green_water_plus_1sd,17031191000,2023,0.00075642765,0.7276007,4
D1_green_water_plus_1sd,17031191100,2023,0.0011882093,0.7260224,4
D1_green_water_plus_1sd,17031191200,2023,0.0010834225,0.7276309,4
D1_green_water_plus_1sd,17031191301,2023,0.025949517,0.73982143,4
D1_green_water_plus_1sd,17031191302,2023,0.025567662,0.73968804,4
D1_green_water_plus_1sd,17031200100,2023,0.00014657713,0.72758317,4
D1_green_water_plus_1sd,17031200200,2023,0.00053923717,0.72749954,4
D1_green_water_plus_1sd,17031200300,2023,0.00025977474,0.72782564,4
D1_green_water_plus_1sd,17031200401,2023,0.0012814756,0.726141,4
D1_green_water_plus_1sd,17031200402,2023,2.9057264e-07,0.7267083,4
D1_green_water_plus_1sd,17031210100,2023,0.0479111,0.7316585,4
D1_green_water_plus_1sd,17031210400,2023,4.7345646e-05,0.727618,4
D1_green_water_plus_1sd,17031210501,2023,0.046049424,0.73435414,4
D1_green_water_plus_1sd,17031210502,2023,-0.0004700427,0.72665596,4
D1_green_water_plus_1sd,17031210601,2023,0.044716213,0.7351799,4
D1_green_water_plus_1sd,17031210602,2023,-3.503263e-05,0.7259471,4
D1_green_water_plus_1sd,17031210700,2023,-0.00078218617,0.726656,4
D1_green_water_plus_1sd,17031210800,2023,-0.0007239352,0.72664773,4
D1_green_water_plus_1sd,17031210900,2023,-0.0006909473,0.7260213,4
D1_green_water_plus_1sd,17031220300,2023,-0.0008025989,0.7268551,4
D1_green_water_plus_1sd,17031220400,2023,-0.00069949403,0.72670364,4
D1_green_water_plus_1sd,17031220500,2023,-0.0002013254,0.72607595,4
D1_green_water_plus_1sd,17031220601,2023,-0.0007207049,0.7275788,4
D1_green_water_plus_1sd,17031220602,2023,-3.7847552e-05,0.7258581,4
D1_green_water_plus_1sd,17031220701,2023,6.867107e-06,0.7279339,4
D1_green_water_plus_1sd,17031220702,2023,0.0005656504,0.72688943,4
D1_green_water_plus_1sd,17031220901,2023,0.00046371296,0.72783244,4
D1_green_water_plus_1sd,17031220902,2023,0.00016481709,0.7279575,4
D1_green_water_plus_1sd,17031221000,2023,-0.00013208669,0.72787946,4
D1_green_water_plus_1sd,17031221100,2023,-0.00026586745,0.72795653,4
D1_green_water_plus_1sd,17031221200,2023,-0.0001804214,0.7267319,4
D1_green_water_plus_1sd,17031221300,2023,-0.026744904,0.7133677,4
D1_green_water_plus_1sd,17031221400,2023,-0.02646251,0.7129415,4
D1_green_water_plus_1sd,17031221500,2023,-0.027928729,0.7132919,4
D1_green_water_plus_1sd,17031221600,2023,-0.026969822,0.7129282,4
D1_green_water_plus_1sd,17031222200,2023,-0.028138781,0.713858,4
D1_green_water_plus_1sd,17031222500,2023,-0.027996326,0.71449566,4
D1_green_water_plus_1sd,17031222600,2023,-0.027366288,0.7149403,4
D1_green_water_plus_1sd,17031222700,2023,1.52238645e-05,0.72804904,4
D1_green_water_plus_1sd,17031222800,2023,0.00041415077,0.72831196,4
D1_green_water_plus_1sd,17031222900,2023,8.6300075e-05,0.7283648,4
D1_green_water_plus_1sd,17031230100,2023,-0.027690938,0.7144725,4
D1_green_water_plus_1sd,17031230200,2023,-0.02752178,0.7139362,4
D1_green_water_plus_1sd,17031230300,2023,-0.027385,0.71404195,4
D1_green_water_plus_1sd,17031230400,2023,0.000382429,0.728248,4
D1_green_water_plus_1sd,17031230500,2023,0.00082506984,0.727787,4
D1_green_water_plus_1sd,17031230600,2023,0.012039198,0.7719001,4
D1_green_water_plus_1sd,17031230700,2023,-0.015442867,0.7594428,4
D1_green_water_plus_1sd,17031230800,2023,-0.017551845,0.7585021,4
D1_green_water_plus_1sd,17031230900,2023,-0.017812794,0.758505,4
D1_green_water_plus_1sd,17031231100,2023,-0.01782448,0.758576,4
D1_green_water_plus_1sd,17031231200,2023,-0.017285032,0.75882936,4
D1_green_water_plus_1sd,17031231500,2023,0.021238305,0.805568,4
D1_green_water_plus_1sd,17031240200,2023,0.037186228,0.6548254,4
D1_green_water_plus_1sd,17031240300,2023,0.037734218,0.65430367,4
D1_green_water_plus_1sd,17031240500,2023,-0.027296716,0.71319026,4
D1_green_water_plus_1sd,17031240600,2023,-0.028318364,0.714535,4
D1_green_water_plus_1sd,17031240700,2023,-0.02799382,0.7150943,4
D1_green_water_plus_1sd,17031240800,2023,-0.027569665,0.7144767,4
D1_green_water_plus_1sd,17031240900,2023,-0.017401751,0.75752103,4
D1_green_water_plus_1sd,17031241000,2023,-0.015922036,0.7574765,4
D1_green_water_plus_1sd,17031241100,2023,-0.016448202,0.7577969,4
D1_green_water_plus_1sd,17031241200,2023,-0.01706446,0.75753534,4
D1_green_water_plus_1sd,17031241300,2023,-0.017772963,0.7574244,4
D1_green_water_plus_1sd,17031241400,2023,0.038593594,0.65143514,4
D1_green_water_plus_1sd,17031241500,2023,0.039629895,0.6518899,4
D1_green_water_plus_1sd,17031241600,2023,0.041216396,0.65012217,4
D1_green_water_plus_1sd,17031242000,2023,0.037428923,0.6543598,4
D1_green_water_plus_1sd,17031242100,2023,0.038034998,0.6539339,4
D1_green_water_plus_1sd,17031242200,2023,0.038446806,0.65313077,4
D1_green_water_plus_1sd,17031242300,2023,0.03312534,0.7306611,4
D1_green_water_plus_1sd,17031242400,2023,-0.016794218,0.75663006,4
D1_green_water_plus_1sd,17031242500,2023,-0.016721524,0.7576266,4
D1_green_water_plus_1sd,17031242600,2023,-0.016030474,0.7573281,4
D1_green_water_plus_1sd,17031242700,2023,-0.016513765,0.7585961,4
D1_green_water_plus_1sd,17031242800,2023,-0.01768711,0.7578525,4
D1_green_water_plus_1sd,17031242900,2023,-0.017820772,0.75716645,4
D1_green_water_plus_1sd,17031243000,2023,0.039358072,0.6518403,4
D1_green_water_plus_1sd,17031243100,2023,0.039826185,0.6515323,4
D1_green_water_plus_1sd,17031243200,2023,0.039314307,0.6519268,4
D1_green_water_plus_1sd,17031243300,2023,0.040249534,0.6514893,4
D1_green_water_plus_1sd,17031243400,2023,0.036289528,0.65410596,4
D1_green_water_plus_1sd,17031243500,2023,0.03960447,0.65065753,4
D1_green_water_plus_1sd,17031250200,2023,0.0012333649,0.7278883,4
D1_green_water_plus_1sd,17031250300,2023,0.025832638,0.7401858,4
D1_green_water_plus_1sd,17031250400,2023,0.026216917,0.7398819,4
D1_green_water_plus_1sd,17031250500,2023,0.025392018,0.73831606,4
D1_green_water_plus_1sd,17031250600,2023,0.0358733,0.78624916,4
D1_green_water_plus_1sd,17031250700,2023,0.03588351,0.7863674,4
D1_green_water_plus_1sd,17031250800,2023,0.035608478,0.78589356,4
D1_green_water_plus_1sd,17031251000,2023,0.037437342,0.7869247,4
D1_green_water_plus_1sd,17031251100,2023,0.03569688,0.78634375,4
D1_green_water_plus_1sd,17031251200,2023,0.035189006,0.7862188,4
D1_green_water_plus_1sd,17031251300,2023,0.036721233,0.7875707,4
D1_green_water_plus_1sd,17031251400,2023,0.036552675,0.7874035,4
D1_green_water_plus_1sd,17031251500,2023,0.035456903,0.7864461,4
D1_green_water_plus_1sd,17031251600,2023,0.03581243,0.78662336,4
D1_green_water_plus_1sd,17031251700,2023,0.037372313,0.78769994,4
D1_green_water_plus_1sd,17031251800,2023,0.03564376,0.78633344,4
D1_green_water_plus_1sd,17031251900,2023,0.03660582,0.7870865,4
D1_green_water_plus_1sd,17031252000,2023,0.034935445,0.78647184,4
D1_green_water_plus_1sd,17031252101,2023,0.052525505,0.7501757,4
D1_green_water_plus_1sd,17031252102,2023,0.037259687,0.78777254,4
D1_green_water_plus_1sd,17031252201,2023,0.035270885,0.7867207,4
D1_green_water_plus_1sd,17031252202,2023,0.03513281,0.78640676,4
D1_green_water_plus_1sd,17031260100,2023,0.036008254,0.7875961,4
D1_green_water_plus_1sd,17031260200,2023,0.035849344,0.7865428,4
D1_green_water_plus_1sd,17031260300,2023,0.036278557,0.78678954,4
D1_green_water_plus_1sd,17031260400,2023,0.03558593,0.786834,4
D1_green_water_plus_1sd,17031260500,2023,0.03729651,0.78811085,4
D1_green_water_plus_1sd,17031260600,2023,0.034865223,0.7852347,4
D1_green_water_plus_1sd,17031260700,2023,0.035767596,0.7870685,4
D1_green_water_plus_1sd,17031260800,2023,0.035582576,0.7872075,4
D1_green_water_plus_1sd,17031260900,2023,0.05087053,0.751361,4
D1_green_water_plus_1sd,17031261000,2023,0.0508332,0.75143194,4
D1_green_water_plus_1sd,17031270500,2023,0.035460558,0.78693235,4
D1_green_water_plus_1sd,17031271200,2023,0.020078167,0.8051292,4
D1_green_water_plus_1sd,17031271300,2023,0.03552515,0.78693587,4
D1_green_water_plus_1sd,17031271400,2023,0.03543059,0.78730613,4
D1_green_water_plus_1sd,17031271500,2023,0.04927552,0.7500217,4
D1_green_water_plus_1sd,17031271800,2023,0.048916858,0.74988973,4
D1_green_water_plus_1sd,17031280100,2023,0.038719915,0.6517951,4
D1_green_water_plus_1sd,17031280400,2023,0.040297605,0.65058583,4
D1_green_water_plus_1sd,17031280800,2023,0.019455884,0.80481684,4
D1_green_water_plus_1sd,17031280900,2023,0.019318512,0.8046513,4
D1_green_water_plus_1sd,17031281900,2023,0.03913441,0.65146226,4
D1_green_water_plus_1sd,17031282700,2023,0.03517534,0.76915854,4
D1_green_water_plus_1sd,17031282800,2023,0.035298616,0.769725,4
D1_green_water_plus_1sd,17031283100,2023,0.051142417,0.6191943,4
D1_green_water_plus_1sd,17031283200,2023,0.049911886,0.6202181,4
D1_green_water_plus_1sd,17031283800,2023,0.05093269,0.61982054,4
D1_green_water_plus_1sd,17031290900,2023,0.050874002,0.7518223,4
D1_green_water_plus_1sd,17031291200,2023,0.051179416,0.75230384,4
D1_green_water_plus_1sd,17031291600,2023,0.048273608,0.7501817,4
D1_green_water_plus_1sd,17031292200,2023,0.050526567,0.7511311,4
D1_green_water_plus_1sd,17031292400,2023,0.050702203,0.7518013,4
D1_green_water_plus_1sd,17031292500,2023,0.05035942,0.7514432,4
D1_green_water_plus_1sd,17031300500,2023,0.052109376,0.7525327,4
D1_green_water_plus_1sd,17031300600,2023,0.050794356,0.7521042,4
D1_green_water_plus_1sd,17031300700,2023,0.050977692,0.75226545,4
D1_green_water_plus_1sd,17031300800,2023,0.05156734,0.7521908,4
D1_green_water_plus_1sd,17031300900,2023,0.0514193,0.75231767,4
D1_green_water_plus_1sd,17031301100,2023,0.051537924,0.75229037,4
D1_green_water_plus_1sd,17031301200,2023,0.051315136,0.7524768,4
D1_green_water_plus_1sd,17031301600,2023,0.050792962,0.7522495,4
D1_green_water_plus_1sd,17031301701,2023,0.051680632,0.75216305,4
D1_green_water_plus_1sd,17031301702,2023,0.05083909,0.7522059,4
D1_green_water_plus_1sd,17031301801,2023,0.051729508,0.751938,4
D1_green_water_plus_1sd,17031301802,2023,0.052077174,0.75245404,4
D1_green_water_plus_1sd,17031301803,2023,0.05069024,0.7521995,4
D1_green_water_plus_1sd,17031310200,2023,0.05374732,0.6178019,4
D1_green_water_plus_1sd,17031310300,2023,0.051284038,0.6193391,4
D1_green_water_plus_1sd,17031310400,2023,0.050887108,0.61991274,4
D1_green_water_plus_1sd,17031310500,2023,0.052959908,0.618805,4
D1_green_water_plus_1sd,17031310600,2023,0.05403973,0.61804986,4
D1_green_water_plus_1sd,17031310700,2023,0.06540389,0.6278969,4
D1_green_water_plus_1sd,17031310800,2023,0.06709701,0.6274559,4
D1_green_water_plus_1sd,17031310900,2023,0.06895768,0.6273477,4
D1_green_water_plus_1sd,17031320101,2023,0.037602335,0.65313435,4
D1_green_water_plus_1sd,17031320102,2023,0.038548607,0.65258366,4
D1_green_water_plus_1sd,17031320400,2023,0.037885763,0.65311885,4
D1_green_water_plus_1sd,17031320600,2023,0.055902466,0.6179747,4
D1_green_water_plus_1sd,17031330101,2023,0.055179153,0.61837524,4
D1_green_water_plus_1sd,17031330102,2023,0.0557924,0.6174436,4
D1_green_water_plus_1sd,17031330103,2023,0.054685414,0.6193136,4
D1_green_water_plus_1sd,17031330200,2023,0.05067554,0.6205639,4
D1_green_water_plus_1sd,17031340300,2023,0.04984133,0.6208979,4
D1_green_water_plus_1sd,17031340400,2023,0.049237877,0.6211759,4
D1_green_water_plus_1sd,17031340500,2023,0.05014334,0.62104493,4
D1_green_water_plus_1sd,17031340600,2023,0.07206609,0.62636906,4
D1_green_water_plus_1sd,17031350100,2023,0.051611476,0.6213707,4
D1_green_water_plus_1sd,17031350400,2023,0.048789628,0.62167436,4
D1_green_water_plus_1sd,17031351000,2023,0.052004933,0.62089485,4
D1_green_water_plus_1sd,17031351100,2023,0.05001481,0.6215993,4
D1_green_water_plus_1sd,17031351400,2023,0.05113472,0.6208739,4
D1_green_water_plus_1sd,17031351500,2023,0.04843565,0.6220056,4
D1_green_water_plus_1sd,17031360200,2023,0.04960303,0.6223295,4
D1_green_water_plus_1sd,17031380100,2023,0.0496717,0.62198734,4
D1_green_water_plus_1sd,17031380200,2023,0.051045187,0.62145627,4
D1_green_water_plus_1sd,17031380600,2023,0.050934024,0.6211002,4
D1_green_water_plus_1sd,17031381200,2023,0.13421863,0.57056105,4
D1_green_water_plus_1sd,17031381400,2023,0.13420722,0.57044923,4
D1_green_water_plus_1sd,17031381500,2023,0.13406724,0.5705346,4
D1_green_water_plus_1sd,17031381800,2023,0.13436243,0.57012427,4
D1_green_water_plus_1sd,17031381900,2023,0.1365752,0.5700556,4
D1_green_water_plus_1sd,17031390100,2023,0.04840509,0.62313175,4
D1_green_water_plus_1sd,17031390200,2023,0.060910992,0.5820502,4
D1_green_water_plus_1sd,17031390300,2023,0.048872642,0.62227035,4
D1_green_water_plus_1sd,17031390400,2023,0.062159467,0.5815562,4
D1_green_water_plus_1sd,17031390500,2023,0.0607507,0.5817667,4
D1_green_water_plus_1sd,17031390600,2023,0.060736775,0.5826222,4
D1_green_water_plus_1sd,17031390700,2023,0.060753837,0.58237135,4
D1_green_water_plus_1sd,17031400300,2023,0.13473094,0.57047635,4
D1_green_water_plus_1sd,17031400400,2023,0.13491976,0.5706024,4
D1_green_water_plus_1sd,17031400500,2023,0.13455334,0.5700487,4
D1_green_water_plus_1sd,17031400800,2023,0.13746387,0.5451237,4
D1_green_water_plus_1sd,17031410100,2023,0.061724644,0.58220685,4
D1_green_water_plus_1sd,17031410200,2023,0.060038656,0.5827321,4
D1_green_water_plus_1sd,17031410500,2023,0.13337788,0.5704669,4
D1_green_water_plus_1sd,17031410600,2023,0.117442936,0.5637625,4
D1_green_water_plus_1sd,17031410700,2023,0.060405836,0.58171034,4
D1_green_water_plus_1sd,17031410800,2023,0.06335801,0.5817006,4
D1_green_water_plus_1sd,17031410900,2023,0.061723482,0.5822756,4
D1_green_water_plus_1sd,17031411000,2023,0.06109467,0.58200186,4
D1_green_water_plus_1sd,17031411100,2023,0.116885245,0.5639566,4
D1_green_water_plus_1sd,17031411200,2023,0.116960555,0.563722,4
D1_green_water_plus_1sd,17031420100,2023,0.119701415,0.53924257,4
D1_green_water_plus_1sd,17031420200,2023,0.13640995,0.5702645,4
D1_green_water_plus_1sd,17031420300,2023,0.13762186,0.5446319,4
D1_green_water_plus_1sd,17031420400,2023,0.13753015,0.5456366,4
D1_green_water_plus_1sd,17031420500,2023,0.13692576,0.54570377,4
D1_green_water_plus_1sd,17031420600,2023,0.1377126,0.5447849,4
D1_green_water_plus_1sd,17031420700,2023,0.13820343,0.545462,4
D1_green_water_plus_1sd,17031420800,2023,0.13766177,0.5449158,4
D1_green_water_plus_1sd,17031421200,2023,0.13839589,0.54439443,4
D1_green_water_plus_1sd,17031430101,2023,0.12054438,0.53950894,4
D1_green_water_plus_1sd,17031430102,2023,0.12037528,0.5393688,4
D1_green_water_plus_1sd,17031430200,2023,0.13829882,0.54445493,4
D1_green_water_plus_1sd,17031430300,2023,0.13856299,0.54413676,4
D1_green_water_plus_1sd,17031430400,2023,0.13907585,0.54409254,4
D1_green_water_plus_1sd,17031430500,2023,0.13871989,0.5444313,4
D1_green_water_plus_1sd,17031430600,2023,0.13916922,0.5446478,4
D1_green_water_plus_1sd,17031430700,2023,0.12075519,0.53943855,4
D1_green_water_plus_1sd,17031430800,2023,0.13867165,0.5433151,4
D1_green_water_plus_1sd,17031430900,2023,0.1389399,0.5447931,4
D1_green_water_plus_1sd,17031431200,2023,0.13919728,0.54413575,4
D1_green_water_plus_1sd,17031431301,2023,0.13957196,0.54453814,4
D1_green_water_plus_1sd,17031431302,2023,0.13966,0.5448762,4
D1_green_water_plus_1sd,17031431400,2023,0.12008533,0.54028857,4
D1_green_water_plus_1sd,17031440101,2023,0.13951482,0.5450747,4
D1_green_water_plus_1sd,17031440102,2023,0.14011218,0.5449342,4
D1_green_water_plus_1sd,17031440201,2023,0.13945487,0.54472345,4
D1_green_water_plus_1sd,17031440202,2023,0.14023912,0.5451305,4
D1_green_water_plus_1sd,17031440300,2023,0.13988324,0.5443177,4
D1_green_water_plus_1sd,17031440600,2023,0.14035033,0.54450136,4
D1_green_water_plus_1sd,17031440700,2023,0.14054482,0.54428494,4
D1_green_water_plus_1sd,17031440800,2023,0.14011878,0.54343104,4
D1_green_water_plus_1sd,17031440900,2023,0.14095081,0.54529333,4
D1_green_water_plus_1sd,17031450300,2023,0.14012538,0.54482573,4
D1_green_water_plus_1sd,17031460100,2023,0.120942466,0.5402298,4
D1_green_water_plus_1sd,17031460200,2023,0.14060242,0.5436058,4
D1_green_water_plus_1sd,17031460301,2023,0.14066301,0.5444024,4
D1_green_water_plus_1sd,17031460302,2023,0.14022566,0.54397684,4
D1_green_water_plus_1sd,17031460400,2023,0.14036211,0.54437906,4
D1_green_water_plus_1sd,17031460500,2023,0.14018665,0.5449389,4
D1_green_water_plus_1sd,17031460800,2023,0.1409338,0.5435703,4
D1_green_water_plus_1sd,17031461000,2023,0.14137155,0.5443435,4
D1_green_water_plus_1sd,17031470100,2023,0.14057902,0.5450401,4
D1_green_water_plus_1sd,17031480100,2023,0.14107175,0.54473567,4
D1_green_water_plus_1sd,17031480200,2023,0.14059778,0.54466575,4
D1_green_water_plus_1sd,17031480300,2023,0.1411171,0.5448164,4
D1_green_water_plus_1sd,17031480400,2023,0.14071716,0.54419804,4
D1_green_water_plus_1sd,17031480500,2023,0.14130516,0.5436978,4
D1_green_water_plus_1sd,17031490200,2023,0.14103165,0.544198,4
D1_green_water_plus_1sd,17031490500,2023,0.14126159,0.54498214,4
D1_green_water_plus_1sd,17031490600,2023,0.14146881,0.5443512,4
D1_green_water_plus_1sd,17031490700,2023,0.14065042,0.5435464,4
D1_green_water_plus_1sd,17031490800,2023,0.14173426,0.54396576,4
D1_green_water_plus_1sd,17031490901,2023,0.14290154,0.54519653,4
D1_green_water_plus_1sd,17031490902,2023,0.14196855,0.5447879,4
D1_green_water_plus_1sd,17031491000,2023,0.1423777,0.5440507,4
D1_green_water_plus_1sd,17031491100,2023,0.14237407,0.5442065,4
D1_green_water_plus_1sd,17031491200,2023,0.14285022,0.54451615,4
D1_green_water_plus_1sd,17031491300,2023,0.14234157,0.54337037,4
D1_green_water_plus_1sd,17031491400,2023,0.14310177,0.54479206,4
D1_green_water_plus_1sd,17031500100,2023,0.14158082,0.5449053,4
D1_green_water_plus_1sd,17031500200,2023,0.1424459,0.5445399,4
D1_green_water_plus_1sd,17031500300,2023,0.1430665,0.5441596,4
D1_green_water_plus_1sd,17031510100,2023,0.14168774,0.543514,4
D1_green_water_plus_1sd,17031510200,2023,0.14202294,0.5434824,4
D1_green_water_plus_1sd,17031510300,2023,0.14153437,0.54373014,4
D1_green_water_plus_1sd,17031520100,2023,0.14199483,0.54392457,4
D1_green_water_plus_1sd,17031520200,2023,0.14149264,0.5441119,4
D1_green_water_plus_1sd,17031520300,2023,0.14289531,0.54317623,4
D1_green_water_plus_1sd,17031520400,2023,0.14227127,0.5439659,4
D1_green_water_plus_1sd,17031520500,2023,0.14277665,0.54254156,4
D1_green_water_plus_1sd,17031520600,2023,0.14289965,0.54281795,4
D1_green_water_plus_1sd,17031530100,2023,0.1434123,0.5439325,4
D1_green_water_plus_1sd,17031530200,2023,0.14309615,0.54433084,4
D1_green_water_plus_1sd,17031530300,2023,0.14336263,0.544219,4
D1_green_water_plus_1sd,17031530400,2023,0.14366156,0.5442622,4
D1_green_water_plus_1sd,17031530501,2023,0.14381556,0.5441945,4
D1_green_water_plus_1sd,17031530502,2023,0.14443305,0.544021,4
D1_green_water_plus_1sd,17031530503,2023,0.14441343,0.54399,4
D1_green_water_plus_1sd,17031530600,2023,0.14403634,0.54497194,4
D1_green_water_plus_1sd,17031540101,2023,0.14512837,0.5443124,4
D1_green_water_plus_1sd,17031540102,2023,0.14443824,0.5439018,4
D1_green_water_plus_1sd,17031550100,2023,0.14393163,0.54359597,4
D1_green_water_plus_1sd,17031550200,2023,0.1450456,0.54400384,4
D1_green_water_plus_1sd,17031560100,2023,0.050339725,0.7522447,4
D1_green_water_plus_1sd,17031560200,2023,0.05052209,0.7523945,4
D1_green_water_plus_1sd,17031560300,2023,0.050934337,0.7526423,4
D1_green_water_plus_1sd,17031560400,2023,0.05079545,0.7525079,4
D1_green_water_plus_1sd,17031560700,2023,0.05127493,0.752991,4
D1_green_water_plus_1sd,17031560800,2023,0.050685804,0.7527579,4
D1_green_water_plus_1sd,17031560900,2023,0.050671704,0.7523025,4
D1_green_water_plus_1sd,17031561000,2023,0.05015297,0.75253546,4
D1_green_water_plus_1sd,17031561100,2023,0.050108284,0.752521,4
D1_green_water_plus_1sd,17031570100,2023,0.049551878,0.7523424,4
D1_green_water_plus_1sd,17031570200,2023,0.050528347,0.7524001,4
D1_green_water_plus_1sd,17031570300,2023,0.050821573,0.75271785,4
D1_green_water_plus_1sd,17031570400,2023,0.05093833,0.7529624,4
D1_green_water_plus_1sd,17031570500,2023,0.052160025,0.75286436,4
D1_green_water_plus_1sd,17031580100,2023,0.05118999,0.75295633,4
D1_green_water_plus_1sd,17031580200,2023,0.051742233,0.7528783,4
D1_green_water_plus_1sd,17031580300,2023,0.050630543,0.7526616,4
D1_green_water_plus_1sd,17031580400,2023,0.051973104,0.7530254,4
D1_green_water_plus_1sd,17031580501,2023,0.05168483,0.75290465,4
D1_green_water_plus_1sd,17031580502,2023,0.052174065,0.7532513,4
D1_green_water_plus_1sd,17031580600,2023,0.052470353,0.75339234,4
D1_green_water_plus_1sd,17031580700,2023,0.051373266,0.7531421,4
D1_green_water_plus_1sd,17031580800,2023,0.051326305,0.7532901,4
D1_green_water_plus_1sd,17031590500,2023,0.05122286,0.7529784,4
D1_green_water_plus_1sd,17031590600,2023,0.08322185,0.6088018,4
D1_green_water_plus_1sd,17031590700,2023,0.08483089,0.6082255,4
D1_green_water_plus_1sd,17031600400,2023,0.050652526,0.6203391,4
D1_green_water_plus_1sd,17031600600,2023,0.06577341,0.62821275,4
D1_green_water_plus_1sd,17031600700,2023,0.08228885,0.61004454,4
D1_green_water_plus_1sd,17031600900,2023,0.083476186,0.6091585,4
D1_green_water_plus_1sd,17031610300,2023,0.08542306,0.6073111,4
D1_green_water_plus_1sd,17031610400,2023,0.09656712,0.5691918,4
D1_green_water_plus_1sd,17031610800,2023,0.09622968,0.5695103,4
D1_green_water_plus_1sd,17031611200,2023,0.09655088,0.5692163,4
D1_green_water_plus_1sd,17031611300,2023,0.096121624,0.5692345,4
D1_green_water_plus_1sd,17031611400,2023,0.095993504,0.56930566,4
D1_green_water_plus_1sd,17031611500,2023,0.051219136,0.75333834,4
D1_green_water_plus_1sd,17031611600,2023,0.09617683,0.5696551,4
D1_green_water_plus_1sd,17031611700,2023,0.096326746,0.5696416,4
D1_green_water_plus_1sd,17031611800,2023,0.09661142,0.56961554,4
D1_green_water_plus_1sd,17031611900,2023,0.096366666,0.5695188,4
D1_green_water_plus_1sd,17031612000,2023,0.09532311,0.569069,4
D1_green_water_plus_1sd,17031612100,2023,0.13407284,0.5694504,4
D1_green_water_plus_1sd,17031612200,2023,0.09660343,0.5692452,4
D1_green_water_plus_1sd,17031620100,2023,0.05179796,0.7534827,4
D1_green_water_plus_1sd,17031620200,2023,0.05112419,0.75302696,4
D1_green_water_plus_1sd,17031620300,2023,0.050883558,0.7532189,4
D1_green_water_plus_1sd,17031620400,2023,0.051011585,0.7533497,4
D1_green_water_plus_1sd,17031630300,2023,0.050644174,0.75358576,4
D1_green_water_plus_1sd,17031630400,2023,0.052392855,0.75359243,4
D1_green_water_plus_1sd,17031630500,2023,0.051330786,0.75359946,4
D1_green_water_plus_1sd,17031630600,2023,0.05136701,0.75336266,4
D1_green_water_plus_1sd,17031630800,2023,0.052544463,0.75383043,4
D1_green_water_plus_1sd,17031630900,2023,0.05221173,0.7535156,4
D1_green_water_plus_1sd,17031640100,2023,0.05146324,0.72982895,4
D1_green_water_plus_1sd,17031640300,2023,0.05211714,0.73046,4
D1_green_water_plus_1sd,17031640400,2023,0.051527362,0.73022044,4
D1_green_water_plus_1sd,17031640500,2023,0.05250346,0.7306746,4
D1_green_water_plus_1sd,17031640600,2023,0.05118031,0.7301447,4
D1_green_water_plus_1sd,17031640700,2023,0.05119013,0.7300321,4
D1_green_water_plus_1sd,17031640800,2023,0.05146633,0.73005,4
D1_green_water_plus_1sd,17031650100,2023,0.053587638,0.7304251,4
D1_green_water_plus_1sd,17031650200,2023,0.05258861,0.7303302,4
D1_green_water_plus_1sd,17031650301,2023,0.05296322,0.7306825,4
D1_green_water_plus_1sd,17031650302,2023,0.05275672,0.72997063,4
D1_green_water_plus_1sd,17031650400,2023,0.052108012,0.73023045,4
D1_green_water_plus_1sd,17031650500,2023,0.049004983,0.73115045,4
D1_green_water_plus_1sd,17031660301,2023,0.053783104,0.72999275,4
D1_green_water_plus_1sd,17031660302,2023,0.05129043,0.75374913,4
D1_green_water_plus_1sd,17031660400,2023,0.053652413,0.73042727,4
D1_green_water_plus_1sd,17031660500,2023,0.052827336,0.7300633,4
D1_green_water_plus_1sd,17031660600,2023,0.05241564,0.7300455,4
D1_green_water_plus_1sd,17031660700,2023,0.05237738,0.7298945,4
D1_green_water_plus_1sd,17031660800,2023,0.052679833,0.7299725,4
D1_green_water_plus_1sd,17031660900,2023,0.05181133,0.73032916,4
D1_green_water_plus_1sd,17031661000,2023,0.09249192,0.73031604,4
D1_green_water_plus_1sd,17031661100,2023,0.05256297,0.72983015,4
D1_green_water_plus_1sd,17031670100,2023,0.13437186,0.5693171,4
D1_green_water_plus_1sd,17031670200,2023,0.096505634,0.56953037,4
D1_green_water_plus_1sd,17031670300,2023,0.09655033,0.5694396,4
D1_green_water_plus_1sd,17031670400,2023,0.096046194,0.56977105,4
D1_green_water_plus_1sd,17031670500,2023,0.09635254,0.5694643,4
D1_green_water_plus_1sd,17031670600,2023,0.097331524,0.5449122,4
D1_green_water_plus_1sd,17031670700,2023,0.13527283,0.5706279,4
D1_green_water_plus_1sd,17031670800,2023,0.13594449,0.5697783,4
D1_green_water_plus_1sd,17031670900,2023,0.13567725,0.56986904,4
D1_green_water_plus_1sd,17031671100,2023,0.13785988,0.5455893,4
D1_green_water_plus_1sd,17031671200,2023,0.13732284,0.54601395,4
D1_green_water_plus_1sd,17031671300,2023,0.13792469,0.54563457,4
D1_green_water_plus_1sd,17031671400,2023,0.13780797,0.54582524,4
D1_green_water_plus_1sd,17031671500,2023,0.13811499,0.54636425,4
D1_green_water_plus_1sd,17031671600,2023,0.13818727,0.5453553,4
D1_green_water_plus_1sd,17031671800,2023,0.13804893,0.54438376,4
D1_green_water_plus_1sd,17031671900,2023,0.13864078,0.54521245,4
D1_green_water_plus_1sd,17031672000,2023,0.13864517,0.5453871,4
D1_green_water_plus_1sd,17031680500,2023,0.13434486,0.5692947,4
D1_green_water_plus_1sd,17031680600,2023,0.13573791,0.5696907,4
D1_green_water_plus_1sd,17031680900,2023,0.13778171,0.5450107,4
D1_green_water_plus_1sd,17031681000,2023,0.13794903,0.54517066,4
D1_green_water_plus_1sd,17031681100,2023,0.1380134,0.5455688,4
D1_green_water_plus_1sd,17031681200,2023,0.13835387,0.54484934,4
D1_green_water_plus_1sd,17031681300,2023,0.13829604,0.54507625,4
D1_green_water_plus_1sd,17031681400,2023,0.13820672,0.5453992,4
D1_green_water_plus_1sd,17031690300,2023,0.13821754,0.5450285,4
D1_green_water_plus_1sd,17031690400,2023,0.13843349,0.54452497,4
D1_green_water_plus_1sd,17031690500,2023,0.13858104,0.545622,4
D1_green_water_plus_1sd,17031690900,2023,0.13886867,0.54544246,4
D1_green_water_plus_1sd,17031691000,2023,0.13825405,0.54471767,4
D1_green_water_plus_1sd,17031691100,2023,0.13881978,0.54471874,4
D1_green_water_plus_1sd,17031691200,2023,0.13909887,0.54463995,4
D1_green_water_plus_1sd,17031691300,2023,0.13920656,0.5451987,4
D1_green_water_plus_1sd,17031691400,2023,0.13943402,0.5452332,4
D1_green_water_plus_1sd,17031691500,2023,0.1393796,0.54418194,4
D1_green_water_plus_1sd,17031700100,2023,0.09346713,0.7318028,4
D1_green_water_plus_1sd,17031700200,2023,0.050948616,0.7302934,4
D1_green_water_plus_1sd,17031700301,2023,0.052783,0.73099744,4
D1_green_water_plus_1sd,17031700302,2023,0.05258857,0.7305559,4
D1_green_water_plus_1sd,17031700401,2023,0.09396967,0.73158294,4
D1_green_water_plus_1sd,17031700402,2023,0.0942274,0.7317331,4
D1_green_water_plus_1sd,17031700501,2023,0.09364938,0.73179555,4
D1_green_water_plus_1sd,17031700502,2023,0.09363823,0.7302358,4
D1_green_water_plus_1sd,17031710100,2023,0.13870399,0.54408157,4
D1_green_water_plus_1sd,17031710200,2023,0.1383121,0.54524994,4
D1_green_water_plus_1sd,17031710300,2023,0.13901305,0.54538226,4
D1_green_water_plus_1sd,17031710400,2023,0.13913913,0.5459865,4
D1_green_water_plus_1sd,17031710500,2023,0.13931821,0.5450658,4
D1_green_water_plus_1sd,17031710600,2023,0.13889286,0.5442933,4
D1_green_water_plus_1sd,17031710700,2023,0.13948959,0.5450318,4
D1_green_water_plus_1sd,17031710800,2023,0.13955009,0.5448022,4
D1_green_water_plus_1sd,17031710900,2023,0.13997757,0.5447744,4
D1_green_water_plus_1sd,17031711000,2023,0.13976479,0.5458061,4
D1_green_water_plus_1sd,17031711100,2023,0.13986874,0.5448223,4
D1_green_water_plus_1sd,17031711200,2023,0.1397292,0.54496026,4
D1_green_water_plus_1sd,17031711300,2023,0.1401841,0.5447597,4
D1_green_water_plus_1sd,17031711400,2023,0.14033827,0.54557085,4
D1_green_water_plus_1sd,17031711500,2023,0.14042132,0.5448793,4
D1_green_water_plus_1sd,17031720100,2023,0.14020997,0.5458051,4
D1_green_water_plus_1sd,17031720200,2023,0.14123815,0.54553103,4
D1_green_water_plus_1sd,17031720300,2023,0.1398792,0.5453726,4
D1_green_water_plus_1sd,17031720400,2023,0.09629454,0.73158556,4
D1_green_water_plus_1sd,17031720500,2023,0.09629705,0.73048556,4
D1_green_water_plus_1sd,17031720600,2023,0.1416634,0.54572326,4
D1_green_water_plus_1sd,17031720700,2023,0.14165147,0.5454888,4
D1_green_water_plus_1sd,17031730100,2023,0.14042594,0.5449106,4
D1_green_water_plus_1sd,17031730201,2023,0.14057164,0.5445685,4
D1_green_water_plus_1sd,17031730202,2023,0.14075255,0.5446332,4
D1_green_water_plus_1sd,17031730300,2023,0.14050439,0.5446936,4
D1_green_water_plus_1sd,17031730400,2023,0.14110817,0.54449975,4
D1_green_water_plus_1sd,17031730500,2023,0.14147615,0.54426485,4
D1_green_water_plus_1sd,17031730600,2023,0.14161612,0.5443701,4
D1_green_water_plus_1sd,17031730700,2023,0.14173466,0.5448289,4
D1_green_water_plus_1sd,17031740100,2023,0.096616656,0.73184276,4
D1_green_water_plus_1sd,17031740200,2023,0.09411457,0.7304033,4
D1_green_water_plus_1sd,17031740300,2023,0.095863014,0.7305109,4
D1_green_water_plus_1sd,17031740400,2023,0.09664046,0.7315448,4
D1_green_water_plus_1sd,17031750100,2023,0.14247522,0.5442699,4
D1_green_water_plus_1sd,17031750200,2023,0.14226133,0.5455361,4
D1_green_water_plus_1sd,17031750300,2023,0.09596038,0.73061323,4
D1_green_water_plus_1sd,17031750400,2023,0.096919715,0.73193264,4
D1_green_water_plus_1sd,17031750500,2023,0.14247969,0.5452723,4
D1_green_water_plus_1sd,17031750600,2023,0.14280945,0.54423213,4
D1_green_water_plus_1sd,17031760801,2023,0.049669288,0.72918224,4
D1_green_water_plus_1sd,17031760802,2023,0.069995165,0.74317455,4
D1_green_water_plus_1sd,17031760803,2023,0.035741463,0.7036833,4
D1_green_water_plus_1sd,17031770500,2023,0.039758872,0.7007789,4
D1_green_water_plus_1sd,17031770602,2023,0.037304927,0.7019739,4
D1_green_water_plus_1sd,17031770700,2023,0.038071148,0.7005157,4
D1_green_water_plus_1sd,17031770800,2023,0.06957131,0.7436202,4
D1_green_water_plus_1sd,17031770901,2023,0.04498953,0.73652565,4
D1_green_water_plus_1sd,17031770902,2023,0.033609644,0.7059759,4
D1_green_water_plus_1sd,17031805402,2023,0.04420693,0.7340989,4
D1_green_water_plus_1sd,17031805502,2023,0.044174217,0.73470324,4
D1_green_water_plus_1sd,17031805600,2023,0.043413177,0.7356878,4
D1_green_water_plus_1sd,17031805702,2023,0.04495374,0.73560107,4
D1_green_water_plus_1sd,17031806600,2023,0.048141725,0.73376846,4
D1_green_water_plus_1sd,17031807600,2023,0.04499961,0.7340346,4
D1_green_water_plus_1sd,17031807800,2023,0.044862736,0.73421127,4
D1_green_water_plus_1sd,17031807900,2023,0.0427588,0.7354107,4
D1_green_water_plus_1sd,17031808001,2023,0.041947633,0.7357749,4
D1_green_water_plus_1sd,17031808002,2023,0.045444325,0.73451436,4
D1_green_water_plus_1sd,17031808100,2023,0.046991013,0.73379153,4
D1_green_water_plus_1sd,17031808200,2023,0.042970024,0.7346463,4
D1_green_water_plus_1sd,17031810000,2023,0.10810451,0.6778621,4
D1_green_water_plus_1sd,17031810200,2023,0.039987892,0.73582304,4
D1_green_water_plus_1sd,17031810301,2023,0.041304164,0.7353275,4
D1_green_water_plus_1sd,17031810400,2023,0.04599653,0.73424655,4
D1_green_water_plus_1sd,17031810501,2023,0.033635862,0.70590246,4
D1_green_water_plus_1sd,17031810502,2023,0.048718497,0.73511773,4
D1_green_water_plus_1sd,17031810600,2023,0.04519994,0.736564,4
D1_green_water_plus_1sd,17031810701,2023,0.024843602,0.737506,4
D1_green_water_plus_1sd,17031810702,2023,0.024937384,0.7372463,4
D1_green_water_plus_1sd,17031810800,2023,0.02490224,0.7370175,4
D1_green_water_plus_1sd,17031810900,2023,0.024795562,0.7373893,4
D1_green_water_plus_1sd,17031811100,2023,0.024733435,0.73627967,4
D1_green_water_plus_1sd,17031811200,2023,0.023080714,0.7350203,4
D1_green_water_plus_1sd,17031811500,2023,0.06970483,0.74485475,4
D1_green_water_plus_1sd,17031811600,2023,0.06919691,0.7449738,4
D1_green_water_plus_1sd,17031811701,2023,0.06882757,0.74268216,4
D1_green_water_plus_1sd,17031811900,2023,0.033726074,0.7837502,4
D1_green_water_plus_1sd,17031812100,2023,0.034312364,0.7844824,4
D1_green_water_plus_1sd,17031812200,2023,0.03382533,0.7838942,4
D1_green_water_plus_1sd,17031812500,2023,0.033372283,0.78398585,4
D1_green_water_plus_1sd,17031812600,2023,0.033932038,0.7846476,4
D1_green_water_plus_1sd,17031813000,2023,0.033991367,0.784868,4
D1_green_water_plus_1sd,17031813100,2023,0.047861923,0.7492672,4
D1_green_water_plus_1sd,17031813301,2023,0.04712884,0.7496228,4
D1_green_water_plus_1sd,17031813302,2023,0.04780422,0.74986434,4
D1_green_water_plus_1sd,17031813400,2023,0.047882065,0.74961114,4
D1_green_water_plus_1sd,17031813500,2023,0.047893234,0.7495803,4
D1_green_water_plus_1sd,17031813801,2023,0.04780422,0.7497228,4
D1_green_water_plus_1sd,17031814200,2023,0.047494292,0.7501254,4
D1_green_water_plus_1sd,17031820300,2023,0.047425427,0.7503494,4
D1_green_water_plus_1sd,17031820400,2023,0.047435693,0.7505763,4
D1_green_water_plus_1sd,17031820502,2023,0.046652324,0.727924,4
D1_green_water_plus_1sd,17031820700,2023,0.04695702,0.7499712,4
D1_green_water_plus_1sd,17031820800,2023,0.047176555,0.7504688,4
D1_green_water_plus_1sd,17031820901,2023,0.044701856,0.7283956,4
D1_green_water_plus_1sd,17031820902,2023,0.047161274,0.72817415,4
D1_green_water_plus_1sd,17031821102,2023,0.049337104,0.72803825,4
D1_green_water_plus_1sd,17031821200,2023,0.1428096,0.54311514,4
D1_green_water_plus_1sd,17031821401,2023,0.14306988,0.5429058,4
D1_green_water_plus_1sd,17031821402,2023,0.14327836,0.5428401,4
D1_green_water_plus_1sd,17031821500,2023,0.14396675,0.54262286,4
D1_green_water_plus_1sd,17031821600,2023,0.09170466,0.7272066,4
D1_green_water_plus_1sd,17031821700,2023,0.09373164,0.7271081,4
D1_green_water_plus_1sd,17031821900,2023,0.09248564,0.72735876,4
D1_green_water_plus_1sd,17031822000,2023,0.09321821,0.72699916,4
D1_green_water_plus_1sd,17031822101,2023,0.092808515,0.72706485,4
D1_green_water_plus_1sd,17031822701,2023,0.09431308,0.7270148,4
D1_green_water_plus_1sd,17031822702,2023,0.09391561,0.72717047,4
D1_green_water_plus_1sd,17031822801,2023,0.09317931,0.72735244,4
D1_green_water_plus_1sd,17031822802,2023,0.094699,0.7271952,4
D1_green_water_plus_1sd,17031823200,2023,0.0922949,0.72710943,4
D1_green_water_plus_1sd,17031823303,2023,0.0953473,0.7272604,4
D1_green_water_plus_1sd,17031823304,2023,0.09565084,0.72820926,4
D1_green_water_plus_1sd,17031823400,2023,0.09529235,0.7274825,4
D1_green_water_plus_1sd,17031823500,2023,0.09585243,0.72765285,4
D1_green_water_plus_1sd,17031825700,2023,0.14519,0.5418924,4
D1_green_water_plus_1sd,17031825801,2023,0.14467797,0.5421879,4
D1_green_water_plus_1sd,17031826401,2023,0.14481798,0.54226977,4
D1_green_water_plus_1sd,17031826500,2023,0.14528963,0.54242444,4
D1_green_water_plus_1sd,17031826600,2023,0.14437528,0.54253143,4
D1_green_water_plus_1sd,17031830500,2023,0.04967657,0.7522658,4
D1_green_water_plus_1sd,17031830600,2023,0.11148352,0.66991454,4
D1_green_water_plus_1sd,17031830700,2023,0.11331822,0.669899,4
D1_green_water_plus_1sd,17031830800,2023,0.10960409,0.67334116,4
D1_green_water_plus_1sd,17031830900,2023,-0.024870135,0.7118999,4
D1_green_water_plus_1sd,17031831000,2023,0.03665595,0.6542285,4
D1_green_water_plus_1sd,17031831100,2023,0.047890723,0.73154426,4
D1_green_water_plus_1sd,17031831200,2023,0.0006526676,0.7278012,4
D1_green_water_plus_1sd,17031831300,2023,0.011639363,0.7721357,4
D1_green_water_plus_1sd,17031831400,2023,0.049338046,0.7509521,4
D1_green_water_plus_1sd,17031831500,2023,0.02454891,0.738148,4
D1_green_water_plus_1sd,17031831600,2023,0.02536769,0.73911345,4
D1_green_water_plus_1sd,17031831700,2023,0.04590212,0.7340687,4
D1_green_water_plus_1sd,17031831800,2023,0.046923056,0.7307809,4
D1_green_water_plus_1sd,17031831900,2023,0.08594005,0.65828097,4
D1_green_water_plus_1sd,17031832000,2023,0.08439682,0.66099966,4
D1_green_water_plus_1sd,17031832100,2023,0.08292145,0.6613813,4
D1_green_water_plus_1sd,17031832200,2023,-0.027456138,0.71357876,4
D1_green_water_plus_1sd,17031832300,2023,0.03876384,0.65137696,4
D1_green_water_plus_1sd,17031832400,2023,-0.02730474,0.7137522,4
D1_green_water_plus_1sd,17031832500,2023,0.03907329,0.651829,4
D1_green_water_plus_1sd,17031832600,2023,0.038805176,0.65161085,4
D1_green_water_plus_1sd,17031832900,2023,0.05075366,0.6193251,4
D1_green_water_plus_1sd,17031833000,2023,0.039213996,0.6511867,4
D1_green_water_plus_1sd,17031833100,2023,0.03976955,0.6507048,4
D1_green_water_plus_1sd,17031833300,2023,0.053221088,0.6183635,4
D1_green_water_plus_1sd,17031833900,2023,0.14146802,0.5443944,4
D1_green_water_plus_1sd,17031834000,2023,0.13960932,0.54506576,4
D1_green_water_plus_1sd,17031834200,2023,0.1389809,0.54458004,4
D1_green_water_plus_1sd,17031834300,2023,0.13997038,0.54468405,4
D1_green_water_plus_1sd,17031834400,2023,0.1383708,0.54542387,4
D1_green_water_plus_1sd,17031834500,2023,0.13560736,0.56971955,4
D1_green_water_plus_1sd,17031834600,2023,0.13588503,0.5698384,4
D1_green_water_plus_1sd,17031834700,2023,0.13537237,0.56996644,4
D1_green_water_plus_1sd,17031834800,2023,0.13425478,0.57032645,4
D1_green_water_plus_1sd,17031834900,2023,0.13819732,0.5453824,4
D1_green_water_plus_1sd,17031835000,2023,0.05099415,0.729906,4
D1_green_water_plus_1sd,17031835100,2023,0.051433608,0.75377727,4
D1_green_water_plus_1sd,17031835200,2023,0.04942454,0.7527801,4
D1_green_water_plus_1sd,17031835500,2023,0.08299169,0.609488,4
D1_green_water_plus_1sd,17031835600,2023,0.13444325,0.5701182,4
D1_green_water_plus_1sd,17031835800,2023,0.121413834,0.61106974,4
D1_green_water_plus_1sd,17031836000,2023,0.049137652,0.62206167,4
D1_green_water_plus_1sd,17031836100,2023,0.13395874,0.57021755,4
D1_green_water_plus_1sd,17031836200,2023,0.13621905,0.5707065,4
D1_green_water_plus_1sd,17031836300,2023,0.060441367,0.58236396,4
D1_green_water_plus_1sd,17031836400,2023,0.04924969,0.6226953,4
D1_green_water_plus_1sd,17031836500,2023,0.04986626,0.6222997,4
D1_green_water_plus_1sd,17031836600,2023,-0.017484548,0.75825226,4
D1_green_water_plus_1sd,17031836700,2023,-0.015234925,0.7575136,4
D1_green_water_plus_1sd,17031836800,2023,0.021705773,0.8071768,4
D1_green_water_plus_1sd,17031836900,2023,0.019775908,0.80400586,4
D1_green_water_plus_1sd,17031837000,2023,0.019987639,0.8051462,4
D1_green_water_plus_1sd,17031837100,2023,-0.016242078,0.7569215,4
D1_green_water_plus_1sd,17031837300,2023,0.05008596,0.75161266,4
D1_green_water_plus_1sd,17031837400,2023,0.0360386,0.77115124,4
D1_green_water_plus_1sd,17031837800,2023,-0.015885817,0.7563362,4
D1_green_water_plus_1sd,17031838000,2023,-0.017790206,0.7569563,4
D1_green_water_plus_1sd,17031838100,2023,0.039605185,0.65058327,4
D1_green_water_plus_1sd,17031838200,2023,0.07270448,0.6263252,4
D1_green_water_plus_1sd,17031838300,2023,0.034970824,0.65585834,4
D1_green_water_plus_1sd,17031838600,2023,0.050655644,0.7512622,4
D1_green_water_plus_1sd,17031838700,2023,0.050849177,0.7518474,4
D1_green_water_plus_1sd,17031838800,2023,0.14335395,0.54474217,4
D1_green_water_plus_1sd,17031839000,2023,0.05511097,0.61806154,4
D1_green_water_plus_1sd,17031839100,2023,0.0388693,0.65221435,4
D1_green_water_plus_1sd,17031839200,2023,0.054232616,0.61895907,4
D1_green_water_plus_1sd,17031839500,2023,0.048216693,0.62232846,4
D1_green_water_plus_1sd,17031839600,2023,0.051548436,0.6207909,4
D1_green_water_plus_1sd,17031839700,2023,0.08423044,0.6087393,4
D1_green_water_plus_1sd,17031839800,2023,0.06646741,0.62857026,4
D1_green_water_plus_1sd,17031839900,2023,0.08558161,0.60809,4
D1_green_water_plus_1sd,17031840000,2023,0.06650862,0.62808335,4
D1_green_water_plus_1sd,17031840100,2023,0.04902311,0.6212867,4
D1_green_water_plus_1sd,17031840200,2023,0.066122934,0.6283553,4
D1_green_water_plus_1sd,17031840300,2023,0.05246985,0.75299436,4
D1_green_water_plus_1sd,17031840400,2023,0.0864808,0.60645974,4
D1_green_water_plus_1sd,17031840700,2023,0.050937757,0.75193,4
D1_green_water_plus_1sd,17031840800,2023,0.052245624,0.7527697,4
D1_green_water_plus_1sd,17031841000,2023,0.055259842,0.6184572,4
D1_green_water_plus_1sd,17031841100,2023,0.052556433,0.6191048,4
D1_green_water_plus_1sd,17031841200,2023,0.051615357,0.7521161,4
D1_green_water_plus_1sd,17031841300,2023,0.050412215,0.7523238,4
D1_green_water_plus_1sd,17031841500,2023,0.05064346,0.7515544,4
D1_green_water_plus_1sd,17031841700,2023,0.052127652,0.75225496,4
D1_green_water_plus_1sd,17031841800,2023,0.138722,0.5443438,4
D1_green_water_plus_1sd,17031841900,2023,0.056639574,0.6169275,4
D1_green_water_plus_1sd,17031842000,2023,0.055063672,0.6187376,4
D1_green_water_plus_1sd,17031842100,2023,0.035236232,0.78581095,4
D1_green_water_plus_1sd,17031842200,2023,0.03969117,0.65093863,4
D1_green_water_plus_1sd,17031842300,2023,0.039894253,0.65083975,4
D1_green_water_plus_1sd,17031842400,2023,0.1394059,0.5446063,4
D1_green_water_plus_1sd,17031842500,2023,0.13801502,0.54489267,4
D1_green_water_plus_1sd,17031842600,2023,0.086875066,0.60676986,4
D1_green_water_plus_1sd,17031842800,2023,0.05088585,0.7532635,4
D1_green_water_plus_1sd,17031842900,2023,0.072394066,0.6259809,4
D1_green_water_plus_1sd,17031843000,2023,0.051113084,0.7516663,4
D1_green_water_plus_1sd,17031843100,2023,0.051972702,0.7521378,4
D1_green_water_plus_1sd,17031843200,2023,0.07254212,0.6261672,4
D1_green_water_plus_1sd,17031843300,2023,0.049487583,0.75173175,4
D1_green_water_plus_1sd,17031843400,2023,0.050930344,0.7520071,4
D1_green_water_plus_1sd,17031843500,2023,0.051532656,0.75274295,4
D1_green_water_plus_1sd,17031843600,2023,0.061335094,0.58175147,4
D1_green_water_plus_1sd,17031843700,2023,0.04759856,0.73187816,4
D1_green_water_plus_1sd,17031843800,2023,0.13549031,0.5699317,4
D1_green_water_plus_1sd,17031843900,2023,0.11948851,0.539259,4
D1_green_water_plus_1sd,17031844600,2023,0.120187305,0.611331,4
D1_green_water_plus_1sd,17031844700,2023,0.05051948,0.7520576,4
D1_green_water_plus_1sd,17043840000,2023,0.06995866,0.73985726,4
D1_green_water_plus_1sd,17043840801,2023,0.069215044,0.74274564,4
D1_green_water_plus_1sd,17043840802,2023,0.06866098,0.74265754,4
D5_clean_maintenance_minus_1sd,17031010100,2023,0.031597275,0.6755196,4
D5_clean_maintenance_minus_1sd,17031010201,2023,0.031236913,0.67674166,4
D5_clean_maintenance_minus_1sd,17031010202,2023,0.03197234,0.6734606,4
D5_clean_maintenance_minus_1sd,17031010300,2023,0.032043174,0.6737658,4
D5_clean_maintenance_minus_1sd,17031010400,2023,0.03334994,0.6719411,4
D5_clean_maintenance_minus_1sd,17031010501,2023,0.030896045,0.67753816,4
D5_clean_maintenance_minus_1sd,17031010502,2023,0.031147033,0.6752467,4
D5_clean_maintenance_minus_1sd,17031010503,2023,0.031123798,0.67504823,4
D5_clean_maintenance_minus_1sd,17031010600,2023,0.032129902,0.67369425,4
D5_clean_maintenance_minus_1sd,17031010701,2023,0.031393133,0.6746793,4
D5_clean_maintenance_minus_1sd,17031010702,2023,0.03351491,0.6713878,4
D5_clean_maintenance_minus_1sd,17031020100,2023,0.030551594,0.7350894,4
D5_clean_maintenance_minus_1sd,17031020200,2023,0.030479379,0.7310629,4
D5_clean_maintenance_minus_1sd,17031020301,2023,0.030876946,0.7320291,4
D5_clean_maintenance_minus_1sd,17031020302,2023,0.030412149,0.7351478,4
D5_clean_maintenance_minus_1sd,17031020400,2023,0.03171903,0.73224974,4
D5_clean_maintenance_minus_1sd,17031020500,2023,0.031609632,0.73230505,4
D5_clean_maintenance_minus_1sd,17031020601,2023,0.030944549,0.73169637,4
D5_clean_maintenance_minus_1sd,17031020602,2023,0.03047229,0.73087454,4
D5_clean_maintenance_minus_1sd,17031020701,2023,0.030878922,0.73188734,4
D5_clean_maintenance_minus_1sd,17031020702,2023,0.030779466,0.73182344,4
D5_clean_maintenance_minus_1sd,17031020801,2023,0.031069688,0.7317059,4
D5_clean_maintenance_minus_1sd,17031020802,2023,0.031240664,0.73150957,4
D5_clean_maintenance_minus_1sd,17031020901,2023,0.03107488,0.7342075,4
D5_clean_maintenance_minus_1sd,17031020902,2023,0.033290956,0.6734357,4
D5_clean_maintenance_minus_1sd,17031030101,2023,0.030927777,0.67546344,4
D5_clean_maintenance_minus_1sd,17031030102,2023,0.030872839,0.6757866,4
D5_clean_maintenance_minus_1sd,17031030103,2023,0.031158652,0.6756171,4
D5_clean_maintenance_minus_1sd,17031030104,2023,0.031234201,0.67603374,4
D5_clean_maintenance_minus_1sd,17031030200,2023,0.031949036,0.67333674,4
D5_clean_maintenance_minus_1sd,17031030300,2023,0.03107396,0.6765195,4
D5_clean_maintenance_minus_1sd,17031030400,2023,0.031622726,0.6737492,4
D5_clean_maintenance_minus_1sd,17031030500,2023,0.03165409,0.6742083,4
D5_clean_maintenance_minus_1sd,17031030601,2023,0.03117567,0.67631865,4
D5_clean_maintenance_minus_1sd,17031030603,2023,0.030059977,0.6756859,4
D5_clean_maintenance_minus_1sd,17031030604,2023,0.031137079,0.67669433,4
D5_clean_maintenance_minus_1sd,17031030701,2023,0.03100932,0.67543757,4
D5_clean_maintenance_minus_1sd,17031030702,2023,0.03090927,0.67819065,4
D5_clean_maintenance_minus_1sd,17031030703,2023,0.030878786,0.6771807,4
D5_clean_maintenance_minus_1sd,17031030706,2023,0.031658392,0.67587984,4
D5_clean_maintenance_minus_1sd,17031030800,2023,0.031504095,0.67371607,4
D5_clean_maintenance_minus_1sd,17031030900,2023,0.031898633,0.6730536,4
D5_clean_maintenance_minus_1sd,17031031000,2023,0.031423546,0.67401206,4
D5_clean_maintenance_minus_1sd,17031031100,2023,0.032159258,0.6729693,4
D5_clean_maintenance_minus_1sd,17031031200,2023,0.031829078,0.6745483,4
D5_clean_maintenance_minus_1sd,17031031300,2023,0.03149413,0.6761132,4
D5_clean_maintenance_minus_1sd,17031031400,2023,0.050756086,0.65996635,4
D5_clean_maintenance_minus_1sd,17031031501,2023,0.030669337,0.6763332,4
D5_clean_maintenance_minus_1sd,17031031502,2023,0.03066859,0.67811745,4
D5_clean_maintenance_minus_1sd,17031031700,2023,0.031633157,0.67414004,4
D5_clean_maintenance_minus_1sd,17031031800,2023,0.032422118,0.6729896,4
D5_clean_maintenance_minus_1sd,17031031900,2023,0.031267952,0.6750576,4
D5_clean_maintenance_minus_1sd,17031032100,2023,0.050672855,0.6581139,4
D5_clean_maintenance_minus_1sd,17031040100,2023,0.031218242,0.73552185,4
D5_clean_maintenance_minus_1sd,17031040201,2023,0.031603128,0.7318852,4
D5_clean_maintenance_minus_1sd,17031040202,2023,0.031088151,0.73563266,4
D5_clean_maintenance_minus_1sd,17031040300,2023,0.031118777,0.7358066,4
D5_clean_maintenance_minus_1sd,17031040401,2023,0.031794123,0.73265713,4
D5_clean_maintenance_minus_1sd,17031040402,2023,0.032522447,0.6732781,4
D5_clean_maintenance_minus_1sd,17031040600,2023,0.03198338,0.73242086,4
D5_clean_maintenance_minus_1sd,17031040700,2023,0.03165179,0.73256767,4
D5_clean_maintenance_minus_1sd,17031040800,2023,0.03104245,0.7353983,4
D5_clean_maintenance_minus_1sd,17031040900,2023,0.03175858,0.7329332,4
D5_clean_maintenance_minus_1sd,17031050100,2023,0.031740624,0.67278594,4
D5_clean_maintenance_minus_1sd,17031050200,2023,0.03203066,0.7322135,4
D5_clean_maintenance_minus_1sd,17031050300,2023,0.03147894,0.73609006,4
D5_clean_maintenance_minus_1sd,17031050500,2023,0.032377437,0.7329187,4
D5_clean_maintenance_minus_1sd,17031050600,2023,0.03280101,0.67213553,4
D5_clean_maintenance_minus_1sd,17031050700,2023,0.030702908,0.6773178,4
D5_clean_maintenance_minus_1sd,17031050800,2023,0.032697808,0.7329266,4
D5_clean_maintenance_minus_1sd,17031050900,2023,0.03242581,0.7343441,4
D5_clean_maintenance_minus_1sd,17031051000,2023,0.03225347,0.733892,4
D5_clean_maintenance_minus_1sd,17031051100,2023,0.032597803,0.7330964,4
D5_clean_maintenance_minus_1sd,17031051200,2023,0.030578393,0.67619497,4
D5_clean_maintenance_minus_1sd,17031051300,2023,0.07286014,0.6543182,4
D5_clean_maintenance_minus_1sd,17031051400,2023,0.07426949,0.71348155,4
D5_clean_maintenance_minus_1sd,17031060100,2023,0.030725677,0.67730516,4
D5_clean_maintenance_minus_1sd,17031060200,2023,0.03144666,0.6752082,4
D5_clean_maintenance_minus_1sd,17031060300,2023,0.031331796,0.6742642,4
D5_clean_maintenance_minus_1sd,17031060400,2023,0.031895366,0.67361647,4
D5_clean_maintenance_minus_1sd,17031060500,2023,0.048188735,0.661503,4
D5_clean_maintenance_minus_1sd,17031060800,2023,0.048463646,0.66270894,4
D5_clean_maintenance_minus_1sd,17031060900,2023,0.048582204,0.6616265,4
D5_clean_maintenance_minus_1sd,17031061000,2023,0.048294336,0.66167736,4
D5_clean_maintenance_minus_1sd,17031061100,2023,0.050905604,0.65895003,4
D5_clean_maintenance_minus_1sd,17031061200,2023,0.04814729,0.6614709,4
D5_clean_maintenance_minus_1sd,17031061500,2023,0.048769254,0.6608522,4
D5_clean_maintenance_minus_1sd,17031061800,2023,0.048323102,0.66230214,4
D5_clean_maintenance_minus_1sd,17031061901,2023,0.048188433,0.66224426,4
D5_clean_maintenance_minus_1sd,17031061902,2023,0.04811892,0.66392756,4
D5_clean_maintenance_minus_1sd,17031062000,2023,0.04866683,0.66196156,4
D5_clean_maintenance_minus_1sd,17031062100,2023,0.049258754,0.65978813,4
D5_clean_maintenance_minus_1sd,17031062200,2023,0.048072085,0.661791,4
D5_clean_maintenance_minus_1sd,17031062300,2023,0.04777917,0.6622117,4
D5_clean_maintenance_minus_1sd,17031062400,2023,0.048413724,0.662112,4
D5_clean_maintenance_minus_1sd,17031062500,2023,0.049209595,0.65986,4
D5_clean_maintenance_minus_1sd,17031062600,2023,0.0743148,0.6539528,4
D5_clean_maintenance_minus_1sd,17031062700,2023,0.073398575,0.65411735,4
D5_clean_maintenance_minus_1sd,17031062800,2023,0.07295087,0.65453655,4
D5_clean_maintenance_minus_1sd,17031062900,2023,0.04894019,0.66051173,4
D5_clean_maintenance_minus_1sd,17031063000,2023,0.051594228,0.6559295,4
D5_clean_maintenance_minus_1sd,17031063100,2023,0.049181897,0.6606391,4
D5_clean_maintenance_minus_1sd,17031063200,2023,0.04872012,0.6616335,4
D5_clean_maintenance_minus_1sd,17031063301,2023,0.0722664,0.6550854,4
D5_clean_maintenance_minus_1sd,17031063302,2023,0.07316248,0.65482736,4
D5_clean_maintenance_minus_1sd,17031063303,2023,0.07291882,0.6561159,4
D5_clean_maintenance_minus_1sd,17031063400,2023,0.07317296,0.6548468,4
D5_clean_maintenance_minus_1sd,17031070101,2023,0.07203228,0.6566394,4
D5_clean_maintenance_minus_1sd,17031070102,2023,0.07356133,0.6547688,4
D5_clean_maintenance_minus_1sd,17031070103,2023,0.07244859,0.6560799,4
D5_clean_maintenance_minus_1sd,17031070200,2023,0.07742751,0.6517538,4
D5_clean_maintenance_minus_1sd,17031070300,2023,0.074172266,0.65436476,4
D5_clean_maintenance_minus_1sd,17031070400,2023,0.073837265,0.6545825,4
D5_clean_maintenance_minus_1sd,17031070500,2023,0.07848284,0.6519259,4
D5_clean_maintenance_minus_1sd,17031070600,2023,0.07481684,0.6533601,4
D5_clean_maintenance_minus_1sd,17031070700,2023,0.07660501,0.6525217,4
D5_clean_maintenance_minus_1sd,17031071000,2023,0.07484626,0.65400976,4
D5_clean_maintenance_minus_1sd,17031071100,2023,0.075154066,0.6538143,4
D5_clean_maintenance_minus_1sd,17031071200,2023,0.073344335,0.65498006,4
D5_clean_maintenance_minus_1sd,17031071300,2023,0.07234463,0.6560404,4
D5_clean_maintenance_minus_1sd,17031071400,2023,0.073857896,0.65523547,4
D5_clean_maintenance_minus_1sd,17031071500,2023,0.072593324,0.6559298,4
D5_clean_maintenance_minus_1sd,17031071600,2023,0.071953945,0.6559489,4
D5_clean_maintenance_minus_1sd,17031071700,2023,0.071064815,0.6563996,4
D5_clean_maintenance_minus_1sd,17031071800,2023,0.07229929,0.65508765,4
D5_clean_maintenance_minus_1sd,17031080100,2023,0.073328495,0.65572965,4
D5_clean_maintenance_minus_1sd,17031080201,2023,0.07428621,0.6557926,4
D5_clean_maintenance_minus_1sd,17031080202,2023,0.073789395,0.65530473,4
D5_clean_maintenance_minus_1sd,17031080300,2023,0.07616559,0.6530024,4
D5_clean_maintenance_minus_1sd,17031080400,2023,0.07466205,0.65475595,4
D5_clean_maintenance_minus_1sd,17031081000,2023,0.07761764,0.6526233,4
D5_clean_maintenance_minus_1sd,17031081100,2023,0.07743617,0.6526716,4
D5_clean_maintenance_minus_1sd,17031081201,2023,0.07812713,0.65212005,4
D5_clean_maintenance_minus_1sd,17031081202,2023,0.07481086,0.65508235,4
D5_clean_maintenance_minus_1sd,17031081300,2023,0.0775436,0.6525744,4
D5_clean_maintenance_minus_1sd,17031081401,2023,0.07758587,0.6524601,4
D5_clean_maintenance_minus_1sd,17031081402,2023,0.07602319,0.65394366,4
D5_clean_maintenance_minus_1sd,17031081403,2023,0.07681504,0.6530008,4
D5_clean_maintenance_minus_1sd,17031081500,2023,0.07805153,0.65213567,4
D5_clean_maintenance_minus_1sd,17031081600,2023,0.07776131,0.652249,4
D5_clean_maintenance_minus_1sd,17031081700,2023,0.07823728,0.6518597,4
D5_clean_maintenance_minus_1sd,17031081800,2023,0.0778803,0.6517496,4
D5_clean_maintenance_minus_1sd,17031081900,2023,0.072695404,0.6564747,4
D5_clean_maintenance_minus_1sd,17031090100,2023,0.026044106,0.733881,4
D5_clean_maintenance_minus_1sd,17031090200,2023,0.026394403,0.7311809,4
D5_clean_maintenance_minus_1sd,17031090300,2023,0.025914298,0.7340336,4
D5_clean_maintenance_minus_1sd,17031100100,2023,0.028524434,0.73031783,4
D5_clean_maintenance_minus_1sd,17031100200,2023,0.028040424,0.73086923,4
D5_clean_maintenance_minus_1sd,17031100300,2023,0.02704447,0.73491764,4
D5_clean_maintenance_minus_1sd,17031100400,2023,0.025838293,0.73373246,4
D5_clean_maintenance_minus_1sd,17031100500,2023,0.026733115,0.7345941,4
D5_clean_maintenance_minus_1sd,17031100600,2023,0.027411088,0.7343391,4
D5_clean_maintenance_minus_1sd,17031100700,2023,0.027928658,0.73526907,4
D5_clean_maintenance_minus_1sd,17031110100,2023,0.028681338,0.7306151,4
D5_clean_maintenance_minus_1sd,17031110200,2023,0.028762277,0.7312608,4
D5_clean_maintenance_minus_1sd,17031110300,2023,0.02841559,0.73537755,4
D5_clean_maintenance_minus_1sd,17031110400,2023,0.029542437,0.7323405,4
D5_clean_maintenance_minus_1sd,17031110501,2023,0.028627146,0.7347253,4
D5_clean_maintenance_minus_1sd,17031110502,2023,0.029383956,0.7309125,4
D5_clean_maintenance_minus_1sd,17031120100,2023,0.0278063,0.73466176,4
D5_clean_maintenance_minus_1sd,17031120200,2023,0.028488396,0.7297498,4
D5_clean_maintenance_minus_1sd,17031120300,2023,0.029165898,0.73489183,4
D5_clean_maintenance_minus_1sd,17031120400,2023,0.029359773,0.7318703,4
D5_clean_maintenance_minus_1sd,17031130100,2023,0.030019507,0.7310072,4
D5_clean_maintenance_minus_1sd,17031130200,2023,0.030244498,0.7315797,4
D5_clean_maintenance_minus_1sd,17031130300,2023,0.030856296,0.7320903,4
D5_clean_maintenance_minus_1sd,17031140100,2023,0.03153721,0.73283094,4
D5_clean_maintenance_minus_1sd,17031140200,2023,0.030886197,0.73165417,4
D5_clean_maintenance_minus_1sd,17031140301,2023,0.030657737,0.73251784,4
D5_clean_maintenance_minus_1sd,17031140302,2023,0.030285273,0.73597044,4
D5_clean_maintenance_minus_1sd,17031140400,2023,0.030316088,0.7314898,4
D5_clean_maintenance_minus_1sd,17031140500,2023,0.030769655,0.7324887,4
D5_clean_maintenance_minus_1sd,17031140601,2023,0.030401226,0.7346534,4
D5_clean_maintenance_minus_1sd,17031140602,2023,0.031112166,0.7326273,4
D5_clean_maintenance_minus_1sd,17031140701,2023,0.030851824,0.7324958,4
D5_clean_maintenance_minus_1sd,17031140702,2023,0.031180345,0.7323139,4
D5_clean_maintenance_minus_1sd,17031140800,2023,0.03148597,0.7323944,4
D5_clean_maintenance_minus_1sd,17031150200,2023,0.030046314,0.7314197,4
D5_clean_maintenance_minus_1sd,17031150300,2023,0.029991852,0.73178923,4
D5_clean_maintenance_minus_1sd,17031150401,2023,0.029240299,0.7318547,4
D5_clean_maintenance_minus_1sd,17031150402,2023,0.02891715,0.73432314,4
D5_clean_maintenance_minus_1sd,17031150501,2023,0.02889664,0.7375034,4
D5_clean_maintenance_minus_1sd,17031150502,2023,0.028973605,0.7319647,4
D5_clean_maintenance_minus_1sd,17031150600,2023,0.02891966,0.7343179,4
D5_clean_maintenance_minus_1sd,17031150700,2023,0.029319946,0.736227,4
D5_clean_maintenance_minus_1sd,17031150800,2023,0.029936679,0.7343072,4
D5_clean_maintenance_minus_1sd,17031151001,2023,0.030142333,0.7340402,4
D5_clean_maintenance_minus_1sd,17031151002,2023,0.03004004,0.7360561,4
D5_clean_maintenance_minus_1sd,17031151100,2023,0.029655008,0.7341712,4
D5_clean_maintenance_minus_1sd,17031151200,2023,0.029017653,0.7361892,4
D5_clean_maintenance_minus_1sd,17031160100,2023,0.029737236,0.73436594,4
D5_clean_maintenance_minus_1sd,17031160200,2023,0.029599689,0.7333272,4
D5_clean_maintenance_minus_1sd,17031160300,2023,0.03024568,0.7346356,4
D5_clean_maintenance_minus_1sd,17031160400,2023,0.030454572,0.7334279,4
D5_clean_maintenance_minus_1sd,17031160501,2023,0.031002993,0.7362634,4
D5_clean_maintenance_minus_1sd,17031160502,2023,0.03119661,0.7328812,4
D5_clean_maintenance_minus_1sd,17031160601,2023,0.030927408,0.7361271,4
D5_clean_maintenance_minus_1sd,17031160602,2023,0.03158106,0.7329396,4
D5_clean_maintenance_minus_1sd,17031160700,2023,0.03129038,0.7315399,4
D5_clean_maintenance_minus_1sd,17031160800,2023,0.031668793,0.73227686,4
D5_clean_maintenance_minus_1sd,17031160900,2023,0.03141398,0.7330266,4
D5_clean_maintenance_minus_1sd,17031161000,2023,0.031326283,0.73350817,4
D5_clean_maintenance_minus_1sd,17031161100,2023,0.031166587,0.7325153,4
D5_clean_maintenance_minus_1sd,17031161200,2023,0.030348787,0.73629117,4
D5_clean_maintenance_minus_1sd,17031161300,2023,0.031215955,0.7326475,4
D5_clean_maintenance_minus_1sd,17031170100,2023,0.02756012,0.7337074,4
D5_clean_maintenance_minus_1sd,17031170200,2023,0.029075436,0.73261535,4
D5_clean_maintenance_minus_1sd,17031170300,2023,0.028190576,0.73570883,4
D5_clean_maintenance_minus_1sd,17031170400,2023,0.05837981,0.7009733,4
D5_clean_maintenance_minus_1sd,17031170500,2023,0.05783335,0.7046093,4
D5_clean_maintenance_minus_1sd,17031170600,2023,0.029411905,0.74711686,4
D5_clean_maintenance_minus_1sd,17031170700,2023,0.029263405,0.74646074,4
D5_clean_maintenance_minus_1sd,17031170800,2023,0.058511265,0.70466125,4
D5_clean_maintenance_minus_1sd,17031170900,2023,0.029772617,0.7473473,4
D5_clean_maintenance_minus_1sd,17031171000,2023,0.05881499,0.7045697,4
D5_clean_maintenance_minus_1sd,17031171100,2023,0.028961338,0.73315614,4
D5_clean_maintenance_minus_1sd,17031180100,2023,0.08529156,0.6957431,4
D5_clean_maintenance_minus_1sd,17031190100,2023,0.055376507,0.7272067,4
D5_clean_maintenance_minus_1sd,17031190200,2023,0.05517873,0.7261952,4
D5_clean_maintenance_minus_1sd,17031190300,2023,0.055335864,0.72627646,4
D5_clean_maintenance_minus_1sd,17031190401,2023,0.05486232,0.72588605,4
D5_clean_maintenance_minus_1sd,17031190402,2023,0.055071726,0.7278924,4
D5_clean_maintenance_minus_1sd,17031190601,2023,0.08606252,0.69605964,4
D5_clean_maintenance_minus_1sd,17031190602,2023,0.05564163,0.72725636,4
D5_clean_maintenance_minus_1sd,17031190701,2023,0.055735137,0.7276259,4
D5_clean_maintenance_minus_1sd,17031190702,2023,0.055757277,0.72741663,4
D5_clean_maintenance_minus_1sd,17031190800,2023,0.05544818,0.7257896,4
D5_clean_maintenance_minus_1sd,17031190900,2023,0.05588517,0.72758645,4
D5_clean_maintenance_minus_1sd,17031191000,2023,0.05671815,0.7276007,4
D5_clean_maintenance_minus_1sd,17031191100,2023,0.05630149,0.7260224,4
D5_clean_maintenance_minus_1sd,17031191200,2023,0.055986658,0.7276309,4
D5_clean_maintenance_minus_1sd,17031191301,2023,0.055736825,0.73982143,4
D5_clean_maintenance_minus_1sd,17031191302,2023,0.057472587,0.73968804,4
D5_clean_maintenance_minus_1sd,17031200100,2023,0.056144048,0.72758317,4
D5_clean_maintenance_minus_1sd,17031200200,2023,0.05670713,0.72749954,4
D5_clean_maintenance_minus_1sd,17031200300,2023,0.056437917,0.72782564,4
D5_clean_maintenance_minus_1sd,17031200401,2023,0.057326097,0.726141,4
D5_clean_maintenance_minus_1sd,17031200402,2023,0.056171626,0.7267083,4
D5_clean_maintenance_minus_1sd,17031210100,2023,0.031293683,0.7316585,4
D5_clean_maintenance_minus_1sd,17031210400,2023,0.056300633,0.727618,4
D5_clean_maintenance_minus_1sd,17031210501,2023,0.0308999,0.73435414,4
D5_clean_maintenance_minus_1sd,17031210502,2023,0.056073636,0.72665596,4
D5_clean_maintenance_minus_1sd,17031210601,2023,0.031418223,0.7351799,4
D5_clean_maintenance_minus_1sd,17031210602,2023,0.05687443,0.7259471,4
D5_clean_maintenance_minus_1sd,17031210700,2023,0.05656609,0.726656,4
D5_clean_maintenance_minus_1sd,17031210800,2023,0.05641403,0.72664773,4
D5_clean_maintenance_minus_1sd,17031210900,2023,0.05719059,0.7260213,4
D5_clean_maintenance_minus_1sd,17031220300,2023,0.056960247,0.7268551,4
D5_clean_maintenance_minus_1sd,17031220400,2023,0.056869358,0.72670364,4
D5_clean_maintenance_minus_1sd,17031220500,2023,0.05683392,0.72607595,4
D5_clean_maintenance_minus_1sd,17031220601,2023,0.055893887,0.7275788,4
D5_clean_maintenance_minus_1sd,17031220602,2023,0.056674883,0.7258581,4
D5_clean_maintenance_minus_1sd,17031220701,2023,0.05644385,0.7279339,4
D5_clean_maintenance_minus_1sd,17031220702,2023,0.05649831,0.72688943,4
D5_clean_maintenance_minus_1sd,17031220901,2023,0.05735772,0.72783244,4
D5_clean_maintenance_minus_1sd,17031220902,2023,0.05668658,0.7279575,4
D5_clean_maintenance_minus_1sd,17031221000,2023,0.056676343,0.72787946,4
D5_clean_maintenance_minus_1sd,17031221100,2023,0.056549016,0.72795653,4
D5_clean_maintenance_minus_1sd,17031221200,2023,0.056773927,0.7267319,4
D5_clean_maintenance_minus_1sd,17031221300,2023,0.07438445,0.7133677,4
D5_clean_maintenance_minus_1sd,17031221400,2023,0.075413436,0.7129415,4
D5_clean_maintenance_minus_1sd,17031221500,2023,0.07470775,0.7132919,4
D5_clean_maintenance_minus_1sd,17031221600,2023,0.07602086,0.7129282,4
D5_clean_maintenance_minus_1sd,17031222200,2023,0.07477002,0.713858,4
D5_clean_maintenance_minus_1sd,17031222500,2023,0.07450506,0.71449566,4
D5_clean_maintenance_minus_1sd,17031222600,2023,0.07455215,0.7149403,4
D5_clean_maintenance_minus_1sd,17031222700,2023,0.057032183,0.72804904,4
D5_clean_maintenance_minus_1sd,17031222800,2023,0.057320856,0.72831196,4
D5_clean_maintenance_minus_1sd,17031222900,2023,0.056819722,0.7283648,4
D5_clean_maintenance_minus_1sd,17031230100,2023,0.07488315,0.7144725,4
D5_clean_maintenance_minus_1sd,17031230200,2023,0.07488219,0.7139362,4
D5_clean_maintenance_minus_1sd,17031230300,2023,0.075203255,0.71404195,4
D5_clean_maintenance_minus_1sd,17031230400,2023,0.056887016,0.728248,4
D5_clean_maintenance_minus_1sd,17031230500,2023,0.05698012,0.727787,4
D5_clean_maintenance_minus_1sd,17031230600,2023,0.057046376,0.7719001,4
D5_clean_maintenance_minus_1sd,17031230700,2023,0.07510315,0.7594428,4
D5_clean_maintenance_minus_1sd,17031230800,2023,0.07340387,0.7585021,4
D5_clean_maintenance_minus_1sd,17031230900,2023,0.07291737,0.758505,4
D5_clean_maintenance_minus_1sd,17031231100,2023,0.07363522,0.758576,4
D5_clean_maintenance_minus_1sd,17031231200,2023,0.073862806,0.75882936,4
D5_clean_maintenance_minus_1sd,17031231500,2023,0.04567095,0.805568,4
D5_clean_maintenance_minus_1sd,17031240200,2023,0.0734203,0.6548254,4
D5_clean_maintenance_minus_1sd,17031240300,2023,0.07390179,0.65430367,4
D5_clean_maintenance_minus_1sd,17031240500,2023,0.075098716,0.71319026,4
D5_clean_maintenance_minus_1sd,17031240600,2023,0.07492958,0.714535,4
D5_clean_maintenance_minus_1sd,17031240700,2023,0.07517281,0.7150943,4
D5_clean_maintenance_minus_1sd,17031240800,2023,0.074455604,0.7144767,4
D5_clean_maintenance_minus_1sd,17031240900,2023,0.07433963,0.75752103,4
D5_clean_maintenance_minus_1sd,17031241000,2023,0.07511914,0.7574765,4
D5_clean_maintenance_minus_1sd,17031241100,2023,0.07369384,0.7577969,4
D5_clean_maintenance_minus_1sd,17031241200,2023,0.0733967,0.75753534,4
D5_clean_maintenance_minus_1sd,17031241300,2023,0.07364778,0.7574244,4
D5_clean_maintenance_minus_1sd,17031241400,2023,0.07751579,0.65143514,4
D5_clean_maintenance_minus_1sd,17031241500,2023,0.07739163,0.6518899,4
D5_clean_maintenance_minus_1sd,17031241600,2023,0.080470644,0.65012217,4
D5_clean_maintenance_minus_1sd,17031242000,2023,0.07417338,0.6543598,4
D5_clean_maintenance_minus_1sd,17031242100,2023,0.074791044,0.6539339,4
D5_clean_maintenance_minus_1sd,17031242200,2023,0.0759535,0.65313077,4
D5_clean_maintenance_minus_1sd,17031242300,2023,0.056671955,0.7306611,4
D5_clean_maintenance_minus_1sd,17031242400,2023,0.07401417,0.75663006,4
D5_clean_maintenance_minus_1sd,17031242500,2023,0.07394192,0.7576266,4
D5_clean_maintenance_minus_1sd,17031242600,2023,0.07432759,0.7573281,4
D5_clean_maintenance_minus_1sd,17031242700,2023,0.073810615,0.7585961,4
D5_clean_maintenance_minus_1sd,17031242800,2023,0.07398922,0.7578525,4
D5_clean_maintenance_minus_1sd,17031242900,2023,0.07454899,0.75716645,4
D5_clean_maintenance_minus_1sd,17031243000,2023,0.07806001,0.6518403,4
D5_clean_maintenance_minus_1sd,17031243100,2023,0.078388184,0.6515323,4
D5_clean_maintenance_minus_1sd,17031243200,2023,0.07801694,0.6519268,4
D5_clean_maintenance_minus_1sd,17031243300,2023,0.079086125,0.6514893,4
D5_clean_maintenance_minus_1sd,17031243400,2023,0.07408032,0.65410596,4
D5_clean_maintenance_minus_1sd,17031243500,2023,0.07875,0.65065753,4
D5_clean_maintenance_minus_1sd,17031250200,2023,0.0564856,0.7278883,4
D5_clean_maintenance_minus_1sd,17031250300,2023,0.057416968,0.7401858,4
D5_clean_maintenance_minus_1sd,17031250400,2023,0.05622919,0.7398819,4
D5_clean_maintenance_minus_1sd,17031250500,2023,0.056184195,0.73831606,4
D5_clean_maintenance_minus_1sd,17031250600,2023,0.05709479,0.78624916,4
D5_clean_maintenance_minus_1sd,17031250700,2023,0.056458715,0.7863674,4
D5_clean_maintenance_minus_1sd,17031250800,2023,0.056639366,0.78589356,4
D5_clean_maintenance_minus_1sd,17031251000,2023,0.056422092,0.7869247,4
D5_clean_maintenance_minus_1sd,17031251100,2023,0.0565406,0.78634375,4
D5_clean_maintenance_minus_1sd,17031251200,2023,0.0571618,0.7862188,4
D5_clean_maintenance_minus_1sd,17031251300,2023,0.057341818,0.7875707,4
D5_clean_maintenance_minus_1sd,17031251400,2023,0.057490826,0.7874035,4
D5_clean_maintenance_minus_1sd,17031251500,2023,0.05684771,0.7864461,4
D5_clean_maintenance_minus_1sd,17031251600,2023,0.056234427,0.78662336,4
D5_clean_maintenance_minus_1sd,17031251700,2023,0.056033283,0.78769994,4
D5_clean_maintenance_minus_1sd,17031251800,2023,0.05720787,0.78633344,4
D5_clean_maintenance_minus_1sd,17031251900,2023,0.056679454,0.7870865,4
D5_clean_maintenance_minus_1sd,17031252000,2023,0.057942405,0.78647184,4
D5_clean_maintenance_minus_1sd,17031252101,2023,0.031243024,0.7501757,4
D5_clean_maintenance_minus_1sd,17031252102,2023,0.056721345,0.78777254,4
D5_clean_maintenance_minus_1sd,17031252201,2023,0.05696755,0.7867207,4
D5_clean_maintenance_minus_1sd,17031252202,2023,0.057053924,0.78640676,4
D5_clean_maintenance_minus_1sd,17031260100,2023,0.05673141,0.7875961,4
D5_clean_maintenance_minus_1sd,17031260200,2023,0.056823358,0.7865428,4
D5_clean_maintenance_minus_1sd,17031260300,2023,0.056401372,0.78678954,4
D5_clean_maintenance_minus_1sd,17031260400,2023,0.056537487,0.786834,4
D5_clean_maintenance_minus_1sd,17031260500,2023,0.056357317,0.78811085,4
D5_clean_maintenance_minus_1sd,17031260600,2023,0.056893975,0.7852347,4
D5_clean_maintenance_minus_1sd,17031260700,2023,0.056419007,0.7870685,4
D5_clean_maintenance_minus_1sd,17031260800,2023,0.05624052,0.7872075,4
D5_clean_maintenance_minus_1sd,17031260900,2023,0.030186621,0.751361,4
D5_clean_maintenance_minus_1sd,17031261000,2023,0.0305702,0.75143194,4
D5_clean_maintenance_minus_1sd,17031270500,2023,0.056635145,0.78693235,4
D5_clean_maintenance_minus_1sd,17031271200,2023,0.04395712,0.8051292,4
D5_clean_maintenance_minus_1sd,17031271300,2023,0.056268208,0.78693587,4
D5_clean_maintenance_minus_1sd,17031271400,2023,0.056150097,0.78730613,4
D5_clean_maintenance_minus_1sd,17031271500,2023,0.03054783,0.7500217,4
D5_clean_maintenance_minus_1sd,17031271800,2023,0.030537233,0.74988973,4
D5_clean_maintenance_minus_1sd,17031280100,2023,0.07779817,0.6517951,4
D5_clean_maintenance_minus_1sd,17031280400,2023,0.07955216,0.65058583,4
D5_clean_maintenance_minus_1sd,17031280800,2023,0.042990863,0.80481684,4
D5_clean_maintenance_minus_1sd,17031280900,2023,0.043114416,0.8046513,4
D5_clean_maintenance_minus_1sd,17031281900,2023,0.078412935,0.65146226,4
D5_clean_maintenance_minus_1sd,17031282700,2023,0.017457547,0.76915854,4
D5_clean_maintenance_minus_1sd,17031282800,2023,0.01754876,0.769725,4
D5_clean_maintenance_minus_1sd,17031283100,2023,0.046339627,0.6191943,4
D5_clean_maintenance_minus_1sd,17031283200,2023,0.045687236,0.6202181,4
D5_clean_maintenance_minus_1sd,17031283800,2023,0.04658293,0.61982054,4
D5_clean_maintenance_minus_1sd,17031290900,2023,0.030902017,0.7518223,4
D5_clean_maintenance_minus_1sd,17031291200,2023,0.030054532,0.75230384,4
D5_clean_maintenance_minus_1sd,17031291600,2023,0.03102077,0.7501817,4
D5_clean_maintenance_minus_1sd,17031292200,2023,0.030288383,0.7511311,4
D5_clean_maintenance_minus_1sd,17031292400,2023,0.030656025,0.7518013,4
D5_clean_maintenance_minus_1sd,17031292500,2023,0.030852888,0.7514432,4
D5_clean_maintenance_minus_1sd,17031300500,2023,0.031098008,0.7525327,4
D5_clean_maintenance_minus_1sd,17031300600,2023,0.030369487,0.7521042,4
D5_clean_maintenance_minus_1sd,17031300700,2023,0.030283432,0.75226545,4
D5_clean_maintenance_minus_1sd,17031300800,2023,0.030234495,0.7521908,4
D5_clean_maintenance_minus_1sd,17031300900,2023,0.031165121,0.75231767,4
D5_clean_maintenance_minus_1sd,17031301100,2023,0.030728439,0.75229037,4
D5_clean_maintenance_minus_1sd,17031301200,2023,0.03062647,0.7524768,4
D5_clean_maintenance_minus_1sd,17031301600,2023,0.030745337,0.7522495,4
D5_clean_maintenance_minus_1sd,17031301701,2023,0.031355493,0.75216305,4
D5_clean_maintenance_minus_1sd,17031301702,2023,0.030747399,0.7522059,4
D5_clean_maintenance_minus_1sd,17031301801,2023,0.03128425,0.751938,4
D5_clean_maintenance_minus_1sd,17031301802,2023,0.030640647,0.75245404,4
D5_clean_maintenance_minus_1sd,17031301803,2023,0.030891549,0.7521995,4
D5_clean_maintenance_minus_1sd,17031310200,2023,0.049789127,0.6178019,4
D5_clean_maintenance_minus_1sd,17031310300,2023,0.046931878,0.6193391,4
D5_clean_maintenance_minus_1sd,17031310400,2023,0.04568179,0.61991274,4
D5_clean_maintenance_minus_1sd,17031310500,2023,0.047897678,0.618805,4
D5_clean_maintenance_minus_1sd,17031310600,2023,0.0490037,0.61804986,4
D5_clean_maintenance_minus_1sd,17031310700,2023,0.046139743,0.6278969,4
D5_clean_maintenance_minus_1sd,17031310800,2023,0.047033627,0.6274559,4
D5_clean_maintenance_minus_1sd,17031310900,2023,0.04829117,0.6273477,4
D5_clean_maintenance_minus_1sd,17031320101,2023,0.07691064,0.65313435,4
D5_clean_maintenance_minus_1sd,17031320102,2023,0.077349305,0.65258366,4
D5_clean_maintenance_minus_1sd,17031320400,2023,0.07692042,0.65311885,4
D5_clean_maintenance_minus_1sd,17031320600,2023,0.05051639,0.6179747,4
D5_clean_maintenance_minus_1sd,17031330101,2023,0.050492734,0.61837524,4
D5_clean_maintenance_minus_1sd,17031330102,2023,0.050606262,0.6174436,4
D5_clean_maintenance_minus_1sd,17031330103,2023,0.048769955,0.6193136,4
D5_clean_maintenance_minus_1sd,17031330200,2023,0.04610479,0.6205639,4
D5_clean_maintenance_minus_1sd,17031340300,2023,0.045034535,0.6208979,4
D5_clean_maintenance_minus_1sd,17031340400,2023,0.044251617,0.6211759,4
D5_clean_maintenance_minus_1sd,17031340500,2023,0.04492446,0.62104493,4
D5_clean_maintenance_minus_1sd,17031340600,2023,0.050357845,0.62636906,4
D5_clean_maintenance_minus_1sd,17031350100,2023,0.04586109,0.6213707,4
D5_clean_maintenance_minus_1sd,17031350400,2023,0.04497987,0.62167436,4
D5_clean_maintenance_minus_1sd,17031351000,2023,0.046434317,0.62089485,4
D5_clean_maintenance_minus_1sd,17031351100,2023,0.044796623,0.6215993,4
D5_clean_maintenance_minus_1sd,17031351400,2023,0.04622982,0.6208739,4
D5_clean_maintenance_minus_1sd,17031351500,2023,0.0437025,0.6220056,4
D5_clean_maintenance_minus_1sd,17031360200,2023,0.044345487,0.6223295,4
D5_clean_maintenance_minus_1sd,17031380100,2023,0.043883245,0.62198734,4
D5_clean_maintenance_minus_1sd,17031380200,2023,0.045240067,0.62145627,4
D5_clean_maintenance_minus_1sd,17031380600,2023,0.046035614,0.6211002,4
D5_clean_maintenance_minus_1sd,17031381200,2023,0.020853,0.57056105,4
D5_clean_maintenance_minus_1sd,17031381400,2023,0.02106797,0.57044923,4
D5_clean_maintenance_minus_1sd,17031381500,2023,0.020856233,0.5705346,4
D5_clean_maintenance_minus_1sd,17031381800,2023,0.021499068,0.57012427,4
D5_clean_maintenance_minus_1sd,17031381900,2023,0.02307447,0.5700556,4
D5_clean_maintenance_minus_1sd,17031390100,2023,0.042394955,0.62313175,4
D5_clean_maintenance_minus_1sd,17031390200,2023,0.038268756,0.5820502,4
D5_clean_maintenance_minus_1sd,17031390300,2023,0.043542065,0.62227035,4
D5_clean_maintenance_minus_1sd,17031390400,2023,0.03833071,0.5815562,4
D5_clean_maintenance_minus_1sd,17031390500,2023,0.038114972,0.5817667,4
D5_clean_maintenance_minus_1sd,17031390600,2023,0.03772504,0.5826222,4
D5_clean_maintenance_minus_1sd,17031390700,2023,0.03749875,0.58237135,4
D5_clean_maintenance_minus_1sd,17031400300,2023,0.02009022,0.57047635,4
D5_clean_maintenance_minus_1sd,17031400400,2023,0.01976094,0.5706024,4
D5_clean_maintenance_minus_1sd,17031400500,2023,0.020668423,0.5700487,4
D5_clean_maintenance_minus_1sd,17031400800,2023,0.0056237,0.5451237,4
D5_clean_maintenance_minus_1sd,17031410100,2023,0.037772067,0.58220685,4
D5_clean_maintenance_minus_1sd,17031410200,2023,0.037713967,0.5827321,4
D5_clean_maintenance_minus_1sd,17031410500,2023,0.020674063,0.5704669,4
D5_clean_maintenance_minus_1sd,17031410600,2023,0.020081896,0.5637625,4
D5_clean_maintenance_minus_1sd,17031410700,2023,0.037920184,0.58171034,4
D5_clean_maintenance_minus_1sd,17031410800,2023,0.039915793,0.5817006,4
D5_clean_maintenance_minus_1sd,17031410900,2023,0.038154393,0.5822756,4
D5_clean_maintenance_minus_1sd,17031411000,2023,0.038006052,0.58200186,4
D5_clean_maintenance_minus_1sd,17031411100,2023,0.018981503,0.5639566,4
D5_clean_maintenance_minus_1sd,17031411200,2023,0.019223992,0.563722,4
D5_clean_maintenance_minus_1sd,17031420100,2023,0.0033256821,0.53924257,4
D5_clean_maintenance_minus_1sd,17031420200,2023,0.020571254,0.5702645,4
D5_clean_maintenance_minus_1sd,17031420300,2023,0.005732091,0.5446319,4
D5_clean_maintenance_minus_1sd,17031420400,2023,0.005377868,0.5456366,4
D5_clean_maintenance_minus_1sd,17031420500,2023,0.0045781033,0.54570377,4
D5_clean_maintenance_minus_1sd,17031420600,2023,0.0057572685,0.5447849,4
D5_clean_maintenance_minus_1sd,17031420700,2023,0.004763156,0.545462,4
D5_clean_maintenance_minus_1sd,17031420800,2023,0.0052673575,0.5449158,4
D5_clean_maintenance_minus_1sd,17031421200,2023,0.005371442,0.54439443,4
D5_clean_maintenance_minus_1sd,17031430101,2023,0.0033641728,0.53950894,4
D5_clean_maintenance_minus_1sd,17031430102,2023,0.0026295427,0.5393688,4
D5_clean_maintenance_minus_1sd,17031430200,2023,0.005008974,0.54445493,4
D5_clean_maintenance_minus_1sd,17031430300,2023,0.005084361,0.54413676,4
D5_clean_maintenance_minus_1sd,17031430400,2023,0.0049254475,0.54409254,4
D5_clean_maintenance_minus_1sd,17031430500,2023,0.0047655636,0.5444313,4
D5_clean_maintenance_minus_1sd,17031430600,2023,0.0040452797,0.5446478,4
D5_clean_maintenance_minus_1sd,17031430700,2023,0.0026608156,0.53943855,4
D5_clean_maintenance_minus_1sd,17031430800,2023,0.0048699267,0.5433151,4
D5_clean_maintenance_minus_1sd,17031430900,2023,0.0044694142,0.5447931,4
D5_clean_maintenance_minus_1sd,17031431200,2023,0.0042062458,0.54413575,4
D5_clean_maintenance_minus_1sd,17031431301,2023,0.0040002167,0.54453814,4
D5_clean_maintenance_minus_1sd,17031431302,2023,0.0035807556,0.5448762,4
D5_clean_maintenance_minus_1sd,17031431400,2023,0.0018641502,0.54028857,4
D5_clean_maintenance_minus_1sd,17031440101,2023,0.0035205102,0.5450747,4
D5_clean_maintenance_minus_1sd,17031440102,2023,0.0033470346,0.5449342,4
D5_clean_maintenance_minus_1sd,17031440201,2023,0.004331502,0.54472345,4
D5_clean_maintenance_minus_1sd,17031440202,2023,0.003399862,0.5451305,4
D5_clean_maintenance_minus_1sd,17031440300,2023,0.004283821,0.5443177,4
D5_clean_maintenance_minus_1sd,17031440600,2023,0.0034445347,0.54450136,4
D5_clean_maintenance_minus_1sd,17031440700,2023,0.003537232,0.54428494,4
D5_clean_maintenance_minus_1sd,17031440800,2023,0.0037850933,0.54343104,4
D5_clean_maintenance_minus_1sd,17031440900,2023,0.002340055,0.54529333,4
D5_clean_maintenance_minus_1sd,17031450300,2023,0.002948274,0.54482573,4
D5_clean_maintenance_minus_1sd,17031460100,2023,0.0019399021,0.5402298,4
D5_clean_maintenance_minus_1sd,17031460200,2023,0.0036642533,0.5436058,4
D5_clean_maintenance_minus_1sd,17031460301,2023,0.0027917847,0.5444024,4
D5_clean_maintenance_minus_1sd,17031460302,2023,0.00390835,0.54397684,4
D5_clean_maintenance_minus_1sd,17031460400,2023,0.0035872478,0.54437906,4
D5_clean_maintenance_minus_1sd,17031460500,2023,0.0032939576,0.5449389,4
D5_clean_maintenance_minus_1sd,17031460800,2023,0.003478419,0.5435703,4
D5_clean_maintenance_minus_1sd,17031461000,2023,0.0020573558,0.5443435,4
D5_clean_maintenance_minus_1sd,17031470100,2023,0.0027018962,0.5450401,4
D5_clean_maintenance_minus_1sd,17031480100,2023,0.0027684746,0.54473567,4
D5_clean_maintenance_minus_1sd,17031480200,2023,0.0027857115,0.54466575,4
D5_clean_maintenance_minus_1sd,17031480300,2023,0.0024524508,0.5448164,4
D5_clean_maintenance_minus_1sd,17031480400,2023,0.0030738488,0.54419804,4
D5_clean_maintenance_minus_1sd,17031480500,2023,0.0032193102,0.5436978,4
D5_clean_maintenance_minus_1sd,17031490200,2023,0.003341415,0.544198,4
D5_clean_maintenance_minus_1sd,17031490500,2023,0.00210811,0.54498214,4
D5_clean_maintenance_minus_1sd,17031490600,2023,0.0029167458,0.5443512,4
D5_clean_maintenance_minus_1sd,17031490700,2023,0.0034896461,0.5435464,4
D5_clean_maintenance_minus_1sd,17031490800,2023,0.002730716,0.54396576,4
D5_clean_maintenance_minus_1sd,17031490901,2023,0.0013532843,0.54519653,4
D5_clean_maintenance_minus_1sd,17031490902,2023,0.0016444838,0.5447879,4
D5_clean_maintenance_minus_1sd,17031491000,2023,0.0022614365,0.5440507,4
D5_clean_maintenance_minus_1sd,17031491100,2023,0.0021325387,0.5442065,4
D5_clean_maintenance_minus_1sd,17031491200,2023,0.0010750853,0.54451615,4
D5_clean_maintenance_minus_1sd,17031491300,2023,0.0017829724,0.54337037,4
D5_clean_maintenance_minus_1sd,17031491400,2023,0.0009895228,0.54479206,4
D5_clean_maintenance_minus_1sd,17031500100,2023,0.001833641,0.5449053,4
D5_clean_maintenance_minus_1sd,17031500200,2023,0.0013332199,0.5445399,4
D5_clean_maintenance_minus_1sd,17031500300,2023,0.0010518506,0.5441596,4
D5_clean_maintenance_minus_1sd,17031510100,2023,0.0023972355,0.543514,4
D5_clean_maintenance_minus_1sd,17031510200,2023,0.0025809258,0.5434824,4
D5_clean_maintenance_minus_1sd,17031510300,2023,0.0027717277,0.54373014,4
D5_clean_maintenance_minus_1sd,17031520100,2023,0.0018730387,0.54392457,4
D5_clean_maintenance_minus_1sd,17031520200,2023,0.001659479,0.5441119,4
D5_clean_maintenance_minus_1sd,17031520300,2023,0.0018884214,0.54317623,4
D5_clean_maintenance_minus_1sd,17031520400,2023,0.0010119472,0.5439659,4
D5_clean_maintenance_minus_1sd,17031520500,2023,0.0016363822,0.54254156,4
D5_clean_maintenance_minus_1sd,17031520600,2023,0.0015150392,0.54281795,4
D5_clean_maintenance_minus_1sd,17031530100,2023,0.0013649408,0.5439325,4
D5_clean_maintenance_minus_1sd,17031530200,2023,0.0012102183,0.54433084,4
D5_clean_maintenance_minus_1sd,17031530300,2023,0.001476977,0.544219,4
D5_clean_maintenance_minus_1sd,17031530400,2023,0.0008994676,0.5442622,4
D5_clean_maintenance_minus_1sd,17031530501,2023,0.00091860443,0.5441945,4
D5_clean_maintenance_minus_1sd,17031530502,2023,0.00035532285,0.544021,4
D5_clean_maintenance_minus_1sd,17031530503,2023,0.0004048515,0.54399,4
D5_clean_maintenance_minus_1sd,17031530600,2023,-0.00017448328,0.54497194,4
D5_clean_maintenance_minus_1sd,17031540101,2023,-0.00058468804,0.5443124,4
D5_clean_maintenance_minus_1sd,17031540102,2023,0.00037804898,0.5439018,4
D5_clean_maintenance_minus_1sd,17031550100,2023,-0.00092753954,0.54359597,4
D5_clean_maintenance_minus_1sd,17031550200,2023,-0.00045129564,0.54400384,4
D5_clean_maintenance_minus_1sd,17031560100,2023,0.03148715,0.7522447,4
D5_clean_maintenance_minus_1sd,17031560200,2023,0.03143792,0.7523945,4
D5_clean_maintenance_minus_1sd,17031560300,2023,0.03166132,0.7526423,4
D5_clean_maintenance_minus_1sd,17031560400,2023,0.03147139,0.7525079,4
D5_clean_maintenance_minus_1sd,17031560700,2023,0.03178829,0.752991,4
D5_clean_maintenance_minus_1sd,17031560800,2023,0.03253776,0.7527579,4
D5_clean_maintenance_minus_1sd,17031560900,2023,0.03299008,0.7523025,4
D5_clean_maintenance_minus_1sd,17031561000,2023,0.033574283,0.75253546,4
D5_clean_maintenance_minus_1sd,17031561100,2023,0.032573607,0.752521,4
D5_clean_maintenance_minus_1sd,17031570100,2023,0.03172474,0.7523424,4
D5_clean_maintenance_minus_1sd,17031570200,2023,0.032076627,0.7524001,4
D5_clean_maintenance_minus_1sd,17031570300,2023,0.031499982,0.75271785,4
D5_clean_maintenance_minus_1sd,17031570400,2023,0.031001784,0.7529624,4
D5_clean_maintenance_minus_1sd,17031570500,2023,0.031301986,0.75286436,4
D5_clean_maintenance_minus_1sd,17031580100,2023,0.029959625,0.75295633,4
D5_clean_maintenance_minus_1sd,17031580200,2023,0.030084828,0.7528783,4
D5_clean_maintenance_minus_1sd,17031580300,2023,0.030612597,0.7526616,4
D5_clean_maintenance_minus_1sd,17031580400,2023,0.030587945,0.7530254,4
D5_clean_maintenance_minus_1sd,17031580501,2023,0.03019557,0.75290465,4
D5_clean_maintenance_minus_1sd,17031580502,2023,0.03067286,0.7532513,4
D5_clean_maintenance_minus_1sd,17031580600,2023,0.030118743,0.75339234,4
D5_clean_maintenance_minus_1sd,17031580700,2023,0.030068211,0.7531421,4
D5_clean_maintenance_minus_1sd,17031580800,2023,0.030069234,0.7532901,4
D5_clean_maintenance_minus_1sd,17031590500,2023,0.029742692,0.7529784,4
D5_clean_maintenance_minus_1sd,17031590600,2023,0.056785576,0.6088018,4
D5_clean_maintenance_minus_1sd,17031590700,2023,0.060323928,0.6082255,4
D5_clean_maintenance_minus_1sd,17031600400,2023,0.045740724,0.6203391,4
D5_clean_maintenance_minus_1sd,17031600600,2023,0.046992928,0.62821275,4
D5_clean_maintenance_minus_1sd,17031600700,2023,0.060443968,0.61004454,4
D5_clean_maintenance_minus_1sd,17031600900,2023,0.057206694,0.6091585,4
D5_clean_maintenance_minus_1sd,17031610300,2023,0.057600416,0.6073111,4
D5_clean_maintenance_minus_1sd,17031610400,2023,0.05205862,0.5691918,4
D5_clean_maintenance_minus_1sd,17031610800,2023,0.053237062,0.5695103,4
D5_clean_maintenance_minus_1sd,17031611200,2023,0.051801465,0.5692163,4
D5_clean_maintenance_minus_1sd,17031611300,2023,0.052861102,0.5692345,4
D5_clean_maintenance_minus_1sd,17031611400,2023,0.052920356,0.56930566,4
D5_clean_maintenance_minus_1sd,17031611500,2023,0.02998739,0.75333834,4
D5_clean_maintenance_minus_1sd,17031611600,2023,0.053040013,0.5696551,4
D5_clean_maintenance_minus_1sd,17031611700,2023,0.05306504,0.5696416,4
D5_clean_maintenance_minus_1sd,17031611800,2023,0.05290088,0.56961554,4
D5_clean_maintenance_minus_1sd,17031611900,2023,0.052810967,0.5695188,4
D5_clean_maintenance_minus_1sd,17031612000,2023,0.053217404,0.569069,4
D5_clean_maintenance_minus_1sd,17031612100,2023,0.021889523,0.5694504,4
D5_clean_maintenance_minus_1sd,17031612200,2023,0.053002834,0.5692452,4
D5_clean_maintenance_minus_1sd,17031620100,2023,0.030600313,0.7534827,4
D5_clean_maintenance_minus_1sd,17031620200,2023,0.031391624,0.75302696,4
D5_clean_maintenance_minus_1sd,17031620300,2023,0.031306077,0.7532189,4
D5_clean_maintenance_minus_1sd,17031620400,2023,0.031026535,0.7533497,4
D5_clean_maintenance_minus_1sd,17031630300,2023,0.032258723,0.75358576,4
D5_clean_maintenance_minus_1sd,17031630400,2023,0.030588388,0.75359243,4
D5_clean_maintenance_minus_1sd,17031630500,2023,0.030205062,0.75359946,4
D5_clean_maintenance_minus_1sd,17031630600,2023,0.030566163,0.75336266,4
D5_clean_maintenance_minus_1sd,17031630800,2023,0.030671384,0.75383043,4
D5_clean_maintenance_minus_1sd,17031630900,2023,0.03088284,0.7535156,4
D5_clean_maintenance_minus_1sd,17031640100,2023,0.017024452,0.72982895,4
D5_clean_maintenance_minus_1sd,17031640300,2023,0.018191585,0.73046,4
D5_clean_maintenance_minus_1sd,17031640400,2023,0.019037692,0.73022044,4
D5_clean_maintenance_minus_1sd,17031640500,2023,0.019277524,0.7306746,4
D5_clean_maintenance_minus_1sd,17031640600,2023,0.01818792,0.7301447,4
D5_clean_maintenance_minus_1sd,17031640700,2023,0.017362874,0.7300321,4
D5_clean_maintenance_minus_1sd,17031640800,2023,0.017087437,0.73005,4
D5_clean_maintenance_minus_1sd,17031650100,2023,0.016664043,0.7304251,4
D5_clean_maintenance_minus_1sd,17031650200,2023,0.016832825,0.7303302,4
D5_clean_maintenance_minus_1sd,17031650301,2023,0.01724091,0.7306825,4
D5_clean_maintenance_minus_1sd,17031650302,2023,0.017020538,0.72997063,4
D5_clean_maintenance_minus_1sd,17031650400,2023,0.016769726,0.73023045,4
D5_clean_maintenance_minus_1sd,17031650500,2023,0.01665013,0.73115045,4
D5_clean_maintenance_minus_1sd,17031660301,2023,0.016226664,0.72999275,4
D5_clean_maintenance_minus_1sd,17031660302,2023,0.030688696,0.75374913,4
D5_clean_maintenance_minus_1sd,17031660400,2023,0.016227208,0.73042727,4
D5_clean_maintenance_minus_1sd,17031660500,2023,0.016465243,0.7300633,4
D5_clean_maintenance_minus_1sd,17031660600,2023,0.015974145,0.7300455,4
D5_clean_maintenance_minus_1sd,17031660700,2023,0.015726611,0.7298945,4
D5_clean_maintenance_minus_1sd,17031660800,2023,0.01597207,0.7299725,4
D5_clean_maintenance_minus_1sd,17031660900,2023,0.016140746,0.73032916,4
D5_clean_maintenance_minus_1sd,17031661000,2023,-0.015705837,0.73031604,4
D5_clean_maintenance_minus_1sd,17031661100,2023,0.016639153,0.72983015,4
D5_clean_maintenance_minus_1sd,17031670100,2023,0.021412902,0.5693171,4
D5_clean_maintenance_minus_1sd,17031670200,2023,0.052540738,0.56953037,4
D5_clean_maintenance_minus_1sd,17031670300,2023,0.052650847,0.5694396,4
D5_clean_maintenance_minus_1sd,17031670400,2023,0.05277483,0.56977105,4
D5_clean_maintenance_minus_1sd,17031670500,2023,0.05263587,0.5694643,4
D5_clean_maintenance_minus_1sd,17031670600,2023,0.038168065,0.5449122,4
D5_clean_maintenance_minus_1sd,17031670700,2023,0.019573105,0.5706279,4
D5_clean_maintenance_minus_1sd,17031670800,2023,0.020518728,0.5697783,4
D5_clean_maintenance_minus_1sd,17031670900,2023,0.020650253,0.56986904,4
D5_clean_maintenance_minus_1sd,17031671100,2023,0.0058257626,0.5455893,4
D5_clean_maintenance_minus_1sd,17031671200,2023,0.0056324173,0.54601395,4
D5_clean_maintenance_minus_1sd,17031671300,2023,0.005708076,0.54563457,4
D5_clean_maintenance_minus_1sd,17031671400,2023,0.0057072556,0.54582524,4
D5_clean_maintenance_minus_1sd,17031671500,2023,0.0047599394,0.54636425,4
D5_clean_maintenance_minus_1sd,17031671600,2023,0.005501331,0.5453553,4
D5_clean_maintenance_minus_1sd,17031671800,2023,0.005204036,0.54438376,4
D5_clean_maintenance_minus_1sd,17031671900,2023,0.0050848834,0.54521245,4
D5_clean_maintenance_minus_1sd,17031672000,2023,0.0048670415,0.5453871,4
D5_clean_maintenance_minus_1sd,17031680500,2023,0.021296825,0.5692947,4
D5_clean_maintenance_minus_1sd,17031680600,2023,0.020497125,0.5696907,4
D5_clean_maintenance_minus_1sd,17031680900,2023,0.0057475986,0.5450107,4
D5_clean_maintenance_minus_1sd,17031681000,2023,0.0056941872,0.54517066,4
D5_clean_maintenance_minus_1sd,17031681100,2023,0.0052337395,0.5455688,4
D5_clean_maintenance_minus_1sd,17031681200,2023,0.0054949485,0.54484934,4
D5_clean_maintenance_minus_1sd,17031681300,2023,0.004581622,0.54507625,4
D5_clean_maintenance_minus_1sd,17031681400,2023,0.0049530705,0.5453992,4
D5_clean_maintenance_minus_1sd,17031690300,2023,0.0053429566,0.5450285,4
D5_clean_maintenance_minus_1sd,17031690400,2023,0.0054028556,0.54452497,4
D5_clean_maintenance_minus_1sd,17031690500,2023,0.0043999925,0.545622,4
D5_clean_maintenance_minus_1sd,17031690900,2023,0.0041529126,0.54544246,4
D5_clean_maintenance_minus_1sd,17031691000,2023,0.0046557644,0.54471767,4
D5_clean_maintenance_minus_1sd,17031691100,2023,0.005055812,0.54471874,4
D5_clean_maintenance_minus_1sd,17031691200,2023,0.004748945,0.54463995,4
D5_clean_maintenance_minus_1sd,17031691300,2023,0.0039792107,0.5451987,4
D5_clean_maintenance_minus_1sd,17031691400,2023,0.0038226917,0.5452332,4
D5_clean_maintenance_minus_1sd,17031691500,2023,0.0046720514,0.54418194,4
D5_clean_maintenance_minus_1sd,17031700100,2023,-0.014642275,0.7318028,4
D5_clean_maintenance_minus_1sd,17031700200,2023,0.016939938,0.7302934,4
D5_clean_maintenance_minus_1sd,17031700301,2023,0.017912857,0.73099744,4
D5_clean_maintenance_minus_1sd,17031700302,2023,0.017841406,0.7305559,4
D5_clean_maintenance_minus_1sd,17031700401,2023,-0.014331005,0.73158294,4
D5_clean_maintenance_minus_1sd,17031700402,2023,-0.014283324,0.7317331,4
D5_clean_maintenance_minus_1sd,17031700501,2023,-0.0150277335,0.73179555,4
D5_clean_maintenance_minus_1sd,17031700502,2023,-0.015354663,0.7302358,4
D5_clean_maintenance_minus_1sd,17031710100,2023,0.004840644,0.54408157,4
D5_clean_maintenance_minus_1sd,17031710200,2023,0.004687406,0.54524994,4
D5_clean_maintenance_minus_1sd,17031710300,2023,0.0046596043,0.54538226,4
D5_clean_maintenance_minus_1sd,17031710400,2023,0.0041277744,0.5459865,4
D5_clean_maintenance_minus_1sd,17031710500,2023,0.0045351014,0.5450658,4
D5_clean_maintenance_minus_1sd,17031710600,2023,0.0046144193,0.5442933,4
D5_clean_maintenance_minus_1sd,17031710700,2023,0.0043033333,0.5450318,4
D5_clean_maintenance_minus_1sd,17031710800,2023,0.0044654794,0.5448022,4
D5_clean_maintenance_minus_1sd,17031710900,2023,0.00410048,0.5447744,4
D5_clean_maintenance_minus_1sd,17031711000,2023,0.0034056995,0.5458061,4
D5_clean_maintenance_minus_1sd,17031711100,2023,0.004199804,0.5448223,4
D5_clean_maintenance_minus_1sd,17031711200,2023,0.0041413344,0.54496026,4
D5_clean_maintenance_minus_1sd,17031711300,2023,0.0037974184,0.5447597,4
D5_clean_maintenance_minus_1sd,17031711400,2023,0.002996995,0.54557085,4
D5_clean_maintenance_minus_1sd,17031711500,2023,0.0035248138,0.5448793,4
D5_clean_maintenance_minus_1sd,17031720100,2023,0.0027503688,0.5458051,4
D5_clean_maintenance_minus_1sd,17031720200,2023,0.002054926,0.54553103,4
D5_clean_maintenance_minus_1sd,17031720300,2023,0.0026776865,0.5453726,4
D5_clean_maintenance_minus_1sd,17031720400,2023,-0.014650312,0.73158556,4
D5_clean_maintenance_minus_1sd,17031720500,2023,-0.014363138,0.73048556,4
D5_clean_maintenance_minus_1sd,17031720600,2023,0.0016594166,0.54572326,4
D5_clean_maintenance_minus_1sd,17031720700,2023,0.0014438815,0.5454888,4
D5_clean_maintenance_minus_1sd,17031730100,2023,0.003254816,0.5449106,4
D5_clean_maintenance_minus_1sd,17031730201,2023,0.0035430873,0.5445685,4
D5_clean_maintenance_minus_1sd,17031730202,2023,0.0033294577,0.5446332,4
D5_clean_maintenance_minus_1sd,17031730300,2023,0.0035572825,0.5446936,4
D5_clean_maintenance_minus_1sd,17031730400,2023,0.0031785276,0.54449975,4
D5_clean_maintenance_minus_1sd,17031730500,2023,0.0029845787,0.54426485,4
D5_clean_maintenance_minus_1sd,17031730600,2023,0.002712179,0.5443701,4
D5_clean_maintenance_minus_1sd,17031730700,2023,0.0021613445,0.5448289,4
D5_clean_maintenance_minus_1sd,17031740100,2023,-0.01420255,0.73184276,4
D5_clean_maintenance_minus_1sd,17031740200,2023,-0.0146905,0.7304033,4
D5_clean_maintenance_minus_1sd,17031740300,2023,-0.01481621,0.7305109,4
D5_clean_maintenance_minus_1sd,17031740400,2023,-0.013784882,0.7315448,4
D5_clean_maintenance_minus_1sd,17031750100,2023,0.0020211283,0.5442699,4
D5_clean_maintenance_minus_1sd,17031750200,2023,0.0015094024,0.5455361,4
D5_clean_maintenance_minus_1sd,17031750300,2023,-0.015244045,0.73061323,4
D5_clean_maintenance_minus_1sd,17031750400,2023,-0.014548198,0.73193264,4
D5_clean_maintenance_minus_1sd,17031750500,2023,0.0007272726,0.5452723,4
D5_clean_maintenance_minus_1sd,17031750600,2023,0.0017097145,0.54423213,4
D5_clean_maintenance_minus_1sd,17031760801,2023,0.025968177,0.72918224,4
D5_clean_maintenance_minus_1sd,17031760802,2023,0.028235812,0.74317455,4
D5_clean_maintenance_minus_1sd,17031760803,2023,0.056491055,0.7036833,4
D5_clean_maintenance_minus_1sd,17031770500,2023,0.05055233,0.7007789,4
D5_clean_maintenance_minus_1sd,17031770602,2023,0.052190684,0.7019739,4
D5_clean_maintenance_minus_1sd,17031770700,2023,0.053432114,0.7005157,4
D5_clean_maintenance_minus_1sd,17031770800,2023,0.026332978,0.7436202,4
D5_clean_maintenance_minus_1sd,17031770901,2023,0.026903551,0.73652565,4
D5_clean_maintenance_minus_1sd,17031770902,2023,0.05778071,0.7059759,4
D5_clean_maintenance_minus_1sd,17031805402,2023,0.025247298,0.7340989,4
D5_clean_maintenance_minus_1sd,17031805502,2023,0.02441364,0.73470324,4
D5_clean_maintenance_minus_1sd,17031805600,2023,0.024699695,0.7356878,4
D5_clean_maintenance_minus_1sd,17031805702,2023,0.02510356,0.73560107,4
D5_clean_maintenance_minus_1sd,17031806600,2023,0.022600139,0.73376846,4
D5_clean_maintenance_minus_1sd,17031807600,2023,0.028312217,0.7340346,4
D5_clean_maintenance_minus_1sd,17031807800,2023,0.026479581,0.73421127,4
D5_clean_maintenance_minus_1sd,17031807900,2023,0.02784071,0.7354107,4
D5_clean_maintenance_minus_1sd,17031808001,2023,0.028094536,0.7357749,4
D5_clean_maintenance_minus_1sd,17031808002,2023,0.028946277,0.73451436,4
D5_clean_maintenance_minus_1sd,17031808100,2023,0.02619371,0.73379153,4
D5_clean_maintenance_minus_1sd,17031808200,2023,0.025318846,0.7346463,4
D5_clean_maintenance_minus_1sd,17031810000,2023,0.030338444,0.6778621,4
D5_clean_maintenance_minus_1sd,17031810200,2023,0.030408395,0.73582304,4
D5_clean_maintenance_minus_1sd,17031810301,2023,0.02972518,0.7353275,4
D5_clean_maintenance_minus_1sd,17031810400,2023,0.02603918,0.73424655,4
D5_clean_maintenance_minus_1sd,17031810501,2023,0.05817426,0.70590246,4
D5_clean_maintenance_minus_1sd,17031810502,2023,0.026751306,0.73511773,4
D5_clean_maintenance_minus_1sd,17031810600,2023,0.0278378,0.736564,4
D5_clean_maintenance_minus_1sd,17031810701,2023,0.05871251,0.737506,4
D5_clean_maintenance_minus_1sd,17031810702,2023,0.05866501,0.7372463,4
D5_clean_maintenance_minus_1sd,17031810800,2023,0.05857573,0.7370175,4
D5_clean_maintenance_minus_1sd,17031810900,2023,0.059362695,0.7373893,4
D5_clean_maintenance_minus_1sd,17031811100,2023,0.05921278,0.73627967,4
D5_clean_maintenance_minus_1sd,17031811200,2023,0.060039204,0.7350203,4
D5_clean_maintenance_minus_1sd,17031811500,2023,0.028300898,0.74485475,4
D5_clean_maintenance_minus_1sd,17031811600,2023,0.028007552,0.7449738,4
D5_clean_maintenance_minus_1sd,17031811701,2023,0.025119998,0.74268216,4
D5_clean_maintenance_minus_1sd,17031811900,2023,0.059367687,0.7837502,4
D5_clean_maintenance_minus_1sd,17031812100,2023,0.05773653,0.7844824,4
D5_clean_maintenance_minus_1sd,17031812200,2023,0.05802596,0.7838942,4
D5_clean_maintenance_minus_1sd,17031812500,2023,0.059188597,0.78398585,4
D5_clean_maintenance_minus_1sd,17031812600,2023,0.05877003,0.7846476,4
D5_clean_maintenance_minus_1sd,17031813000,2023,0.058530763,0.784868,4
D5_clean_maintenance_minus_1sd,17031813100,2023,0.03280441,0.7492672,4
D5_clean_maintenance_minus_1sd,17031813301,2023,0.03237333,0.7496228,4
D5_clean_maintenance_minus_1sd,17031813302,2023,0.03201066,0.74986434,4
D5_clean_maintenance_minus_1sd,17031813400,2023,0.032550447,0.74961114,4
D5_clean_maintenance_minus_1sd,17031813500,2023,0.03265414,0.7495803,4
D5_clean_maintenance_minus_1sd,17031813801,2023,0.032629386,0.7497228,4
D5_clean_maintenance_minus_1sd,17031814200,2023,0.03291684,0.7501254,4
D5_clean_maintenance_minus_1sd,17031820300,2023,0.03447425,0.7503494,4
D5_clean_maintenance_minus_1sd,17031820400,2023,0.034870565,0.7505763,4
D5_clean_maintenance_minus_1sd,17031820502,2023,0.01934034,0.727924,4
D5_clean_maintenance_minus_1sd,17031820700,2023,0.034300625,0.7499712,4
D5_clean_maintenance_minus_1sd,17031820800,2023,0.033448823,0.7504688,4
D5_clean_maintenance_minus_1sd,17031820901,2023,0.017179856,0.7283956,4
D5_clean_maintenance_minus_1sd,17031820902,2023,0.017432189,0.72817415,4
D5_clean_maintenance_minus_1sd,17031821102,2023,0.017675862,0.72803825,4
D5_clean_maintenance_minus_1sd,17031821200,2023,0.000980691,0.54311514,4
D5_clean_maintenance_minus_1sd,17031821401,2023,0.0008697305,0.5429058,4
D5_clean_maintenance_minus_1sd,17031821402,2023,0.00068216026,0.5428401,4
D5_clean_maintenance_minus_1sd,17031821500,2023,0.00016955845,0.54262286,4
D5_clean_maintenance_minus_1sd,17031821600,2023,-0.016284892,0.7272066,4
D5_clean_maintenance_minus_1sd,17031821700,2023,-0.01580963,0.7271081,4
D5_clean_maintenance_minus_1sd,17031821900,2023,-0.01619418,0.72735876,4
D5_clean_maintenance_minus_1sd,17031822000,2023,-0.015671369,0.72699916,4
D5_clean_maintenance_minus_1sd,17031822101,2023,-0.01528503,0.72706485,4
D5_clean_maintenance_minus_1sd,17031822701,2023,-0.015385291,0.7270148,4
D5_clean_maintenance_minus_1sd,17031822702,2023,-0.015540786,0.72717047,4
D5_clean_maintenance_minus_1sd,17031822801,2023,-0.015213811,0.72735244,4
D5_clean_maintenance_minus_1sd,17031822802,2023,-0.015569793,0.7271952,4
D5_clean_maintenance_minus_1sd,17031823200,2023,-0.014422371,0.72710943,4
D5_clean_maintenance_minus_1sd,17031823303,2023,-0.015438182,0.7272604,4
D5_clean_maintenance_minus_1sd,17031823304,2023,-0.01573653,0.72820926,4
D5_clean_maintenance_minus_1sd,17031823400,2023,-0.015816167,0.7274825,4
D5_clean_maintenance_minus_1sd,17031823500,2023,-0.016072243,0.72765285,4
D5_clean_maintenance_minus_1sd,17031825700,2023,-0.0006569559,0.5418924,4
D5_clean_maintenance_minus_1sd,17031825801,2023,-0.00012717303,0.5421879,4
D5_clean_maintenance_minus_1sd,17031826401,2023,-0.0005108975,0.54226977,4
D5_clean_maintenance_minus_1sd,17031826500,2023,-0.00093768025,0.54242444,4
D5_clean_maintenance_minus_1sd,17031826600,2023,2.24635e-06,0.54253143,4
D5_clean_maintenance_minus_1sd,17031830500,2023,0.03184775,0.7522658,4
D5_clean_maintenance_minus_1sd,17031830600,2023,0.03429587,0.66991454,4
D5_clean_maintenance_minus_1sd,17031830700,2023,0.033388823,0.669899,4
D5_clean_maintenance_minus_1sd,17031830800,2023,0.031776432,0.67334116,4
D5_clean_maintenance_minus_1sd,17031830900,2023,0.07700573,0.7118999,4
D5_clean_maintenance_minus_1sd,17031831000,2023,0.07365586,0.6542285,4
D5_clean_maintenance_minus_1sd,17031831100,2023,0.030941095,0.73154426,4
D5_clean_maintenance_minus_1sd,17031831200,2023,0.056971706,0.7278012,4
D5_clean_maintenance_minus_1sd,17031831300,2023,0.058262073,0.7721357,4
D5_clean_maintenance_minus_1sd,17031831400,2023,0.032219894,0.7509521,4
D5_clean_maintenance_minus_1sd,17031831500,2023,0.056892525,0.738148,4
D5_clean_maintenance_minus_1sd,17031831600,2023,0.055635944,0.73911345,4
D5_clean_maintenance_minus_1sd,17031831700,2023,0.029736605,0.7340687,4
D5_clean_maintenance_minus_1sd,17031831800,2023,0.030280929,0.7307809,4
D5_clean_maintenance_minus_1sd,17031831900,2023,0.051089913,0.65828097,4
D5_clean_maintenance_minus_1sd,17031832000,2023,0.049106915,0.66099966,4
D5_clean_maintenance_minus_1sd,17031832100,2023,0.048326805,0.6613813,4
D5_clean_maintenance_minus_1sd,17031832200,2023,0.07528199,0.71357876,4
D5_clean_maintenance_minus_1sd,17031832300,2023,0.07758158,0.65137696,4
D5_clean_maintenance_minus_1sd,17031832400,2023,0.074959524,0.7137522,4
D5_clean_maintenance_minus_1sd,17031832500,2023,0.07710131,0.651829,4
D5_clean_maintenance_minus_1sd,17031832600,2023,0.07771974,0.65161085,4
D5_clean_maintenance_minus_1sd,17031832900,2023,0.047314886,0.6193251,4
D5_clean_maintenance_minus_1sd,17031833000,2023,0.07844048,0.6511867,4
D5_clean_maintenance_minus_1sd,17031833100,2023,0.079036534,0.6507048,4
D5_clean_maintenance_minus_1sd,17031833300,2023,0.04847141,0.6183635,4
D5_clean_maintenance_minus_1sd,17031833900,2023,0.0022902992,0.5443944,4
D5_clean_maintenance_minus_1sd,17031834000,2023,0.0029921457,0.54506576,4
D5_clean_maintenance_minus_1sd,17031834200,2023,0.004371415,0.54458004,4
D5_clean_maintenance_minus_1sd,17031834300,2023,0.0035324646,0.54468405,4
D5_clean_maintenance_minus_1sd,17031834400,2023,0.004593647,0.54542387,4
D5_clean_maintenance_minus_1sd,17031834500,2023,0.020826638,0.56971955,4
D5_clean_maintenance_minus_1sd,17031834600,2023,0.020912763,0.5698384,4
D5_clean_maintenance_minus_1sd,17031834700,2023,0.021056328,0.56996644,4
D5_clean_maintenance_minus_1sd,17031834800,2023,0.020184774,0.57032645,4
D5_clean_maintenance_minus_1sd,17031834900,2023,0.005500555,0.5453824,4
D5_clean_maintenance_minus_1sd,17031835000,2023,0.015371946,0.729906,4
D5_clean_maintenance_minus_1sd,17031835100,2023,0.03020175,0.75377727,4
D5_clean_maintenance_minus_1sd,17031835200,2023,0.032186396,0.7527801,4
D5_clean_maintenance_minus_1sd,17031835500,2023,0.05768639,0.609488,4
D5_clean_maintenance_minus_1sd,17031835600,2023,0.021677407,0.5701182,4
D5_clean_maintenance_minus_1sd,17031835800,2023,0.02528818,0.61106974,4
D5_clean_maintenance_minus_1sd,17031836000,2023,0.043656062,0.62206167,4
D5_clean_maintenance_minus_1sd,17031836100,2023,0.020439811,0.57021755,4
D5_clean_maintenance_minus_1sd,17031836200,2023,0.02206294,0.5707065,4
D5_clean_maintenance_minus_1sd,17031836300,2023,0.038429994,0.58236396,4
D5_clean_maintenance_minus_1sd,17031836400,2023,0.043166276,0.6226953,4
D5_clean_maintenance_minus_1sd,17031836500,2023,0.044616856,0.6222997,4
D5_clean_maintenance_minus_1sd,17031836600,2023,0.07391055,0.75825226,4
D5_clean_maintenance_minus_1sd,17031836700,2023,0.07574017,0.7575136,4
D5_clean_maintenance_minus_1sd,17031836800,2023,0.044807818,0.8071768,4
D5_clean_maintenance_minus_1sd,17031836900,2023,0.044142246,0.80400586,4
D5_clean_maintenance_minus_1sd,17031837000,2023,0.043908104,0.8051462,4
D5_clean_maintenance_minus_1sd,17031837100,2023,0.07665236,0.7569215,4
D5_clean_maintenance_minus_1sd,17031837300,2023,0.030701373,0.75161266,4
D5_clean_maintenance_minus_1sd,17031837400,2023,0.018127197,0.77115124,4
D5_clean_maintenance_minus_1sd,17031837800,2023,0.07755843,0.7563362,4
D5_clean_maintenance_minus_1sd,17031838000,2023,0.07642096,0.7569563,4
D5_clean_maintenance_minus_1sd,17031838100,2023,0.07979621,0.65058327,4
D5_clean_maintenance_minus_1sd,17031838200,2023,0.052540015,0.6263252,4
D5_clean_maintenance_minus_1sd,17031838300,2023,0.072358094,0.65585834,4
D5_clean_maintenance_minus_1sd,17031838600,2023,0.030333582,0.7512622,4
D5_clean_maintenance_minus_1sd,17031838700,2023,0.030519666,0.7518474,4
D5_clean_maintenance_minus_1sd,17031838800,2023,0.00047574937,0.54474217,4
D5_clean_maintenance_minus_1sd,17031839000,2023,0.049875375,0.61806154,4
D5_clean_maintenance_minus_1sd,17031839100,2023,0.077554286,0.65221435,4
D5_clean_maintenance_minus_1sd,17031839200,2023,0.050396215,0.61895907,4
D5_clean_maintenance_minus_1sd,17031839500,2023,0.04348054,0.62232846,4
D5_clean_maintenance_minus_1sd,17031839600,2023,0.046421297,0.6207909,4
D5_clean_maintenance_minus_1sd,17031839700,2023,0.057491712,0.6087393,4
D5_clean_maintenance_minus_1sd,17031839800,2023,0.04501069,0.62857026,4
D5_clean_maintenance_minus_1sd,17031839900,2023,0.05837068,0.60809,4
D5_clean_maintenance_minus_1sd,17031840000,2023,0.046072297,0.62808335,4
D5_clean_maintenance_minus_1sd,17031840100,2023,0.04501771,0.6212867,4
D5_clean_maintenance_minus_1sd,17031840200,2023,0.04667396,0.6283553,4
D5_clean_maintenance_minus_1sd,17031840300,2023,0.02964746,0.75299436,4
D5_clean_maintenance_minus_1sd,17031840400,2023,0.061551794,0.60645974,4
D5_clean_maintenance_minus_1sd,17031840700,2023,0.0312441,0.75193,4
D5_clean_maintenance_minus_1sd,17031840800,2023,0.030348683,0.7527697,4
D5_clean_maintenance_minus_1sd,17031841000,2023,0.050196916,0.6184572,4
D5_clean_maintenance_minus_1sd,17031841100,2023,0.048051722,0.6191048,4
D5_clean_maintenance_minus_1sd,17031841200,2023,0.030088034,0.7521161,4
D5_clean_maintenance_minus_1sd,17031841300,2023,0.031235412,0.7523238,4
D5_clean_maintenance_minus_1sd,17031841500,2023,0.030505013,0.7515544,4
D5_clean_maintenance_minus_1sd,17031841700,2023,0.030226666,0.75225496,4
D5_clean_maintenance_minus_1sd,17031841800,2023,0.0051313825,0.5443438,4
D5_clean_maintenance_minus_1sd,17031841900,2023,0.051562525,0.6169275,4
D5_clean_maintenance_minus_1sd,17031842000,2023,0.05058407,0.6187376,4
D5_clean_maintenance_minus_1sd,17031842100,2023,0.05702323,0.78581095,4
D5_clean_maintenance_minus_1sd,17031842200,2023,0.07891521,0.65093863,4
D5_clean_maintenance_minus_1sd,17031842300,2023,0.078881375,0.65083975,4
D5_clean_maintenance_minus_1sd,17031842400,2023,0.004182266,0.5446063,4
D5_clean_maintenance_minus_1sd,17031842500,2023,0.00573672,0.54489267,4
D5_clean_maintenance_minus_1sd,17031842600,2023,0.06015015,0.60676986,4
D5_clean_maintenance_minus_1sd,17031842800,2023,0.030566456,0.7532635,4
D5_clean_maintenance_minus_1sd,17031842900,2023,0.051673576,0.6259809,4
D5_clean_maintenance_minus_1sd,17031843000,2023,0.030837636,0.7516663,4
D5_clean_maintenance_minus_1sd,17031843100,2023,0.030460358,0.7521378,4
D5_clean_maintenance_minus_1sd,17031843200,2023,0.05134859,0.6261672,4
D5_clean_maintenance_minus_1sd,17031843300,2023,0.03062702,0.75173175,4
D5_clean_maintenance_minus_1sd,17031843400,2023,0.030943248,0.7520071,4
D5_clean_maintenance_minus_1sd,17031843500,2023,0.030826751,0.75274295,4
D5_clean_maintenance_minus_1sd,17031843600,2023,0.03893114,0.58175147,4
D5_clean_maintenance_minus_1sd,17031843700,2023,0.032275192,0.73187816,4
D5_clean_maintenance_minus_1sd,17031843800,2023,0.022035511,0.5699317,4
D5_clean_maintenance_minus_1sd,17031843900,2023,0.0038602976,0.539259,4
D5_clean_maintenance_minus_1sd,17031844600,2023,0.0260961,0.611331,4
D5_clean_maintenance_minus_1sd,17031844700,2023,0.030563861,0.7520576,4
D5_clean_maintenance_minus_1sd,17043840000,2023,0.023720726,0.73985726,4
D5_clean_maintenance_minus_1sd,17043840801,2023,0.027305113,0.74274564,4
D5_clean_maintenance_minus_1sd,17043840802,2023,0.027084488,0.74265754,4
D7_heat_mitigation_minus_1sd,17031010100,2023,0.03883837,0.6755196,4
D7_heat_mitigation_minus_1sd,17031010201,2023,0.036014978,0.67674166,4
D7_heat_mitigation_minus_1sd,17031010202,2023,0.038555544,0.6734606,4
D7_heat_mitigation_minus_1sd,17031010300,2023,0.038999617,0.6737658,4
D7_heat_mitigation_minus_1sd,17031010400,2023,0.040307827,0.6719411,4
D7_heat_mitigation_minus_1sd,17031010501,2023,0.0364209,0.67753816,4
D7_heat_mitigation_minus_1sd,17031010502,2023,0.039284445,0.6752467,4
D7_heat_mitigation_minus_1sd,17031010503,2023,0.03926302,0.67504823,4
D7_heat_mitigation_minus_1sd,17031010600,2023,0.039196122,0.67369425,4
D7_heat_mitigation_minus_1sd,17031010701,2023,0.0383409,0.6746793,4
D7_heat_mitigation_minus_1sd,17031010702,2023,0.0383459,0.6713878,4
D7_heat_mitigation_minus_1sd,17031020100,2023,-0.014428133,0.7350894,4
D7_heat_mitigation_minus_1sd,17031020200,2023,-0.012420943,0.7310629,4
D7_heat_mitigation_minus_1sd,17031020301,2023,-0.011434695,0.7320291,4
D7_heat_mitigation_minus_1sd,17031020302,2023,-0.014355081,0.7351478,4
D7_heat_mitigation_minus_1sd,17031020400,2023,-0.011976879,0.73224974,4
D7_heat_mitigation_minus_1sd,17031020500,2023,-0.011397138,0.73230505,4
D7_heat_mitigation_minus_1sd,17031020601,2023,-0.012240431,0.73169637,4
D7_heat_mitigation_minus_1sd,17031020602,2023,-0.009770706,0.73087454,4
D7_heat_mitigation_minus_1sd,17031020701,2023,-0.011612405,0.73188734,4
D7_heat_mitigation_minus_1sd,17031020702,2023,-0.012042943,0.73182344,4
D7_heat_mitigation_minus_1sd,17031020801,2023,-0.011122484,0.7317059,4
D7_heat_mitigation_minus_1sd,17031020802,2023,-0.011486961,0.73150957,4
D7_heat_mitigation_minus_1sd,17031020901,2023,-0.012230156,0.7342075,4
D7_heat_mitigation_minus_1sd,17031020902,2023,0.03590726,0.6734357,4
D7_heat_mitigation_minus_1sd,17031030101,2023,0.03965303,0.67546344,4
D7_heat_mitigation_minus_1sd,17031030102,2023,0.03946202,0.6757866,4
D7_heat_mitigation_minus_1sd,17031030103,2023,0.03960101,0.6756171,4
D7_heat_mitigation_minus_1sd,17031030104,2023,0.039656103,0.67603374,4
D7_heat_mitigation_minus_1sd,17031030200,2023,0.03912154,0.67333674,4
D7_heat_mitigation_minus_1sd,17031030300,2023,0.03637182,0.6765195,4
D7_heat_mitigation_minus_1sd,17031030400,2023,0.039097186,0.6737492,4
D7_heat_mitigation_minus_1sd,17031030500,2023,0.039594807,0.6742083,4
D7_heat_mitigation_minus_1sd,17031030601,2023,0.039508477,0.67631865,4
D7_heat_mitigation_minus_1sd,17031030603,2023,0.041751426,0.6756859,4
D7_heat_mitigation_minus_1sd,17031030604,2023,0.039783973,0.67669433,4
D7_heat_mitigation_minus_1sd,17031030701,2023,0.039808545,0.67543757,4
D7_heat_mitigation_minus_1sd,17031030702,2023,0.036999237,0.67819065,4
D7_heat_mitigation_minus_1sd,17031030703,2023,0.036877103,0.6771807,4
D7_heat_mitigation_minus_1sd,17031030706,2023,0.039919373,0.67587984,4
D7_heat_mitigation_minus_1sd,17031030800,2023,0.039624725,0.67371607,4
D7_heat_mitigation_minus_1sd,17031030900,2023,0.039433904,0.6730536,4
D7_heat_mitigation_minus_1sd,17031031000,2023,0.039528526,0.67401206,4
D7_heat_mitigation_minus_1sd,17031031100,2023,0.039564665,0.6729693,4
D7_heat_mitigation_minus_1sd,17031031200,2023,0.039913416,0.6745483,4
D7_heat_mitigation_minus_1sd,17031031300,2023,0.04019279,0.6761132,4
D7_heat_mitigation_minus_1sd,17031031400,2023,0.117966525,0.65996635,4
D7_heat_mitigation_minus_1sd,17031031501,2023,0.040087007,0.6763332,4
D7_heat_mitigation_minus_1sd,17031031502,2023,0.037760172,0.67811745,4
D7_heat_mitigation_minus_1sd,17031031700,2023,0.04017565,0.67414004,4
D7_heat_mitigation_minus_1sd,17031031800,2023,0.039444752,0.6729896,4
D7_heat_mitigation_minus_1sd,17031031900,2023,0.039795995,0.6750576,4
D7_heat_mitigation_minus_1sd,17031032100,2023,0.1187701,0.6581139,4
D7_heat_mitigation_minus_1sd,17031040100,2023,-0.01300801,0.73552185,4
D7_heat_mitigation_minus_1sd,17031040201,2023,-0.009610394,0.7318852,4
D7_heat_mitigation_minus_1sd,17031040202,2023,-0.013571647,0.73563266,4
D7_heat_mitigation_minus_1sd,17031040300,2023,-0.013527693,0.7358066,4
D7_heat_mitigation_minus_1sd,17031040401,2023,-0.011017537,0.73265713,4
D7_heat_mitigation_minus_1sd,17031040402,2023,0.039687876,0.6732781,4
D7_heat_mitigation_minus_1sd,17031040600,2023,-0.010597215,0.73242086,4
D7_heat_mitigation_minus_1sd,17031040700,2023,-0.01043621,0.73256767,4
D7_heat_mitigation_minus_1sd,17031040800,2023,-0.011334543,0.7353983,4
D7_heat_mitigation_minus_1sd,17031040900,2023,-0.010507956,0.7329332,4
D7_heat_mitigation_minus_1sd,17031050100,2023,0.040083326,0.67278594,4
D7_heat_mitigation_minus_1sd,17031050200,2023,-0.010338536,0.7322135,4
D7_heat_mitigation_minus_1sd,17031050300,2023,-0.01281594,0.73609006,4
D7_heat_mitigation_minus_1sd,17031050500,2023,-0.010222911,0.7329187,4
D7_heat_mitigation_minus_1sd,17031050600,2023,0.04016676,0.67213553,4
D7_heat_mitigation_minus_1sd,17031050700,2023,0.037064888,0.6773178,4
D7_heat_mitigation_minus_1sd,17031050800,2023,-0.010157807,0.7329266,4
D7_heat_mitigation_minus_1sd,17031050900,2023,-0.011689726,0.7343441,4
D7_heat_mitigation_minus_1sd,17031051000,2023,-0.010909883,0.733892,4
D7_heat_mitigation_minus_1sd,17031051100,2023,-0.010295382,0.7330964,4
D7_heat_mitigation_minus_1sd,17031051200,2023,0.039125457,0.67619497,4
D7_heat_mitigation_minus_1sd,17031051300,2023,0.15922308,0.6543182,4
D7_heat_mitigation_minus_1sd,17031051400,2023,0.1095061,0.71348155,4
D7_heat_mitigation_minus_1sd,17031060100,2023,0.03719715,0.67730516,4
D7_heat_mitigation_minus_1sd,17031060200,2023,0.039284587,0.6752082,4
D7_heat_mitigation_minus_1sd,17031060300,2023,0.040181454,0.6742642,4
D7_heat_mitigation_minus_1sd,17031060400,2023,0.040351957,0.67361647,4
D7_heat_mitigation_minus_1sd,17031060500,2023,0.116498835,0.661503,4
D7_heat_mitigation_minus_1sd,17031060800,2023,0.11442006,0.66270894,4
D7_heat_mitigation_minus_1sd,17031060900,2023,0.11670696,0.6616265,4
D7_heat_mitigation_minus_1sd,17031061000,2023,0.11669473,0.66167736,4
D7_heat_mitigation_minus_1sd,17031061100,2023,0.11705061,0.65895003,4
D7_heat_mitigation_minus_1sd,17031061200,2023,0.11667981,0.6614709,4
D7_heat_mitigation_minus_1sd,17031061500,2023,0.11618268,0.6608522,4
D7_heat_mitigation_minus_1sd,17031061800,2023,0.11618881,0.66230214,4
D7_heat_mitigation_minus_1sd,17031061901,2023,0.11610683,0.66224426,4
D7_heat_mitigation_minus_1sd,17031061902,2023,0.11431189,0.66392756,4
D7_heat_mitigation_minus_1sd,17031062000,2023,0.11641376,0.66196156,4
D7_heat_mitigation_minus_1sd,17031062100,2023,0.11881971,0.65978813,4
D7_heat_mitigation_minus_1sd,17031062200,2023,0.115809605,0.661791,4
D7_heat_mitigation_minus_1sd,17031062300,2023,0.11611436,0.6622117,4
D7_heat_mitigation_minus_1sd,17031062400,2023,0.11445804,0.662112,4
D7_heat_mitigation_minus_1sd,17031062500,2023,0.11699906,0.65986,4
D7_heat_mitigation_minus_1sd,17031062600,2023,0.1592974,0.6539528,4
D7_heat_mitigation_minus_1sd,17031062700,2023,0.15924129,0.65411735,4
D7_heat_mitigation_minus_1sd,17031062800,2023,0.15951136,0.65453655,4
D7_heat_mitigation_minus_1sd,17031062900,2023,0.11708089,0.66051173,4
D7_heat_mitigation_minus_1sd,17031063000,2023,0.12044943,0.6559295,4
D7_heat_mitigation_minus_1sd,17031063100,2023,0.11720115,0.6606391,4
D7_heat_mitigation_minus_1sd,17031063200,2023,0.117109306,0.6616335,4
D7_heat_mitigation_minus_1sd,17031063301,2023,0.15964016,0.6550854,4
D7_heat_mitigation_minus_1sd,17031063302,2023,0.1594918,0.65482736,4
D7_heat_mitigation_minus_1sd,17031063303,2023,0.16026555,0.6561159,4
D7_heat_mitigation_minus_1sd,17031063400,2023,0.15938155,0.6548468,4
D7_heat_mitigation_minus_1sd,17031070101,2023,0.15960464,0.6566394,4
D7_heat_mitigation_minus_1sd,17031070102,2023,0.1594329,0.6547688,4
D7_heat_mitigation_minus_1sd,17031070103,2023,0.15972398,0.6560799,4
D7_heat_mitigation_minus_1sd,17031070200,2023,0.15956877,0.6517538,4
D7_heat_mitigation_minus_1sd,17031070300,2023,0.1591628,0.65436476,4
D7_heat_mitigation_minus_1sd,17031070400,2023,0.15922703,0.6545825,4
D7_heat_mitigation_minus_1sd,17031070500,2023,0.15865973,0.6519259,4
D7_heat_mitigation_minus_1sd,17031070600,2023,0.15906157,0.6533601,4
D7_heat_mitigation_minus_1sd,17031070700,2023,0.15849179,0.6525217,4
D7_heat_mitigation_minus_1sd,17031071000,2023,0.1592073,0.65400976,4
D7_heat_mitigation_minus_1sd,17031071100,2023,0.15892245,0.6538143,4
D7_heat_mitigation_minus_1sd,17031071200,2023,0.15918672,0.65498006,4
D7_heat_mitigation_minus_1sd,17031071300,2023,0.15950766,0.6560404,4
D7_heat_mitigation_minus_1sd,17031071400,2023,0.1610111,0.65523547,4
D7_heat_mitigation_minus_1sd,17031071500,2023,0.16110905,0.6559298,4
D7_heat_mitigation_minus_1sd,17031071600,2023,0.16001335,0.6559489,4
D7_heat_mitigation_minus_1sd,17031071700,2023,0.16038741,0.6563996,4
D7_heat_mitigation_minus_1sd,17031071800,2023,0.15956323,0.65508765,4
D7_heat_mitigation_minus_1sd,17031080100,2023,0.16161217,0.65572965,4
D7_heat_mitigation_minus_1sd,17031080201,2023,0.15948641,0.6557926,4
D7_heat_mitigation_minus_1sd,17031080202,2023,0.15949914,0.65530473,4
D7_heat_mitigation_minus_1sd,17031080300,2023,0.15829273,0.6530024,4
D7_heat_mitigation_minus_1sd,17031080400,2023,0.15935548,0.65475595,4
D7_heat_mitigation_minus_1sd,17031081000,2023,0.16018195,0.6526233,4
D7_heat_mitigation_minus_1sd,17031081100,2023,0.16005436,0.6526716,4
D7_heat_mitigation_minus_1sd,17031081201,2023,0.15994725,0.65212005,4
D7_heat_mitigation_minus_1sd,17031081202,2023,0.15915364,0.65508235,4
D7_heat_mitigation_minus_1sd,17031081300,2023,0.16067804,0.6525744,4
D7_heat_mitigation_minus_1sd,17031081401,2023,0.15872377,0.6524601,4
D7_heat_mitigation_minus_1sd,17031081402,2023,0.16089004,0.65394366,4
D7_heat_mitigation_minus_1sd,17031081403,2023,0.1605636,0.6530008,4
D7_heat_mitigation_minus_1sd,17031081500,2023,0.16026607,0.65213567,4
D7_heat_mitigation_minus_1sd,17031081600,2023,0.16009521,0.652249,4
D7_heat_mitigation_minus_1sd,17031081700,2023,0.15992993,0.6518597,4
D7_heat_mitigation_minus_1sd,17031081800,2023,0.16020653,0.6517496,4
D7_heat_mitigation_minus_1sd,17031081900,2023,0.16004907,0.6564747,4
D7_heat_mitigation_minus_1sd,17031090100,2023,-0.016288687,0.733881,4
D7_heat_mitigation_minus_1sd,17031090200,2023,-0.014234584,0.7311809,4
D7_heat_mitigation_minus_1sd,17031090300,2023,-0.015420186,0.7340336,4
D7_heat_mitigation_minus_1sd,17031100100,2023,-0.011927499,0.73031783,4
D7_heat_mitigation_minus_1sd,17031100200,2023,-0.0124860685,0.73086923,4
D7_heat_mitigation_minus_1sd,17031100300,2023,-0.015575845,0.73491764,4
D7_heat_mitigation_minus_1sd,17031100400,2023,-0.014272034,0.73373246,4
D7_heat_mitigation_minus_1sd,17031100500,2023,-0.015499301,0.7345941,4
D7_heat_mitigation_minus_1sd,17031100600,2023,-0.015142761,0.7343391,4
D7_heat_mitigation_minus_1sd,17031100700,2023,-0.015228077,0.73526907,4
D7_heat_mitigation_minus_1sd,17031110100,2023,-0.0114995325,0.7306151,4
D7_heat_mitigation_minus_1sd,17031110200,2023,-0.011975589,0.7312608,4
D7_heat_mitigation_minus_1sd,17031110300,2023,-0.015022188,0.73537755,4
D7_heat_mitigation_minus_1sd,17031110400,2023,-0.0121684205,0.7323405,4
D7_heat_mitigation_minus_1sd,17031110501,2023,-0.013917717,0.7347253,4
D7_heat_mitigation_minus_1sd,17031110502,2023,-0.011836041,0.7309125,4
D7_heat_mitigation_minus_1sd,17031120100,2023,-0.015262153,0.73466176,4
D7_heat_mitigation_minus_1sd,17031120200,2023,-0.011152099,0.7297498,4
D7_heat_mitigation_minus_1sd,17031120300,2023,-0.014145222,0.73489183,4
D7_heat_mitigation_minus_1sd,17031120400,2023,-0.011009217,0.7318703,4
D7_heat_mitigation_minus_1sd,17031130100,2023,-0.011253774,0.7310072,4
D7_heat_mitigation_minus_1sd,17031130200,2023,-0.0113447355,0.7315797,4
D7_heat_mitigation_minus_1sd,17031130300,2023,-0.011582282,0.7320903,4
D7_heat_mitigation_minus_1sd,17031140100,2023,-0.011132287,0.73283094,4
D7_heat_mitigation_minus_1sd,17031140200,2023,-0.011389572,0.73165417,4
D7_heat_mitigation_minus_1sd,17031140301,2023,-0.011741307,0.73251784,4
D7_heat_mitigation_minus_1sd,17031140302,2023,-0.01394754,0.73597044,4
D7_heat_mitigation_minus_1sd,17031140400,2023,-0.011402359,0.7314898,4
D7_heat_mitigation_minus_1sd,17031140500,2023,-0.011553836,0.7324887,4
D7_heat_mitigation_minus_1sd,17031140601,2023,-0.012456863,0.7346534,4
D7_heat_mitigation_minus_1sd,17031140602,2023,-0.0112612005,0.7326273,4
D7_heat_mitigation_minus_1sd,17031140701,2023,-0.011176394,0.7324958,4
D7_heat_mitigation_minus_1sd,17031140702,2023,-0.01130558,0.7323139,4
D7_heat_mitigation_minus_1sd,17031140800,2023,-0.0109487735,0.7323944,4
D7_heat_mitigation_minus_1sd,17031150200,2023,-0.011517899,0.7314197,4
D7_heat_mitigation_minus_1sd,17031150300,2023,-0.01156373,0.73178923,4
D7_heat_mitigation_minus_1sd,17031150401,2023,-0.011617467,0.7318547,4
D7_heat_mitigation_minus_1sd,17031150402,2023,-0.013166839,0.73432314,4
D7_heat_mitigation_minus_1sd,17031150501,2023,-0.015877437,0.7375034,4
D7_heat_mitigation_minus_1sd,17031150502,2023,-0.011948575,0.7319647,4
D7_heat_mitigation_minus_1sd,17031150600,2023,-0.012402235,0.7343179,4
D7_heat_mitigation_minus_1sd,17031150700,2023,-0.013998178,0.736227,4
D7_heat_mitigation_minus_1sd,17031150800,2023,-0.012267593,0.7343072,4
D7_heat_mitigation_minus_1sd,17031151001,2023,-0.012098884,0.7340402,4
D7_heat_mitigation_minus_1sd,17031151002,2023,-0.013360346,0.7360561,4
D7_heat_mitigation_minus_1sd,17031151100,2023,-0.010931981,0.7341712,4
D7_heat_mitigation_minus_1sd,17031151200,2023,-0.013920535,0.7361892,4
D7_heat_mitigation_minus_1sd,17031160100,2023,-0.012559891,0.73436594,4
D7_heat_mitigation_minus_1sd,17031160200,2023,-0.01138915,0.7333272,4
D7_heat_mitigation_minus_1sd,17031160300,2023,-0.012049581,0.7346356,4
D7_heat_mitigation_minus_1sd,17031160400,2023,-0.011056133,0.7334279,4
D7_heat_mitigation_minus_1sd,17031160501,2023,-0.013713844,0.7362634,4
D7_heat_mitigation_minus_1sd,17031160502,2023,-0.011109911,0.7328812,4
D7_heat_mitigation_minus_1sd,17031160601,2023,-0.0132247675,0.7361271,4
D7_heat_mitigation_minus_1sd,17031160602,2023,-0.010576769,0.7329396,4
D7_heat_mitigation_minus_1sd,17031160700,2023,-0.009961773,0.7315399,4
D7_heat_mitigation_minus_1sd,17031160800,2023,-0.0109012015,0.73227686,4
D7_heat_mitigation_minus_1sd,17031160900,2023,-0.010260201,0.7330266,4
D7_heat_mitigation_minus_1sd,17031161000,2023,-0.010817599,0.73350817,4
D7_heat_mitigation_minus_1sd,17031161100,2023,-0.011231212,0.7325153,4
D7_heat_mitigation_minus_1sd,17031161200,2023,-0.013500262,0.73629117,4
D7_heat_mitigation_minus_1sd,17031161300,2023,-0.010624658,0.7326475,4
D7_heat_mitigation_minus_1sd,17031170100,2023,-0.01409469,0.7337074,4
D7_heat_mitigation_minus_1sd,17031170200,2023,-0.012036201,0.73261535,4
D7_heat_mitigation_minus_1sd,17031170300,2023,-0.014299684,0.73570883,4
D7_heat_mitigation_minus_1sd,17031170400,2023,0.02177364,0.7009733,4
D7_heat_mitigation_minus_1sd,17031170500,2023,0.017433584,0.7046093,4
D7_heat_mitigation_minus_1sd,17031170600,2023,-0.003332532,0.74711686,4
D7_heat_mitigation_minus_1sd,17031170700,2023,-0.0018444862,0.74646074,4
D7_heat_mitigation_minus_1sd,17031170800,2023,0.01817901,0.70466125,4
D7_heat_mitigation_minus_1sd,17031170900,2023,-0.002136496,0.7473473,4
D7_heat_mitigation_minus_1sd,17031171000,2023,0.018890563,0.7045697,4
D7_heat_mitigation_minus_1sd,17031171100,2023,-0.011779642,0.73315614,4
D7_heat_mitigation_minus_1sd,17031180100,2023,0.06512891,0.6957431,4
D7_heat_mitigation_minus_1sd,17031190100,2023,0.03205534,0.7272067,4
D7_heat_mitigation_minus_1sd,17031190200,2023,0.032626875,0.7261952,4
D7_heat_mitigation_minus_1sd,17031190300,2023,0.032613534,0.72627646,4
D7_heat_mitigation_minus_1sd,17031190401,2023,0.033034332,0.72588605,4
D7_heat_mitigation_minus_1sd,17031190402,2023,0.032293506,0.7278924,4
D7_heat_mitigation_minus_1sd,17031190601,2023,0.065966114,0.69605964,4
D7_heat_mitigation_minus_1sd,17031190602,2023,0.03177749,0.72725636,4
D7_heat_mitigation_minus_1sd,17031190701,2023,0.032237493,0.7276259,4
D7_heat_mitigation_minus_1sd,17031190702,2023,0.031926293,0.72741663,4
D7_heat_mitigation_minus_1sd,17031190800,2023,0.032487996,0.7257896,4
D7_heat_mitigation_minus_1sd,17031190900,2023,0.032110758,0.72758645,4
D7_heat_mitigation_minus_1sd,17031191000,2023,0.031668406,0.7276007,4
D7_heat_mitigation_minus_1sd,17031191100,2023,0.032113142,0.7260224,4
D7_heat_mitigation_minus_1sd,17031191200,2023,0.032027904,0.7276309,4
D7_heat_mitigation_minus_1sd,17031191301,2023,0.045854986,0.73982143,4
D7_heat_mitigation_minus_1sd,17031191302,2023,0.044878133,0.73968804,4
D7_heat_mitigation_minus_1sd,17031200100,2023,0.031768907,0.72758317,4
D7_heat_mitigation_minus_1sd,17031200200,2023,0.031458832,0.72749954,4
D7_heat_mitigation_minus_1sd,17031200300,2023,0.032071605,0.72782564,4
D7_heat_mitigation_minus_1sd,17031200401,2023,0.03135387,0.726141,4
D7_heat_mitigation_minus_1sd,17031200402,2023,0.033065557,0.7267083,4
D7_heat_mitigation_minus_1sd,17031210100,2023,-0.009771975,0.7316585,4
D7_heat_mitigation_minus_1sd,17031210400,2023,0.031924564,0.727618,4
D7_heat_mitigation_minus_1sd,17031210501,2023,-0.010887839,0.73435414,4
D7_heat_mitigation_minus_1sd,17031210502,2023,0.032774083,0.72665596,4
D7_heat_mitigation_minus_1sd,17031210601,2023,-0.011480269,0.7351799,4
D7_heat_mitigation_minus_1sd,17031210602,2023,0.031770423,0.7259471,4
D7_heat_mitigation_minus_1sd,17031210700,2023,0.03289125,0.726656,4
D7_heat_mitigation_minus_1sd,17031210800,2023,0.032771796,0.72664773,4
D7_heat_mitigation_minus_1sd,17031210900,2023,0.03200566,0.7260213,4
D7_heat_mitigation_minus_1sd,17031220300,2023,0.03311073,0.7268551,4
D7_heat_mitigation_minus_1sd,17031220400,2023,0.032724768,0.72670364,4
D7_heat_mitigation_minus_1sd,17031220500,2023,0.032204486,0.72607595,4
D7_heat_mitigation_minus_1sd,17031220601,2023,0.032951094,0.7275788,4
D7_heat_mitigation_minus_1sd,17031220602,2023,0.03218762,0.7258581,4
D7_heat_mitigation_minus_1sd,17031220701,2023,0.032162696,0.7279339,4
D7_heat_mitigation_minus_1sd,17031220702,2023,0.032421835,0.72688943,4
D7_heat_mitigation_minus_1sd,17031220901,2023,0.031731255,0.72783244,4
D7_heat_mitigation_minus_1sd,17031220902,2023,0.03197116,0.7279575,4
D7_heat_mitigation_minus_1sd,17031221000,2023,0.032199662,0.72787946,4
D7_heat_mitigation_minus_1sd,17031221100,2023,0.03252871,0.72795653,4
D7_heat_mitigation_minus_1sd,17031221200,2023,0.032590635,0.7267319,4
D7_heat_mitigation_minus_1sd,17031221300,2023,0.10880381,0.7133677,4
D7_heat_mitigation_minus_1sd,17031221400,2023,0.1084678,0.7129415,4
D7_heat_mitigation_minus_1sd,17031221500,2023,0.10946101,0.7132919,4
D7_heat_mitigation_minus_1sd,17031221600,2023,0.10851114,0.7129282,4
D7_heat_mitigation_minus_1sd,17031222200,2023,0.10911727,0.713858,4
D7_heat_mitigation_minus_1sd,17031222500,2023,0.10861602,0.71449566,4
D7_heat_mitigation_minus_1sd,17031222600,2023,0.10871492,0.7149403,4
D7_heat_mitigation_minus_1sd,17031222700,2023,0.03208957,0.72804904,4
D7_heat_mitigation_minus_1sd,17031222800,2023,0.03192678,0.72831196,4
D7_heat_mitigation_minus_1sd,17031222900,2023,0.032364544,0.7283648,4
D7_heat_mitigation_minus_1sd,17031230100,2023,0.10896085,0.7144725,4
D7_heat_mitigation_minus_1sd,17031230200,2023,0.108816385,0.7139362,4
D7_heat_mitigation_minus_1sd,17031230300,2023,0.108825155,0.71404195,4
D7_heat_mitigation_minus_1sd,17031230400,2023,0.03267037,0.728248,4
D7_heat_mitigation_minus_1sd,17031230500,2023,0.031522375,0.727787,4
D7_heat_mitigation_minus_1sd,17031230600,2023,0.056753926,0.7719001,4
D7_heat_mitigation_minus_1sd,17031230700,2023,0.13336411,0.7594428,4
D7_heat_mitigation_minus_1sd,17031230800,2023,0.1349912,0.7585021,4
D7_heat_mitigation_minus_1sd,17031230900,2023,0.1348708,0.758505,4
D7_heat_mitigation_minus_1sd,17031231100,2023,0.1353314,0.758576,4
D7_heat_mitigation_minus_1sd,17031231200,2023,0.13484958,0.75882936,4
D7_heat_mitigation_minus_1sd,17031231500,2023,0.11274599,0.805568,4
D7_heat_mitigation_minus_1sd,17031240200,2023,0.15965517,0.6548254,4
D7_heat_mitigation_minus_1sd,17031240300,2023,0.15923394,0.65430367,4
D7_heat_mitigation_minus_1sd,17031240500,2023,0.10846463,0.71319026,4
D7_heat_mitigation_minus_1sd,17031240600,2023,0.108876556,0.714535,4
D7_heat_mitigation_minus_1sd,17031240700,2023,0.10878807,0.7150943,4
D7_heat_mitigation_minus_1sd,17031240800,2023,0.108687915,0.7144767,4
D7_heat_mitigation_minus_1sd,17031240900,2023,0.13494186,0.75752103,4
D7_heat_mitigation_minus_1sd,17031241000,2023,0.13384593,0.7574765,4
D7_heat_mitigation_minus_1sd,17031241100,2023,0.13367428,0.7577969,4
D7_heat_mitigation_minus_1sd,17031241200,2023,0.13382867,0.75753534,4
D7_heat_mitigation_minus_1sd,17031241300,2023,0.13380049,0.7574244,4
D7_heat_mitigation_minus_1sd,17031241400,2023,0.1577189,0.65143514,4
D7_heat_mitigation_minus_1sd,17031241500,2023,0.15806021,0.6518899,4
D7_heat_mitigation_minus_1sd,17031241600,2023,0.15800782,0.65012217,4
D7_heat_mitigation_minus_1sd,17031242000,2023,0.15908596,0.6543598,4
D7_heat_mitigation_minus_1sd,17031242100,2023,0.15894248,0.6539339,4
D7_heat_mitigation_minus_1sd,17031242200,2023,0.15865901,0.65313077,4
D7_heat_mitigation_minus_1sd,17031242300,2023,0.13667841,0.7306611,4
D7_heat_mitigation_minus_1sd,17031242400,2023,0.1340915,0.75663006,4
D7_heat_mitigation_minus_1sd,17031242500,2023,0.13368812,0.7576266,4
D7_heat_mitigation_minus_1sd,17031242600,2023,0.13363743,0.7573281,4
D7_heat_mitigation_minus_1sd,17031242700,2023,0.1339167,0.7585961,4
D7_heat_mitigation_minus_1sd,17031242800,2023,0.13394246,0.7578525,4
D7_heat_mitigation_minus_1sd,17031242900,2023,0.13369848,0.75716645,4
D7_heat_mitigation_minus_1sd,17031243000,2023,0.15840967,0.6518403,4
D7_heat_mitigation_minus_1sd,17031243100,2023,0.15796545,0.6515323,4
D7_heat_mitigation_minus_1sd,17031243200,2023,0.15795302,0.6519268,4
D7_heat_mitigation_minus_1sd,17031243300,2023,0.15806732,0.6514893,4
D7_heat_mitigation_minus_1sd,17031243400,2023,0.15887156,0.65410596,4
D7_heat_mitigation_minus_1sd,17031243500,2023,0.15805769,0.65065753,4
D7_heat_mitigation_minus_1sd,17031250200,2023,0.032064132,0.7278883,4
D7_heat_mitigation_minus_1sd,17031250300,2023,0.045053504,0.7401858,4
D7_heat_mitigation_minus_1sd,17031250400,2023,0.04552114,0.7398819,4
D7_heat_mitigation_minus_1sd,17031250500,2023,0.044818,0.73831606,4
D7_heat_mitigation_minus_1sd,17031250600,2023,0.07155549,0.78624916,4
D7_heat_mitigation_minus_1sd,17031250700,2023,0.07140646,0.7863674,4
D7_heat_mitigation_minus_1sd,17031250800,2023,0.070856914,0.78589356,4
D7_heat_mitigation_minus_1sd,17031251000,2023,0.07068603,0.7869247,4
D7_heat_mitigation_minus_1sd,17031251100,2023,0.07152786,0.78634375,4
D7_heat_mitigation_minus_1sd,17031251200,2023,0.07136129,0.7862188,4
D7_heat_mitigation_minus_1sd,17031251300,2023,0.070480585,0.7875707,4
D7_heat_mitigation_minus_1sd,17031251400,2023,0.07040462,0.7874035,4
D7_heat_mitigation_minus_1sd,17031251500,2023,0.07108713,0.7864461,4
D7_heat_mitigation_minus_1sd,17031251600,2023,0.07151328,0.78662336,4
D7_heat_mitigation_minus_1sd,17031251700,2023,0.07129894,0.78769994,4
D7_heat_mitigation_minus_1sd,17031251800,2023,0.07099533,0.78633344,4
D7_heat_mitigation_minus_1sd,17031251900,2023,0.07108769,0.7870865,4
D7_heat_mitigation_minus_1sd,17031252000,2023,0.07092093,0.78647184,4
D7_heat_mitigation_minus_1sd,17031252101,2023,0.043987278,0.7501757,4
D7_heat_mitigation_minus_1sd,17031252102,2023,0.071069404,0.78777254,4
D7_heat_mitigation_minus_1sd,17031252201,2023,0.07115009,0.7867207,4
D7_heat_mitigation_minus_1sd,17031252202,2023,0.07100302,0.78640676,4
D7_heat_mitigation_minus_1sd,17031260100,2023,0.071196124,0.7875961,4
D7_heat_mitigation_minus_1sd,17031260200,2023,0.07086505,0.7865428,4
D7_heat_mitigation_minus_1sd,17031260300,2023,0.071280316,0.78678954,4
D7_heat_mitigation_minus_1sd,17031260400,2023,0.071523,0.786834,4
D7_heat_mitigation_minus_1sd,17031260500,2023,0.07124078,0.78811085,4
D7_heat_mitigation_minus_1sd,17031260600,2023,0.07303104,0.7852347,4
D7_heat_mitigation_minus_1sd,17031260700,2023,0.07171414,0.7870685,4
D7_heat_mitigation_minus_1sd,17031260800,2023,0.07177067,0.7872075,4
D7_heat_mitigation_minus_1sd,17031260900,2023,0.04650937,0.751361,4
D7_heat_mitigation_minus_1sd,17031261000,2023,0.045938402,0.75143194,4
D7_heat_mitigation_minus_1sd,17031270500,2023,0.071736634,0.78693235,4
D7_heat_mitigation_minus_1sd,17031271200,2023,0.11319819,0.8051292,4
D7_heat_mitigation_minus_1sd,17031271300,2023,0.07192258,0.78693587,4
D7_heat_mitigation_minus_1sd,17031271400,2023,0.071318105,0.78730613,4
D7_heat_mitigation_minus_1sd,17031271500,2023,0.048454754,0.7500217,4
D7_heat_mitigation_minus_1sd,17031271800,2023,0.04863465,0.74988973,4
D7_heat_mitigation_minus_1sd,17031280100,2023,0.16011445,0.6517951,4
D7_heat_mitigation_minus_1sd,17031280400,2023,0.15823534,0.65058583,4
D7_heat_mitigation_minus_1sd,17031280800,2023,0.11244831,0.80481684,4
D7_heat_mitigation_minus_1sd,17031280900,2023,0.11237292,0.8046513,4
D7_heat_mitigation_minus_1sd,17031281900,2023,0.15837367,0.65146226,4
D7_heat_mitigation_minus_1sd,17031282700,2023,0.08851518,0.76915854,4
D7_heat_mitigation_minus_1sd,17031282800,2023,0.087785065,0.769725,4
D7_heat_mitigation_minus_1sd,17031283100,2023,0.13554484,0.6191943,4
D7_heat_mitigation_minus_1sd,17031283200,2023,0.13639162,0.6202181,4
D7_heat_mitigation_minus_1sd,17031283800,2023,0.13674419,0.61982054,4
D7_heat_mitigation_minus_1sd,17031290900,2023,0.045771595,0.7518223,4
D7_heat_mitigation_minus_1sd,17031291200,2023,0.046618123,0.75230384,4
D7_heat_mitigation_minus_1sd,17031291600,2023,0.049407087,0.7501817,4
D7_heat_mitigation_minus_1sd,17031292200,2023,0.04765384,0.7511311,4
D7_heat_mitigation_minus_1sd,17031292400,2023,0.04625877,0.7518013,4
D7_heat_mitigation_minus_1sd,17031292500,2023,0.04636914,0.7514432,4
D7_heat_mitigation_minus_1sd,17031300500,2023,0.04563428,0.7525327,4
D7_heat_mitigation_minus_1sd,17031300600,2023,0.04626928,0.7521042,4
D7_heat_mitigation_minus_1sd,17031300700,2023,0.04665087,0.75226545,4
D7_heat_mitigation_minus_1sd,17031300800,2023,0.046465553,0.7521908,4
D7_heat_mitigation_minus_1sd,17031300900,2023,0.04623536,0.75231767,4
D7_heat_mitigation_minus_1sd,17031301100,2023,0.046914294,0.75229037,4
D7_heat_mitigation_minus_1sd,17031301200,2023,0.046434,0.7524768,4
D7_heat_mitigation_minus_1sd,17031301600,2023,0.04657893,0.7522495,4
D7_heat_mitigation_minus_1sd,17031301701,2023,0.046042375,0.75216305,4
D7_heat_mitigation_minus_1sd,17031301702,2023,0.04660484,0.7522059,4
D7_heat_mitigation_minus_1sd,17031301801,2023,0.045701455,0.751938,4
D7_heat_mitigation_minus_1sd,17031301802,2023,0.045771703,0.75245404,4
D7_heat_mitigation_minus_1sd,17031301803,2023,0.04626135,0.7521995,4
D7_heat_mitigation_minus_1sd,17031310200,2023,0.13639796,0.6178019,4
D7_heat_mitigation_minus_1sd,17031310300,2023,0.13591495,0.6193391,4
D7_heat_mitigation_minus_1sd,17031310400,2023,0.1362233,0.61991274,4
D7_heat_mitigation_minus_1sd,17031310500,2023,0.13598427,0.618805,4
D7_heat_mitigation_minus_1sd,17031310600,2023,0.13552044,0.61804986,4
D7_heat_mitigation_minus_1sd,17031310700,2023,0.0995251,0.6278969,4
D7_heat_mitigation_minus_1sd,17031310800,2023,0.09982151,0.6274559,4
D7_heat_mitigation_minus_1sd,17031310900,2023,0.09972749,0.6273477,4
D7_heat_mitigation_minus_1sd,17031320101,2023,0.16070761,0.65313435,4
D7_heat_mitigation_minus_1sd,17031320102,2023,0.1606431,0.65258366,4
D7_heat_mitigation_minus_1sd,17031320400,2023,0.16030832,0.65311885,4
D7_heat_mitigation_minus_1sd,17031320600,2023,0.1353326,0.6179747,4
D7_heat_mitigation_minus_1sd,17031330101,2023,0.13657415,0.61837524,4
D7_heat_mitigation_minus_1sd,17031330102,2023,0.1364314,0.6174436,4
D7_heat_mitigation_minus_1sd,17031330103,2023,0.1363165,0.6193136,4
D7_heat_mitigation_minus_1sd,17031330200,2023,0.13616835,0.6205639,4
D7_heat_mitigation_minus_1sd,17031340300,2023,0.13654913,0.6208979,4
D7_heat_mitigation_minus_1sd,17031340400,2023,0.13672794,0.6211759,4
D7_heat_mitigation_minus_1sd,17031340500,2023,0.13594359,0.62104493,4
D7_heat_mitigation_minus_1sd,17031340600,2023,0.09987873,0.62636906,4
D7_heat_mitigation_minus_1sd,17031350100,2023,0.13674363,0.6213707,4
D7_heat_mitigation_minus_1sd,17031350400,2023,0.13692543,0.62167436,4
D7_heat_mitigation_minus_1sd,17031351000,2023,0.13765287,0.62089485,4
D7_heat_mitigation_minus_1sd,17031351100,2023,0.13738176,0.6215993,4
D7_heat_mitigation_minus_1sd,17031351400,2023,0.13690114,0.6208739,4
D7_heat_mitigation_minus_1sd,17031351500,2023,0.13698378,0.6220056,4
D7_heat_mitigation_minus_1sd,17031360200,2023,0.13710849,0.6223295,4
D7_heat_mitigation_minus_1sd,17031380100,2023,0.13772026,0.62198734,4
D7_heat_mitigation_minus_1sd,17031380200,2023,0.13681869,0.62145627,4
D7_heat_mitigation_minus_1sd,17031380600,2023,0.13715643,0.6211002,4
D7_heat_mitigation_minus_1sd,17031381200,2023,0.048666142,0.57056105,4
D7_heat_mitigation_minus_1sd,17031381400,2023,0.048587576,0.57044923,4
D7_heat_mitigation_minus_1sd,17031381500,2023,0.04835536,0.5705346,4
D7_heat_mitigation_minus_1sd,17031381800,2023,0.048703227,0.57012427,4
D7_heat_mitigation_minus_1sd,17031381900,2023,0.04831669,0.5700556,4
D7_heat_mitigation_minus_1sd,17031390100,2023,0.13803503,0.62313175,4
D7_heat_mitigation_minus_1sd,17031390200,2023,0.14793108,0.5820502,4
D7_heat_mitigation_minus_1sd,17031390300,2023,0.1377277,0.62227035,4
D7_heat_mitigation_minus_1sd,17031390400,2023,0.14794537,0.5815562,4
D7_heat_mitigation_minus_1sd,17031390500,2023,0.14887387,0.5817667,4
D7_heat_mitigation_minus_1sd,17031390600,2023,0.14838356,0.5826222,4
D7_heat_mitigation_minus_1sd,17031390700,2023,0.14832684,0.58237135,4
D7_heat_mitigation_minus_1sd,17031400300,2023,0.049014572,0.57047635,4
D7_heat_mitigation_minus_1sd,17031400400,2023,0.04897868,0.5706024,4
D7_heat_mitigation_minus_1sd,17031400500,2023,0.048838265,0.5700487,4
D7_heat_mitigation_minus_1sd,17031400800,2023,0.021478437,0.5451237,4
D7_heat_mitigation_minus_1sd,17031410100,2023,0.14863715,0.58220685,4
D7_heat_mitigation_minus_1sd,17031410200,2023,0.1485922,0.5827321,4
D7_heat_mitigation_minus_1sd,17031410500,2023,0.048889592,0.5704669,4
D7_heat_mitigation_minus_1sd,17031410600,2023,0.08594381,0.5637625,4
D7_heat_mitigation_minus_1sd,17031410700,2023,0.14905739,0.58171034,4
D7_heat_mitigation_minus_1sd,17031410800,2023,0.14803258,0.5817006,4
D7_heat_mitigation_minus_1sd,17031410900,2023,0.14852229,0.5822756,4
D7_heat_mitigation_minus_1sd,17031411000,2023,0.14979424,0.58200186,4
D7_heat_mitigation_minus_1sd,17031411100,2023,0.08677641,0.5639566,4
D7_heat_mitigation_minus_1sd,17031411200,2023,0.08647298,0.563722,4
D7_heat_mitigation_minus_1sd,17031420100,2023,0.05885252,0.53924257,4
D7_heat_mitigation_minus_1sd,17031420200,2023,0.04930177,0.5702645,4
D7_heat_mitigation_minus_1sd,17031420300,2023,0.021778716,0.5446319,4
D7_heat_mitigation_minus_1sd,17031420400,2023,0.021284655,0.5456366,4
D7_heat_mitigation_minus_1sd,17031420500,2023,0.021063453,0.54570377,4
D7_heat_mitigation_minus_1sd,17031420600,2023,0.021599507,0.5447849,4
D7_heat_mitigation_minus_1sd,17031420700,2023,0.020969855,0.545462,4
D7_heat_mitigation_minus_1sd,17031420800,2023,0.021162843,0.5449158,4
D7_heat_mitigation_minus_1sd,17031421200,2023,0.021557763,0.54439443,4
D7_heat_mitigation_minus_1sd,17031430101,2023,0.058862694,0.53950894,4
D7_heat_mitigation_minus_1sd,17031430102,2023,0.059279963,0.5393688,4
D7_heat_mitigation_minus_1sd,17031430200,2023,0.021474639,0.54445493,4
D7_heat_mitigation_minus_1sd,17031430300,2023,0.021826707,0.54413676,4
D7_heat_mitigation_minus_1sd,17031430400,2023,0.02179937,0.54409254,4
D7_heat_mitigation_minus_1sd,17031430500,2023,0.021367742,0.5444313,4
D7_heat_mitigation_minus_1sd,17031430600,2023,0.02145282,0.5446478,4
D7_heat_mitigation_minus_1sd,17031430700,2023,0.059286587,0.53943855,4
D7_heat_mitigation_minus_1sd,17031430800,2023,0.022270754,0.5433151,4
D7_heat_mitigation_minus_1sd,17031430900,2023,0.021263458,0.5447931,4
D7_heat_mitigation_minus_1sd,17031431200,2023,0.021473428,0.54413575,4
D7_heat_mitigation_minus_1sd,17031431301,2023,0.02180782,0.54453814,4
D7_heat_mitigation_minus_1sd,17031431302,2023,0.021623509,0.5448762,4
D7_heat_mitigation_minus_1sd,17031431400,2023,0.06053184,0.54028857,4
D7_heat_mitigation_minus_1sd,17031440101,2023,0.021075234,0.5450747,4
D7_heat_mitigation_minus_1sd,17031440102,2023,0.020914126,0.5449342,4
D7_heat_mitigation_minus_1sd,17031440201,2023,0.021007907,0.54472345,4
D7_heat_mitigation_minus_1sd,17031440202,2023,0.020756438,0.5451305,4
D7_heat_mitigation_minus_1sd,17031440300,2023,0.021351665,0.5443177,4
D7_heat_mitigation_minus_1sd,17031440600,2023,0.021303806,0.54450136,4
D7_heat_mitigation_minus_1sd,17031440700,2023,0.021393131,0.54428494,4
D7_heat_mitigation_minus_1sd,17031440800,2023,0.021711491,0.54343104,4
D7_heat_mitigation_minus_1sd,17031440900,2023,0.020703193,0.54529333,4
D7_heat_mitigation_minus_1sd,17031450300,2023,0.021193841,0.54482573,4
D7_heat_mitigation_minus_1sd,17031460100,2023,0.05954244,0.5402298,4
D7_heat_mitigation_minus_1sd,17031460200,2023,0.022535454,0.5436058,4
D7_heat_mitigation_minus_1sd,17031460301,2023,0.02171189,0.5444024,4
D7_heat_mitigation_minus_1sd,17031460302,2023,0.022443205,0.54397684,4
D7_heat_mitigation_minus_1sd,17031460400,2023,0.021742946,0.54437906,4
D7_heat_mitigation_minus_1sd,17031460500,2023,0.021397013,0.5449389,4
D7_heat_mitigation_minus_1sd,17031460800,2023,0.022334654,0.5435703,4
D7_heat_mitigation_minus_1sd,17031461000,2023,0.022036647,0.5443435,4
D7_heat_mitigation_minus_1sd,17031470100,2023,0.021124844,0.5450401,4
D7_heat_mitigation_minus_1sd,17031480100,2023,0.02129237,0.54473567,4
D7_heat_mitigation_minus_1sd,17031480200,2023,0.020925306,0.54466575,4
D7_heat_mitigation_minus_1sd,17031480300,2023,0.021018963,0.5448164,4
D7_heat_mitigation_minus_1sd,17031480400,2023,0.02117604,0.54419804,4
D7_heat_mitigation_minus_1sd,17031480500,2023,0.022182297,0.5436978,4
D7_heat_mitigation_minus_1sd,17031490200,2023,0.021325707,0.544198,4
D7_heat_mitigation_minus_1sd,17031490500,2023,0.020879518,0.54498214,4
D7_heat_mitigation_minus_1sd,17031490600,2023,0.021161646,0.5443512,4
D7_heat_mitigation_minus_1sd,17031490700,2023,0.021693802,0.5435464,4
D7_heat_mitigation_minus_1sd,17031490800,2023,0.021271784,0.54396576,4
D7_heat_mitigation_minus_1sd,17031490901,2023,0.020794686,0.54519653,4
D7_heat_mitigation_minus_1sd,17031490902,2023,0.020895712,0.5447879,4
D7_heat_mitigation_minus_1sd,17031491000,2023,0.021153621,0.5440507,4
D7_heat_mitigation_minus_1sd,17031491100,2023,0.020896247,0.5442065,4
D7_heat_mitigation_minus_1sd,17031491200,2023,0.02072696,0.54451615,4
D7_heat_mitigation_minus_1sd,17031491300,2023,0.021227755,0.54337037,4
D7_heat_mitigation_minus_1sd,17031491400,2023,0.020503432,0.54479206,4
D7_heat_mitigation_minus_1sd,17031500100,2023,0.021131974,0.5449053,4
D7_heat_mitigation_minus_1sd,17031500200,2023,0.020761477,0.5445399,4
D7_heat_mitigation_minus_1sd,17031500300,2023,0.020951035,0.5441596,4
D7_heat_mitigation_minus_1sd,17031510100,2023,0.021748748,0.543514,4
D7_heat_mitigation_minus_1sd,17031510200,2023,0.022177484,0.5434824,4
D7_heat_mitigation_minus_1sd,17031510300,2023,0.021954041,0.54373014,4
D7_heat_mitigation_minus_1sd,17031520100,2023,0.021981342,0.54392457,4
D7_heat_mitigation_minus_1sd,17031520200,2023,0.021878738,0.5441119,4
D7_heat_mitigation_minus_1sd,17031520300,2023,0.02245245,0.54317623,4
D7_heat_mitigation_minus_1sd,17031520400,2023,0.021970257,0.5439659,4
D7_heat_mitigation_minus_1sd,17031520500,2023,0.02276219,0.54254156,4
D7_heat_mitigation_minus_1sd,17031520600,2023,0.02273338,0.54281795,4
D7_heat_mitigation_minus_1sd,17031530100,2023,0.021249242,0.5439325,4
D7_heat_mitigation_minus_1sd,17031530200,2023,0.020541366,0.54433084,4
D7_heat_mitigation_minus_1sd,17031530300,2023,0.020718899,0.544219,4
D7_heat_mitigation_minus_1sd,17031530400,2023,0.020617709,0.5442622,4
D7_heat_mitigation_minus_1sd,17031530501,2023,0.021007366,0.5441945,4
D7_heat_mitigation_minus_1sd,17031530502,2023,0.021081895,0.544021,4
D7_heat_mitigation_minus_1sd,17031530503,2023,0.021025725,0.54399,4
D7_heat_mitigation_minus_1sd,17031530600,2023,0.020899426,0.54497194,4
D7_heat_mitigation_minus_1sd,17031540101,2023,0.02056419,0.5443124,4
D7_heat_mitigation_minus_1sd,17031540102,2023,0.021408077,0.5439018,4
D7_heat_mitigation_minus_1sd,17031550100,2023,0.021813648,0.54359597,4
D7_heat_mitigation_minus_1sd,17031550200,2023,0.021776738,0.54400384,4
D7_heat_mitigation_minus_1sd,17031560100,2023,0.04604719,0.7522447,4
D7_heat_mitigation_minus_1sd,17031560200,2023,0.04613977,0.7523945,4
D7_heat_mitigation_minus_1sd,17031560300,2023,0.04602445,0.7526423,4
D7_heat_mitigation_minus_1sd,17031560400,2023,0.046246592,0.7525079,4
D7_heat_mitigation_minus_1sd,17031560700,2023,0.04450527,0.752991,4
D7_heat_mitigation_minus_1sd,17031560800,2023,0.044510826,0.7527579,4
D7_heat_mitigation_minus_1sd,17031560900,2023,0.044756822,0.7523025,4
D7_heat_mitigation_minus_1sd,17031561000,2023,0.043858126,0.75253546,4
D7_heat_mitigation_minus_1sd,17031561100,2023,0.044785596,0.752521,4
D7_heat_mitigation_minus_1sd,17031570100,2023,0.043542013,0.7523424,4
D7_heat_mitigation_minus_1sd,17031570200,2023,0.044218875,0.7524001,4
D7_heat_mitigation_minus_1sd,17031570300,2023,0.04533107,0.75271785,4
D7_heat_mitigation_minus_1sd,17031570400,2023,0.046369594,0.7529624,4
D7_heat_mitigation_minus_1sd,17031570500,2023,0.04558667,0.75286436,4
D7_heat_mitigation_minus_1sd,17031580100,2023,0.04702799,0.75295633,4
D7_heat_mitigation_minus_1sd,17031580200,2023,0.046421826,0.7528783,4
D7_heat_mitigation_minus_1sd,17031580300,2023,0.04675619,0.7526616,4
D7_heat_mitigation_minus_1sd,17031580400,2023,0.046362806,0.7530254,4
D7_heat_mitigation_minus_1sd,17031580501,2023,0.046939727,0.75290465,4
D7_heat_mitigation_minus_1sd,17031580502,2023,0.045995507,0.7532513,4
D7_heat_mitigation_minus_1sd,17031580600,2023,0.047066577,0.75339234,4
D7_heat_mitigation_minus_1sd,17031580700,2023,0.047484063,0.7531421,4
D7_heat_mitigation_minus_1sd,17031580800,2023,0.04753874,0.7532901,4
D7_heat_mitigation_minus_1sd,17031590500,2023,0.04738146,0.7529784,4
D7_heat_mitigation_minus_1sd,17031590600,2023,0.060116444,0.6088018,4
D7_heat_mitigation_minus_1sd,17031590700,2023,0.05589981,0.6082255,4
D7_heat_mitigation_minus_1sd,17031600400,2023,0.13638234,0.6203391,4
D7_heat_mitigation_minus_1sd,17031600600,2023,0.09911398,0.62821275,4
D7_heat_mitigation_minus_1sd,17031600700,2023,0.058494173,0.61004454,4
D7_heat_mitigation_minus_1sd,17031600900,2023,0.06043459,0.6091585,4
D7_heat_mitigation_minus_1sd,17031610300,2023,0.05793679,0.6073111,4
D7_heat_mitigation_minus_1sd,17031610400,2023,0.06974539,0.5691918,4
D7_heat_mitigation_minus_1sd,17031610800,2023,0.070196696,0.5695103,4
D7_heat_mitigation_minus_1sd,17031611200,2023,0.069983095,0.5692163,4
D7_heat_mitigation_minus_1sd,17031611300,2023,0.06923929,0.5692345,4
D7_heat_mitigation_minus_1sd,17031611400,2023,0.069388404,0.56930566,4
D7_heat_mitigation_minus_1sd,17031611500,2023,0.04755351,0.75333834,4
D7_heat_mitigation_minus_1sd,17031611600,2023,0.068790115,0.5696551,4
D7_heat_mitigation_minus_1sd,17031611700,2023,0.06834127,0.5696416,4
D7_heat_mitigation_minus_1sd,17031611800,2023,0.06905191,0.56961554,4
D7_heat_mitigation_minus_1sd,17031611900,2023,0.06933906,0.5695188,4
D7_heat_mitigation_minus_1sd,17031612000,2023,0.070030056,0.569069,4
D7_heat_mitigation_minus_1sd,17031612100,2023,0.04849694,0.5694504,4
D7_heat_mitigation_minus_1sd,17031612200,2023,0.069395155,0.5692452,4
D7_heat_mitigation_minus_1sd,17031620100,2023,0.046507407,0.7534827,4
D7_heat_mitigation_minus_1sd,17031620200,2023,0.04616477,0.75302696,4
D7_heat_mitigation_minus_1sd,17031620300,2023,0.046458606,0.7532189,4
D7_heat_mitigation_minus_1sd,17031620400,2023,0.047038257,0.7533497,4
D7_heat_mitigation_minus_1sd,17031630300,2023,0.04348909,0.75358576,4
D7_heat_mitigation_minus_1sd,17031630400,2023,0.047006175,0.75359243,4
D7_heat_mitigation_minus_1sd,17031630500,2023,0.047366507,0.75359946,4
D7_heat_mitigation_minus_1sd,17031630600,2023,0.046730693,0.75336266,4
D7_heat_mitigation_minus_1sd,17031630800,2023,0.04672442,0.75383043,4
D7_heat_mitigation_minus_1sd,17031630900,2023,0.04676508,0.7535156,4
D7_heat_mitigation_minus_1sd,17031640100,2023,0.019311996,0.72982895,4
D7_heat_mitigation_minus_1sd,17031640300,2023,0.017748784,0.73046,4
D7_heat_mitigation_minus_1sd,17031640400,2023,0.017264752,0.73022044,4
D7_heat_mitigation_minus_1sd,17031640500,2023,0.017655544,0.7306746,4
D7_heat_mitigation_minus_1sd,17031640600,2023,0.0184472,0.7301447,4
D7_heat_mitigation_minus_1sd,17031640700,2023,0.018812768,0.7300321,4
D7_heat_mitigation_minus_1sd,17031640800,2023,0.019158205,0.73005,4
D7_heat_mitigation_minus_1sd,17031650100,2023,0.019430589,0.7304251,4
D7_heat_mitigation_minus_1sd,17031650200,2023,0.018584173,0.7303302,4
D7_heat_mitigation_minus_1sd,17031650301,2023,0.018409738,0.7306825,4
D7_heat_mitigation_minus_1sd,17031650302,2023,0.01893224,0.72997063,4
D7_heat_mitigation_minus_1sd,17031650400,2023,0.019304823,0.73023045,4
D7_heat_mitigation_minus_1sd,17031650500,2023,0.016312905,0.73115045,4
D7_heat_mitigation_minus_1sd,17031660301,2023,0.020159882,0.72999275,4
D7_heat_mitigation_minus_1sd,17031660302,2023,0.047147594,0.75374913,4
D7_heat_mitigation_minus_1sd,17031660400,2023,0.019470844,0.73042727,4
D7_heat_mitigation_minus_1sd,17031660500,2023,0.01953591,0.7300633,4
D7_heat_mitigation_minus_1sd,17031660600,2023,0.019829318,0.7300455,4
D7_heat_mitigation_minus_1sd,17031660700,2023,0.02011349,0.7298945,4
D7_heat_mitigation_minus_1sd,17031660800,2023,0.02003906,0.7299725,4
D7_heat_mitigation_minus_1sd,17031660900,2023,0.018799586,0.73032916,4
D7_heat_mitigation_minus_1sd,17031661000,2023,-0.0002888143,0.73031604,4
D7_heat_mitigation_minus_1sd,17031661100,2023,0.019779086,0.72983015,4
D7_heat_mitigation_minus_1sd,17031670100,2023,0.048401568,0.5693171,4
D7_heat_mitigation_minus_1sd,17031670200,2023,0.06947158,0.56953037,4
D7_heat_mitigation_minus_1sd,17031670300,2023,0.0689991,0.5694396,4
D7_heat_mitigation_minus_1sd,17031670400,2023,0.06905016,0.56977105,4
D7_heat_mitigation_minus_1sd,17031670500,2023,0.06884206,0.5694643,4
D7_heat_mitigation_minus_1sd,17031670600,2023,0.042117976,0.5449122,4
D7_heat_mitigation_minus_1sd,17031670700,2023,0.04800157,0.5706279,4
D7_heat_mitigation_minus_1sd,17031670800,2023,0.048363063,0.5697783,4
D7_heat_mitigation_minus_1sd,17031670900,2023,0.048879847,0.56986904,4
D7_heat_mitigation_minus_1sd,17031671100,2023,0.020896591,0.5455893,4
D7_heat_mitigation_minus_1sd,17031671200,2023,0.0204888,0.54601395,4
D7_heat_mitigation_minus_1sd,17031671300,2023,0.020759031,0.54563457,4
D7_heat_mitigation_minus_1sd,17031671400,2023,0.020671252,0.54582524,4
D7_heat_mitigation_minus_1sd,17031671500,2023,0.02017415,0.54636425,4
D7_heat_mitigation_minus_1sd,17031671600,2023,0.020931184,0.5453553,4
D7_heat_mitigation_minus_1sd,17031671800,2023,0.021103222,0.54438376,4
D7_heat_mitigation_minus_1sd,17031671900,2023,0.020766161,0.54521245,4
D7_heat_mitigation_minus_1sd,17031672000,2023,0.02073175,0.5453871,4
D7_heat_mitigation_minus_1sd,17031680500,2023,0.04847819,0.5692947,4
D7_heat_mitigation_minus_1sd,17031680600,2023,0.04853717,0.5696907,4
D7_heat_mitigation_minus_1sd,17031680900,2023,0.02126189,0.5450107,4
D7_heat_mitigation_minus_1sd,17031681000,2023,0.021008682,0.54517066,4
D7_heat_mitigation_minus_1sd,17031681100,2023,0.020215977,0.5455688,4
D7_heat_mitigation_minus_1sd,17031681200,2023,0.021176454,0.54484934,4
D7_heat_mitigation_minus_1sd,17031681300,2023,0.020798031,0.54507625,4
D7_heat_mitigation_minus_1sd,17031681400,2023,0.02044763,0.5453992,4
D7_heat_mitigation_minus_1sd,17031690300,2023,0.021378634,0.5450285,4
D7_heat_mitigation_minus_1sd,17031690400,2023,0.02147167,0.54452497,4
D7_heat_mitigation_minus_1sd,17031690500,2023,0.020895816,0.545622,4
D7_heat_mitigation_minus_1sd,17031690900,2023,0.021008592,0.54544246,4
D7_heat_mitigation_minus_1sd,17031691000,2023,0.020668313,0.54471767,4
D7_heat_mitigation_minus_1sd,17031691100,2023,0.021209136,0.54471874,4
D7_heat_mitigation_minus_1sd,17031691200,2023,0.021143433,0.54463995,4
D7_heat_mitigation_minus_1sd,17031691300,2023,0.020609796,0.5451987,4
D7_heat_mitigation_minus_1sd,17031691400,2023,0.02093134,0.5452332,4
D7_heat_mitigation_minus_1sd,17031691500,2023,0.021660358,0.54418194,4
D7_heat_mitigation_minus_1sd,17031700100,2023,-0.0019398602,0.7318028,4
D7_heat_mitigation_minus_1sd,17031700200,2023,0.018221311,0.7302934,4
D7_heat_mitigation_minus_1sd,17031700301,2023,0.017155087,0.73099744,4
D7_heat_mitigation_minus_1sd,17031700302,2023,0.018416684,0.7305559,4
D7_heat_mitigation_minus_1sd,17031700401,2023,-0.001815388,0.73158294,4
D7_heat_mitigation_minus_1sd,17031700402,2023,-0.0018558949,0.7317331,4
D7_heat_mitigation_minus_1sd,17031700501,2023,-0.0019289907,0.73179555,4
D7_heat_mitigation_minus_1sd,17031700502,2023,-0.00049399957,0.7302358,4
D7_heat_mitigation_minus_1sd,17031710100,2023,0.02117076,0.54408157,4
D7_heat_mitigation_minus_1sd,17031710200,2023,0.020222,0.54524994,4
D7_heat_mitigation_minus_1sd,17031710300,2023,0.020813469,0.54538226,4
D7_heat_mitigation_minus_1sd,17031710400,2023,0.019960996,0.5459865,4
D7_heat_mitigation_minus_1sd,17031710500,2023,0.020582974,0.5450658,4
D7_heat_mitigation_minus_1sd,17031710600,2023,0.020925943,0.5442933,4
D7_heat_mitigation_minus_1sd,17031710700,2023,0.020701205,0.5450318,4
D7_heat_mitigation_minus_1sd,17031710800,2023,0.02087333,0.5448022,4
D7_heat_mitigation_minus_1sd,17031710900,2023,0.020955235,0.5447744,4
D7_heat_mitigation_minus_1sd,17031711000,2023,0.020601807,0.5458061,4
D7_heat_mitigation_minus_1sd,17031711100,2023,0.02076226,0.5448223,4
D7_heat_mitigation_minus_1sd,17031711200,2023,0.020554917,0.54496026,4
D7_heat_mitigation_minus_1sd,17031711300,2023,0.020627316,0.5447597,4
D7_heat_mitigation_minus_1sd,17031711400,2023,0.020282617,0.54557085,4
D7_heat_mitigation_minus_1sd,17031711500,2023,0.02109811,0.5448793,4
D7_heat_mitigation_minus_1sd,17031720100,2023,0.019930935,0.5458051,4
D7_heat_mitigation_minus_1sd,17031720200,2023,0.020062273,0.54553103,4
D7_heat_mitigation_minus_1sd,17031720300,2023,0.019991431,0.5453726,4
D7_heat_mitigation_minus_1sd,17031720400,2023,-0.0026307032,0.73158556,4
D7_heat_mitigation_minus_1sd,17031720500,2023,-0.0019764993,0.73048556,4
D7_heat_mitigation_minus_1sd,17031720600,2023,0.020190423,0.54572326,4
D7_heat_mitigation_minus_1sd,17031720700,2023,0.019858604,0.5454888,4
D7_heat_mitigation_minus_1sd,17031730100,2023,0.020651057,0.5449106,4
D7_heat_mitigation_minus_1sd,17031730201,2023,0.020708632,0.5445685,4
D7_heat_mitigation_minus_1sd,17031730202,2023,0.020832576,0.5446332,4
D7_heat_mitigation_minus_1sd,17031730300,2023,0.020565871,0.5446936,4
D7_heat_mitigation_minus_1sd,17031730400,2023,0.020696588,0.54449975,4
D7_heat_mitigation_minus_1sd,17031730500,2023,0.020991027,0.54426485,4
D7_heat_mitigation_minus_1sd,17031730600,2023,0.020758733,0.5443701,4
D7_heat_mitigation_minus_1sd,17031730700,2023,0.020220824,0.5448289,4
D7_heat_mitigation_minus_1sd,17031740100,2023,-0.0024162512,0.73184276,4
D7_heat_mitigation_minus_1sd,17031740200,2023,-0.00063957274,0.7304033,4
D7_heat_mitigation_minus_1sd,17031740300,2023,-0.0012314096,0.7305109,4
D7_heat_mitigation_minus_1sd,17031740400,2023,-0.002455093,0.7315448,4
D7_heat_mitigation_minus_1sd,17031750100,2023,0.020750321,0.5442699,4
D7_heat_mitigation_minus_1sd,17031750200,2023,0.020029893,0.5455361,4
D7_heat_mitigation_minus_1sd,17031750300,2023,-0.0010908153,0.73061323,4
D7_heat_mitigation_minus_1sd,17031750400,2023,-0.0025011376,0.73193264,4
D7_heat_mitigation_minus_1sd,17031750500,2023,0.02011305,0.5452723,4
D7_heat_mitigation_minus_1sd,17031750600,2023,0.020770168,0.54423213,4
D7_heat_mitigation_minus_1sd,17031760801,2023,-0.012626624,0.72918224,4
D7_heat_mitigation_minus_1sd,17031760802,2023,0.00024202466,0.74317455,4
D7_heat_mitigation_minus_1sd,17031760803,2023,0.016193014,0.7036833,4
D7_heat_mitigation_minus_1sd,17031770500,2023,0.010041152,0.7007789,4
D7_heat_mitigation_minus_1sd,17031770602,2023,0.009219646,0.7019739,4
D7_heat_mitigation_minus_1sd,17031770700,2023,0.014164537,0.7005157,4
D7_heat_mitigation_minus_1sd,17031770800,2023,-0.005201703,0.7436202,4
D7_heat_mitigation_minus_1sd,17031770901,2023,-0.017419666,0.73652565,4
D7_heat_mitigation_minus_1sd,17031770902,2023,0.014245461,0.7059759,4
D7_heat_mitigation_minus_1sd,17031805402,2023,-0.017916722,0.7340989,4
D7_heat_mitigation_minus_1sd,17031805502,2023,-0.017544609,0.73470324,4
D7_heat_mitigation_minus_1sd,17031805600,2023,-0.017910723,0.7356878,4
D7_heat_mitigation_minus_1sd,17031805702,2023,-0.018443651,0.73560107,4
D7_heat_mitigation_minus_1sd,17031806600,2023,-0.017683152,0.73376846,4
D7_heat_mitigation_minus_1sd,17031807600,2023,-0.01599801,0.7340346,4
D7_heat_mitigation_minus_1sd,17031807800,2023,-0.015987867,0.73421127,4
D7_heat_mitigation_minus_1sd,17031807900,2023,-0.01644632,0.7354107,4
D7_heat_mitigation_minus_1sd,17031808001,2023,-0.015987545,0.7357749,4
D7_heat_mitigation_minus_1sd,17031808002,2023,-0.015543366,0.73451436,4
D7_heat_mitigation_minus_1sd,17031808100,2023,-0.016531784,0.73379153,4
D7_heat_mitigation_minus_1sd,17031808200,2023,-0.017405298,0.7346463,4
D7_heat_mitigation_minus_1sd,17031810000,2023,0.03535491,0.6778621,4
D7_heat_mitigation_minus_1sd,17031810200,2023,-0.016117565,0.73582304,4
D7_heat_mitigation_minus_1sd,17031810301,2023,-0.01652559,0.7353275,4
D7_heat_mitigation_minus_1sd,17031810400,2023,-0.015901595,0.73424655,4
D7_heat_mitigation_minus_1sd,17031810501,2023,0.014870625,0.70590246,4
D7_heat_mitigation_minus_1sd,17031810502,2023,-0.016126812,0.73511773,4
D7_heat_mitigation_minus_1sd,17031810600,2023,-0.016851818,0.736564,4
D7_heat_mitigation_minus_1sd,17031810701,2023,0.043672044,0.737506,4
D7_heat_mitigation_minus_1sd,17031810702,2023,0.04320358,0.7372463,4
D7_heat_mitigation_minus_1sd,17031810800,2023,0.043425117,0.7370175,4
D7_heat_mitigation_minus_1sd,17031810900,2023,0.04309906,0.7373893,4
D7_heat_mitigation_minus_1sd,17031811100,2023,0.042115074,0.73627967,4
D7_heat_mitigation_minus_1sd,17031811200,2023,0.039696652,0.7350203,4
D7_heat_mitigation_minus_1sd,17031811500,2023,-0.0060680388,0.74485475,4
D7_heat_mitigation_minus_1sd,17031811600,2023,-0.005929756,0.7449738,4
D7_heat_mitigation_minus_1sd,17031811701,2023,-0.0064795166,0.74268216,4
D7_heat_mitigation_minus_1sd,17031811900,2023,0.071455576,0.7837502,4
D7_heat_mitigation_minus_1sd,17031812100,2023,0.07291939,0.7844824,4
D7_heat_mitigation_minus_1sd,17031812200,2023,0.07236755,0.7838942,4
D7_heat_mitigation_minus_1sd,17031812500,2023,0.07151991,0.78398585,4
D7_heat_mitigation_minus_1sd,17031812600,2023,0.07224631,0.7846476,4
D7_heat_mitigation_minus_1sd,17031813000,2023,0.07271083,0.784868,4
D7_heat_mitigation_minus_1sd,17031813100,2023,0.047518793,0.7492672,4
D7_heat_mitigation_minus_1sd,17031813301,2023,0.047045503,0.7496228,4
D7_heat_mitigation_minus_1sd,17031813302,2023,0.04789152,0.74986434,4
D7_heat_mitigation_minus_1sd,17031813400,2023,0.047774922,0.74961114,4
D7_heat_mitigation_minus_1sd,17031813500,2023,0.047897585,0.7495803,4
D7_heat_mitigation_minus_1sd,17031813801,2023,0.047828987,0.7497228,4
D7_heat_mitigation_minus_1sd,17031814200,2023,0.04684069,0.7501254,4
D7_heat_mitigation_minus_1sd,17031820300,2023,0.046946887,0.7503494,4
D7_heat_mitigation_minus_1sd,17031820400,2023,0.046313725,0.7505763,4
D7_heat_mitigation_minus_1sd,17031820502,2023,0.018633565,0.727924,4
D7_heat_mitigation_minus_1sd,17031820700,2023,0.045972735,0.7499712,4
D7_heat_mitigation_minus_1sd,17031820800,2023,0.046787735,0.7504688,4
D7_heat_mitigation_minus_1sd,17031820901,2023,0.0192236,0.7283956,4
D7_heat_mitigation_minus_1sd,17031820902,2023,0.019837847,0.72817415,4
D7_heat_mitigation_minus_1sd,17031821102,2023,0.020582132,0.72803825,4
D7_heat_mitigation_minus_1sd,17031821200,2023,0.020677418,0.54311514,4
D7_heat_mitigation_minus_1sd,17031821401,2023,0.020855742,0.5429058,4
D7_heat_mitigation_minus_1sd,17031821402,2023,0.020945713,0.5428401,4
D7_heat_mitigation_minus_1sd,17031821500,2023,0.021201868,0.54262286,4
D7_heat_mitigation_minus_1sd,17031821600,2023,0.0025928244,0.7272066,4
D7_heat_mitigation_minus_1sd,17031821700,2023,0.0019278321,0.7271081,4
D7_heat_mitigation_minus_1sd,17031821900,2023,0.00250718,0.72735876,4
D7_heat_mitigation_minus_1sd,17031822000,2023,0.0020127334,0.72699916,4
D7_heat_mitigation_minus_1sd,17031822101,2023,0.0021174625,0.72706485,4
D7_heat_mitigation_minus_1sd,17031822701,2023,0.0017375238,0.7270148,4
D7_heat_mitigation_minus_1sd,17031822702,2023,0.001894094,0.72717047,4
D7_heat_mitigation_minus_1sd,17031822801,2023,0.0022669919,0.72735244,4
D7_heat_mitigation_minus_1sd,17031822802,2023,0.0017553568,0.7271952,4
D7_heat_mitigation_minus_1sd,17031823200,2023,0.0029934496,0.72710943,4
D7_heat_mitigation_minus_1sd,17031823303,2023,0.0016656127,0.7272604,4
D7_heat_mitigation_minus_1sd,17031823304,2023,0.00041929446,0.72820926,4
D7_heat_mitigation_minus_1sd,17031823400,2023,0.001938086,0.7274825,4
D7_heat_mitigation_minus_1sd,17031823500,2023,0.0018258579,0.72765285,4
D7_heat_mitigation_minus_1sd,17031825700,2023,0.022714011,0.5418924,4
D7_heat_mitigation_minus_1sd,17031825801,2023,0.02258405,0.5421879,4
D7_heat_mitigation_minus_1sd,17031826401,2023,0.021896496,0.54226977,4
D7_heat_mitigation_minus_1sd,17031826500,2023,0.021601733,0.54242444,4
D7_heat_mitigation_minus_1sd,17031826600,2023,0.021771953,0.54253143,4
D7_heat_mitigation_minus_1sd,17031830500,2023,0.043378714,0.7522658,4
D7_heat_mitigation_minus_1sd,17031830600,2023,0.037812784,0.66991454,4
D7_heat_mitigation_minus_1sd,17031830700,2023,0.04202124,0.669899,4
D7_heat_mitigation_minus_1sd,17031830800,2023,0.03963659,0.67334116,4
D7_heat_mitigation_minus_1sd,17031830900,2023,0.10767728,0.7118999,4
D7_heat_mitigation_minus_1sd,17031831000,2023,0.15933746,0.6542285,4
D7_heat_mitigation_minus_1sd,17031831100,2023,-0.010039108,0.73154426,4
D7_heat_mitigation_minus_1sd,17031831200,2023,0.031646498,0.7278012,4
D7_heat_mitigation_minus_1sd,17031831300,2023,0.05634683,0.7721357,4
D7_heat_mitigation_minus_1sd,17031831400,2023,0.042464517,0.7509521,4
D7_heat_mitigation_minus_1sd,17031831500,2023,0.043665815,0.738148,4
D7_heat_mitigation_minus_1sd,17031831600,2023,0.044278324,0.73911345,4
D7_heat_mitigation_minus_1sd,17031831700,2023,-0.012056673,0.7340687,4
D7_heat_mitigation_minus_1sd,17031831800,2023,-0.010836478,0.7307809,4
D7_heat_mitigation_minus_1sd,17031831900,2023,0.11686274,0.65828097,4
D7_heat_mitigation_minus_1sd,17031832000,2023,0.1168632,0.66099966,4
D7_heat_mitigation_minus_1sd,17031832100,2023,0.116526194,0.6613813,4
D7_heat_mitigation_minus_1sd,17031832200,2023,0.10873951,0.71357876,4
D7_heat_mitigation_minus_1sd,17031832300,2023,0.1585343,0.65137696,4
D7_heat_mitigation_minus_1sd,17031832400,2023,0.10861996,0.7137522,4
D7_heat_mitigation_minus_1sd,17031832500,2023,0.15839818,0.651829,4
D7_heat_mitigation_minus_1sd,17031832600,2023,0.15812033,0.65161085,4
D7_heat_mitigation_minus_1sd,17031832900,2023,0.13721603,0.6193251,4
D7_heat_mitigation_minus_1sd,17031833000,2023,0.15993504,0.6511867,4
D7_heat_mitigation_minus_1sd,17031833100,2023,0.15804523,0.6507048,4
D7_heat_mitigation_minus_1sd,17031833300,2023,0.13541767,0.6183635,4
D7_heat_mitigation_minus_1sd,17031833900,2023,0.021599721,0.5443944,4
D7_heat_mitigation_minus_1sd,17031834000,2023,0.020648807,0.54506576,4
D7_heat_mitigation_minus_1sd,17031834200,2023,0.021527536,0.54458004,4
D7_heat_mitigation_minus_1sd,17031834300,2023,0.021061122,0.54468405,4
D7_heat_mitigation_minus_1sd,17031834400,2023,0.021314383,0.54542387,4
D7_heat_mitigation_minus_1sd,17031834500,2023,0.04912682,0.56971955,4
D7_heat_mitigation_minus_1sd,17031834600,2023,0.04870575,0.5698384,4
D7_heat_mitigation_minus_1sd,17031834700,2023,0.0485537,0.56996644,4
D7_heat_mitigation_minus_1sd,17031834800,2023,0.048394404,0.57032645,4
D7_heat_mitigation_minus_1sd,17031834900,2023,0.020753935,0.5453824,4
D7_heat_mitigation_minus_1sd,17031835000,2023,0.019941434,0.729906,4
D7_heat_mitigation_minus_1sd,17031835100,2023,0.047274478,0.75377727,4
D7_heat_mitigation_minus_1sd,17031835200,2023,0.04422696,0.7527801,4
D7_heat_mitigation_minus_1sd,17031835500,2023,0.060678538,0.609488,4
D7_heat_mitigation_minus_1sd,17031835600,2023,0.0479865,0.5701182,4
D7_heat_mitigation_minus_1sd,17031835800,2023,0.03850493,0.61106974,4
D7_heat_mitigation_minus_1sd,17031836000,2023,0.13735193,0.62206167,4
D7_heat_mitigation_minus_1sd,17031836100,2023,0.048894763,0.57021755,4
D7_heat_mitigation_minus_1sd,17031836200,2023,0.048629932,0.5707065,4
D7_heat_mitigation_minus_1sd,17031836300,2023,0.14798605,0.58236396,4
D7_heat_mitigation_minus_1sd,17031836400,2023,0.13692236,0.6226953,4
D7_heat_mitigation_minus_1sd,17031836500,2023,0.13811584,0.6222997,4
D7_heat_mitigation_minus_1sd,17031836600,2023,0.13495809,0.75825226,4
D7_heat_mitigation_minus_1sd,17031836700,2023,0.13387248,0.7575136,4
D7_heat_mitigation_minus_1sd,17031836800,2023,0.11150119,0.8071768,4
D7_heat_mitigation_minus_1sd,17031836900,2023,0.113324836,0.80400586,4
D7_heat_mitigation_minus_1sd,17031837000,2023,0.11309765,0.8051462,4
D7_heat_mitigation_minus_1sd,17031837100,2023,0.13444407,0.7569215,4
D7_heat_mitigation_minus_1sd,17031837300,2023,0.046385344,0.75161266,4
D7_heat_mitigation_minus_1sd,17031837400,2023,0.08721279,0.77115124,4
D7_heat_mitigation_minus_1sd,17031837800,2023,0.13357891,0.7563362,4
D7_heat_mitigation_minus_1sd,17031838000,2023,0.13447002,0.7569563,4
D7_heat_mitigation_minus_1sd,17031838100,2023,0.15851164,0.65058327,4
D7_heat_mitigation_minus_1sd,17031838200,2023,0.098986216,0.6263252,4
D7_heat_mitigation_minus_1sd,17031838300,2023,0.15991303,0.65585834,4
D7_heat_mitigation_minus_1sd,17031838600,2023,0.047353692,0.7512622,4
D7_heat_mitigation_minus_1sd,17031838700,2023,0.046043962,0.7518474,4
D7_heat_mitigation_minus_1sd,17031838800,2023,0.021523241,0.54474217,4
D7_heat_mitigation_minus_1sd,17031839000,2023,0.13549347,0.61806154,4
D7_heat_mitigation_minus_1sd,17031839100,2023,0.16021453,0.65221435,4
D7_heat_mitigation_minus_1sd,17031839200,2023,0.13714664,0.61895907,4
D7_heat_mitigation_minus_1sd,17031839500,2023,0.13725846,0.62232846,4
D7_heat_mitigation_minus_1sd,17031839600,2023,0.13709989,0.6207909,4
D7_heat_mitigation_minus_1sd,17031839700,2023,0.05980941,0.6087393,4
D7_heat_mitigation_minus_1sd,17031839800,2023,0.09954606,0.62857026,4
D7_heat_mitigation_minus_1sd,17031839900,2023,0.058794018,0.60809,4
D7_heat_mitigation_minus_1sd,17031840000,2023,0.09888876,0.62808335,4
D7_heat_mitigation_minus_1sd,17031840100,2023,0.13639872,0.6212867,4
D7_heat_mitigation_minus_1sd,17031840200,2023,0.099570066,0.6283553,4
D7_heat_mitigation_minus_1sd,17031840300,2023,0.04727348,0.75299436,4
D7_heat_mitigation_minus_1sd,17031840400,2023,0.05462361,0.60645974,4
D7_heat_mitigation_minus_1sd,17031840700,2023,0.04557786,0.75193,4
D7_heat_mitigation_minus_1sd,17031840800,2023,0.046644382,0.7527697,4
D7_heat_mitigation_minus_1sd,17031841000,2023,0.13560545,0.6184572,4
D7_heat_mitigation_minus_1sd,17031841100,2023,0.13670424,0.6191048,4
D7_heat_mitigation_minus_1sd,17031841200,2023,0.047128145,0.7521161,4
D7_heat_mitigation_minus_1sd,17031841300,2023,0.04471136,0.7523238,4
D7_heat_mitigation_minus_1sd,17031841500,2023,0.04721195,0.7515544,4
D7_heat_mitigation_minus_1sd,17031841700,2023,0.04646702,0.75225496,4
D7_heat_mitigation_minus_1sd,17031841800,2023,0.021754824,0.5443438,4
D7_heat_mitigation_minus_1sd,17031841900,2023,0.13453554,0.6169275,4
D7_heat_mitigation_minus_1sd,17031842000,2023,0.13582426,0.6187376,4
D7_heat_mitigation_minus_1sd,17031842100,2023,0.07041464,0.78581095,4
D7_heat_mitigation_minus_1sd,17031842200,2023,0.15828313,0.65093863,4
D7_heat_mitigation_minus_1sd,17031842300,2023,0.15805154,0.65083975,4
D7_heat_mitigation_minus_1sd,17031842400,2023,0.0211424,0.5446063,4
D7_heat_mitigation_minus_1sd,17031842500,2023,0.021368708,0.54489267,4
D7_heat_mitigation_minus_1sd,17031842600,2023,0.056544304,0.60676986,4
D7_heat_mitigation_minus_1sd,17031842800,2023,0.04641347,0.7532635,4
D7_heat_mitigation_minus_1sd,17031842900,2023,0.09908482,0.6259809,4
D7_heat_mitigation_minus_1sd,17031843000,2023,0.045268036,0.7516663,4
D7_heat_mitigation_minus_1sd,17031843100,2023,0.046193637,0.7521378,4
D7_heat_mitigation_minus_1sd,17031843200,2023,0.09947225,0.6261672,4
D7_heat_mitigation_minus_1sd,17031843300,2023,0.04623479,0.75173175,4
D7_heat_mitigation_minus_1sd,17031843400,2023,0.04618699,0.7520071,4
D7_heat_mitigation_minus_1sd,17031843500,2023,0.045138493,0.75274295,4
D7_heat_mitigation_minus_1sd,17031843600,2023,0.14739592,0.58175147,4
D7_heat_mitigation_minus_1sd,17031843700,2023,-0.009651805,0.73187816,4
D7_heat_mitigation_minus_1sd,17031843800,2023,0.048184633,0.5699317,4
D7_heat_mitigation_minus_1sd,17031843900,2023,0.058732986,0.539259,4
D7_heat_mitigation_minus_1sd,17031844600,2023,0.038502514,0.611331,4
D7_heat_mitigation_minus_1sd,17031844700,2023,0.04654273,0.7520576,4
D7_heat_mitigation_minus_1sd,17043840000,2023,-0.007404675,0.73985726,4
D7_heat_mitigation_minus_1sd,17043840801,2023,-0.008028913,0.74274564,4
D7_heat_mitigation_minus_1sd,17043840802,2023,-0.008064013,0.74265754,4
D8_air_pollution_minus_1sd,17031010100,2023,-0.08462927,0.6755196,4
D8_air_pollution_minus_1sd,17031010201,2023,-0.08608302,0.67674166,4
D8_air_pollution_minus_1sd,17031010202,2023,-0.081793465,0.6734606,4
D8_air_pollution_minus_1sd,17031010300,2023,-0.08450224,0.6737658,4
D8_air_pollution_minus_1sd,17031010400,2023,-0.08595318,0.6719411,4
D8_air_pollution_minus_1sd,17031010501,2023,-0.08607465,0.67753816,4
D8_air_pollution_minus_1sd,17031010502,2023,-0.08401134,0.6752467,4
D8_air_pollution_minus_1sd,17031010503,2023,-0.08375044,0.67504823,4
D8_air_pollution_minus_1sd,17031010600,2023,-0.084433384,0.67369425,4
D8_air_pollution_minus_1sd,17031010701,2023,-0.08275211,0.6746793,4
D8_air_pollution_minus_1sd,17031010702,2023,-0.082521625,0.6713878,4
D8_air_pollution_minus_1sd,17031020100,2023,-0.035635825,0.7350894,4
D8_air_pollution_minus_1sd,17031020200,2023,-0.033893503,0.7310629,4
D8_air_pollution_minus_1sd,17031020301,2023,-0.033605024,0.7320291,4
D8_air_pollution_minus_1sd,17031020302,2023,-0.035582528,0.7351478,4
D8_air_pollution_minus_1sd,17031020400,2023,-0.033930525,0.73224974,4
D8_air_pollution_minus_1sd,17031020500,2023,-0.033957414,0.73230505,4
D8_air_pollution_minus_1sd,17031020601,2023,-0.033315938,0.73169637,4
D8_air_pollution_minus_1sd,17031020602,2023,-0.033851143,0.73087454,4
D8_air_pollution_minus_1sd,17031020701,2023,-0.03344905,0.73188734,4
D8_air_pollution_minus_1sd,17031020702,2023,-0.03366211,0.73182344,4
D8_air_pollution_minus_1sd,17031020801,2023,-0.033976015,0.7317059,4
D8_air_pollution_minus_1sd,17031020802,2023,-0.03397884,0.73150957,4
D8_air_pollution_minus_1sd,17031020901,2023,-0.034552798,0.7342075,4
D8_air_pollution_minus_1sd,17031020902,2023,-0.08533294,0.6734357,4
D8_air_pollution_minus_1sd,17031030101,2023,-0.08418103,0.67546344,4
D8_air_pollution_minus_1sd,17031030102,2023,-0.084096275,0.6757866,4
D8_air_pollution_minus_1sd,17031030103,2023,-0.084060825,0.6756171,4
D8_air_pollution_minus_1sd,17031030104,2023,-0.08441932,0.67603374,4
D8_air_pollution_minus_1sd,17031030200,2023,-0.08199119,0.67333674,4
D8_air_pollution_minus_1sd,17031030300,2023,-0.084468156,0.6765195,4
D8_air_pollution_minus_1sd,17031030400,2023,-0.08174634,0.6737492,4
D8_air_pollution_minus_1sd,17031030500,2023,-0.08233767,0.6742083,4
D8_air_pollution_minus_1sd,17031030601,2023,-0.08456005,0.67631865,4
D8_air_pollution_minus_1sd,17031030603,2023,-0.08328904,0.6756859,4
D8_air_pollution_minus_1sd,17031030604,2023,-0.08420505,0.67669433,4
D8_air_pollution_minus_1sd,17031030701,2023,-0.08430398,0.67543757,4
D8_air_pollution_minus_1sd,17031030702,2023,-0.08633948,0.67819065,4
D8_air_pollution_minus_1sd,17031030703,2023,-0.08472621,0.6771807,4
D8_air_pollution_minus_1sd,17031030706,2023,-0.08493292,0.67587984,4
D8_air_pollution_minus_1sd,17031030800,2023,-0.082125254,0.67371607,4
D8_air_pollution_minus_1sd,17031030900,2023,-0.082140334,0.6730536,4
D8_air_pollution_minus_1sd,17031031000,2023,-0.0819017,0.67401206,4
D8_air_pollution_minus_1sd,17031031100,2023,-0.08278465,0.6729693,4
D8_air_pollution_minus_1sd,17031031200,2023,-0.084626764,0.6745483,4
D8_air_pollution_minus_1sd,17031031300,2023,-0.08488583,0.6761132,4
D8_air_pollution_minus_1sd,17031031400,2023,-0.05137077,0.65996635,4
D8_air_pollution_minus_1sd,17031031501,2023,-0.08468328,0.6763332,4
D8_air_pollution_minus_1sd,17031031502,2023,-0.08638112,0.67811745,4
D8_air_pollution_minus_1sd,17031031700,2023,-0.084652804,0.67414004,4
D8_air_pollution_minus_1sd,17031031800,2023,-0.082701795,0.6729896,4
D8_air_pollution_minus_1sd,17031031900,2023,-0.08442722,0.6750576,4
D8_air_pollution_minus_1sd,17031032100,2023,-0.049684163,0.6581139,4
D8_air_pollution_minus_1sd,17031040100,2023,-0.035462663,0.73552185,4
D8_air_pollution_minus_1sd,17031040201,2023,-0.034790974,0.7318852,4
D8_air_pollution_minus_1sd,17031040202,2023,-0.03502787,0.73563266,4
D8_air_pollution_minus_1sd,17031040300,2023,-0.035140503,0.7358066,4
D8_air_pollution_minus_1sd,17031040401,2023,-0.03360871,0.73265713,4
D8_air_pollution_minus_1sd,17031040402,2023,-0.08237003,0.6732781,4
D8_air_pollution_minus_1sd,17031040600,2023,-0.033833455,0.73242086,4
D8_air_pollution_minus_1sd,17031040700,2023,-0.033800498,0.73256767,4
D8_air_pollution_minus_1sd,17031040800,2023,-0.036141675,0.7353983,4
D8_air_pollution_minus_1sd,17031040900,2023,-0.03382611,0.7329332,4
D8_air_pollution_minus_1sd,17031050100,2023,-0.08252255,0.67278594,4
D8_air_pollution_minus_1sd,17031050200,2023,-0.033809163,0.7322135,4
D8_air_pollution_minus_1sd,17031050300,2023,-0.035061456,0.73609006,4
D8_air_pollution_minus_1sd,17031050500,2023,-0.033472918,0.7329187,4
D8_air_pollution_minus_1sd,17031050600,2023,-0.08285409,0.67213553,4
D8_air_pollution_minus_1sd,17031050700,2023,-0.08441963,0.6773178,4
D8_air_pollution_minus_1sd,17031050800,2023,-0.033410355,0.7329266,4
D8_air_pollution_minus_1sd,17031050900,2023,-0.03402607,0.7343441,4
D8_air_pollution_minus_1sd,17031051000,2023,-0.033500303,0.733892,4
D8_air_pollution_minus_1sd,17031051100,2023,-0.033327606,0.7330964,4
D8_air_pollution_minus_1sd,17031051200,2023,-0.0833702,0.67619497,4
D8_air_pollution_minus_1sd,17031051300,2023,-0.041833453,0.6543182,4
D8_air_pollution_minus_1sd,17031051400,2023,0.007787822,0.71348155,4
D8_air_pollution_minus_1sd,17031060100,2023,-0.08447257,0.67730516,4
D8_air_pollution_minus_1sd,17031060200,2023,-0.085266076,0.6752082,4
D8_air_pollution_minus_1sd,17031060300,2023,-0.08215923,0.6742642,4
D8_air_pollution_minus_1sd,17031060400,2023,-0.082448006,0.67361647,4
D8_air_pollution_minus_1sd,17031060500,2023,-0.047982313,0.661503,4
D8_air_pollution_minus_1sd,17031060800,2023,-0.05099087,0.66270894,4
D8_air_pollution_minus_1sd,17031060900,2023,-0.04970945,0.6616265,4
D8_air_pollution_minus_1sd,17031061000,2023,-0.04812187,0.66167736,4
D8_air_pollution_minus_1sd,17031061100,2023,-0.049891114,0.65895003,4
D8_air_pollution_minus_1sd,17031061200,2023,-0.048005603,0.6614709,4
D8_air_pollution_minus_1sd,17031061500,2023,-0.04878686,0.6608522,4
D8_air_pollution_minus_1sd,17031061800,2023,-0.04950484,0.66230214,4
D8_air_pollution_minus_1sd,17031061901,2023,-0.049948648,0.66224426,4
D8_air_pollution_minus_1sd,17031061902,2023,-0.05110622,0.66392756,4
D8_air_pollution_minus_1sd,17031062000,2023,-0.049524724,0.66196156,4
D8_air_pollution_minus_1sd,17031062100,2023,-0.05052466,0.65978813,4
D8_air_pollution_minus_1sd,17031062200,2023,-0.048693426,0.661791,4
D8_air_pollution_minus_1sd,17031062300,2023,-0.048696965,0.6622117,4
D8_air_pollution_minus_1sd,17031062400,2023,-0.050343845,0.662112,4
D8_air_pollution_minus_1sd,17031062500,2023,-0.04880738,0.65986,4
D8_air_pollution_minus_1sd,17031062600,2023,-0.04297167,0.6539528,4
D8_air_pollution_minus_1sd,17031062700,2023,-0.042359885,0.65411735,4
D8_air_pollution_minus_1sd,17031062800,2023,-0.0421274,0.65453655,4
D8_air_pollution_minus_1sd,17031062900,2023,-0.048924502,0.66051173,4
D8_air_pollution_minus_1sd,17031063000,2023,-0.05205606,0.6559295,4
D8_air_pollution_minus_1sd,17031063100,2023,-0.050353017,0.6606391,4
D8_air_pollution_minus_1sd,17031063200,2023,-0.049890447,0.6616335,4
D8_air_pollution_minus_1sd,17031063301,2023,-0.04188776,0.6550854,4
D8_air_pollution_minus_1sd,17031063302,2023,-0.041915044,0.65482736,4
D8_air_pollution_minus_1sd,17031063303,2023,-0.042623084,0.6561159,4
D8_air_pollution_minus_1sd,17031063400,2023,-0.042905457,0.6548468,4
D8_air_pollution_minus_1sd,17031070101,2023,-0.042773567,0.6566394,4
D8_air_pollution_minus_1sd,17031070102,2023,-0.0435231,0.6547688,4
D8_air_pollution_minus_1sd,17031070103,2023,-0.04261223,0.6560799,4
D8_air_pollution_minus_1sd,17031070200,2023,-0.04656043,0.6517538,4
D8_air_pollution_minus_1sd,17031070300,2023,-0.04337637,0.65436476,4
D8_air_pollution_minus_1sd,17031070400,2023,-0.04274604,0.6545825,4
D8_air_pollution_minus_1sd,17031070500,2023,-0.04693298,0.6519259,4
D8_air_pollution_minus_1sd,17031070600,2023,-0.042418648,0.6533601,4
D8_air_pollution_minus_1sd,17031070700,2023,-0.04416085,0.6525217,4
D8_air_pollution_minus_1sd,17031071000,2023,-0.04408008,0.65400976,4
D8_air_pollution_minus_1sd,17031071100,2023,-0.04422334,0.6538143,4
D8_air_pollution_minus_1sd,17031071200,2023,-0.043165747,0.65498006,4
D8_air_pollution_minus_1sd,17031071300,2023,-0.042733524,0.6560404,4
D8_air_pollution_minus_1sd,17031071400,2023,-0.04468153,0.65523547,4
D8_air_pollution_minus_1sd,17031071500,2023,-0.04377029,0.6559298,4
D8_air_pollution_minus_1sd,17031071600,2023,-0.041709114,0.6559489,4
D8_air_pollution_minus_1sd,17031071700,2023,-0.041475628,0.6563996,4
D8_air_pollution_minus_1sd,17031071800,2023,-0.04205072,0.65508765,4
D8_air_pollution_minus_1sd,17031080100,2023,-0.04420308,0.65572965,4
D8_air_pollution_minus_1sd,17031080201,2023,-0.044678062,0.6557926,4
D8_air_pollution_minus_1sd,17031080202,2023,-0.04404456,0.65530473,4
D8_air_pollution_minus_1sd,17031080300,2023,-0.04532292,0.6530024,4
D8_air_pollution_minus_1sd,17031080400,2023,-0.04471773,0.65475595,4
D8_air_pollution_minus_1sd,17031081000,2023,-0.047232717,0.6526233,4
D8_air_pollution_minus_1sd,17031081100,2023,-0.047904514,0.6526716,4
D8_air_pollution_minus_1sd,17031081201,2023,-0.04814749,0.65212005,4
D8_air_pollution_minus_1sd,17031081202,2023,-0.045187734,0.65508235,4
D8_air_pollution_minus_1sd,17031081300,2023,-0.04730192,0.6525744,4
D8_air_pollution_minus_1sd,17031081401,2023,-0.04660557,0.6524601,4
D8_air_pollution_minus_1sd,17031081402,2023,-0.047495484,0.65394366,4
D8_air_pollution_minus_1sd,17031081403,2023,-0.04717786,0.6530008,4
D8_air_pollution_minus_1sd,17031081500,2023,-0.04783998,0.65213567,4
D8_air_pollution_minus_1sd,17031081600,2023,-0.047977872,0.652249,4
D8_air_pollution_minus_1sd,17031081700,2023,-0.047892716,0.6518597,4
D8_air_pollution_minus_1sd,17031081800,2023,-0.047231615,0.6517496,4
D8_air_pollution_minus_1sd,17031081900,2023,-0.043021195,0.6564747,4
D8_air_pollution_minus_1sd,17031090100,2023,-0.032587793,0.733881,4
D8_air_pollution_minus_1sd,17031090200,2023,-0.03193724,0.7311809,4
D8_air_pollution_minus_1sd,17031090300,2023,-0.033354342,0.7340336,4
D8_air_pollution_minus_1sd,17031100100,2023,-0.032820307,0.73031783,4
D8_air_pollution_minus_1sd,17031100200,2023,-0.031625446,0.73086923,4
D8_air_pollution_minus_1sd,17031100300,2023,-0.03268512,0.73491764,4
D8_air_pollution_minus_1sd,17031100400,2023,-0.034133192,0.73373246,4
D8_air_pollution_minus_1sd,17031100500,2023,-0.032748792,0.7345941,4
D8_air_pollution_minus_1sd,17031100600,2023,-0.033474274,0.7343391,4
D8_air_pollution_minus_1sd,17031100700,2023,-0.032444857,0.73526907,4
D8_air_pollution_minus_1sd,17031110100,2023,-0.032916863,0.7306151,4
D8_air_pollution_minus_1sd,17031110200,2023,-0.032282628,0.7312608,4
D8_air_pollution_minus_1sd,17031110300,2023,-0.032866016,0.73537755,4
D8_air_pollution_minus_1sd,17031110400,2023,-0.031871002,0.7323405,4
D8_air_pollution_minus_1sd,17031110501,2023,-0.034217387,0.7347253,4
D8_air_pollution_minus_1sd,17031110502,2023,-0.032956116,0.7309125,4
D8_air_pollution_minus_1sd,17031120100,2023,-0.03331072,0.73466176,4
D8_air_pollution_minus_1sd,17031120200,2023,-0.03230383,0.7297498,4
D8_air_pollution_minus_1sd,17031120300,2023,-0.034351785,0.73489183,4
D8_air_pollution_minus_1sd,17031120400,2023,-0.031517517,0.7318703,4
D8_air_pollution_minus_1sd,17031130100,2023,-0.033684682,0.7310072,4
D8_air_pollution_minus_1sd,17031130200,2023,-0.033584047,0.7315797,4
D8_air_pollution_minus_1sd,17031130300,2023,-0.03303382,0.7320903,4
D8_air_pollution_minus_1sd,17031140100,2023,-0.032956388,0.73283094,4
D8_air_pollution_minus_1sd,17031140200,2023,-0.033464234,0.73165417,4
D8_air_pollution_minus_1sd,17031140301,2023,-0.032558613,0.73251784,4
D8_air_pollution_minus_1sd,17031140302,2023,-0.034586232,0.73597044,4
D8_air_pollution_minus_1sd,17031140400,2023,-0.03287491,0.7314898,4
D8_air_pollution_minus_1sd,17031140500,2023,-0.032446243,0.7324887,4
D8_air_pollution_minus_1sd,17031140601,2023,-0.03346692,0.7346534,4
D8_air_pollution_minus_1sd,17031140602,2023,-0.032623384,0.7326273,4
D8_air_pollution_minus_1sd,17031140701,2023,-0.03310201,0.7324958,4
D8_air_pollution_minus_1sd,17031140702,2023,-0.032899216,0.7323139,4
D8_air_pollution_minus_1sd,17031140800,2023,-0.033228017,0.7323944,4
D8_air_pollution_minus_1sd,17031150200,2023,-0.032101966,0.7314197,4
D8_air_pollution_minus_1sd,17031150300,2023,-0.031922273,0.73178923,4
D8_air_pollution_minus_1sd,17031150401,2023,-0.03162355,0.7318547,4
D8_air_pollution_minus_1sd,17031150402,2023,-0.03276265,0.73432314,4
D8_air_pollution_minus_1sd,17031150501,2023,-0.03320462,0.7375034,4
D8_air_pollution_minus_1sd,17031150502,2023,-0.031351544,0.7319647,4
D8_air_pollution_minus_1sd,17031150600,2023,-0.032765407,0.7343179,4
D8_air_pollution_minus_1sd,17031150700,2023,-0.03321591,0.736227,4
D8_air_pollution_minus_1sd,17031150800,2023,-0.03252578,0.7343072,4
D8_air_pollution_minus_1sd,17031151001,2023,-0.03223369,0.7340402,4
D8_air_pollution_minus_1sd,17031151002,2023,-0.033791393,0.7360561,4
D8_air_pollution_minus_1sd,17031151100,2023,-0.032055926,0.7341712,4
D8_air_pollution_minus_1sd,17031151200,2023,-0.033496883,0.7361892,4
D8_air_pollution_minus_1sd,17031160100,2023,-0.032919504,0.73436594,4
D8_air_pollution_minus_1sd,17031160200,2023,-0.034249727,0.7333272,4
D8_air_pollution_minus_1sd,17031160300,2023,-0.033116687,0.7346356,4
D8_air_pollution_minus_1sd,17031160400,2023,-0.033321697,0.7334279,4
D8_air_pollution_minus_1sd,17031160501,2023,-0.034228556,0.7362634,4
D8_air_pollution_minus_1sd,17031160502,2023,-0.03262102,0.7328812,4
D8_air_pollution_minus_1sd,17031160601,2023,-0.034716398,0.7361271,4
D8_air_pollution_minus_1sd,17031160602,2023,-0.033028677,0.7329396,4
D8_air_pollution_minus_1sd,17031160700,2023,-0.034870367,0.7315399,4
D8_air_pollution_minus_1sd,17031160800,2023,-0.032832075,0.73227686,4
D8_air_pollution_minus_1sd,17031160900,2023,-0.033853684,0.7330266,4
D8_air_pollution_minus_1sd,17031161000,2023,-0.032751787,0.73350817,4
D8_air_pollution_minus_1sd,17031161100,2023,-0.032420762,0.7325153,4
D8_air_pollution_minus_1sd,17031161200,2023,-0.034024063,0.73629117,4
D8_air_pollution_minus_1sd,17031161300,2023,-0.03262604,0.7326475,4
D8_air_pollution_minus_1sd,17031170100,2023,-0.03523418,0.7337074,4
D8_air_pollution_minus_1sd,17031170200,2023,-0.031430863,0.73261535,4
D8_air_pollution_minus_1sd,17031170300,2023,-0.032517366,0.73570883,4
D8_air_pollution_minus_1sd,17031170400,2023,-0.030815318,0.7009733,4
D8_air_pollution_minus_1sd,17031170500,2023,-0.030888416,0.7046093,4
D8_air_pollution_minus_1sd,17031170600,2023,-0.07668375,0.74711686,4
D8_air_pollution_minus_1sd,17031170700,2023,-0.075847454,0.74646074,4
D8_air_pollution_minus_1sd,17031170800,2023,-0.031563044,0.70466125,4
D8_air_pollution_minus_1sd,17031170900,2023,-0.07640009,0.7473473,4
D8_air_pollution_minus_1sd,17031171000,2023,-0.03218081,0.7045697,4
D8_air_pollution_minus_1sd,17031171100,2023,-0.03144269,0.73315614,4
D8_air_pollution_minus_1sd,17031180100,2023,-0.022615086,0.6957431,4
D8_air_pollution_minus_1sd,17031190100,2023,-0.025875024,0.7272067,4
D8_air_pollution_minus_1sd,17031190200,2023,-0.024503503,0.7261952,4
D8_air_pollution_minus_1sd,17031190300,2023,-0.024511848,0.72627646,4
D8_air_pollution_minus_1sd,17031190401,2023,-0.024021335,0.72588605,4
D8_air_pollution_minus_1sd,17031190402,2023,-0.024477601,0.7278924,4
D8_air_pollution_minus_1sd,17031190601,2023,-0.023398198,0.69605964,4
D8_air_pollution_minus_1sd,17031190602,2023,-0.02385464,0.72725636,4
D8_air_pollution_minus_1sd,17031190701,2023,-0.023879044,0.7276259,4
D8_air_pollution_minus_1sd,17031190702,2023,-0.023760125,0.72741663,4
D8_air_pollution_minus_1sd,17031190800,2023,-0.024434566,0.7257896,4
D8_air_pollution_minus_1sd,17031190900,2023,-0.024166258,0.72758645,4
D8_air_pollution_minus_1sd,17031191000,2023,-0.024791937,0.7276007,4
D8_air_pollution_minus_1sd,17031191100,2023,-0.025205337,0.7260224,4
D8_air_pollution_minus_1sd,17031191200,2023,-0.023533627,0.7276309,4
D8_air_pollution_minus_1sd,17031191301,2023,-0.069020435,0.73982143,4
D8_air_pollution_minus_1sd,17031191302,2023,-0.067797504,0.73968804,4
D8_air_pollution_minus_1sd,17031200100,2023,-0.024684157,0.72758317,4
D8_air_pollution_minus_1sd,17031200200,2023,-0.0254097,0.72749954,4
D8_air_pollution_minus_1sd,17031200300,2023,-0.024444506,0.72782564,4
D8_air_pollution_minus_1sd,17031200401,2023,-0.026981961,0.726141,4
D8_air_pollution_minus_1sd,17031200402,2023,-0.024780862,0.7267083,4
D8_air_pollution_minus_1sd,17031210100,2023,-0.034970947,0.7316585,4
D8_air_pollution_minus_1sd,17031210400,2023,-0.025049195,0.727618,4
D8_air_pollution_minus_1sd,17031210501,2023,-0.033821423,0.73435414,4
D8_air_pollution_minus_1sd,17031210502,2023,-0.025193382,0.72665596,4
D8_air_pollution_minus_1sd,17031210601,2023,-0.03310258,0.7351799,4
D8_air_pollution_minus_1sd,17031210602,2023,-0.027145013,0.7259471,4
D8_air_pollution_minus_1sd,17031210700,2023,-0.026218899,0.726656,4
D8_air_pollution_minus_1sd,17031210800,2023,-0.026250813,0.72664773,4
D8_air_pollution_minus_1sd,17031210900,2023,-0.02710456,0.7260213,4
D8_air_pollution_minus_1sd,17031220300,2023,-0.025963271,0.7268551,4
D8_air_pollution_minus_1sd,17031220400,2023,-0.026211403,0.72670364,4
D8_air_pollution_minus_1sd,17031220500,2023,-0.026505146,0.72607595,4
D8_air_pollution_minus_1sd,17031220601,2023,-0.02541579,0.7275788,4
D8_air_pollution_minus_1sd,17031220602,2023,-0.025837742,0.7258581,4
D8_air_pollution_minus_1sd,17031220701,2023,-0.024867253,0.7279339,4
D8_air_pollution_minus_1sd,17031220702,2023,-0.026472006,0.72688943,4
D8_air_pollution_minus_1sd,17031220901,2023,-0.024968658,0.72783244,4
D8_air_pollution_minus_1sd,17031220902,2023,-0.024871152,0.7279575,4
D8_air_pollution_minus_1sd,17031221000,2023,-0.024786308,0.72787946,4
D8_air_pollution_minus_1sd,17031221100,2023,-0.026572417,0.72795653,4
D8_air_pollution_minus_1sd,17031221200,2023,-0.026321445,0.7267319,4
D8_air_pollution_minus_1sd,17031221300,2023,0.007231652,0.7133677,4
D8_air_pollution_minus_1sd,17031221400,2023,0.005740406,0.7129415,4
D8_air_pollution_minus_1sd,17031221500,2023,0.0059298873,0.7132919,4
D8_air_pollution_minus_1sd,17031221600,2023,0.0047493847,0.7129282,4
D8_air_pollution_minus_1sd,17031222200,2023,0.007229469,0.713858,4
D8_air_pollution_minus_1sd,17031222500,2023,0.008185068,0.71449566,4
D8_air_pollution_minus_1sd,17031222600,2023,0.007916855,0.7149403,4
D8_air_pollution_minus_1sd,17031222700,2023,-0.025125612,0.72804904,4
D8_air_pollution_minus_1sd,17031222800,2023,-0.024598014,0.72831196,4
D8_air_pollution_minus_1sd,17031222900,2023,-0.024559593,0.7283648,4
D8_air_pollution_minus_1sd,17031230100,2023,0.008712462,0.7144725,4
D8_air_pollution_minus_1sd,17031230200,2023,0.00923104,0.7139362,4
D8_air_pollution_minus_1sd,17031230300,2023,0.009468472,0.71404195,4
D8_air_pollution_minus_1sd,17031230400,2023,-0.025796192,0.728248,4
D8_air_pollution_minus_1sd,17031230500,2023,-0.024658367,0.727787,4
D8_air_pollution_minus_1sd,17031230600,2023,-0.05740413,0.7719001,4
D8_air_pollution_minus_1sd,17031230700,2023,-0.025123835,0.7594428,4
D8_air_pollution_minus_1sd,17031230800,2023,-0.020901516,0.7585021,4
D8_air_pollution_minus_1sd,17031230900,2023,-0.02102918,0.758505,4
D8_air_pollution_minus_1sd,17031231100,2023,-0.0209001,0.758576,4
D8_air_pollution_minus_1sd,17031231200,2023,-0.021153925,0.75882936,4
D8_air_pollution_minus_1sd,17031231500,2023,-0.068572946,0.805568,4
D8_air_pollution_minus_1sd,17031240200,2023,-0.042816166,0.6548254,4
D8_air_pollution_minus_1sd,17031240300,2023,-0.04293053,0.65430367,4
D8_air_pollution_minus_1sd,17031240500,2023,0.006970954,0.71319026,4
D8_air_pollution_minus_1sd,17031240600,2023,0.0076486235,0.714535,4
D8_air_pollution_minus_1sd,17031240700,2023,0.007160199,0.7150943,4
D8_air_pollution_minus_1sd,17031240800,2023,0.008054102,0.7144767,4
D8_air_pollution_minus_1sd,17031240900,2023,-0.023442734,0.75752103,4
D8_air_pollution_minus_1sd,17031241000,2023,-0.024937876,0.7574765,4
D8_air_pollution_minus_1sd,17031241100,2023,-0.023944898,0.7577969,4
D8_air_pollution_minus_1sd,17031241200,2023,-0.02385501,0.75753534,4
D8_air_pollution_minus_1sd,17031241300,2023,-0.023778602,0.7574244,4
D8_air_pollution_minus_1sd,17031241400,2023,-0.045400105,0.65143514,4
D8_air_pollution_minus_1sd,17031241500,2023,-0.04575201,0.6518899,4
D8_air_pollution_minus_1sd,17031241600,2023,-0.047674425,0.65012217,4
D8_air_pollution_minus_1sd,17031242000,2023,-0.043617934,0.6543598,4
D8_air_pollution_minus_1sd,17031242100,2023,-0.04407904,0.6539339,4
D8_air_pollution_minus_1sd,17031242200,2023,-0.04472917,0.65313077,4
D8_air_pollution_minus_1sd,17031242300,2023,-0.049561534,0.7306611,4
D8_air_pollution_minus_1sd,17031242400,2023,-0.024519298,0.75663006,4
D8_air_pollution_minus_1sd,17031242500,2023,-0.02388949,0.7576266,4
D8_air_pollution_minus_1sd,17031242600,2023,-0.024591316,0.7573281,4
D8_air_pollution_minus_1sd,17031242700,2023,-0.023427304,0.7585961,4
D8_air_pollution_minus_1sd,17031242800,2023,-0.023677696,0.7578525,4
D8_air_pollution_minus_1sd,17031242900,2023,-0.024163678,0.75716645,4
D8_air_pollution_minus_1sd,17031243000,2023,-0.04645461,0.6518403,4
D8_air_pollution_minus_1sd,17031243100,2023,-0.04613072,0.6515323,4
D8_air_pollution_minus_1sd,17031243200,2023,-0.045777738,0.6519268,4
D8_air_pollution_minus_1sd,17031243300,2023,-0.047434647,0.6514893,4
D8_air_pollution_minus_1sd,17031243400,2023,-0.043641396,0.65410596,4
D8_air_pollution_minus_1sd,17031243500,2023,-0.0467204,0.65065753,4
D8_air_pollution_minus_1sd,17031250200,2023,-0.023667457,0.7278883,4
D8_air_pollution_minus_1sd,17031250300,2023,-0.06791222,0.7401858,4
D8_air_pollution_minus_1sd,17031250400,2023,-0.06917862,0.7398819,4
D8_air_pollution_minus_1sd,17031250500,2023,-0.06838044,0.73831606,4
D8_air_pollution_minus_1sd,17031250600,2023,-0.09779146,0.78624916,4
D8_air_pollution_minus_1sd,17031250700,2023,-0.09811881,0.7863674,4
D8_air_pollution_minus_1sd,17031250800,2023,-0.09903483,0.78589356,4
D8_air_pollution_minus_1sd,17031251000,2023,-0.10113296,0.7869247,4
D8_air_pollution_minus_1sd,17031251100,2023,-0.09802676,0.78634375,4
D8_air_pollution_minus_1sd,17031251200,2023,-0.098567516,0.7862188,4
D8_air_pollution_minus_1sd,17031251300,2023,-0.10041466,0.7875707,4
D8_air_pollution_minus_1sd,17031251400,2023,-0.100262865,0.7874035,4
D8_air_pollution_minus_1sd,17031251500,2023,-0.09815596,0.7864461,4
D8_air_pollution_minus_1sd,17031251600,2023,-0.09806414,0.78662336,4
D8_air_pollution_minus_1sd,17031251700,2023,-0.100159965,0.78769994,4
D8_air_pollution_minus_1sd,17031251800,2023,-0.099317424,0.78633344,4
D8_air_pollution_minus_1sd,17031251900,2023,-0.09948682,0.7870865,4
D8_air_pollution_minus_1sd,17031252000,2023,-0.098501734,0.78647184,4
D8_air_pollution_minus_1sd,17031252101,2023,-0.1320391,0.7501757,4
D8_air_pollution_minus_1sd,17031252102,2023,-0.100304455,0.78777254,4
D8_air_pollution_minus_1sd,17031252201,2023,-0.09882347,0.7867207,4
D8_air_pollution_minus_1sd,17031252202,2023,-0.099116825,0.78640676,4
D8_air_pollution_minus_1sd,17031260100,2023,-0.10093514,0.7875961,4
D8_air_pollution_minus_1sd,17031260200,2023,-0.10132214,0.7865428,4
D8_air_pollution_minus_1sd,17031260300,2023,-0.10016686,0.78678954,4
D8_air_pollution_minus_1sd,17031260400,2023,-0.09857556,0.786834,4
D8_air_pollution_minus_1sd,17031260500,2023,-0.10108083,0.78811085,4
D8_air_pollution_minus_1sd,17031260600,2023,-0.09847142,0.7852347,4
D8_air_pollution_minus_1sd,17031260700,2023,-0.0988882,0.7870685,4
D8_air_pollution_minus_1sd,17031260800,2023,-0.09899305,0.7872075,4
D8_air_pollution_minus_1sd,17031260900,2023,-0.1311952,0.751361,4
D8_air_pollution_minus_1sd,17031261000,2023,-0.13202903,0.75143194,4
D8_air_pollution_minus_1sd,17031270500,2023,-0.09935767,0.78693235,4
D8_air_pollution_minus_1sd,17031271200,2023,-0.06417954,0.8051292,4
D8_air_pollution_minus_1sd,17031271300,2023,-0.09947419,0.78693587,4
D8_air_pollution_minus_1sd,17031271400,2023,-0.09920888,0.78730613,4
D8_air_pollution_minus_1sd,17031271500,2023,-0.13181141,0.7500217,4
D8_air_pollution_minus_1sd,17031271800,2023,-0.13218948,0.74988973,4
D8_air_pollution_minus_1sd,17031280100,2023,-0.047377378,0.6517951,4
D8_air_pollution_minus_1sd,17031280400,2023,-0.047114626,0.65058583,4
D8_air_pollution_minus_1sd,17031280800,2023,-0.063910276,0.80481684,4
D8_air_pollution_minus_1sd,17031280900,2023,-0.06450487,0.8046513,4
D8_air_pollution_minus_1sd,17031281900,2023,-0.04676643,0.65146226,4
D8_air_pollution_minus_1sd,17031282700,2023,-0.09600964,0.76915854,4
D8_air_pollution_minus_1sd,17031282800,2023,-0.096828036,0.769725,4
D8_air_pollution_minus_1sd,17031283100,2023,-0.07269028,0.6191943,4
D8_air_pollution_minus_1sd,17031283200,2023,-0.072602525,0.6202181,4
D8_air_pollution_minus_1sd,17031283800,2023,-0.07326023,0.61982054,4
D8_air_pollution_minus_1sd,17031290900,2023,-0.13217907,0.7518223,4
D8_air_pollution_minus_1sd,17031291200,2023,-0.13252184,0.75230384,4
D8_air_pollution_minus_1sd,17031291600,2023,-0.1321314,0.7501817,4
D8_air_pollution_minus_1sd,17031292200,2023,-0.13242158,0.7511311,4
D8_air_pollution_minus_1sd,17031292400,2023,-0.13152862,0.7518013,4
D8_air_pollution_minus_1sd,17031292500,2023,-0.13080907,0.7514432,4
D8_air_pollution_minus_1sd,17031300500,2023,-0.13244599,0.7525327,4
D8_air_pollution_minus_1sd,17031300600,2023,-0.1313145,0.7521042,4
D8_air_pollution_minus_1sd,17031300700,2023,-0.13145813,0.75226545,4
D8_air_pollution_minus_1sd,17031300800,2023,-0.13188115,0.7521908,4
D8_air_pollution_minus_1sd,17031300900,2023,-0.13265449,0.75231767,4
D8_air_pollution_minus_1sd,17031301100,2023,-0.13312599,0.75229037,4
D8_air_pollution_minus_1sd,17031301200,2023,-0.13320407,0.7524768,4
D8_air_pollution_minus_1sd,17031301600,2023,-0.13125528,0.7522495,4
D8_air_pollution_minus_1sd,17031301701,2023,-0.1326444,0.75216305,4
D8_air_pollution_minus_1sd,17031301702,2023,-0.13130747,0.7522059,4
D8_air_pollution_minus_1sd,17031301801,2023,-0.13193116,0.751938,4
D8_air_pollution_minus_1sd,17031301802,2023,-0.13181177,0.75245404,4
D8_air_pollution_minus_1sd,17031301803,2023,-0.13117407,0.7521995,4
D8_air_pollution_minus_1sd,17031310200,2023,-0.0741703,0.6178019,4
D8_air_pollution_minus_1sd,17031310300,2023,-0.07274137,0.6193391,4
D8_air_pollution_minus_1sd,17031310400,2023,-0.07274202,0.61991274,4
D8_air_pollution_minus_1sd,17031310500,2023,-0.073282115,0.618805,4
D8_air_pollution_minus_1sd,17031310600,2023,-0.07368068,0.61804986,4
D8_air_pollution_minus_1sd,17031310700,2023,-0.08589678,0.6278969,4
D8_air_pollution_minus_1sd,17031310800,2023,-0.08642273,0.6274559,4
D8_air_pollution_minus_1sd,17031310900,2023,-0.0850337,0.6273477,4
D8_air_pollution_minus_1sd,17031320101,2023,-0.047403324,0.65313435,4
D8_air_pollution_minus_1sd,17031320102,2023,-0.047181267,0.65258366,4
D8_air_pollution_minus_1sd,17031320400,2023,-0.047230184,0.65311885,4
D8_air_pollution_minus_1sd,17031320600,2023,-0.07383543,0.6179747,4
D8_air_pollution_minus_1sd,17031330101,2023,-0.0741234,0.61837524,4
D8_air_pollution_minus_1sd,17031330102,2023,-0.07412131,0.6174436,4
D8_air_pollution_minus_1sd,17031330103,2023,-0.07369448,0.6193136,4
D8_air_pollution_minus_1sd,17031330200,2023,-0.07266718,0.6205639,4
D8_air_pollution_minus_1sd,17031340300,2023,-0.07246353,0.6208979,4
D8_air_pollution_minus_1sd,17031340400,2023,-0.07197957,0.6211759,4
D8_air_pollution_minus_1sd,17031340500,2023,-0.073202245,0.62104493,4
D8_air_pollution_minus_1sd,17031340600,2023,-0.08852318,0.62636906,4
D8_air_pollution_minus_1sd,17031350100,2023,-0.07313694,0.6213707,4
D8_air_pollution_minus_1sd,17031350400,2023,-0.07326193,0.62167436,4
D8_air_pollution_minus_1sd,17031351000,2023,-0.0726286,0.62089485,4
D8_air_pollution_minus_1sd,17031351100,2023,-0.07265913,0.6215993,4
D8_air_pollution_minus_1sd,17031351400,2023,-0.07300559,0.6208739,4
D8_air_pollution_minus_1sd,17031351500,2023,-0.07205832,0.6220056,4
D8_air_pollution_minus_1sd,17031360200,2023,-0.07284884,0.6223295,4
D8_air_pollution_minus_1sd,17031380100,2023,-0.07217583,0.62198734,4
D8_air_pollution_minus_1sd,17031380200,2023,-0.07328341,0.62145627,4
D8_air_pollution_minus_1sd,17031380600,2023,-0.07286699,0.6211002,4
D8_air_pollution_minus_1sd,17031381200,2023,-0.10025274,0.57056105,4
D8_air_pollution_minus_1sd,17031381400,2023,-0.10000936,0.57044923,4
D8_air_pollution_minus_1sd,17031381500,2023,-0.09995672,0.5705346,4
D8_air_pollution_minus_1sd,17031381800,2023,-0.10000172,0.57012427,4
D8_air_pollution_minus_1sd,17031381900,2023,-0.1015667,0.5700556,4
D8_air_pollution_minus_1sd,17031390100,2023,-0.07125121,0.62313175,4
D8_air_pollution_minus_1sd,17031390200,2023,-0.044788584,0.5820502,4
D8_air_pollution_minus_1sd,17031390300,2023,-0.07171259,0.62227035,4
D8_air_pollution_minus_1sd,17031390400,2023,-0.04522744,0.5815562,4
D8_air_pollution_minus_1sd,17031390500,2023,-0.044037513,0.5817667,4
D8_air_pollution_minus_1sd,17031390600,2023,-0.04397271,0.5826222,4
D8_air_pollution_minus_1sd,17031390700,2023,-0.04379744,0.58237135,4
D8_air_pollution_minus_1sd,17031400300,2023,-0.10026477,0.57047635,4
D8_air_pollution_minus_1sd,17031400400,2023,-0.09992165,0.5706024,4
D8_air_pollution_minus_1sd,17031400500,2023,-0.09971692,0.5700487,4
D8_air_pollution_minus_1sd,17031400800,2023,-0.12935984,0.5451237,4
D8_air_pollution_minus_1sd,17031410100,2023,-0.044372335,0.58220685,4
D8_air_pollution_minus_1sd,17031410200,2023,-0.044201102,0.5827321,4
D8_air_pollution_minus_1sd,17031410500,2023,-0.10087749,0.5704669,4
D8_air_pollution_minus_1sd,17031410600,2023,-0.08522135,0.5637625,4
D8_air_pollution_minus_1sd,17031410700,2023,-0.04364685,0.58171034,4
D8_air_pollution_minus_1sd,17031410800,2023,-0.04457503,0.5817006,4
D8_air_pollution_minus_1sd,17031410900,2023,-0.04384942,0.5822756,4
D8_air_pollution_minus_1sd,17031411000,2023,-0.04371488,0.58200186,4
D8_air_pollution_minus_1sd,17031411100,2023,-0.08448865,0.5639566,4
D8_air_pollution_minus_1sd,17031411200,2023,-0.08440676,0.563722,4
D8_air_pollution_minus_1sd,17031420100,2023,-0.11141606,0.53924257,4
D8_air_pollution_minus_1sd,17031420200,2023,-0.101566635,0.5702645,4
D8_air_pollution_minus_1sd,17031420300,2023,-0.1298036,0.5446319,4
D8_air_pollution_minus_1sd,17031420400,2023,-0.12778732,0.5456366,4
D8_air_pollution_minus_1sd,17031420500,2023,-0.12723827,0.54570377,4
D8_air_pollution_minus_1sd,17031420600,2023,-0.12938158,0.5447849,4
D8_air_pollution_minus_1sd,17031420700,2023,-0.12713754,0.545462,4
D8_air_pollution_minus_1sd,17031420800,2023,-0.12832457,0.5449158,4
D8_air_pollution_minus_1sd,17031421200,2023,-0.12911274,0.54439443,4
D8_air_pollution_minus_1sd,17031430101,2023,-0.11203562,0.53950894,4
D8_air_pollution_minus_1sd,17031430102,2023,-0.110299185,0.5393688,4
D8_air_pollution_minus_1sd,17031430200,2023,-0.12885961,0.54445493,4
D8_air_pollution_minus_1sd,17031430300,2023,-0.1297862,0.54413676,4
D8_air_pollution_minus_1sd,17031430400,2023,-0.12943979,0.54409254,4
D8_air_pollution_minus_1sd,17031430500,2023,-0.12871136,0.5444313,4
D8_air_pollution_minus_1sd,17031430600,2023,-0.12769324,0.5446478,4
D8_air_pollution_minus_1sd,17031430700,2023,-0.11018549,0.53943855,4
D8_air_pollution_minus_1sd,17031430800,2023,-0.13063236,0.5433151,4
D8_air_pollution_minus_1sd,17031430900,2023,-0.12847674,0.5447931,4
D8_air_pollution_minus_1sd,17031431200,2023,-0.12889263,0.54413575,4
D8_air_pollution_minus_1sd,17031431301,2023,-0.12902,0.54453814,4
D8_air_pollution_minus_1sd,17031431302,2023,-0.12810521,0.5448762,4
D8_air_pollution_minus_1sd,17031431400,2023,-0.108100995,0.54028857,4
D8_air_pollution_minus_1sd,17031440101,2023,-0.12688285,0.5450747,4
D8_air_pollution_minus_1sd,17031440102,2023,-0.1263743,0.5449342,4
D8_air_pollution_minus_1sd,17031440201,2023,-0.12747028,0.54472345,4
D8_air_pollution_minus_1sd,17031440202,2023,-0.12636432,0.5451305,4
D8_air_pollution_minus_1sd,17031440300,2023,-0.12818155,0.5443177,4
D8_air_pollution_minus_1sd,17031440600,2023,-0.12791294,0.54450136,4
D8_air_pollution_minus_1sd,17031440700,2023,-0.12803042,0.54428494,4
D8_air_pollution_minus_1sd,17031440800,2023,-0.12890387,0.54343104,4
D8_air_pollution_minus_1sd,17031440900,2023,-0.12607819,0.54529333,4
D8_air_pollution_minus_1sd,17031450300,2023,-0.12771353,0.54482573,4
D8_air_pollution_minus_1sd,17031460100,2023,-0.10797219,0.5402298,4
D8_air_pollution_minus_1sd,17031460200,2023,-0.13031432,0.5436058,4
D8_air_pollution_minus_1sd,17031460301,2023,-0.12807105,0.5444024,4
D8_air_pollution_minus_1sd,17031460302,2023,-0.13027363,0.54397684,4
D8_air_pollution_minus_1sd,17031460400,2023,-0.12871107,0.54437906,4
D8_air_pollution_minus_1sd,17031460500,2023,-0.12794673,0.5449389,4
D8_air_pollution_minus_1sd,17031460800,2023,-0.12984782,0.5435703,4
D8_air_pollution_minus_1sd,17031461000,2023,-0.1283226,0.5443435,4
D8_air_pollution_minus_1sd,17031470100,2023,-0.12675379,0.5450401,4
D8_air_pollution_minus_1sd,17031480100,2023,-0.12719184,0.54473567,4
D8_air_pollution_minus_1sd,17031480200,2023,-0.12698987,0.54466575,4
D8_air_pollution_minus_1sd,17031480300,2023,-0.1268186,0.5448164,4
D8_air_pollution_minus_1sd,17031480400,2023,-0.12825596,0.54419804,4
D8_air_pollution_minus_1sd,17031480500,2023,-0.12958035,0.5436978,4
D8_air_pollution_minus_1sd,17031490200,2023,-0.12763241,0.544198,4
D8_air_pollution_minus_1sd,17031490500,2023,-0.12566715,0.54498214,4
D8_air_pollution_minus_1sd,17031490600,2023,-0.1271461,0.5443512,4
D8_air_pollution_minus_1sd,17031490700,2023,-0.12752302,0.5435464,4
D8_air_pollution_minus_1sd,17031490800,2023,-0.12732056,0.54396576,4
D8_air_pollution_minus_1sd,17031490901,2023,-0.124730416,0.54519653,4
D8_air_pollution_minus_1sd,17031490902,2023,-0.12520517,0.5447879,4
D8_air_pollution_minus_1sd,17031491000,2023,-0.12653634,0.5440507,4
D8_air_pollution_minus_1sd,17031491100,2023,-0.12615308,0.5442065,4
D8_air_pollution_minus_1sd,17031491200,2023,-0.12424358,0.54451615,4
D8_air_pollution_minus_1sd,17031491300,2023,-0.1268407,0.54337037,4
D8_air_pollution_minus_1sd,17031491400,2023,-0.124134034,0.54479206,4
D8_air_pollution_minus_1sd,17031500100,2023,-0.127962,0.5449053,4
D8_air_pollution_minus_1sd,17031500200,2023,-0.12553161,0.5445399,4
D8_air_pollution_minus_1sd,17031500300,2023,-0.12534198,0.5441596,4
D8_air_pollution_minus_1sd,17031510100,2023,-0.12798491,0.543514,4
D8_air_pollution_minus_1sd,17031510200,2023,-0.12914898,0.5434824,4
D8_air_pollution_minus_1sd,17031510300,2023,-0.12909576,0.54373014,4
D8_air_pollution_minus_1sd,17031520100,2023,-0.12810686,0.54392457,4
D8_air_pollution_minus_1sd,17031520200,2023,-0.12745252,0.5441119,4
D8_air_pollution_minus_1sd,17031520300,2023,-0.12934384,0.54317623,4
D8_air_pollution_minus_1sd,17031520400,2023,-0.1271863,0.5439659,4
D8_air_pollution_minus_1sd,17031520500,2023,-0.12996358,0.54254156,4
D8_air_pollution_minus_1sd,17031520600,2023,-0.12971441,0.54281795,4
D8_air_pollution_minus_1sd,17031530100,2023,-0.12634209,0.5439325,4
D8_air_pollution_minus_1sd,17031530200,2023,-0.12465283,0.54433084,4
D8_air_pollution_minus_1sd,17031530300,2023,-0.12517616,0.544219,4
D8_air_pollution_minus_1sd,17031530400,2023,-0.12505268,0.5442622,4
D8_air_pollution_minus_1sd,17031530501,2023,-0.12574813,0.5441945,4
D8_air_pollution_minus_1sd,17031530502,2023,-0.12536255,0.544021,4
D8_air_pollution_minus_1sd,17031530503,2023,-0.12521881,0.54399,4
D8_air_pollution_minus_1sd,17031530600,2023,-0.12402855,0.54497194,4
D8_air_pollution_minus_1sd,17031540101,2023,-0.12461005,0.5443124,4
D8_air_pollution_minus_1sd,17031540102,2023,-0.12633881,0.5439018,4
D8_air_pollution_minus_1sd,17031550100,2023,-0.1261933,0.54359597,4
D8_air_pollution_minus_1sd,17031550200,2023,-0.12614393,0.54400384,4
D8_air_pollution_minus_1sd,17031560100,2023,-0.13052693,0.7522447,4
D8_air_pollution_minus_1sd,17031560200,2023,-0.13052586,0.7523945,4
D8_air_pollution_minus_1sd,17031560300,2023,-0.13037626,0.7526423,4
D8_air_pollution_minus_1sd,17031560400,2023,-0.13066393,0.7525079,4
D8_air_pollution_minus_1sd,17031560700,2023,-0.131034,0.752991,4
D8_air_pollution_minus_1sd,17031560800,2023,-0.13068247,0.7527579,4
D8_air_pollution_minus_1sd,17031560900,2023,-0.13036194,0.7523025,4
D8_air_pollution_minus_1sd,17031561000,2023,-0.1265112,0.75253546,4
D8_air_pollution_minus_1sd,17031561100,2023,-0.12992458,0.752521,4
D8_air_pollution_minus_1sd,17031570100,2023,-0.12979628,0.7523424,4
D8_air_pollution_minus_1sd,17031570200,2023,-0.13041715,0.7524001,4
D8_air_pollution_minus_1sd,17031570300,2023,-0.1313461,0.75271785,4
D8_air_pollution_minus_1sd,17031570400,2023,-0.13078696,0.7529624,4
D8_air_pollution_minus_1sd,17031570500,2023,-0.13165045,0.75286436,4
D8_air_pollution_minus_1sd,17031580100,2023,-0.13117337,0.75295633,4
D8_air_pollution_minus_1sd,17031580200,2023,-0.13224593,0.7528783,4
D8_air_pollution_minus_1sd,17031580300,2023,-0.13084683,0.7526616,4
D8_air_pollution_minus_1sd,17031580400,2023,-0.13166681,0.7530254,4
D8_air_pollution_minus_1sd,17031580501,2023,-0.13191332,0.75290465,4
D8_air_pollution_minus_1sd,17031580502,2023,-0.13182308,0.7532513,4
D8_air_pollution_minus_1sd,17031580600,2023,-0.1322126,0.75339234,4
D8_air_pollution_minus_1sd,17031580700,2023,-0.13115363,0.7531421,4
D8_air_pollution_minus_1sd,17031580800,2023,-0.1311987,0.7532901,4
D8_air_pollution_minus_1sd,17031590500,2023,-0.13129501,0.7529784,4
D8_air_pollution_minus_1sd,17031590600,2023,-0.1217363,0.6088018,4
D8_air_pollution_minus_1sd,17031590700,2023,-0.12139172,0.6082255,4
D8_air_pollution_minus_1sd,17031600400,2023,-0.07269211,0.6203391,4
D8_air_pollution_minus_1sd,17031600600,2023,-0.08577567,0.62821275,4
D8_air_pollution_minus_1sd,17031600700,2023,-0.12254589,0.61004454,4
D8_air_pollution_minus_1sd,17031600900,2023,-0.12251844,0.6091585,4
D8_air_pollution_minus_1sd,17031610300,2023,-0.12089786,0.6073111,4
D8_air_pollution_minus_1sd,17031610400,2023,-0.095716976,0.5691918,4
D8_air_pollution_minus_1sd,17031610800,2023,-0.09660878,0.5695103,4
D8_air_pollution_minus_1sd,17031611200,2023,-0.09581657,0.5692163,4
D8_air_pollution_minus_1sd,17031611300,2023,-0.09553243,0.5692345,4
D8_air_pollution_minus_1sd,17031611400,2023,-0.095563315,0.56930566,4
D8_air_pollution_minus_1sd,17031611500,2023,-0.13095811,0.75333834,4
D8_air_pollution_minus_1sd,17031611600,2023,-0.09551281,0.5696551,4
D8_air_pollution_minus_1sd,17031611700,2023,-0.095208354,0.5696416,4
D8_air_pollution_minus_1sd,17031611800,2023,-0.095671944,0.56961554,4
D8_air_pollution_minus_1sd,17031611900,2023,-0.09597713,0.5695188,4
D8_air_pollution_minus_1sd,17031612000,2023,-0.09647971,0.569069,4
D8_air_pollution_minus_1sd,17031612100,2023,-0.099536,0.5694504,4
D8_air_pollution_minus_1sd,17031612200,2023,-0.096076675,0.5692452,4
D8_air_pollution_minus_1sd,17031620100,2023,-0.131489,0.7534827,4
D8_air_pollution_minus_1sd,17031620200,2023,-0.13059813,0.75302696,4
D8_air_pollution_minus_1sd,17031620300,2023,-0.13051611,0.7532189,4
D8_air_pollution_minus_1sd,17031620400,2023,-0.13061862,0.7533497,4
D8_air_pollution_minus_1sd,17031630300,2023,-0.13037753,0.75358576,4
D8_air_pollution_minus_1sd,17031630400,2023,-0.13184388,0.75359243,4
D8_air_pollution_minus_1sd,17031630500,2023,-0.13099784,0.75359946,4
D8_air_pollution_minus_1sd,17031630600,2023,-0.13080983,0.75336266,4
D8_air_pollution_minus_1sd,17031630800,2023,-0.1316821,0.75383043,4
D8_air_pollution_minus_1sd,17031630900,2023,-0.13165353,0.7535156,4
D8_air_pollution_minus_1sd,17031640100,2023,-0.15872806,0.72982895,4
D8_air_pollution_minus_1sd,17031640300,2023,-0.1569183,0.73046,4
D8_air_pollution_minus_1sd,17031640400,2023,-0.12371435,0.73022044,4
D8_air_pollution_minus_1sd,17031640500,2023,-0.13402757,0.7306746,4
D8_air_pollution_minus_1sd,17031640600,2023,-0.15827689,0.7301447,4
D8_air_pollution_minus_1sd,17031640700,2023,-0.1584059,0.7300321,4
D8_air_pollution_minus_1sd,17031640800,2023,-0.15866317,0.73005,4
D8_air_pollution_minus_1sd,17031650100,2023,-0.15829763,0.7304251,4
D8_air_pollution_minus_1sd,17031650200,2023,-0.15759304,0.7303302,4
D8_air_pollution_minus_1sd,17031650301,2023,-0.15710187,0.7306825,4
D8_air_pollution_minus_1sd,17031650302,2023,-0.15869555,0.72997063,4
D8_air_pollution_minus_1sd,17031650400,2023,-0.15831426,0.73023045,4
D8_air_pollution_minus_1sd,17031650500,2023,-0.15517128,0.73115045,4
D8_air_pollution_minus_1sd,17031660301,2023,-0.15807427,0.72999275,4
D8_air_pollution_minus_1sd,17031660302,2023,-0.13071562,0.75374913,4
D8_air_pollution_minus_1sd,17031660400,2023,-0.15837696,0.73042727,4
D8_air_pollution_minus_1sd,17031660500,2023,-0.15853354,0.7300633,4
D8_air_pollution_minus_1sd,17031660600,2023,-0.15900072,0.7300455,4
D8_air_pollution_minus_1sd,17031660700,2023,-0.15883213,0.7298945,4
D8_air_pollution_minus_1sd,17031660800,2023,-0.15889327,0.7299725,4
D8_air_pollution_minus_1sd,17031660900,2023,-0.15754618,0.73032916,4
D8_air_pollution_minus_1sd,17031661000,2023,-0.16200006,0.73031604,4
D8_air_pollution_minus_1sd,17031661100,2023,-0.15857431,0.72983015,4
D8_air_pollution_minus_1sd,17031670100,2023,-0.09917189,0.5693171,4
D8_air_pollution_minus_1sd,17031670200,2023,-0.09588365,0.56953037,4
D8_air_pollution_minus_1sd,17031670300,2023,-0.095495366,0.5694396,4
D8_air_pollution_minus_1sd,17031670400,2023,-0.09565991,0.56977105,4
D8_air_pollution_minus_1sd,17031670500,2023,-0.0953837,0.5694643,4
D8_air_pollution_minus_1sd,17031670600,2023,-0.12525348,0.5449122,4
D8_air_pollution_minus_1sd,17031670700,2023,-0.098907575,0.5706279,4
D8_air_pollution_minus_1sd,17031670800,2023,-0.099011116,0.5697783,4
D8_air_pollution_minus_1sd,17031670900,2023,-0.09912139,0.56986904,4
D8_air_pollution_minus_1sd,17031671100,2023,-0.12776376,0.5455893,4
D8_air_pollution_minus_1sd,17031671200,2023,-0.12635621,0.54601395,4
D8_air_pollution_minus_1sd,17031671300,2023,-0.12730351,0.54563457,4
D8_air_pollution_minus_1sd,17031671400,2023,-0.12700774,0.54582524,4
D8_air_pollution_minus_1sd,17031671500,2023,-0.12519147,0.54636425,4
D8_air_pollution_minus_1sd,17031671600,2023,-0.12748572,0.5453553,4
D8_air_pollution_minus_1sd,17031671800,2023,-0.12816063,0.54438376,4
D8_air_pollution_minus_1sd,17031671900,2023,-0.12728977,0.54521245,4
D8_air_pollution_minus_1sd,17031672000,2023,-0.12700938,0.5453871,4
D8_air_pollution_minus_1sd,17031680500,2023,-0.09923298,0.5692947,4
D8_air_pollution_minus_1sd,17031680600,2023,-0.09921445,0.5696907,4
D8_air_pollution_minus_1sd,17031680900,2023,-0.12864533,0.5450107,4
D8_air_pollution_minus_1sd,17031681000,2023,-0.12799999,0.54517066,4
D8_air_pollution_minus_1sd,17031681100,2023,-0.12636706,0.5455688,4
D8_air_pollution_minus_1sd,17031681200,2023,-0.1280915,0.54484934,4
D8_air_pollution_minus_1sd,17031681300,2023,-0.12656567,0.54507625,4
D8_air_pollution_minus_1sd,17031681400,2023,-0.12627742,0.5453992,4
D8_air_pollution_minus_1sd,17031690300,2023,-0.12898979,0.5450285,4
D8_air_pollution_minus_1sd,17031690400,2023,-0.12875888,0.54452497,4
D8_air_pollution_minus_1sd,17031690500,2023,-0.12696916,0.545622,4
D8_air_pollution_minus_1sd,17031690900,2023,-0.12698899,0.54544246,4
D8_air_pollution_minus_1sd,17031691000,2023,-0.12723671,0.54471767,4
D8_air_pollution_minus_1sd,17031691100,2023,-0.12803346,0.54471874,4
D8_air_pollution_minus_1sd,17031691200,2023,-0.12803163,0.54463995,4
D8_air_pollution_minus_1sd,17031691300,2023,-0.12619606,0.5451987,4
D8_air_pollution_minus_1sd,17031691400,2023,-0.12687504,0.5452332,4
D8_air_pollution_minus_1sd,17031691500,2023,-0.12898916,0.54418194,4
D8_air_pollution_minus_1sd,17031700100,2023,-0.16088066,0.7318028,4
D8_air_pollution_minus_1sd,17031700200,2023,-0.15453503,0.7302934,4
D8_air_pollution_minus_1sd,17031700301,2023,-0.15757902,0.73099744,4
D8_air_pollution_minus_1sd,17031700302,2023,-0.15762284,0.7305559,4
D8_air_pollution_minus_1sd,17031700401,2023,-0.1554763,0.73158294,4
D8_air_pollution_minus_1sd,17031700402,2023,-0.15955044,0.7317331,4
D8_air_pollution_minus_1sd,17031700501,2023,-0.1603724,0.73179555,4
D8_air_pollution_minus_1sd,17031700502,2023,-0.16096038,0.7302358,4
D8_air_pollution_minus_1sd,17031710100,2023,-0.12825382,0.54408157,4
D8_air_pollution_minus_1sd,17031710200,2023,-0.12565847,0.54524994,4
D8_air_pollution_minus_1sd,17031710300,2023,-0.12726858,0.54538226,4
D8_air_pollution_minus_1sd,17031710400,2023,-0.124962464,0.5459865,4
D8_air_pollution_minus_1sd,17031710500,2023,-0.12655361,0.5450658,4
D8_air_pollution_minus_1sd,17031710600,2023,-0.12752372,0.5442933,4
D8_air_pollution_minus_1sd,17031710700,2023,-0.12688285,0.5450318,4
D8_air_pollution_minus_1sd,17031710800,2023,-0.12730649,0.5448022,4
D8_air_pollution_minus_1sd,17031710900,2023,-0.12744364,0.5447744,4
D8_air_pollution_minus_1sd,17031711000,2023,-0.12542486,0.5458061,4
D8_air_pollution_minus_1sd,17031711100,2023,-0.12673615,0.5448223,4
D8_air_pollution_minus_1sd,17031711200,2023,-0.12644804,0.54496026,4
D8_air_pollution_minus_1sd,17031711300,2023,-0.12620348,0.5447597,4
D8_air_pollution_minus_1sd,17031711400,2023,-0.12506485,0.54557085,4
D8_air_pollution_minus_1sd,17031711500,2023,-0.12727347,0.5448793,4
D8_air_pollution_minus_1sd,17031720100,2023,-0.12407777,0.5458051,4
D8_air_pollution_minus_1sd,17031720200,2023,-0.124257855,0.54553103,4
D8_air_pollution_minus_1sd,17031720300,2023,-0.1242776,0.5453726,4
D8_air_pollution_minus_1sd,17031720400,2023,-0.15928687,0.73158556,4
D8_air_pollution_minus_1sd,17031720500,2023,-0.15918961,0.73048556,4
D8_air_pollution_minus_1sd,17031720600,2023,-0.12301315,0.54572326,4
D8_air_pollution_minus_1sd,17031720700,2023,-0.12444197,0.5454888,4
D8_air_pollution_minus_1sd,17031730100,2023,-0.12582278,0.5449106,4
D8_air_pollution_minus_1sd,17031730201,2023,-0.12645085,0.5445685,4
D8_air_pollution_minus_1sd,17031730202,2023,-0.12667899,0.5446332,4
D8_air_pollution_minus_1sd,17031730300,2023,-0.12621233,0.5446936,4
D8_air_pollution_minus_1sd,17031730400,2023,-0.1262729,0.54449975,4
D8_air_pollution_minus_1sd,17031730500,2023,-0.1265851,0.54426485,4
D8_air_pollution_minus_1sd,17031730600,2023,-0.12613639,0.5443701,4
D8_air_pollution_minus_1sd,17031730700,2023,-0.12462999,0.5448289,4
D8_air_pollution_minus_1sd,17031740100,2023,-0.15893275,0.73184276,4
D8_air_pollution_minus_1sd,17031740200,2023,-0.16012503,0.7304033,4
D8_air_pollution_minus_1sd,17031740300,2023,-0.1589413,0.7305109,4
D8_air_pollution_minus_1sd,17031740400,2023,-0.15714702,0.7315448,4
D8_air_pollution_minus_1sd,17031750100,2023,-0.12569627,0.5442699,4
D8_air_pollution_minus_1sd,17031750200,2023,-0.12304715,0.5455361,4
D8_air_pollution_minus_1sd,17031750300,2023,-0.15947106,0.73061323,4
D8_air_pollution_minus_1sd,17031750400,2023,-0.15815586,0.73193264,4
D8_air_pollution_minus_1sd,17031750500,2023,-0.1233315,0.5452723,4
D8_air_pollution_minus_1sd,17031750600,2023,-0.12550062,0.54423213,4
D8_air_pollution_minus_1sd,17031760801,2023,-0.03343346,0.72918224,4
D8_air_pollution_minus_1sd,17031760802,2023,-0.07452611,0.74317455,4
D8_air_pollution_minus_1sd,17031760803,2023,-0.030076046,0.7036833,4
D8_air_pollution_minus_1sd,17031770500,2023,-0.02492635,0.7007789,4
D8_air_pollution_minus_1sd,17031770602,2023,-0.027353475,0.7019739,4
D8_air_pollution_minus_1sd,17031770700,2023,-0.02816328,0.7005157,4
D8_air_pollution_minus_1sd,17031770800,2023,-0.07599431,0.7436202,4
D8_air_pollution_minus_1sd,17031770901,2023,-0.033889838,0.73652565,4
D8_air_pollution_minus_1sd,17031770902,2023,-0.03168422,0.7059759,4
D8_air_pollution_minus_1sd,17031805402,2023,-0.035339523,0.7340989,4
D8_air_pollution_minus_1sd,17031805502,2023,-0.036227655,0.73470324,4
D8_air_pollution_minus_1sd,17031805600,2023,-0.035233505,0.7356878,4
D8_air_pollution_minus_1sd,17031805702,2023,-0.033448208,0.73560107,4
D8_air_pollution_minus_1sd,17031806600,2023,-0.036580943,0.73376846,4
D8_air_pollution_minus_1sd,17031807600,2023,-0.039097972,0.7340346,4
D8_air_pollution_minus_1sd,17031807800,2023,-0.039113898,0.73421127,4
D8_air_pollution_minus_1sd,17031807900,2023,-0.03812544,0.7354107,4
D8_air_pollution_minus_1sd,17031808001,2023,-0.03828994,0.7357749,4
D8_air_pollution_minus_1sd,17031808002,2023,-0.038976528,0.73451436,4
D8_air_pollution_minus_1sd,17031808100,2023,-0.037168622,0.73379153,4
D8_air_pollution_minus_1sd,17031808200,2023,-0.036838192,0.7346463,4
D8_air_pollution_minus_1sd,17031810000,2023,-0.08820937,0.6778621,4
D8_air_pollution_minus_1sd,17031810200,2023,-0.03776948,0.73582304,4
D8_air_pollution_minus_1sd,17031810301,2023,-0.03775078,0.7353275,4
D8_air_pollution_minus_1sd,17031810400,2023,-0.032430895,0.73424655,4
D8_air_pollution_minus_1sd,17031810501,2023,-0.032085236,0.70590246,4
D8_air_pollution_minus_1sd,17031810502,2023,-0.036289573,0.73511773,4
D8_air_pollution_minus_1sd,17031810600,2023,-0.03456937,0.736564,4
D8_air_pollution_minus_1sd,17031810701,2023,-0.06606305,0.737506,4
D8_air_pollution_minus_1sd,17031810702,2023,-0.066037536,0.7372463,4
D8_air_pollution_minus_1sd,17031810800,2023,-0.065749004,0.7370175,4
D8_air_pollution_minus_1sd,17031810900,2023,-0.06680593,0.7373893,4
D8_air_pollution_minus_1sd,17031811100,2023,-0.065975256,0.73627967,4
D8_air_pollution_minus_1sd,17031811200,2023,-0.06623648,0.7350203,4
D8_air_pollution_minus_1sd,17031811500,2023,-0.07773265,0.74485475,4
D8_air_pollution_minus_1sd,17031811600,2023,-0.07666836,0.7449738,4
D8_air_pollution_minus_1sd,17031811701,2023,-0.07454441,0.74268216,4
D8_air_pollution_minus_1sd,17031811900,2023,-0.09699001,0.7837502,4
D8_air_pollution_minus_1sd,17031812100,2023,-0.09747004,0.7844824,4
D8_air_pollution_minus_1sd,17031812200,2023,-0.097401224,0.7838942,4
D8_air_pollution_minus_1sd,17031812500,2023,-0.09846912,0.78398585,4
D8_air_pollution_minus_1sd,17031812600,2023,-0.09789862,0.7846476,4
D8_air_pollution_minus_1sd,17031813000,2023,-0.097523734,0.784868,4
D8_air_pollution_minus_1sd,17031813100,2023,-0.13148764,0.7492672,4
D8_air_pollution_minus_1sd,17031813301,2023,-0.13087624,0.7496228,4
D8_air_pollution_minus_1sd,17031813302,2023,-0.13154328,0.74986434,4
D8_air_pollution_minus_1sd,17031813400,2023,-0.13147041,0.74961114,4
D8_air_pollution_minus_1sd,17031813500,2023,-0.13146947,0.7495803,4
D8_air_pollution_minus_1sd,17031813801,2023,-0.13169555,0.7497228,4
D8_air_pollution_minus_1sd,17031814200,2023,-0.13087323,0.7501254,4
D8_air_pollution_minus_1sd,17031820300,2023,-0.1306224,0.7503494,4
D8_air_pollution_minus_1sd,17031820400,2023,-0.09334863,0.7505763,4
D8_air_pollution_minus_1sd,17031820502,2023,-0.15864098,0.727924,4
D8_air_pollution_minus_1sd,17031820700,2023,-0.13061571,0.7499712,4
D8_air_pollution_minus_1sd,17031820800,2023,-0.13017811,0.7504688,4
D8_air_pollution_minus_1sd,17031820901,2023,-0.15821803,0.7283956,4
D8_air_pollution_minus_1sd,17031820902,2023,-0.15891343,0.72817415,4
D8_air_pollution_minus_1sd,17031821102,2023,-0.1593574,0.72803825,4
D8_air_pollution_minus_1sd,17031821200,2023,-0.1257037,0.54311514,4
D8_air_pollution_minus_1sd,17031821401,2023,-0.12588295,0.5429058,4
D8_air_pollution_minus_1sd,17031821402,2023,-0.12599578,0.5428401,4
D8_air_pollution_minus_1sd,17031821500,2023,-0.12609813,0.54262286,4
D8_air_pollution_minus_1sd,17031821600,2023,-0.16353902,0.7272066,4
D8_air_pollution_minus_1sd,17031821700,2023,-0.16234809,0.7271081,4
D8_air_pollution_minus_1sd,17031821900,2023,-0.16318133,0.72735876,4
D8_air_pollution_minus_1sd,17031822000,2023,-0.16244206,0.72699916,4
D8_air_pollution_minus_1sd,17031822101,2023,-0.16269806,0.72706485,4
D8_air_pollution_minus_1sd,17031822701,2023,-0.16163227,0.7270148,4
D8_air_pollution_minus_1sd,17031822702,2023,-0.1616733,0.72717047,4
D8_air_pollution_minus_1sd,17031822801,2023,-0.16200116,0.72735244,4
D8_air_pollution_minus_1sd,17031822802,2023,-0.16116157,0.7271952,4
D8_air_pollution_minus_1sd,17031823200,2023,-0.16271089,0.72710943,4
D8_air_pollution_minus_1sd,17031823303,2023,-0.16025811,0.7272604,4
D8_air_pollution_minus_1sd,17031823304,2023,-0.16026282,0.72820926,4
D8_air_pollution_minus_1sd,17031823400,2023,-0.16057841,0.7274825,4
D8_air_pollution_minus_1sd,17031823500,2023,-0.16076407,0.72765285,4
D8_air_pollution_minus_1sd,17031825700,2023,-0.12849897,0.5418924,4
D8_air_pollution_minus_1sd,17031825801,2023,-0.12735984,0.5421879,4
D8_air_pollution_minus_1sd,17031826401,2023,-0.12705407,0.54226977,4
D8_air_pollution_minus_1sd,17031826500,2023,-0.12599441,0.54242444,4
D8_air_pollution_minus_1sd,17031826600,2023,-0.12587191,0.54253143,4
D8_air_pollution_minus_1sd,17031830500,2023,-0.12999201,0.7522658,4
D8_air_pollution_minus_1sd,17031830600,2023,-0.08285667,0.66991454,4
D8_air_pollution_minus_1sd,17031830700,2023,-0.083765544,0.669899,4
D8_air_pollution_minus_1sd,17031830800,2023,-0.08236397,0.67334116,4
D8_air_pollution_minus_1sd,17031830900,2023,0.0022733118,0.7118999,4
D8_air_pollution_minus_1sd,17031831000,2023,-0.042420756,0.6542285,4
D8_air_pollution_minus_1sd,17031831100,2023,-0.033853266,0.73154426,4
D8_air_pollution_minus_1sd,17031831200,2023,-0.02491172,0.7278012,4
D8_air_pollution_minus_1sd,17031831300,2023,-0.058506932,0.7721357,4
D8_air_pollution_minus_1sd,17031831400,2023,-0.12972204,0.7509521,4
D8_air_pollution_minus_1sd,17031831500,2023,-0.07011853,0.738148,4
D8_air_pollution_minus_1sd,17031831600,2023,-0.06766242,0.73911345,4
D8_air_pollution_minus_1sd,17031831700,2023,-0.033005975,0.7340687,4
D8_air_pollution_minus_1sd,17031831800,2023,-0.03448601,0.7307809,4
D8_air_pollution_minus_1sd,17031831900,2023,-0.049235746,0.65828097,4
D8_air_pollution_minus_1sd,17031832000,2023,-0.049835604,0.66099966,4
D8_air_pollution_minus_1sd,17031832100,2023,-0.048060186,0.6613813,4
D8_air_pollution_minus_1sd,17031832200,2023,0.006298404,0.71357876,4
D8_air_pollution_minus_1sd,17031832300,2023,-0.045198545,0.65137696,4
D8_air_pollution_minus_1sd,17031832400,2023,0.0066308826,0.7137522,4
D8_air_pollution_minus_1sd,17031832500,2023,-0.045403317,0.651829,4
D8_air_pollution_minus_1sd,17031832600,2023,-0.04605523,0.65161085,4
D8_air_pollution_minus_1sd,17031832900,2023,-0.073580965,0.6193251,4
D8_air_pollution_minus_1sd,17031833000,2023,-0.0474681,0.6511867,4
D8_air_pollution_minus_1sd,17031833100,2023,-0.046937104,0.6507048,4
D8_air_pollution_minus_1sd,17031833300,2023,-0.07326319,0.6183635,4
D8_air_pollution_minus_1sd,17031833900,2023,-0.12816526,0.5443944,4
D8_air_pollution_minus_1sd,17031834000,2023,-0.12538508,0.54506576,4
D8_air_pollution_minus_1sd,17031834200,2023,-0.1286475,0.54458004,4
D8_air_pollution_minus_1sd,17031834300,2023,-0.1268729,0.54468405,4
D8_air_pollution_minus_1sd,17031834400,2023,-0.12769708,0.54542387,4
D8_air_pollution_minus_1sd,17031834500,2023,-0.100056544,0.56971955,4
D8_air_pollution_minus_1sd,17031834600,2023,-0.099873625,0.5698384,4
D8_air_pollution_minus_1sd,17031834700,2023,-0.099519596,0.56996644,4
D8_air_pollution_minus_1sd,17031834800,2023,-0.1002446,0.57032645,4
D8_air_pollution_minus_1sd,17031834900,2023,-0.127538,0.5453824,4
D8_air_pollution_minus_1sd,17031835000,2023,-0.15886417,0.729906,4
D8_air_pollution_minus_1sd,17031835100,2023,-0.13079569,0.75377727,4
D8_air_pollution_minus_1sd,17031835200,2023,-0.13011034,0.7527801,4
D8_air_pollution_minus_1sd,17031835500,2023,-0.12367799,0.609488,4
D8_air_pollution_minus_1sd,17031835600,2023,-0.10150597,0.5701182,4
D8_air_pollution_minus_1sd,17031835800,2023,-0.1267783,0.61106974,4
D8_air_pollution_minus_1sd,17031836000,2023,-0.071802065,0.62206167,4
D8_air_pollution_minus_1sd,17031836100,2023,-0.10008826,0.57021755,4
D8_air_pollution_minus_1sd,17031836200,2023,-0.10489224,0.5707065,4
D8_air_pollution_minus_1sd,17031836300,2023,-0.044215854,0.58236396,4
D8_air_pollution_minus_1sd,17031836400,2023,-0.072310835,0.6226953,4
D8_air_pollution_minus_1sd,17031836500,2023,-0.07288386,0.6222997,4
D8_air_pollution_minus_1sd,17031836600,2023,-0.021922167,0.75825226,4
D8_air_pollution_minus_1sd,17031836700,2023,-0.025875773,0.7575136,4
D8_air_pollution_minus_1sd,17031836800,2023,-0.06777156,0.8071768,4
D8_air_pollution_minus_1sd,17031836900,2023,-0.06518186,0.80400586,4
D8_air_pollution_minus_1sd,17031837000,2023,-0.06491859,0.8051462,4
D8_air_pollution_minus_1sd,17031837100,2023,-0.026345432,0.7569215,4
D8_air_pollution_minus_1sd,17031837300,2023,-0.13116388,0.75161266,4
D8_air_pollution_minus_1sd,17031837400,2023,-0.09699846,0.77115124,4
D8_air_pollution_minus_1sd,17031837800,2023,-0.028818717,0.7563362,4
D8_air_pollution_minus_1sd,17031838000,2023,-0.026813831,0.7569563,4
D8_air_pollution_minus_1sd,17031838100,2023,-0.047260765,0.65058327,4
D8_air_pollution_minus_1sd,17031838200,2023,-0.087099634,0.6263252,4
D8_air_pollution_minus_1sd,17031838300,2023,-0.04292702,0.65585834,4
D8_air_pollution_minus_1sd,17031838600,2023,-0.13263078,0.7512622,4
D8_air_pollution_minus_1sd,17031838700,2023,-0.13126719,0.7518474,4
D8_air_pollution_minus_1sd,17031838800,2023,-0.12653226,0.54474217,4
D8_air_pollution_minus_1sd,17031839000,2023,-0.073709756,0.61806154,4
D8_air_pollution_minus_1sd,17031839100,2023,-0.047402114,0.65221435,4
D8_air_pollution_minus_1sd,17031839200,2023,-0.07488143,0.61895907,4
D8_air_pollution_minus_1sd,17031839500,2023,-0.07203165,0.62232846,4
D8_air_pollution_minus_1sd,17031839600,2023,-0.07278596,0.6207909,4
D8_air_pollution_minus_1sd,17031839700,2023,-0.122258104,0.6087393,4
D8_air_pollution_minus_1sd,17031839800,2023,-0.085493684,0.62857026,4
D8_air_pollution_minus_1sd,17031839900,2023,-0.12201708,0.60809,4
D8_air_pollution_minus_1sd,17031840000,2023,-0.08594093,0.62808335,4
D8_air_pollution_minus_1sd,17031840100,2023,-0.072386794,0.6212867,4
D8_air_pollution_minus_1sd,17031840200,2023,-0.085886575,0.6283553,4
D8_air_pollution_minus_1sd,17031840300,2023,-0.13271937,0.75299436,4
D8_air_pollution_minus_1sd,17031840400,2023,-0.11986625,0.60645974,4
D8_air_pollution_minus_1sd,17031840700,2023,-0.13277324,0.75193,4
D8_air_pollution_minus_1sd,17031840800,2023,-0.13210425,0.7527697,4
D8_air_pollution_minus_1sd,17031841000,2023,-0.07402508,0.6184572,4
D8_air_pollution_minus_1sd,17031841100,2023,-0.07332205,0.6191048,4
D8_air_pollution_minus_1sd,17031841200,2023,-0.13293082,0.7521161,4
D8_air_pollution_minus_1sd,17031841300,2023,-0.13189773,0.7523238,4
D8_air_pollution_minus_1sd,17031841500,2023,-0.13132572,0.7515544,4
D8_air_pollution_minus_1sd,17031841700,2023,-0.13255106,0.75225496,4
D8_air_pollution_minus_1sd,17031841800,2023,-0.12949488,0.5443438,4
D8_air_pollution_minus_1sd,17031841900,2023,-0.07458669,0.6169275,4
D8_air_pollution_minus_1sd,17031842000,2023,-0.07470047,0.6187376,4
D8_air_pollution_minus_1sd,17031842100,2023,-0.10025616,0.78581095,4
D8_air_pollution_minus_1sd,17031842200,2023,-0.046749376,0.65093863,4
D8_air_pollution_minus_1sd,17031842300,2023,-0.046888243,0.65083975,4
D8_air_pollution_minus_1sd,17031842400,2023,-0.12836187,0.5446063,4
D8_air_pollution_minus_1sd,17031842500,2023,-0.1288599,0.54489267,4
D8_air_pollution_minus_1sd,17031842600,2023,-0.120915145,0.60676986,4
D8_air_pollution_minus_1sd,17031842800,2023,-0.13077836,0.7532635,4
D8_air_pollution_minus_1sd,17031842900,2023,-0.08664021,0.6259809,4
D8_air_pollution_minus_1sd,17031843000,2023,-0.1321387,0.7516663,4
D8_air_pollution_minus_1sd,17031843100,2023,-0.13247097,0.7521378,4
D8_air_pollution_minus_1sd,17031843200,2023,-0.08762376,0.6261672,4
D8_air_pollution_minus_1sd,17031843300,2023,-0.13169247,0.75173175,4
D8_air_pollution_minus_1sd,17031843400,2023,-0.13107873,0.7520071,4
D8_air_pollution_minus_1sd,17031843500,2023,-0.13169506,0.75274295,4
D8_air_pollution_minus_1sd,17031843600,2023,-0.044641905,0.58175147,4
D8_air_pollution_minus_1sd,17031843700,2023,-0.035311576,0.73187816,4
D8_air_pollution_minus_1sd,17031843800,2023,-0.09990333,0.5699317,4
D8_air_pollution_minus_1sd,17031843900,2023,-0.11235681,0.539259,4
D8_air_pollution_minus_1sd,17031844600,2023,-0.12827562,0.611331,4
D8_air_pollution_minus_1sd,17031844700,2023,-0.1313131,0.7520576,4
D8_air_pollution_minus_1sd,17043840000,2023,-0.0733639,0.73985726,4
D8_air_pollution_minus_1sd,17043840801,2023,-0.076540396,0.74274564,4
D8_air_pollution_minus_1sd,17043840802,2023,-0.07529302,0.74265754,4
D9_noise_mitigation_minus_1sd,17031010100,2023,-0.0019503552,0.6755196,4
D9_noise_mitigation_minus_1sd,17031010201,2023,-0.0006513037,0.67674166,4
D9_noise_mitigation_minus_1sd,17031010202,2023,-0.003956491,0.6734606,4
D9_noise_mitigation_minus_1sd,17031010300,2023,-0.0028631883,0.6737658,4
D9_noise_mitigation_minus_1sd,17031010400,2023,-0.0067310557,0.6719411,4
D9_noise_mitigation_minus_1sd,17031010501,2023,-0.0012719585,0.67753816,4
D9_noise_mitigation_minus_1sd,17031010502,2023,-0.0026132837,0.6752467,4
D9_noise_mitigation_minus_1sd,17031010503,2023,-0.0025738487,0.67504823,4
D9_noise_mitigation_minus_1sd,17031010600,2023,-0.0032047192,0.67369425,4
D9_noise_mitigation_minus_1sd,17031010701,2023,-0.0051993746,0.6746793,4
D9_noise_mitigation_minus_1sd,17031010702,2023,-0.006201923,0.6713878,4
D9_noise_mitigation_minus_1sd,17031020100,2023,-0.0055437563,0.7350894,4
D9_noise_mitigation_minus_1sd,17031020200,2023,-0.006241992,0.7310629,4
D9_noise_mitigation_minus_1sd,17031020301,2023,-0.0077481554,0.7320291,4
D9_noise_mitigation_minus_1sd,17031020302,2023,-0.005630485,0.7351478,4
D9_noise_mitigation_minus_1sd,17031020400,2023,-0.0070337756,0.73224974,4
D9_noise_mitigation_minus_1sd,17031020500,2023,-0.0075970194,0.73230505,4
D9_noise_mitigation_minus_1sd,17031020601,2023,-0.0068174666,0.73169637,4
D9_noise_mitigation_minus_1sd,17031020602,2023,-0.00900283,0.73087454,4
D9_noise_mitigation_minus_1sd,17031020701,2023,-0.0075134453,0.73188734,4
D9_noise_mitigation_minus_1sd,17031020702,2023,-0.0071839406,0.73182344,4
D9_noise_mitigation_minus_1sd,17031020801,2023,-0.008020015,0.7317059,4
D9_noise_mitigation_minus_1sd,17031020802,2023,-0.0076285247,0.73150957,4
D9_noise_mitigation_minus_1sd,17031020901,2023,-0.0069726515,0.7342075,4
D9_noise_mitigation_minus_1sd,17031020902,2023,-0.0068309065,0.6734357,4
D9_noise_mitigation_minus_1sd,17031030101,2023,-0.0038039722,0.67546344,4
D9_noise_mitigation_minus_1sd,17031030102,2023,-0.0031286413,0.6757866,4
D9_noise_mitigation_minus_1sd,17031030103,2023,-0.0038118511,0.6756171,4
D9_noise_mitigation_minus_1sd,17031030104,2023,-0.003677426,0.67603374,4
D9_noise_mitigation_minus_1sd,17031030200,2023,-0.0059032682,0.67333674,4
D9_noise_mitigation_minus_1sd,17031030300,2023,-0.003592873,0.6765195,4
D9_noise_mitigation_minus_1sd,17031030400,2023,-0.0054920297,0.6737492,4
D9_noise_mitigation_minus_1sd,17031030500,2023,-0.005973791,0.6742083,4
D9_noise_mitigation_minus_1sd,17031030601,2023,-0.004271948,0.67631865,4
D9_noise_mitigation_minus_1sd,17031030603,2023,-0.0040931283,0.6756859,4
D9_noise_mitigation_minus_1sd,17031030604,2023,-0.003919689,0.67669433,4
D9_noise_mitigation_minus_1sd,17031030701,2023,-0.0044964496,0.67543757,4
D9_noise_mitigation_minus_1sd,17031030702,2023,-0.004145898,0.67819065,4
D9_noise_mitigation_minus_1sd,17031030703,2023,-0.0050913244,0.6771807,4
D9_noise_mitigation_minus_1sd,17031030706,2023,-0.0052636415,0.67587984,4
D9_noise_mitigation_minus_1sd,17031030800,2023,-0.0058704196,0.67371607,4
D9_noise_mitigation_minus_1sd,17031030900,2023,-0.0064936797,0.6730536,4
D9_noise_mitigation_minus_1sd,17031031000,2023,-0.006192336,0.67401206,4
D9_noise_mitigation_minus_1sd,17031031100,2023,-0.0072865924,0.6729693,4
D9_noise_mitigation_minus_1sd,17031031200,2023,-0.0053806677,0.6745483,4
D9_noise_mitigation_minus_1sd,17031031300,2023,-0.0061799847,0.6761132,4
D9_noise_mitigation_minus_1sd,17031031400,2023,-0.012779433,0.65996635,4
D9_noise_mitigation_minus_1sd,17031031501,2023,-0.00540975,0.6763332,4
D9_noise_mitigation_minus_1sd,17031031502,2023,-0.0042048264,0.67811745,4
D9_noise_mitigation_minus_1sd,17031031700,2023,-0.005497964,0.67414004,4
D9_noise_mitigation_minus_1sd,17031031800,2023,-0.008139507,0.6729896,4
D9_noise_mitigation_minus_1sd,17031031900,2023,-0.0049197413,0.6750576,4
D9_noise_mitigation_minus_1sd,17031032100,2023,-0.015401324,0.6581139,4
D9_noise_mitigation_minus_1sd,17031040100,2023,-0.0074930713,0.73552185,4
D9_noise_mitigation_minus_1sd,17031040201,2023,-0.009726235,0.7318852,4
D9_noise_mitigation_minus_1sd,17031040202,2023,-0.0069778236,0.73563266,4
D9_noise_mitigation_minus_1sd,17031040300,2023,-0.0074768276,0.7358066,4
D9_noise_mitigation_minus_1sd,17031040401,2023,-0.008643784,0.73265713,4
D9_noise_mitigation_minus_1sd,17031040402,2023,-0.0076672724,0.6732781,4
D9_noise_mitigation_minus_1sd,17031040600,2023,-0.009309042,0.73242086,4
D9_noise_mitigation_minus_1sd,17031040700,2023,-0.009134835,0.73256767,4
D9_noise_mitigation_minus_1sd,17031040800,2023,-0.008542713,0.7353983,4
D9_noise_mitigation_minus_1sd,17031040900,2023,-0.009197114,0.7329332,4
D9_noise_mitigation_minus_1sd,17031050100,2023,-0.00784743,0.67278594,4
D9_noise_mitigation_minus_1sd,17031050200,2023,-0.009865861,0.7322135,4
D9_noise_mitigation_minus_1sd,17031050300,2023,-0.008219959,0.73609006,4
D9_noise_mitigation_minus_1sd,17031050500,2023,-0.010011774,0.7329187,4
D9_noise_mitigation_minus_1sd,17031050600,2023,-0.009960218,0.67213553,4
D9_noise_mitigation_minus_1sd,17031050700,2023,-0.006639174,0.6773178,4
D9_noise_mitigation_minus_1sd,17031050800,2023,-0.010318569,0.7329266,4
D9_noise_mitigation_minus_1sd,17031050900,2023,-0.010080823,0.7343441,4
D9_noise_mitigation_minus_1sd,17031051000,2023,-0.010279598,0.733892,4
D9_noise_mitigation_minus_1sd,17031051100,2023,-0.010471584,0.7330964,4
D9_noise_mitigation_minus_1sd,17031051200,2023,-0.0074092266,0.67619497,4
D9_noise_mitigation_minus_1sd,17031051300,2023,0.0004806104,0.6543182,4
D9_noise_mitigation_minus_1sd,17031051400,2023,-0.0026948452,0.71348155,4
D9_noise_mitigation_minus_1sd,17031060100,2023,-0.005873318,0.67730516,4
D9_noise_mitigation_minus_1sd,17031060200,2023,-0.006041701,0.6752082,4
D9_noise_mitigation_minus_1sd,17031060300,2023,-0.007833047,0.6742642,4
D9_noise_mitigation_minus_1sd,17031060400,2023,-0.008906735,0.67361647,4
D9_noise_mitigation_minus_1sd,17031060500,2023,-0.012452241,0.661503,4
D9_noise_mitigation_minus_1sd,17031060800,2023,-0.008841009,0.66270894,4
D9_noise_mitigation_minus_1sd,17031060900,2023,-0.010575144,0.6616265,4
D9_noise_mitigation_minus_1sd,17031061000,2023,-0.011974327,0.66167736,4
D9_noise_mitigation_minus_1sd,17031061100,2023,-0.016168559,0.65895003,4
D9_noise_mitigation_minus_1sd,17031061200,2023,-0.0124552725,0.6614709,4
D9_noise_mitigation_minus_1sd,17031061500,2023,-0.013790962,0.6608522,4
D9_noise_mitigation_minus_1sd,17031061800,2023,-0.010038437,0.66230214,4
D9_noise_mitigation_minus_1sd,17031061901,2023,-0.010663691,0.66224426,4
D9_noise_mitigation_minus_1sd,17031061902,2023,-0.009422812,0.66392756,4
D9_noise_mitigation_minus_1sd,17031062000,2023,-0.01056792,0.66196156,4
D9_noise_mitigation_minus_1sd,17031062100,2023,-0.012028755,0.65978813,4
D9_noise_mitigation_minus_1sd,17031062200,2023,-0.0125106,0.661791,4
D9_noise_mitigation_minus_1sd,17031062300,2023,-0.012987776,0.6622117,4
D9_noise_mitigation_minus_1sd,17031062400,2023,-0.011750232,0.662112,4
D9_noise_mitigation_minus_1sd,17031062500,2023,-0.01433952,0.65986,4
D9_noise_mitigation_minus_1sd,17031062600,2023,-0.001672216,0.6539528,4
D9_noise_mitigation_minus_1sd,17031062700,2023,-0.001219244,0.65411735,4
D9_noise_mitigation_minus_1sd,17031062800,2023,-0.0010555764,0.65453655,4
D9_noise_mitigation_minus_1sd,17031062900,2023,-0.013970703,0.66051173,4
D9_noise_mitigation_minus_1sd,17031063000,2023,-0.015811928,0.6559295,4
D9_noise_mitigation_minus_1sd,17031063100,2023,-0.011807241,0.6606391,4
D9_noise_mitigation_minus_1sd,17031063200,2023,-0.011257442,0.6616335,4
D9_noise_mitigation_minus_1sd,17031063301,2023,0.0021890728,0.6550854,4
D9_noise_mitigation_minus_1sd,17031063302,2023,0.0034281914,0.65482736,4
D9_noise_mitigation_minus_1sd,17031063303,2023,0.0014865426,0.6561159,4
D9_noise_mitigation_minus_1sd,17031063400,2023,0.0015460658,0.6548468,4
D9_noise_mitigation_minus_1sd,17031070101,2023,-0.00015922822,0.6566394,4
D9_noise_mitigation_minus_1sd,17031070102,2023,-0.0016117524,0.6547688,4
D9_noise_mitigation_minus_1sd,17031070103,2023,0.0023870298,0.6560799,4
D9_noise_mitigation_minus_1sd,17031070200,2023,-0.0043143732,0.6517538,4
D9_noise_mitigation_minus_1sd,17031070300,2023,0.00052306056,0.65436476,4
D9_noise_mitigation_minus_1sd,17031070400,2023,0.0010692892,0.6545825,4
D9_noise_mitigation_minus_1sd,17031070500,2023,-0.002604237,0.6519259,4
D9_noise_mitigation_minus_1sd,17031070600,2023,0.0022485363,0.6533601,4
D9_noise_mitigation_minus_1sd,17031070700,2023,-0.0038241914,0.6525217,4
D9_noise_mitigation_minus_1sd,17031071000,2023,0.0001805732,0.65400976,4
D9_noise_mitigation_minus_1sd,17031071100,2023,-0.0005040078,0.6538143,4
D9_noise_mitigation_minus_1sd,17031071200,2023,0.00089932303,0.65498006,4
D9_noise_mitigation_minus_1sd,17031071300,2023,0.0016390833,0.6560404,4
D9_noise_mitigation_minus_1sd,17031071400,2023,-0.0032028027,0.65523547,4
D9_noise_mitigation_minus_1sd,17031071500,2023,-0.0021152832,0.6559298,4
D9_noise_mitigation_minus_1sd,17031071600,2023,0.0018119097,0.6559489,4
D9_noise_mitigation_minus_1sd,17031071700,2023,-0.00041956175,0.6563996,4
D9_noise_mitigation_minus_1sd,17031071800,2023,-0.0014538928,0.65508765,4
D9_noise_mitigation_minus_1sd,17031080100,2023,-0.00030090427,0.65572965,4
D9_noise_mitigation_minus_1sd,17031080201,2023,0.00021629548,0.6557926,4
D9_noise_mitigation_minus_1sd,17031080202,2023,-5.4800883e-05,0.65530473,4
D9_noise_mitigation_minus_1sd,17031080300,2023,-0.0044997092,0.6530024,4
D9_noise_mitigation_minus_1sd,17031080400,2023,-0.00040670251,0.65475595,4
D9_noise_mitigation_minus_1sd,17031081000,2023,-0.006139123,0.6526233,4
D9_noise_mitigation_minus_1sd,17031081100,2023,-0.0038278697,0.6526716,4
D9_noise_mitigation_minus_1sd,17031081201,2023,-0.004526041,0.65212005,4
D9_noise_mitigation_minus_1sd,17031081202,2023,-0.00091832783,0.65508235,4
D9_noise_mitigation_minus_1sd,17031081300,2023,-0.0061452235,0.6525744,4
D9_noise_mitigation_minus_1sd,17031081401,2023,-0.006525443,0.6524601,4
D9_noise_mitigation_minus_1sd,17031081402,2023,-0.0057502086,0.65394366,4
D9_noise_mitigation_minus_1sd,17031081403,2023,-0.0065587284,0.6530008,4
D9_noise_mitigation_minus_1sd,17031081500,2023,-0.0049889563,0.65213567,4
D9_noise_mitigation_minus_1sd,17031081600,2023,-0.0044665905,0.652249,4
D9_noise_mitigation_minus_1sd,17031081700,2023,-0.0050264467,0.6518597,4
D9_noise_mitigation_minus_1sd,17031081800,2023,-0.0071926564,0.6517496,4
D9_noise_mitigation_minus_1sd,17031081900,2023,0.0012814726,0.6564747,4
D9_noise_mitigation_minus_1sd,17031090100,2023,-0.0017959923,0.733881,4
D9_noise_mitigation_minus_1sd,17031090200,2023,-0.0037079807,0.7311809,4
D9_noise_mitigation_minus_1sd,17031090300,2023,-0.003367613,0.7340336,4
D9_noise_mitigation_minus_1sd,17031100100,2023,-0.0063812193,0.73031783,4
D9_noise_mitigation_minus_1sd,17031100200,2023,-0.005571687,0.73086923,4
D9_noise_mitigation_minus_1sd,17031100300,2023,-0.0033813817,0.73491764,4
D9_noise_mitigation_minus_1sd,17031100400,2023,-0.0041403193,0.73373246,4
D9_noise_mitigation_minus_1sd,17031100500,2023,-0.00376062,0.7345941,4
D9_noise_mitigation_minus_1sd,17031100600,2023,-0.004480535,0.7343391,4
D9_noise_mitigation_minus_1sd,17031100700,2023,-0.0045877043,0.73526907,4
D9_noise_mitigation_minus_1sd,17031110100,2023,-0.0071050916,0.7306151,4
D9_noise_mitigation_minus_1sd,17031110200,2023,-0.0064945174,0.7312608,4
D9_noise_mitigation_minus_1sd,17031110300,2023,-0.0047254004,0.73537755,4
D9_noise_mitigation_minus_1sd,17031110400,2023,-0.007380166,0.7323405,4
D9_noise_mitigation_minus_1sd,17031110501,2023,-0.0056305635,0.7347253,4
D9_noise_mitigation_minus_1sd,17031110502,2023,-0.0072735813,0.7309125,4
D9_noise_mitigation_minus_1sd,17031120100,2023,-0.0035240669,0.73466176,4
D9_noise_mitigation_minus_1sd,17031120200,2023,-0.0076718004,0.7297498,4
D9_noise_mitigation_minus_1sd,17031120300,2023,-0.0054380717,0.73489183,4
D9_noise_mitigation_minus_1sd,17031120400,2023,-0.008122729,0.7318703,4
D9_noise_mitigation_minus_1sd,17031130100,2023,-0.0072690523,0.7310072,4
D9_noise_mitigation_minus_1sd,17031130200,2023,-0.0077716433,0.7315797,4
D9_noise_mitigation_minus_1sd,17031130300,2023,-0.007424706,0.7320903,4
D9_noise_mitigation_minus_1sd,17031140100,2023,-0.008521698,0.73283094,4
D9_noise_mitigation_minus_1sd,17031140200,2023,-0.008056458,0.73165417,4
D9_noise_mitigation_minus_1sd,17031140301,2023,-0.0074073016,0.73251784,4
D9_noise_mitigation_minus_1sd,17031140302,2023,-0.006664048,0.73597044,4
D9_noise_mitigation_minus_1sd,17031140400,2023,-0.007856287,0.7314898,4
D9_noise_mitigation_minus_1sd,17031140500,2023,-0.0077209943,0.7324887,4
D9_noise_mitigation_minus_1sd,17031140601,2023,-0.0073697306,0.7346534,4
D9_noise_mitigation_minus_1sd,17031140602,2023,-0.008159402,0.7326273,4
D9_noise_mitigation_minus_1sd,17031140701,2023,-0.008177999,0.7324958,4
D9_noise_mitigation_minus_1sd,17031140702,2023,-0.008290984,0.7323139,4
D9_noise_mitigation_minus_1sd,17031140800,2023,-0.00859265,0.7323944,4
D9_noise_mitigation_minus_1sd,17031150200,2023,-0.007838126,0.7314197,4
D9_noise_mitigation_minus_1sd,17031150300,2023,-0.007931512,0.73178923,4
D9_noise_mitigation_minus_1sd,17031150401,2023,-0.00723085,0.7318547,4
D9_noise_mitigation_minus_1sd,17031150402,2023,-0.006439055,0.73432314,4
D9_noise_mitigation_minus_1sd,17031150501,2023,-0.005557089,0.7375034,4
D9_noise_mitigation_minus_1sd,17031150502,2023,-0.006938288,0.7319647,4
D9_noise_mitigation_minus_1sd,17031150600,2023,-0.0067877034,0.7343179,4
D9_noise_mitigation_minus_1sd,17031150700,2023,-0.006571799,0.736227,4
D9_noise_mitigation_minus_1sd,17031150800,2023,-0.007323646,0.7343072,4
D9_noise_mitigation_minus_1sd,17031151001,2023,-0.008121893,0.7340402,4
D9_noise_mitigation_minus_1sd,17031151002,2023,-0.007533031,0.7360561,4
D9_noise_mitigation_minus_1sd,17031151100,2023,-0.009330148,0.7341712,4
D9_noise_mitigation_minus_1sd,17031151200,2023,-0.006631893,0.7361892,4
D9_noise_mitigation_minus_1sd,17031160100,2023,-0.0068347873,0.73436594,4
D9_noise_mitigation_minus_1sd,17031160200,2023,-0.007834608,0.7333272,4
D9_noise_mitigation_minus_1sd,17031160300,2023,-0.0074232724,0.7346356,4
D9_noise_mitigation_minus_1sd,17031160400,2023,-0.008738674,0.7334279,4
D9_noise_mitigation_minus_1sd,17031160501,2023,-0.0073081465,0.7362634,4
D9_noise_mitigation_minus_1sd,17031160502,2023,-0.008599935,0.7328812,4
D9_noise_mitigation_minus_1sd,17031160601,2023,-0.0074222377,0.7361271,4
D9_noise_mitigation_minus_1sd,17031160602,2023,-0.009095564,0.7329396,4
D9_noise_mitigation_minus_1sd,17031160700,2023,-0.010135829,0.7315399,4
D9_noise_mitigation_minus_1sd,17031160800,2023,-0.009295614,0.73227686,4
D9_noise_mitigation_minus_1sd,17031160900,2023,-0.010285256,0.7330266,4
D9_noise_mitigation_minus_1sd,17031161000,2023,-0.009446906,0.73350817,4
D9_noise_mitigation_minus_1sd,17031161100,2023,-0.00938286,0.7325153,4
D9_noise_mitigation_minus_1sd,17031161200,2023,-0.0077181174,0.73629117,4
D9_noise_mitigation_minus_1sd,17031161300,2023,-0.009929305,0.7326475,4
D9_noise_mitigation_minus_1sd,17031170100,2023,-0.006643212,0.7337074,4
D9_noise_mitigation_minus_1sd,17031170200,2023,-0.0070904614,0.73261535,4
D9_noise_mitigation_minus_1sd,17031170300,2023,-0.0058461213,0.73570883,4
D9_noise_mitigation_minus_1sd,17031170400,2023,-0.027565863,0.7009733,4
D9_noise_mitigation_minus_1sd,17031170500,2023,-0.02543547,0.7046093,4
D9_noise_mitigation_minus_1sd,17031170600,2023,-0.06670085,0.74711686,4
D9_noise_mitigation_minus_1sd,17031170700,2023,-0.06671456,0.74646074,4
D9_noise_mitigation_minus_1sd,17031170800,2023,-0.025804842,0.70466125,4
D9_noise_mitigation_minus_1sd,17031170900,2023,-0.06700319,0.7473473,4
D9_noise_mitigation_minus_1sd,17031171000,2023,-0.025914498,0.7045697,4
D9_noise_mitigation_minus_1sd,17031171100,2023,-0.0075041507,0.73315614,4
D9_noise_mitigation_minus_1sd,17031180100,2023,-0.0150946565,0.6957431,4
D9_noise_mitigation_minus_1sd,17031190100,2023,0.0033068862,0.7272067,4
D9_noise_mitigation_minus_1sd,17031190200,2023,0.0031121962,0.7261952,4
D9_noise_mitigation_minus_1sd,17031190300,2023,0.0032712372,0.72627646,4
D9_noise_mitigation_minus_1sd,17031190401,2023,0.0036320817,0.72588605,4
D9_noise_mitigation_minus_1sd,17031190402,2023,0.004547483,0.7278924,4
D9_noise_mitigation_minus_1sd,17031190601,2023,-0.015285627,0.69605964,4
D9_noise_mitigation_minus_1sd,17031190602,2023,0.0037973179,0.72725636,4
D9_noise_mitigation_minus_1sd,17031190701,2023,0.003941214,0.7276259,4
D9_noise_mitigation_minus_1sd,17031190702,2023,0.0037026026,0.72741663,4
D9_noise_mitigation_minus_1sd,17031190800,2023,0.002529444,0.7257896,4
D9_noise_mitigation_minus_1sd,17031190900,2023,0.0036608716,0.72758645,4
D9_noise_mitigation_minus_1sd,17031191000,2023,0.002892196,0.7276007,4
D9_noise_mitigation_minus_1sd,17031191100,2023,0.0019828137,0.7260224,4
D9_noise_mitigation_minus_1sd,17031191200,2023,0.0036126317,0.7276309,4
D9_noise_mitigation_minus_1sd,17031191301,2023,-0.055766184,0.73982143,4
D9_noise_mitigation_minus_1sd,17031191302,2023,-0.055899635,0.73968804,4
D9_noise_mitigation_minus_1sd,17031200100,2023,0.00389925,0.72758317,4
D9_noise_mitigation_minus_1sd,17031200200,2023,0.003041517,0.72749954,4
D9_noise_mitigation_minus_1sd,17031200300,2023,0.003071658,0.72782564,4
D9_noise_mitigation_minus_1sd,17031200401,2023,0.001574181,0.726141,4
D9_noise_mitigation_minus_1sd,17031200402,2023,0.0024211565,0.7267083,4
D9_noise_mitigation_minus_1sd,17031210100,2023,-0.010604962,0.7316585,4
D9_noise_mitigation_minus_1sd,17031210400,2023,0.0035473781,0.727618,4
D9_noise_mitigation_minus_1sd,17031210501,2023,-0.009203119,0.73435414,4
D9_noise_mitigation_minus_1sd,17031210502,2023,0.0022551012,0.72665596,4
D9_noise_mitigation_minus_1sd,17031210601,2023,-0.00931232,0.7351799,4
D9_noise_mitigation_minus_1sd,17031210602,2023,0.0017490364,0.7259471,4
D9_noise_mitigation_minus_1sd,17031210700,2023,0.002530866,0.726656,4
D9_noise_mitigation_minus_1sd,17031210800,2023,0.002538325,0.72664773,4
D9_noise_mitigation_minus_1sd,17031210900,2023,0.0017345906,0.7260213,4
D9_noise_mitigation_minus_1sd,17031220300,2023,0.0022558388,0.7268551,4
D9_noise_mitigation_minus_1sd,17031220400,2023,0.0018879632,0.72670364,4
D9_noise_mitigation_minus_1sd,17031220500,2023,0.0016601076,0.72607595,4
D9_noise_mitigation_minus_1sd,17031220601,2023,0.0026230307,0.7275788,4
D9_noise_mitigation_minus_1sd,17031220602,2023,0.0020402528,0.7258581,4
D9_noise_mitigation_minus_1sd,17031220701,2023,0.003291566,0.7279339,4
D9_noise_mitigation_minus_1sd,17031220702,2023,0.0021343816,0.72688943,4
D9_noise_mitigation_minus_1sd,17031220901,2023,0.0029862935,0.72783244,4
D9_noise_mitigation_minus_1sd,17031220902,2023,0.0030753296,0.7279575,4
D9_noise_mitigation_minus_1sd,17031221000,2023,0.0030157915,0.72787946,4
D9_noise_mitigation_minus_1sd,17031221100,2023,0.0025905273,0.72795653,4
D9_noise_mitigation_minus_1sd,17031221200,2023,0.0017188601,0.7267319,4
D9_noise_mitigation_minus_1sd,17031221300,2023,-0.0035738943,0.7133677,4
D9_noise_mitigation_minus_1sd,17031221400,2023,-0.004083733,0.7129415,4
D9_noise_mitigation_minus_1sd,17031221500,2023,-0.0039701024,0.7132919,4
D9_noise_mitigation_minus_1sd,17031221600,2023,-0.004172148,0.7129282,4
D9_noise_mitigation_minus_1sd,17031222200,2023,-0.0034858752,0.713858,4
D9_noise_mitigation_minus_1sd,17031222500,2023,-0.0021437383,0.71449566,4
D9_noise_mitigation_minus_1sd,17031222600,2023,-0.0021951841,0.7149403,4
D9_noise_mitigation_minus_1sd,17031222700,2023,0.0026034706,0.72804904,4
D9_noise_mitigation_minus_1sd,17031222800,2023,0.0028261514,0.72831196,4
D9_noise_mitigation_minus_1sd,17031222900,2023,0.0028904148,0.7283648,4
D9_noise_mitigation_minus_1sd,17031230100,2023,-0.0015978713,0.7144725,4
D9_noise_mitigation_minus_1sd,17031230200,2023,-0.0016767331,0.7139362,4
D9_noise_mitigation_minus_1sd,17031230300,2023,-0.0010728075,0.71404195,4
D9_noise_mitigation_minus_1sd,17031230400,2023,0.0023414101,0.728248,4
D9_noise_mitigation_minus_1sd,17031230500,2023,0.0025706415,0.727787,4
D9_noise_mitigation_minus_1sd,17031230600,2023,-0.025538616,0.7719001,4
D9_noise_mitigation_minus_1sd,17031230700,2023,-0.028723687,0.7594428,4
D9_noise_mitigation_minus_1sd,17031230800,2023,-0.024646103,0.7585021,4
D9_noise_mitigation_minus_1sd,17031230900,2023,-0.024623265,0.758505,4
D9_noise_mitigation_minus_1sd,17031231100,2023,-0.02485932,0.758576,4
D9_noise_mitigation_minus_1sd,17031231200,2023,-0.02519638,0.75882936,4
D9_noise_mitigation_minus_1sd,17031231500,2023,-0.067922525,0.805568,4
D9_noise_mitigation_minus_1sd,17031240200,2023,0.0011439822,0.6548254,4
D9_noise_mitigation_minus_1sd,17031240300,2023,0.0008466926,0.65430367,4
D9_noise_mitigation_minus_1sd,17031240500,2023,-0.0037531888,0.71319026,4
D9_noise_mitigation_minus_1sd,17031240600,2023,-0.0027272066,0.714535,4
D9_noise_mitigation_minus_1sd,17031240700,2023,-0.0024941876,0.7150943,4
D9_noise_mitigation_minus_1sd,17031240800,2023,-0.0024387178,0.7144767,4
D9_noise_mitigation_minus_1sd,17031240900,2023,-0.02548618,0.75752103,4
D9_noise_mitigation_minus_1sd,17031241000,2023,-0.027146926,0.7574765,4
D9_noise_mitigation_minus_1sd,17031241100,2023,-0.026787462,0.7577969,4
D9_noise_mitigation_minus_1sd,17031241200,2023,-0.026458196,0.75753534,4
D9_noise_mitigation_minus_1sd,17031241300,2023,-0.026126664,0.7574244,4
D9_noise_mitigation_minus_1sd,17031241400,2023,-0.005384092,0.65143514,4
D9_noise_mitigation_minus_1sd,17031241500,2023,-0.0024993524,0.6518899,4
D9_noise_mitigation_minus_1sd,17031241600,2023,-0.005316092,0.65012217,4
D9_noise_mitigation_minus_1sd,17031242000,2023,-8.541485e-05,0.6543598,4
D9_noise_mitigation_minus_1sd,17031242100,2023,-0.00042301742,0.6539339,4
D9_noise_mitigation_minus_1sd,17031242200,2023,-0.0014035413,0.65313077,4
D9_noise_mitigation_minus_1sd,17031242300,2023,-0.031387012,0.7306611,4
D9_noise_mitigation_minus_1sd,17031242400,2023,-0.027042894,0.75663006,4
D9_noise_mitigation_minus_1sd,17031242500,2023,-0.026946895,0.7576266,4
D9_noise_mitigation_minus_1sd,17031242600,2023,-0.027548367,0.7573281,4
D9_noise_mitigation_minus_1sd,17031242700,2023,-0.027399754,0.7585961,4
D9_noise_mitigation_minus_1sd,17031242800,2023,-0.025724784,0.7578525,4
D9_noise_mitigation_minus_1sd,17031242900,2023,-0.025768884,0.75716645,4
D9_noise_mitigation_minus_1sd,17031243000,2023,-0.0030499105,0.6518403,4
D9_noise_mitigation_minus_1sd,17031243100,2023,-0.0038447215,0.6515323,4
D9_noise_mitigation_minus_1sd,17031243200,2023,-0.0037728816,0.6519268,4
D9_noise_mitigation_minus_1sd,17031243300,2023,-0.00460066,0.6514893,4
D9_noise_mitigation_minus_1sd,17031243400,2023,-0.0030031048,0.65410596,4
D9_noise_mitigation_minus_1sd,17031243500,2023,-0.0078821,0.65065753,4
D9_noise_mitigation_minus_1sd,17031250200,2023,0.0030613313,0.7278883,4
D9_noise_mitigation_minus_1sd,17031250300,2023,-0.05562863,0.7401858,4
D9_noise_mitigation_minus_1sd,17031250400,2023,-0.056201875,0.7398819,4
D9_noise_mitigation_minus_1sd,17031250500,2023,-0.05698169,0.73831606,4
D9_noise_mitigation_minus_1sd,17031250600,2023,-0.081811555,0.78624916,4
D9_noise_mitigation_minus_1sd,17031250700,2023,-0.0810775,0.7863674,4
D9_noise_mitigation_minus_1sd,17031250800,2023,-0.08077711,0.78589356,4
D9_noise_mitigation_minus_1sd,17031251000,2023,-0.08143715,0.7869247,4
D9_noise_mitigation_minus_1sd,17031251100,2023,-0.08064485,0.78634375,4
D9_noise_mitigation_minus_1sd,17031251200,2023,-0.081120655,0.7862188,4
D9_noise_mitigation_minus_1sd,17031251300,2023,-0.083633,0.7875707,4
D9_noise_mitigation_minus_1sd,17031251400,2023,-0.08395088,0.7874035,4
D9_noise_mitigation_minus_1sd,17031251500,2023,-0.08151566,0.7864461,4
D9_noise_mitigation_minus_1sd,17031251600,2023,-0.08044247,0.78662336,4
D9_noise_mitigation_minus_1sd,17031251700,2023,-0.08099316,0.78769994,4
D9_noise_mitigation_minus_1sd,17031251800,2023,-0.08077526,0.78633344,4
D9_noise_mitigation_minus_1sd,17031251900,2023,-0.08186878,0.7870865,4
D9_noise_mitigation_minus_1sd,17031252000,2023,-0.082587644,0.78647184,4
D9_noise_mitigation_minus_1sd,17031252101,2023,-0.08284084,0.7501757,4
D9_noise_mitigation_minus_1sd,17031252102,2023,-0.08277077,0.78777254,4
D9_noise_mitigation_minus_1sd,17031252201,2023,-0.081512496,0.7867207,4
D9_noise_mitigation_minus_1sd,17031252202,2023,-0.081041485,0.78640676,4
D9_noise_mitigation_minus_1sd,17031260100,2023,-0.07977217,0.7875961,4
D9_noise_mitigation_minus_1sd,17031260200,2023,-0.08142266,0.7865428,4
D9_noise_mitigation_minus_1sd,17031260300,2023,-0.08034098,0.78678954,4
D9_noise_mitigation_minus_1sd,17031260400,2023,-0.079839714,0.786834,4
D9_noise_mitigation_minus_1sd,17031260500,2023,-0.08129132,0.78811085,4
D9_noise_mitigation_minus_1sd,17031260600,2023,-0.079864815,0.7852347,4
D9_noise_mitigation_minus_1sd,17031260700,2023,-0.07955078,0.7870685,4
D9_noise_mitigation_minus_1sd,17031260800,2023,-0.07913436,0.7872075,4
D9_noise_mitigation_minus_1sd,17031260900,2023,-0.07669264,0.751361,4
D9_noise_mitigation_minus_1sd,17031261000,2023,-0.07832408,0.75143194,4
D9_noise_mitigation_minus_1sd,17031270500,2023,-0.07914853,0.78693235,4
D9_noise_mitigation_minus_1sd,17031271200,2023,-0.06404316,0.8051292,4
D9_noise_mitigation_minus_1sd,17031271300,2023,-0.07855096,0.78693587,4
D9_noise_mitigation_minus_1sd,17031271400,2023,-0.07897481,0.78730613,4
D9_noise_mitigation_minus_1sd,17031271500,2023,-0.07463786,0.7500217,4
D9_noise_mitigation_minus_1sd,17031271800,2023,-0.072997145,0.74988973,4
D9_noise_mitigation_minus_1sd,17031280100,2023,-0.0074115833,0.6517951,4
D9_noise_mitigation_minus_1sd,17031280400,2023,-0.0056394907,0.65058583,4
D9_noise_mitigation_minus_1sd,17031280800,2023,-0.06119082,0.80481684,4
D9_noise_mitigation_minus_1sd,17031280900,2023,-0.060963362,0.8046513,4
D9_noise_mitigation_minus_1sd,17031281900,2023,-0.007628734,0.65146226,4
D9_noise_mitigation_minus_1sd,17031282700,2023,-0.058678333,0.76915854,4
D9_noise_mitigation_minus_1sd,17031282800,2023,-0.059428044,0.769725,4
D9_noise_mitigation_minus_1sd,17031283100,2023,-0.0005403082,0.6191943,4
D9_noise_mitigation_minus_1sd,17031283200,2023,0.0009830929,0.6202181,4
D9_noise_mitigation_minus_1sd,17031283800,2023,0.0027042294,0.61982054,4
D9_noise_mitigation_minus_1sd,17031290900,2023,-0.07881882,0.7518223,4
D9_noise_mitigation_minus_1sd,17031291200,2023,-0.07719528,0.75230384,4
D9_noise_mitigation_minus_1sd,17031291600,2023,-0.0727653,0.7501817,4
D9_noise_mitigation_minus_1sd,17031292200,2023,-0.07611489,0.7511311,4
D9_noise_mitigation_minus_1sd,17031292400,2023,-0.077301666,0.7518013,4
D9_noise_mitigation_minus_1sd,17031292500,2023,-0.07741144,0.7514432,4
D9_noise_mitigation_minus_1sd,17031300500,2023,-0.079355694,0.7525327,4
D9_noise_mitigation_minus_1sd,17031300600,2023,-0.07703462,0.7521042,4
D9_noise_mitigation_minus_1sd,17031300700,2023,-0.076340914,0.75226545,4
D9_noise_mitigation_minus_1sd,17031300800,2023,-0.07705397,0.7521908,4
D9_noise_mitigation_minus_1sd,17031300900,2023,-0.07737621,0.75231767,4
D9_noise_mitigation_minus_1sd,17031301100,2023,-0.076787435,0.75229037,4
D9_noise_mitigation_minus_1sd,17031301200,2023,-0.07586728,0.7524768,4
D9_noise_mitigation_minus_1sd,17031301600,2023,-0.0764089,0.7522495,4
D9_noise_mitigation_minus_1sd,17031301701,2023,-0.078543514,0.75216305,4
D9_noise_mitigation_minus_1sd,17031301702,2023,-0.077014044,0.7522059,4
D9_noise_mitigation_minus_1sd,17031301801,2023,-0.080530494,0.751938,4
D9_noise_mitigation_minus_1sd,17031301802,2023,-0.079617545,0.75245404,4
D9_noise_mitigation_minus_1sd,17031301803,2023,-0.07784531,0.7521995,4
D9_noise_mitigation_minus_1sd,17031310200,2023,-0.00376344,0.6178019,4
D9_noise_mitigation_minus_1sd,17031310300,2023,-0.0017942649,0.6193391,4
D9_noise_mitigation_minus_1sd,17031310400,2023,0.0031510943,0.61991274,4
D9_noise_mitigation_minus_1sd,17031310500,2023,0.001141628,0.618805,4
D9_noise_mitigation_minus_1sd,17031310600,2023,1.943484e-05,0.61804986,4
D9_noise_mitigation_minus_1sd,17031310700,2023,-0.017300919,0.6278969,4
D9_noise_mitigation_minus_1sd,17031310800,2023,-0.018245397,0.6274559,4
D9_noise_mitigation_minus_1sd,17031310900,2023,-0.020895602,0.6273477,4
D9_noise_mitigation_minus_1sd,17031320101,2023,-0.006790212,0.65313435,4
D9_noise_mitigation_minus_1sd,17031320102,2023,-0.00689969,0.65258366,4
D9_noise_mitigation_minus_1sd,17031320400,2023,-0.0075171175,0.65311885,4
D9_noise_mitigation_minus_1sd,17031320600,2023,-0.004765656,0.6179747,4
D9_noise_mitigation_minus_1sd,17031330101,2023,-0.005394671,0.61837524,4
D9_noise_mitigation_minus_1sd,17031330102,2023,-0.0046400507,0.6174436,4
D9_noise_mitigation_minus_1sd,17031330103,2023,5.1868148e-05,0.6193136,4
D9_noise_mitigation_minus_1sd,17031330200,2023,-0.0015725966,0.6205639,4
D9_noise_mitigation_minus_1sd,17031340300,2023,0.0034715384,0.6208979,4
D9_noise_mitigation_minus_1sd,17031340400,2023,0.0009046898,0.6211759,4
D9_noise_mitigation_minus_1sd,17031340500,2023,0.0016042185,0.62104493,4
D9_noise_mitigation_minus_1sd,17031340600,2023,-0.022952775,0.62636906,4
D9_noise_mitigation_minus_1sd,17031350100,2023,0.0040514134,0.6213707,4
D9_noise_mitigation_minus_1sd,17031350400,2023,0.002668541,0.62167436,4
D9_noise_mitigation_minus_1sd,17031351000,2023,0.0015970406,0.62089485,4
D9_noise_mitigation_minus_1sd,17031351100,2023,0.0024307298,0.6215993,4
D9_noise_mitigation_minus_1sd,17031351400,2023,-0.0023159792,0.6208739,4
D9_noise_mitigation_minus_1sd,17031351500,2023,0.00015893509,0.6220056,4
D9_noise_mitigation_minus_1sd,17031360200,2023,0.005275102,0.6223295,4
D9_noise_mitigation_minus_1sd,17031380100,2023,0.0028831458,0.62198734,4
D9_noise_mitigation_minus_1sd,17031380200,2023,0.0044866614,0.62145627,4
D9_noise_mitigation_minus_1sd,17031380600,2023,-0.0021495677,0.6211002,4
D9_noise_mitigation_minus_1sd,17031381200,2023,-0.023943817,0.57056105,4
D9_noise_mitigation_minus_1sd,17031381400,2023,-0.023940245,0.57044923,4
D9_noise_mitigation_minus_1sd,17031381500,2023,-0.023821367,0.5705346,4
D9_noise_mitigation_minus_1sd,17031381800,2023,-0.02395354,0.57012427,4
D9_noise_mitigation_minus_1sd,17031381900,2023,-0.02439252,0.5700556,4
D9_noise_mitigation_minus_1sd,17031390100,2023,0.00021050521,0.62313175,4
D9_noise_mitigation_minus_1sd,17031390200,2023,0.0007027434,0.5820502,4
D9_noise_mitigation_minus_1sd,17031390300,2023,-0.0003461677,0.62227035,4
D9_noise_mitigation_minus_1sd,17031390400,2023,0.0022972182,0.5815562,4
D9_noise_mitigation_minus_1sd,17031390500,2023,0.0018172776,0.5817667,4
D9_noise_mitigation_minus_1sd,17031390600,2023,0.0007255159,0.5826222,4
D9_noise_mitigation_minus_1sd,17031390700,2023,0.00060700416,0.58237135,4
D9_noise_mitigation_minus_1sd,17031400300,2023,-0.024285037,0.57047635,4
D9_noise_mitigation_minus_1sd,17031400400,2023,-0.024460223,0.5706024,4
D9_noise_mitigation_minus_1sd,17031400500,2023,-0.024290761,0.5700487,4
D9_noise_mitigation_minus_1sd,17031400800,2023,-0.036847845,0.5451237,4
D9_noise_mitigation_minus_1sd,17031410100,2023,0.0010904665,0.58220685,4
D9_noise_mitigation_minus_1sd,17031410200,2023,0.0015578521,0.5827321,4
D9_noise_mitigation_minus_1sd,17031410500,2023,-0.024010599,0.5704669,4
D9_noise_mitigation_minus_1sd,17031410600,2023,-0.0070332475,0.5637625,4
D9_noise_mitigation_minus_1sd,17031410700,2023,0.00033293292,0.58171034,4
D9_noise_mitigation_minus_1sd,17031410800,2023,-0.0015765545,0.5817006,4
D9_noise_mitigation_minus_1sd,17031410900,2023,-0.00012607174,0.5822756,4
D9_noise_mitigation_minus_1sd,17031411000,2023,-3.116508e-05,0.58200186,4
D9_noise_mitigation_minus_1sd,17031411100,2023,-0.0066757826,0.5639566,4
D9_noise_mitigation_minus_1sd,17031411200,2023,-0.006860616,0.563722,4
D9_noise_mitigation_minus_1sd,17031420100,2023,-0.019987907,0.53924257,4
D9_noise_mitigation_minus_1sd,17031420200,2023,-0.025078468,0.5702645,4
D9_noise_mitigation_minus_1sd,17031420300,2023,-0.037020955,0.5446319,4
D9_noise_mitigation_minus_1sd,17031420400,2023,-0.037731294,0.5456366,4
D9_noise_mitigation_minus_1sd,17031420500,2023,-0.037697732,0.54570377,4
D9_noise_mitigation_minus_1sd,17031420600,2023,-0.03691476,0.5447849,4
D9_noise_mitigation_minus_1sd,17031420700,2023,-0.037759047,0.545462,4
D9_noise_mitigation_minus_1sd,17031420800,2023,-0.037632518,0.5449158,4
D9_noise_mitigation_minus_1sd,17031421200,2023,-0.03751658,0.54439443,4
D9_noise_mitigation_minus_1sd,17031430101,2023,-0.020112991,0.53950894,4
D9_noise_mitigation_minus_1sd,17031430102,2023,-0.021161627,0.5393688,4
D9_noise_mitigation_minus_1sd,17031430200,2023,-0.03826082,0.54445493,4
D9_noise_mitigation_minus_1sd,17031430300,2023,-0.037690468,0.54413676,4
D9_noise_mitigation_minus_1sd,17031430400,2023,-0.038073026,0.54409254,4
D9_noise_mitigation_minus_1sd,17031430500,2023,-0.03844771,0.5444313,4
D9_noise_mitigation_minus_1sd,17031430600,2023,-0.03868783,0.5446478,4
D9_noise_mitigation_minus_1sd,17031430700,2023,-0.021416683,0.53943855,4
D9_noise_mitigation_minus_1sd,17031430800,2023,-0.03816449,0.5433151,4
D9_noise_mitigation_minus_1sd,17031430900,2023,-0.038527656,0.5447931,4
D9_noise_mitigation_minus_1sd,17031431200,2023,-0.039075382,0.54413575,4
D9_noise_mitigation_minus_1sd,17031431301,2023,-0.038815316,0.54453814,4
D9_noise_mitigation_minus_1sd,17031431302,2023,-0.038824473,0.5448762,4
D9_noise_mitigation_minus_1sd,17031431400,2023,-0.021886263,0.54028857,4
D9_noise_mitigation_minus_1sd,17031440101,2023,-0.039565362,0.5450747,4
D9_noise_mitigation_minus_1sd,17031440102,2023,-0.03975027,0.5449342,4
D9_noise_mitigation_minus_1sd,17031440201,2023,-0.039157134,0.54472345,4
D9_noise_mitigation_minus_1sd,17031440202,2023,-0.03968374,0.5451305,4
D9_noise_mitigation_minus_1sd,17031440300,2023,-0.03899251,0.5443177,4
D9_noise_mitigation_minus_1sd,17031440600,2023,-0.039703615,0.54450136,4
D9_noise_mitigation_minus_1sd,17031440700,2023,-0.03941887,0.54428494,4
D9_noise_mitigation_minus_1sd,17031440800,2023,-0.039534315,0.54343104,4
D9_noise_mitigation_minus_1sd,17031440900,2023,-0.040045235,0.54529333,4
D9_noise_mitigation_minus_1sd,17031450300,2023,-0.040219508,0.54482573,4
D9_noise_mitigation_minus_1sd,17031460100,2023,-0.022930056,0.5402298,4
D9_noise_mitigation_minus_1sd,17031460200,2023,-0.0394693,0.5436058,4
D9_noise_mitigation_minus_1sd,17031460301,2023,-0.039818007,0.5444024,4
D9_noise_mitigation_minus_1sd,17031460302,2023,-0.039161917,0.54397684,4
D9_noise_mitigation_minus_1sd,17031460400,2023,-0.039573066,0.54437906,4
D9_noise_mitigation_minus_1sd,17031460500,2023,-0.03930229,0.5449389,4
D9_noise_mitigation_minus_1sd,17031460800,2023,-0.039608233,0.5435703,4
D9_noise_mitigation_minus_1sd,17031461000,2023,-0.04049585,0.5443435,4
D9_noise_mitigation_minus_1sd,17031470100,2023,-0.040973283,0.5450401,4
D9_noise_mitigation_minus_1sd,17031480100,2023,-0.040125158,0.54473567,4
D9_noise_mitigation_minus_1sd,17031480200,2023,-0.040132754,0.54466575,4
D9_noise_mitigation_minus_1sd,17031480300,2023,-0.040129907,0.5448164,4
D9_noise_mitigation_minus_1sd,17031480400,2023,-0.04042743,0.54419804,4
D9_noise_mitigation_minus_1sd,17031480500,2023,-0.040035218,0.5436978,4
D9_noise_mitigation_minus_1sd,17031490200,2023,-0.040054716,0.544198,4
D9_noise_mitigation_minus_1sd,17031490500,2023,-0.04102692,0.54498214,4
D9_noise_mitigation_minus_1sd,17031490600,2023,-0.040302545,0.5443512,4
D9_noise_mitigation_minus_1sd,17031490700,2023,-0.040655423,0.5435464,4
D9_noise_mitigation_minus_1sd,17031490800,2023,-0.040836997,0.54396576,4
D9_noise_mitigation_minus_1sd,17031490901,2023,-0.042231582,0.54519653,4
D9_noise_mitigation_minus_1sd,17031490902,2023,-0.041979235,0.5447879,4
D9_noise_mitigation_minus_1sd,17031491000,2023,-0.041414957,0.5440507,4
D9_noise_mitigation_minus_1sd,17031491100,2023,-0.041321386,0.5442065,4
D9_noise_mitigation_minus_1sd,17031491200,2023,-0.042711973,0.54451615,4
D9_noise_mitigation_minus_1sd,17031491300,2023,-0.042034034,0.54337037,4
D9_noise_mitigation_minus_1sd,17031491400,2023,-0.042480197,0.54479206,4
D9_noise_mitigation_minus_1sd,17031500100,2023,-0.04102159,0.5449053,4
D9_noise_mitigation_minus_1sd,17031500200,2023,-0.04202327,0.5445399,4
D9_noise_mitigation_minus_1sd,17031500300,2023,-0.04274726,0.5441596,4
D9_noise_mitigation_minus_1sd,17031510100,2023,-0.04138922,0.543514,4
D9_noise_mitigation_minus_1sd,17031510200,2023,-0.040777773,0.5434824,4
D9_noise_mitigation_minus_1sd,17031510300,2023,-0.040954445,0.54373014,4
D9_noise_mitigation_minus_1sd,17031520100,2023,-0.04114841,0.54392457,4
D9_noise_mitigation_minus_1sd,17031520200,2023,-0.041459717,0.5441119,4
D9_noise_mitigation_minus_1sd,17031520300,2023,-0.04152334,0.54317623,4
D9_noise_mitigation_minus_1sd,17031520400,2023,-0.042284355,0.5439659,4
D9_noise_mitigation_minus_1sd,17031520500,2023,-0.04194191,0.54254156,4
D9_noise_mitigation_minus_1sd,17031520600,2023,-0.042121347,0.54281795,4
D9_noise_mitigation_minus_1sd,17031530100,2023,-0.042491056,0.5439325,4
D9_noise_mitigation_minus_1sd,17031530200,2023,-0.042955607,0.54433084,4
D9_noise_mitigation_minus_1sd,17031530300,2023,-0.042446826,0.544219,4
D9_noise_mitigation_minus_1sd,17031530400,2023,-0.042850897,0.5442622,4
D9_noise_mitigation_minus_1sd,17031530501,2023,-0.042903267,0.5441945,4
D9_noise_mitigation_minus_1sd,17031530502,2023,-0.043495845,0.544021,4
D9_noise_mitigation_minus_1sd,17031530503,2023,-0.04346586,0.54399,4
D9_noise_mitigation_minus_1sd,17031530600,2023,-0.043692227,0.54497194,4
D9_noise_mitigation_minus_1sd,17031540101,2023,-0.044795025,0.5443124,4
D9_noise_mitigation_minus_1sd,17031540102,2023,-0.04339443,0.5439018,4
D9_noise_mitigation_minus_1sd,17031550100,2023,-0.044206716,0.54359597,4
D9_noise_mitigation_minus_1sd,17031550200,2023,-0.044530593,0.54400384,4
D9_noise_mitigation_minus_1sd,17031560100,2023,-0.07844478,0.7522447,4
D9_noise_mitigation_minus_1sd,17031560200,2023,-0.07902135,0.7523945,4
D9_noise_mitigation_minus_1sd,17031560300,2023,-0.07909888,0.7526423,4
D9_noise_mitigation_minus_1sd,17031560400,2023,-0.07850394,0.7525079,4
D9_noise_mitigation_minus_1sd,17031560700,2023,-0.082655214,0.752991,4
D9_noise_mitigation_minus_1sd,17031560800,2023,-0.08259663,0.7527579,4
D9_noise_mitigation_minus_1sd,17031560900,2023,-0.08281372,0.7523025,4
D9_noise_mitigation_minus_1sd,17031561000,2023,-0.083511926,0.75253546,4
D9_noise_mitigation_minus_1sd,17031561100,2023,-0.08150739,0.752521,4
D9_noise_mitigation_minus_1sd,17031570100,2023,-0.07892424,0.7523424,4
D9_noise_mitigation_minus_1sd,17031570200,2023,-0.079365335,0.7524001,4
D9_noise_mitigation_minus_1sd,17031570300,2023,-0.079590365,0.75271785,4
D9_noise_mitigation_minus_1sd,17031570400,2023,-0.0772414,0.7529624,4
D9_noise_mitigation_minus_1sd,17031570500,2023,-0.0809666,0.75286436,4
D9_noise_mitigation_minus_1sd,17031580100,2023,-0.07501147,0.75295633,4
D9_noise_mitigation_minus_1sd,17031580200,2023,-0.07753777,0.7528783,4
D9_noise_mitigation_minus_1sd,17031580300,2023,-0.07628104,0.7526616,4
D9_noise_mitigation_minus_1sd,17031580400,2023,-0.07845032,0.7530254,4
D9_noise_mitigation_minus_1sd,17031580501,2023,-0.07658987,0.75290465,4
D9_noise_mitigation_minus_1sd,17031580502,2023,-0.07827581,0.7532513,4
D9_noise_mitigation_minus_1sd,17031580600,2023,-0.07724322,0.75339234,4
D9_noise_mitigation_minus_1sd,17031580700,2023,-0.07438493,0.7531421,4
D9_noise_mitigation_minus_1sd,17031580800,2023,-0.07458798,0.7532901,4
D9_noise_mitigation_minus_1sd,17031590500,2023,-0.07424485,0.7529784,4
D9_noise_mitigation_minus_1sd,17031590600,2023,-0.033716965,0.6088018,4
D9_noise_mitigation_minus_1sd,17031590700,2023,-0.033464815,0.6082255,4
D9_noise_mitigation_minus_1sd,17031600400,2023,-0.00046152459,0.6203391,4
D9_noise_mitigation_minus_1sd,17031600600,2023,-0.016955819,0.62821275,4
D9_noise_mitigation_minus_1sd,17031600700,2023,-0.032364607,0.61004454,4
D9_noise_mitigation_minus_1sd,17031600900,2023,-0.03249045,0.6091585,4
D9_noise_mitigation_minus_1sd,17031610300,2023,-0.034344077,0.6073111,4
D9_noise_mitigation_minus_1sd,17031610400,2023,-0.032794856,0.5691918,4
D9_noise_mitigation_minus_1sd,17031610800,2023,-0.03173251,0.5695103,4
D9_noise_mitigation_minus_1sd,17031611200,2023,-0.032570384,0.5692163,4
D9_noise_mitigation_minus_1sd,17031611300,2023,-0.03281824,0.5692345,4
D9_noise_mitigation_minus_1sd,17031611400,2023,-0.033007506,0.56930566,4
D9_noise_mitigation_minus_1sd,17031611500,2023,-0.07415162,0.75333834,4
D9_noise_mitigation_minus_1sd,17031611600,2023,-0.033109732,0.5696551,4
D9_noise_mitigation_minus_1sd,17031611700,2023,-0.033046093,0.5696416,4
D9_noise_mitigation_minus_1sd,17031611800,2023,-0.032803934,0.56961554,4
D9_noise_mitigation_minus_1sd,17031611900,2023,-0.032592736,0.5695188,4
D9_noise_mitigation_minus_1sd,17031612000,2023,-0.031565078,0.569069,4
D9_noise_mitigation_minus_1sd,17031612100,2023,-0.02300024,0.5694504,4
D9_noise_mitigation_minus_1sd,17031612200,2023,-0.032317895,0.5692452,4
D9_noise_mitigation_minus_1sd,17031620100,2023,-0.07936518,0.7534827,4
D9_noise_mitigation_minus_1sd,17031620200,2023,-0.07815393,0.75302696,4
D9_noise_mitigation_minus_1sd,17031620300,2023,-0.07800829,0.7532189,4
D9_noise_mitigation_minus_1sd,17031620400,2023,-0.07698912,0.7533497,4
D9_noise_mitigation_minus_1sd,17031630300,2023,-0.08021472,0.75358576,4
D9_noise_mitigation_minus_1sd,17031630400,2023,-0.07794808,0.75359243,4
D9_noise_mitigation_minus_1sd,17031630500,2023,-0.07504877,0.75359946,4
D9_noise_mitigation_minus_1sd,17031630600,2023,-0.07516868,0.75336266,4
D9_noise_mitigation_minus_1sd,17031630800,2023,-0.07822982,0.75383043,4
D9_noise_mitigation_minus_1sd,17031630900,2023,-0.078396715,0.7535156,4
D9_noise_mitigation_minus_1sd,17031640100,2023,-0.089429304,0.72982895,4
D9_noise_mitigation_minus_1sd,17031640300,2023,-0.09389976,0.73046,4
D9_noise_mitigation_minus_1sd,17031640400,2023,-0.0950255,0.73022044,4
D9_noise_mitigation_minus_1sd,17031640500,2023,-0.0953697,0.7306746,4
D9_noise_mitigation_minus_1sd,17031640600,2023,-0.09189373,0.7301447,4
D9_noise_mitigation_minus_1sd,17031640700,2023,-0.090674765,0.7300321,4
D9_noise_mitigation_minus_1sd,17031640800,2023,-0.08994213,0.73005,4
D9_noise_mitigation_minus_1sd,17031650100,2023,-0.090384044,0.7304251,4
D9_noise_mitigation_minus_1sd,17031650200,2023,-0.091442905,0.7303302,4
D9_noise_mitigation_minus_1sd,17031650301,2023,-0.09162609,0.7306825,4
D9_noise_mitigation_minus_1sd,17031650302,2023,-0.0895292,0.72997063,4
D9_noise_mitigation_minus_1sd,17031650400,2023,-0.088741384,0.73023045,4
D9_noise_mitigation_minus_1sd,17031650500,2023,-0.0930432,0.73115045,4
D9_noise_mitigation_minus_1sd,17031660301,2023,-0.08813377,0.72999275,4
D9_noise_mitigation_minus_1sd,17031660302,2023,-0.075776145,0.75374913,4
D9_noise_mitigation_minus_1sd,17031660400,2023,-0.089635804,0.73042727,4
D9_noise_mitigation_minus_1sd,17031660500,2023,-0.08855626,0.7300633,4
D9_noise_mitigation_minus_1sd,17031660600,2023,-0.086780705,0.7300455,4
D9_noise_mitigation_minus_1sd,17031660700,2023,-0.08642469,0.7298945,4
D9_noise_mitigation_minus_1sd,17031660800,2023,-0.08685637,0.7299725,4
D9_noise_mitigation_minus_1sd,17031660900,2023,-0.08857056,0.73032916,4
D9_noise_mitigation_minus_1sd,17031661000,2023,-0.07928418,0.73031604,4
D9_noise_mitigation_minus_1sd,17031661100,2023,-0.08778752,0.72983015,4
D9_noise_mitigation_minus_1sd,17031670100,2023,-0.02331423,0.5693171,4
D9_noise_mitigation_minus_1sd,17031670200,2023,-0.03274166,0.56953037,4
D9_noise_mitigation_minus_1sd,17031670300,2023,-0.032942396,0.5694396,4
D9_noise_mitigation_minus_1sd,17031670400,2023,-0.03317297,0.56977105,4
D9_noise_mitigation_minus_1sd,17031670500,2023,-0.0332977,0.5694643,4
D9_noise_mitigation_minus_1sd,17031670600,2023,-0.04517032,0.5449122,4
D9_noise_mitigation_minus_1sd,17031670700,2023,-0.025168372,0.5706279,4
D9_noise_mitigation_minus_1sd,17031670800,2023,-0.024843011,0.5697783,4
D9_noise_mitigation_minus_1sd,17031670900,2023,-0.024556324,0.56986904,4
D9_noise_mitigation_minus_1sd,17031671100,2023,-0.037051994,0.5455893,4
D9_noise_mitigation_minus_1sd,17031671200,2023,-0.037300106,0.54601395,4
D9_noise_mitigation_minus_1sd,17031671300,2023,-0.037126675,0.54563457,4
D9_noise_mitigation_minus_1sd,17031671400,2023,-0.03721589,0.54582524,4
D9_noise_mitigation_minus_1sd,17031671500,2023,-0.03815694,0.54636425,4
D9_noise_mitigation_minus_1sd,17031671600,2023,-0.037444927,0.5453553,4
D9_noise_mitigation_minus_1sd,17031671800,2023,-0.037848268,0.54438376,4
D9_noise_mitigation_minus_1sd,17031671900,2023,-0.037879974,0.54521245,4
D9_noise_mitigation_minus_1sd,17031672000,2023,-0.037821252,0.5453871,4
D9_noise_mitigation_minus_1sd,17031680500,2023,-0.023239527,0.5692947,4
D9_noise_mitigation_minus_1sd,17031680600,2023,-0.024757322,0.5696907,4
D9_noise_mitigation_minus_1sd,17031680900,2023,-0.037315305,0.5450107,4
D9_noise_mitigation_minus_1sd,17031681000,2023,-0.03709395,0.54517066,4
D9_noise_mitigation_minus_1sd,17031681100,2023,-0.037897974,0.5455688,4
D9_noise_mitigation_minus_1sd,17031681200,2023,-0.037519373,0.54484934,4
D9_noise_mitigation_minus_1sd,17031681300,2023,-0.038391903,0.54507625,4
D9_noise_mitigation_minus_1sd,17031681400,2023,-0.038427487,0.5453992,4
D9_noise_mitigation_minus_1sd,17031690300,2023,-0.037881255,0.5450285,4
D9_noise_mitigation_minus_1sd,17031690400,2023,-0.037548725,0.54452497,4
D9_noise_mitigation_minus_1sd,17031690500,2023,-0.038165115,0.545622,4
D9_noise_mitigation_minus_1sd,17031690900,2023,-0.038417988,0.54544246,4
D9_noise_mitigation_minus_1sd,17031691000,2023,-0.03833337,0.54471767,4
D9_noise_mitigation_minus_1sd,17031691100,2023,-0.038062964,0.54471874,4
D9_noise_mitigation_minus_1sd,17031691200,2023,-0.038386397,0.54463995,4
D9_noise_mitigation_minus_1sd,17031691300,2023,-0.038855225,0.5451987,4
D9_noise_mitigation_minus_1sd,17031691400,2023,-0.03868046,0.5452332,4
D9_noise_mitigation_minus_1sd,17031691500,2023,-0.038384207,0.54418194,4
D9_noise_mitigation_minus_1sd,17031700100,2023,-0.082892664,0.7318028,4
D9_noise_mitigation_minus_1sd,17031700200,2023,-0.0897266,0.7302934,4
D9_noise_mitigation_minus_1sd,17031700301,2023,-0.09258929,0.73099744,4
D9_noise_mitigation_minus_1sd,17031700302,2023,-0.09027968,0.7305559,4
D9_noise_mitigation_minus_1sd,17031700401,2023,-0.08314027,0.73158294,4
D9_noise_mitigation_minus_1sd,17031700402,2023,-0.084137134,0.7317331,4
D9_noise_mitigation_minus_1sd,17031700501,2023,-0.083284795,0.73179555,4
D9_noise_mitigation_minus_1sd,17031700502,2023,-0.08026466,0.7302358,4
D9_noise_mitigation_minus_1sd,17031710100,2023,-0.03815981,0.54408157,4
D9_noise_mitigation_minus_1sd,17031710200,2023,-0.038831957,0.54524994,4
D9_noise_mitigation_minus_1sd,17031710300,2023,-0.038492158,0.54538226,4
D9_noise_mitigation_minus_1sd,17031710400,2023,-0.038721573,0.5459865,4
D9_noise_mitigation_minus_1sd,17031710500,2023,-0.038729288,0.5450658,4
D9_noise_mitigation_minus_1sd,17031710600,2023,-0.038490504,0.5442933,4
D9_noise_mitigation_minus_1sd,17031710700,2023,-0.03861911,0.5450318,4
D9_noise_mitigation_minus_1sd,17031710800,2023,-0.038582865,0.5448022,4
D9_noise_mitigation_minus_1sd,17031710900,2023,-0.039038226,0.5447744,4
D9_noise_mitigation_minus_1sd,17031711000,2023,-0.039859504,0.5458061,4
D9_noise_mitigation_minus_1sd,17031711100,2023,-0.039034627,0.5448223,4
D9_noise_mitigation_minus_1sd,17031711200,2023,-0.038962994,0.54496026,4
D9_noise_mitigation_minus_1sd,17031711300,2023,-0.039427515,0.5447597,4
D9_noise_mitigation_minus_1sd,17031711400,2023,-0.03980549,0.54557085,4
D9_noise_mitigation_minus_1sd,17031711500,2023,-0.039550066,0.5448793,4
D9_noise_mitigation_minus_1sd,17031720100,2023,-0.04051387,0.5458051,4
D9_noise_mitigation_minus_1sd,17031720200,2023,-0.041329697,0.54553103,4
D9_noise_mitigation_minus_1sd,17031720300,2023,-0.04140792,0.5453726,4
D9_noise_mitigation_minus_1sd,17031720400,2023,-0.08526701,0.73158556,4
D9_noise_mitigation_minus_1sd,17031720500,2023,-0.08449659,0.73048556,4
D9_noise_mitigation_minus_1sd,17031720600,2023,-0.041721486,0.54572326,4
D9_noise_mitigation_minus_1sd,17031720700,2023,-0.041374817,0.5454888,4
D9_noise_mitigation_minus_1sd,17031730100,2023,-0.040280942,0.5449106,4
D9_noise_mitigation_minus_1sd,17031730201,2023,-0.039769016,0.5445685,4
D9_noise_mitigation_minus_1sd,17031730202,2023,-0.03985045,0.5446332,4
D9_noise_mitigation_minus_1sd,17031730300,2023,-0.03970087,0.5446936,4
D9_noise_mitigation_minus_1sd,17031730400,2023,-0.04033255,0.54449975,4
D9_noise_mitigation_minus_1sd,17031730500,2023,-0.04058868,0.54426485,4
D9_noise_mitigation_minus_1sd,17031730600,2023,-0.040732052,0.5443701,4
D9_noise_mitigation_minus_1sd,17031730700,2023,-0.041575335,0.5448289,4
D9_noise_mitigation_minus_1sd,17031740100,2023,-0.08624416,0.73184276,4
D9_noise_mitigation_minus_1sd,17031740200,2023,-0.08407431,0.7304033,4
D9_noise_mitigation_minus_1sd,17031740300,2023,-0.08358112,0.7305109,4
D9_noise_mitigation_minus_1sd,17031740400,2023,-0.086885765,0.7315448,4
D9_noise_mitigation_minus_1sd,17031750100,2023,-0.041603133,0.5442699,4
D9_noise_mitigation_minus_1sd,17031750200,2023,-0.042370357,0.5455361,4
D9_noise_mitigation_minus_1sd,17031750300,2023,-0.0831055,0.73061323,4
D9_noise_mitigation_minus_1sd,17031750400,2023,-0.086126044,0.73193264,4
D9_noise_mitigation_minus_1sd,17031750500,2023,-0.043143727,0.5452723,4
D9_noise_mitigation_minus_1sd,17031750600,2023,-0.042111732,0.54423213,4
D9_noise_mitigation_minus_1sd,17031760801,2023,-0.0070300065,0.72918224,4
D9_noise_mitigation_minus_1sd,17031760802,2023,-0.06779405,0.74317455,4
D9_noise_mitigation_minus_1sd,17031760803,2023,-0.024823952,0.7036833,4
D9_noise_mitigation_minus_1sd,17031770500,2023,-0.02300544,0.7007789,4
D9_noise_mitigation_minus_1sd,17031770602,2023,-0.02515138,0.7019739,4
D9_noise_mitigation_minus_1sd,17031770700,2023,-0.024519453,0.7005157,4
D9_noise_mitigation_minus_1sd,17031770800,2023,-0.067351595,0.7436202,4
D9_noise_mitigation_minus_1sd,17031770901,2023,-0.0045143142,0.73652565,4
D9_noise_mitigation_minus_1sd,17031770902,2023,-0.026676565,0.7059759,4
D9_noise_mitigation_minus_1sd,17031805402,2023,-0.0021399958,0.7340989,4
D9_noise_mitigation_minus_1sd,17031805502,2023,-0.0020522885,0.73470324,4
D9_noise_mitigation_minus_1sd,17031805600,2023,-0.002063904,0.7356878,4
D9_noise_mitigation_minus_1sd,17031805702,2023,-0.0024810564,0.73560107,4
D9_noise_mitigation_minus_1sd,17031806600,2023,-0.0019880459,0.73376846,4
D9_noise_mitigation_minus_1sd,17031807600,2023,-0.006451508,0.7340346,4
D9_noise_mitigation_minus_1sd,17031807800,2023,-0.004801224,0.73421127,4
D9_noise_mitigation_minus_1sd,17031807900,2023,-0.0052810777,0.7354107,4
D9_noise_mitigation_minus_1sd,17031808001,2023,-0.005444507,0.7357749,4
D9_noise_mitigation_minus_1sd,17031808002,2023,-0.0072745746,0.73451436,4
D9_noise_mitigation_minus_1sd,17031808100,2023,-0.0046393685,0.73379153,4
D9_noise_mitigation_minus_1sd,17031808200,2023,-0.0024315696,0.7346463,4
D9_noise_mitigation_minus_1sd,17031810000,2023,-0.0027097175,0.6778621,4
D9_noise_mitigation_minus_1sd,17031810200,2023,-0.006528236,0.73582304,4
D9_noise_mitigation_minus_1sd,17031810301,2023,-0.0060571637,0.7353275,4
D9_noise_mitigation_minus_1sd,17031810400,2023,-0.0031889034,0.73424655,4
D9_noise_mitigation_minus_1sd,17031810501,2023,-0.027150072,0.70590246,4
D9_noise_mitigation_minus_1sd,17031810502,2023,-0.0065210965,0.73511773,4
D9_noise_mitigation_minus_1sd,17031810600,2023,-0.0056795496,0.736564,4
D9_noise_mitigation_minus_1sd,17031810701,2023,-0.056970455,0.737506,4
D9_noise_mitigation_minus_1sd,17031810702,2023,-0.05704945,0.7372463,4
D9_noise_mitigation_minus_1sd,17031810800,2023,-0.05696447,0.7370175,4
D9_noise_mitigation_minus_1sd,17031810900,2023,-0.057527564,0.7373893,4
D9_noise_mitigation_minus_1sd,17031811100,2023,-0.05781392,0.73627967,4
D9_noise_mitigation_minus_1sd,17031811200,2023,-0.059133187,0.7350203,4
D9_noise_mitigation_minus_1sd,17031811500,2023,-0.06827078,0.74485475,4
D9_noise_mitigation_minus_1sd,17031811600,2023,-0.067772314,0.7449738,4
D9_noise_mitigation_minus_1sd,17031811701,2023,-0.06847902,0.74268216,4
D9_noise_mitigation_minus_1sd,17031811900,2023,-0.086881824,0.7837502,4
D9_noise_mitigation_minus_1sd,17031812100,2023,-0.083779834,0.7844824,4
D9_noise_mitigation_minus_1sd,17031812200,2023,-0.08487642,0.7838942,4
D9_noise_mitigation_minus_1sd,17031812500,2023,-0.08473923,0.78398585,4
D9_noise_mitigation_minus_1sd,17031812600,2023,-0.084287815,0.7846476,4
D9_noise_mitigation_minus_1sd,17031813000,2023,-0.08461754,0.784868,4
D9_noise_mitigation_minus_1sd,17031813100,2023,-0.0795779,0.7492672,4
D9_noise_mitigation_minus_1sd,17031813301,2023,-0.07845656,0.7496228,4
D9_noise_mitigation_minus_1sd,17031813302,2023,-0.07725111,0.74986434,4
D9_noise_mitigation_minus_1sd,17031813400,2023,-0.078667775,0.74961114,4
D9_noise_mitigation_minus_1sd,17031813500,2023,-0.07904345,0.7495803,4
D9_noise_mitigation_minus_1sd,17031813801,2023,-0.07670982,0.7497228,4
D9_noise_mitigation_minus_1sd,17031814200,2023,-0.07819557,0.7501254,4
D9_noise_mitigation_minus_1sd,17031820300,2023,-0.08210253,0.7503494,4
D9_noise_mitigation_minus_1sd,17031820400,2023,-0.08277487,0.7505763,4
D9_noise_mitigation_minus_1sd,17031820502,2023,-0.09498334,0.727924,4
D9_noise_mitigation_minus_1sd,17031820700,2023,-0.07988134,0.7499712,4
D9_noise_mitigation_minus_1sd,17031820800,2023,-0.080161884,0.7504688,4
D9_noise_mitigation_minus_1sd,17031820901,2023,-0.0935894,0.7283956,4
D9_noise_mitigation_minus_1sd,17031820902,2023,-0.092183106,0.72817415,4
D9_noise_mitigation_minus_1sd,17031821102,2023,-0.09152426,0.72803825,4
D9_noise_mitigation_minus_1sd,17031821200,2023,-0.043739915,0.54311514,4
D9_noise_mitigation_minus_1sd,17031821401,2023,-0.043685015,0.5429058,4
D9_noise_mitigation_minus_1sd,17031821402,2023,-0.04401639,0.5428401,4
D9_noise_mitigation_minus_1sd,17031821500,2023,-0.04465972,0.54262286,4
D9_noise_mitigation_minus_1sd,17031821600,2023,-0.08153492,0.7272066,4
D9_noise_mitigation_minus_1sd,17031821700,2023,-0.08119168,0.7271081,4
D9_noise_mitigation_minus_1sd,17031821900,2023,-0.08237248,0.72735876,4
D9_noise_mitigation_minus_1sd,17031822000,2023,-0.08098129,0.72699916,4
D9_noise_mitigation_minus_1sd,17031822101,2023,-0.08246581,0.72706485,4
D9_noise_mitigation_minus_1sd,17031822701,2023,-0.08193264,0.7270148,4
D9_noise_mitigation_minus_1sd,17031822702,2023,-0.08270575,0.72717047,4
D9_noise_mitigation_minus_1sd,17031822801,2023,-0.0843053,0.72735244,4
D9_noise_mitigation_minus_1sd,17031822802,2023,-0.08267792,0.7271952,4
D9_noise_mitigation_minus_1sd,17031823200,2023,-0.08665763,0.72710943,4
D9_noise_mitigation_minus_1sd,17031823303,2023,-0.084036425,0.7272604,4
D9_noise_mitigation_minus_1sd,17031823304,2023,-0.084891066,0.72820926,4
D9_noise_mitigation_minus_1sd,17031823400,2023,-0.08470754,0.7274825,4
D9_noise_mitigation_minus_1sd,17031823500,2023,-0.08386235,0.72765285,4
D9_noise_mitigation_minus_1sd,17031825700,2023,-0.045602087,0.5418924,4
D9_noise_mitigation_minus_1sd,17031825801,2023,-0.045813218,0.5421879,4
D9_noise_mitigation_minus_1sd,17031826401,2023,-0.045498993,0.54226977,4
D9_noise_mitigation_minus_1sd,17031826500,2023,-0.045910165,0.54242444,4
D9_noise_mitigation_minus_1sd,17031826600,2023,-0.04562002,0.54253143,4
D9_noise_mitigation_minus_1sd,17031830500,2023,-0.07929467,0.7522658,4
D9_noise_mitigation_minus_1sd,17031830600,2023,-0.008473918,0.66991454,4
D9_noise_mitigation_minus_1sd,17031830700,2023,-0.01185759,0.669899,4
D9_noise_mitigation_minus_1sd,17031830800,2023,-0.0069728834,0.67334116,4
D9_noise_mitigation_minus_1sd,17031830900,2023,-0.0053208866,0.7118999,4
D9_noise_mitigation_minus_1sd,17031831000,2023,-0.001982482,0.6542285,4
D9_noise_mitigation_minus_1sd,17031831100,2023,-0.009816466,0.73154426,4
D9_noise_mitigation_minus_1sd,17031831200,2023,0.0026349858,0.7278012,4
D9_noise_mitigation_minus_1sd,17031831300,2023,-0.023722097,0.7721357,4
D9_noise_mitigation_minus_1sd,17031831400,2023,-0.081166506,0.7509521,4
D9_noise_mitigation_minus_1sd,17031831500,2023,-0.05696579,0.738148,4
D9_noise_mitigation_minus_1sd,17031831600,2023,-0.05582924,0.73911345,4
D9_noise_mitigation_minus_1sd,17031831700,2023,-0.0072691557,0.7340687,4
D9_noise_mitigation_minus_1sd,17031831800,2023,-0.008194554,0.7307809,4
D9_noise_mitigation_minus_1sd,17031831900,2023,-0.016308678,0.65828097,4
D9_noise_mitigation_minus_1sd,17031832000,2023,-0.01114518,0.66099966,4
D9_noise_mitigation_minus_1sd,17031832100,2023,-0.012397648,0.6613813,4
D9_noise_mitigation_minus_1sd,17031832200,2023,-0.003773941,0.71357876,4
D9_noise_mitigation_minus_1sd,17031832300,2023,-0.0057962025,0.65137696,4
D9_noise_mitigation_minus_1sd,17031832400,2023,-0.0031580643,0.7137522,4
D9_noise_mitigation_minus_1sd,17031832500,2023,-0.0044353716,0.651829,4
D9_noise_mitigation_minus_1sd,17031832600,2023,-0.0059987213,0.65161085,4
D9_noise_mitigation_minus_1sd,17031832900,2023,-0.00049890135,0.6193251,4
D9_noise_mitigation_minus_1sd,17031833000,2023,-0.0076121595,0.6511867,4
D9_noise_mitigation_minus_1sd,17031833100,2023,-0.008236456,0.6507048,4
D9_noise_mitigation_minus_1sd,17031833300,2023,-0.0022632226,0.6183635,4
D9_noise_mitigation_minus_1sd,17031833900,2023,-0.040301062,0.5443944,4
D9_noise_mitigation_minus_1sd,17031834000,2023,-0.04052703,0.54506576,4
D9_noise_mitigation_minus_1sd,17031834200,2023,-0.038949884,0.54458004,4
D9_noise_mitigation_minus_1sd,17031834300,2023,-0.03955223,0.54468405,4
D9_noise_mitigation_minus_1sd,17031834400,2023,-0.037742183,0.54542387,4
D9_noise_mitigation_minus_1sd,17031834500,2023,-0.02436866,0.56971955,4
D9_noise_mitigation_minus_1sd,17031834600,2023,-0.024545632,0.5698384,4
D9_noise_mitigation_minus_1sd,17031834700,2023,-0.024372226,0.56996644,4
D9_noise_mitigation_minus_1sd,17031834800,2023,-0.025027018,0.57032645,4
D9_noise_mitigation_minus_1sd,17031834900,2023,-0.037188634,0.5453824,4
D9_noise_mitigation_minus_1sd,17031835000,2023,-0.08681812,0.729906,4
D9_noise_mitigation_minus_1sd,17031835100,2023,-0.074903734,0.75377727,4
D9_noise_mitigation_minus_1sd,17031835200,2023,-0.08068016,0.7527801,4
D9_noise_mitigation_minus_1sd,17031835500,2023,-0.031860333,0.609488,4
D9_noise_mitigation_minus_1sd,17031835600,2023,-0.025099242,0.5701182,4
D9_noise_mitigation_minus_1sd,17031835800,2023,-0.024255302,0.61106974,4
D9_noise_mitigation_minus_1sd,17031836000,2023,-0.000880328,0.62206167,4
D9_noise_mitigation_minus_1sd,17031836100,2023,-0.024004642,0.57021755,4
D9_noise_mitigation_minus_1sd,17031836200,2023,-0.026568275,0.5707065,4
D9_noise_mitigation_minus_1sd,17031836300,2023,0.0009115869,0.58236396,4
D9_noise_mitigation_minus_1sd,17031836400,2023,0.0025623874,0.6226953,4
D9_noise_mitigation_minus_1sd,17031836500,2023,0.0060626157,0.6222997,4
D9_noise_mitigation_minus_1sd,17031836600,2023,-0.024899354,0.75825226,4
D9_noise_mitigation_minus_1sd,17031836700,2023,-0.02853817,0.7575136,4
D9_noise_mitigation_minus_1sd,17031836800,2023,-0.06777277,0.8071768,4
D9_noise_mitigation_minus_1sd,17031836900,2023,-0.062933326,0.80400586,4
D9_noise_mitigation_minus_1sd,17031837000,2023,-0.06445506,0.8051462,4
D9_noise_mitigation_minus_1sd,17031837100,2023,-0.027449463,0.7569215,4
D9_noise_mitigation_minus_1sd,17031837300,2023,-0.075734474,0.75161266,4
D9_noise_mitigation_minus_1sd,17031837400,2023,-0.063212104,0.77115124,4
D9_noise_mitigation_minus_1sd,17031837800,2023,-0.028338008,0.7563362,4
D9_noise_mitigation_minus_1sd,17031838000,2023,-0.026566438,0.7569563,4
D9_noise_mitigation_minus_1sd,17031838100,2023,-0.008324011,0.65058327,4
D9_noise_mitigation_minus_1sd,17031838200,2023,-0.024040187,0.6263252,4
D9_noise_mitigation_minus_1sd,17031838300,2023,-0.001762185,0.65585834,4
D9_noise_mitigation_minus_1sd,17031838600,2023,-0.07494348,0.7512622,4
D9_noise_mitigation_minus_1sd,17031838700,2023,-0.077140704,0.7518474,4
D9_noise_mitigation_minus_1sd,17031838800,2023,-0.04326065,0.54474217,4
D9_noise_mitigation_minus_1sd,17031839000,2023,-0.004397461,0.61806154,4
D9_noise_mitigation_minus_1sd,17031839100,2023,-0.007870601,0.65221435,4
D9_noise_mitigation_minus_1sd,17031839200,2023,-0.003752748,0.61895907,4
D9_noise_mitigation_minus_1sd,17031839500,2023,0.00032366347,0.62232846,4
D9_noise_mitigation_minus_1sd,17031839600,2023,-0.0024292325,0.6207909,4
D9_noise_mitigation_minus_1sd,17031839700,2023,-0.032558274,0.6087393,4
D9_noise_mitigation_minus_1sd,17031839800,2023,-0.018773064,0.62857026,4
D9_noise_mitigation_minus_1sd,17031839900,2023,-0.033359267,0.60809,4
D9_noise_mitigation_minus_1sd,17031840000,2023,-0.017827727,0.62808335,4
D9_noise_mitigation_minus_1sd,17031840100,2023,0.00039871968,0.6212867,4
D9_noise_mitigation_minus_1sd,17031840200,2023,-0.018793417,0.6283553,4
D9_noise_mitigation_minus_1sd,17031840300,2023,-0.07690418,0.75299436,4
D9_noise_mitigation_minus_1sd,17031840400,2023,-0.03506882,0.60645974,4
D9_noise_mitigation_minus_1sd,17031840700,2023,-0.077547215,0.75193,4
D9_noise_mitigation_minus_1sd,17031840800,2023,-0.0780984,0.7527697,4
D9_noise_mitigation_minus_1sd,17031841000,2023,-0.004342767,0.6184572,4
D9_noise_mitigation_minus_1sd,17031841100,2023,-0.003436159,0.6191048,4
D9_noise_mitigation_minus_1sd,17031841200,2023,-0.075651914,0.7521161,4
D9_noise_mitigation_minus_1sd,17031841300,2023,-0.07798513,0.7523238,4
D9_noise_mitigation_minus_1sd,17031841500,2023,-0.07554546,0.7515544,4
D9_noise_mitigation_minus_1sd,17031841700,2023,-0.07849011,0.75225496,4
D9_noise_mitigation_minus_1sd,17031841800,2023,-0.037866622,0.5443438,4
D9_noise_mitigation_minus_1sd,17031841900,2023,-0.0055661323,0.6169275,4
D9_noise_mitigation_minus_1sd,17031842000,2023,-0.0051590567,0.6187376,4
D9_noise_mitigation_minus_1sd,17031842100,2023,-0.08023781,0.78581095,4
D9_noise_mitigation_minus_1sd,17031842200,2023,-0.0070864717,0.65093863,4
D9_noise_mitigation_minus_1sd,17031842300,2023,-0.0076303966,0.65083975,4
D9_noise_mitigation_minus_1sd,17031842400,2023,-0.039595477,0.5446063,4
D9_noise_mitigation_minus_1sd,17031842500,2023,-0.03724096,0.54489267,4
D9_noise_mitigation_minus_1sd,17031842600,2023,-0.035225134,0.60676986,4
D9_noise_mitigation_minus_1sd,17031842800,2023,-0.07613575,0.7532635,4
D9_noise_mitigation_minus_1sd,17031842900,2023,-0.023772031,0.6259809,4
D9_noise_mitigation_minus_1sd,17031843000,2023,-0.07948259,0.7516663,4
D9_noise_mitigation_minus_1sd,17031843100,2023,-0.07738711,0.7521378,4
D9_noise_mitigation_minus_1sd,17031843200,2023,-0.02439231,0.6261672,4
D9_noise_mitigation_minus_1sd,17031843300,2023,-0.07484172,0.75173175,4
D9_noise_mitigation_minus_1sd,17031843400,2023,-0.07761196,0.7520071,4
D9_noise_mitigation_minus_1sd,17031843500,2023,-0.07845407,0.75274295,4
D9_noise_mitigation_minus_1sd,17031843600,2023,-0.00016503897,0.58175147,4
D9_noise_mitigation_minus_1sd,17031843700,2023,-0.011228604,0.73187816,4
D9_noise_mitigation_minus_1sd,17031843800,2023,-0.024395436,0.5699317,4
D9_noise_mitigation_minus_1sd,17031843900,2023,-0.02043991,0.539259,4
D9_noise_mitigation_minus_1sd,17031844600,2023,-0.02454606,0.611331,4
D9_noise_mitigation_minus_1sd,17031844700,2023,-0.07632758,0.7520576,4
D9_noise_mitigation_minus_1sd,17043840000,2023,-0.06680267,0.73985726,4
D9_noise_mitigation_minus_1sd,17043840801,2023,-0.06793189,0.74274564,4
D9_noise_mitigation_minus_1sd,17043840802,2023,-0.06746713,0.74265754,4
joint_six_dimensions,17031010100,2023,0.028707769,0.6755196,4
joint_six_dimensions,17031010201,2023,0.027413797,0.67674166,4
joint_six_dimensions,17031010202,2023,0.029815394,0.6734606,4
joint_six_dimensions,17031010300,2023,0.030541621,0.6737658,4
joint_six_dimensions,17031010400,2023,0.03128024,0.6719411,4
joint_six_dimensions,17031010501,2023,0.027086575,0.67753816,4
joint_six_dimensions,17031010502,2023,0.0295473,0.6752467,4
joint_six_dimensions,17031010503,2023,0.03024022,0.67504823,4
joint_six_dimensions,17031010600,2023,0.031080134,0.67369425,4
joint_six_dimensions,17031010701,2023,0.026370931,0.6746793,4
joint_six_dimensions,17031010702,2023,0.030735154,0.6713878,4
joint_six_dimensions,17031020100,2023,-0.044370845,0.7350894,4
joint_six_dimensions,17031020200,2023,-0.041683644,0.7310629,4
joint_six_dimensions,17031020301,2023,-0.04263175,0.7320291,4
joint_six_dimensions,17031020302,2023,-0.043278243,0.7351478,4
joint_six_dimensions,17031020400,2023,-0.04152915,0.73224974,4
joint_six_dimensions,17031020500,2023,-0.04154201,0.73230505,4
joint_six_dimensions,17031020601,2023,-0.039961535,0.73169637,4
joint_six_dimensions,17031020602,2023,-0.04388719,0.73087454,4
joint_six_dimensions,17031020701,2023,-0.039280545,0.73188734,4
joint_six_dimensions,17031020702,2023,-0.039903678,0.73182344,4
joint_six_dimensions,17031020801,2023,-0.040109824,0.7317059,4
joint_six_dimensions,17031020802,2023,-0.040099643,0.73150957,4
joint_six_dimensions,17031020901,2023,-0.041212395,0.7342075,4
joint_six_dimensions,17031020902,2023,0.027709309,0.6734357,4
joint_six_dimensions,17031030101,2023,0.028936528,0.67546344,4
joint_six_dimensions,17031030102,2023,0.029285412,0.6757866,4
joint_six_dimensions,17031030103,2023,0.029281288,0.6756171,4
joint_six_dimensions,17031030104,2023,0.028317891,0.67603374,4
joint_six_dimensions,17031030200,2023,0.029088676,0.67333674,4
joint_six_dimensions,17031030300,2023,0.026757557,0.6765195,4
joint_six_dimensions,17031030400,2023,0.029338844,0.6737492,4
joint_six_dimensions,17031030500,2023,0.028967757,0.6742083,4
joint_six_dimensions,17031030601,2023,0.028046235,0.67631865,4
joint_six_dimensions,17031030603,2023,0.028936915,0.6756859,4
joint_six_dimensions,17031030604,2023,0.02850223,0.67669433,4
joint_six_dimensions,17031030701,2023,0.028911658,0.67543757,4
joint_six_dimensions,17031030702,2023,0.026158579,0.67819065,4
joint_six_dimensions,17031030703,2023,0.0263776,0.6771807,4
joint_six_dimensions,17031030706,2023,0.028519131,0.67587984,4
joint_six_dimensions,17031030800,2023,0.02982669,0.67371607,4
joint_six_dimensions,17031030900,2023,0.029575035,0.6730536,4
joint_six_dimensions,17031031000,2023,0.02955198,0.67401206,4
joint_six_dimensions,17031031100,2023,0.029470552,0.6729693,4
joint_six_dimensions,17031031200,2023,0.030114975,0.6745483,4
joint_six_dimensions,17031031300,2023,0.028123774,0.6761132,4
joint_six_dimensions,17031031400,2023,0.14160551,0.65996635,4
joint_six_dimensions,17031031501,2023,0.02787498,0.6763332,4
joint_six_dimensions,17031031502,2023,0.027288824,0.67811745,4
joint_six_dimensions,17031031700,2023,0.030757949,0.67414004,4
joint_six_dimensions,17031031800,2023,0.029003687,0.6729896,4
joint_six_dimensions,17031031900,2023,0.029608302,0.6750576,4
joint_six_dimensions,17031032100,2023,0.14092156,0.6581139,4
joint_six_dimensions,17031040100,2023,-0.04142708,0.73552185,4
joint_six_dimensions,17031040201,2023,-0.038991343,0.7318852,4
joint_six_dimensions,17031040202,2023,-0.04041583,0.73563266,4
joint_six_dimensions,17031040300,2023,-0.04105535,0.7358066,4
joint_six_dimensions,17031040401,2023,-0.03856107,0.73265713,4
joint_six_dimensions,17031040402,2023,0.029352922,0.6732781,4
joint_six_dimensions,17031040600,2023,-0.038411178,0.73242086,4
joint_six_dimensions,17031040700,2023,-0.038527697,0.73256767,4
joint_six_dimensions,17031040800,2023,-0.04215454,0.7353983,4
joint_six_dimensions,17031040900,2023,-0.038671017,0.7329332,4
joint_six_dimensions,17031050100,2023,0.029819887,0.67278594,4
joint_six_dimensions,17031050200,2023,-0.037996817,0.7322135,4
joint_six_dimensions,17031050300,2023,-0.039114673,0.73609006,4
joint_six_dimensions,17031050500,2023,-0.037435915,0.7329187,4
joint_six_dimensions,17031050600,2023,0.029199272,0.67213553,4
joint_six_dimensions,17031050700,2023,0.026079755,0.6773178,4
joint_six_dimensions,17031050800,2023,-0.036326166,0.7329266,4
joint_six_dimensions,17031050900,2023,-0.037313204,0.7343441,4
joint_six_dimensions,17031051000,2023,-0.037560306,0.733892,4
joint_six_dimensions,17031051100,2023,-0.036618873,0.7330964,4
joint_six_dimensions,17031051200,2023,0.027249131,0.67619497,4
joint_six_dimensions,17031051300,2023,0.23234424,0.6543182,4
joint_six_dimensions,17031051400,2023,0.16769955,0.71348155,4
joint_six_dimensions,17031060100,2023,0.026635911,0.67730516,4
joint_six_dimensions,17031060200,2023,0.028508496,0.6752082,4
joint_six_dimensions,17031060300,2023,0.02867229,0.6742642,4
joint_six_dimensions,17031060400,2023,0.029314753,0.67361647,4
joint_six_dimensions,17031060500,2023,0.13887677,0.661503,4
joint_six_dimensions,17031060800,2023,0.1398516,0.66270894,4
joint_six_dimensions,17031060900,2023,0.14182138,0.6616265,4
joint_six_dimensions,17031061000,2023,0.13981667,0.66167736,4
joint_six_dimensions,17031061100,2023,0.1395664,0.65895003,4
joint_six_dimensions,17031061200,2023,0.13895336,0.6614709,4
joint_six_dimensions,17031061500,2023,0.13784543,0.6608522,4
joint_six_dimensions,17031061800,2023,0.1409409,0.66230214,4
joint_six_dimensions,17031061901,2023,0.14031753,0.66224426,4
joint_six_dimensions,17031061902,2023,0.13788386,0.66392756,4
joint_six_dimensions,17031062000,2023,0.14106241,0.66196156,4
joint_six_dimensions,17031062100,2023,0.14254236,0.65978813,4
joint_six_dimensions,17031062200,2023,0.13791028,0.661791,4
joint_six_dimensions,17031062300,2023,0.13702947,0.6622117,4
joint_six_dimensions,17031062400,2023,0.1368517,0.662112,4
joint_six_dimensions,17031062500,2023,0.13949227,0.65986,4
joint_six_dimensions,17031062600,2023,0.2321698,0.6539528,4
joint_six_dimensions,17031062700,2023,0.23204964,0.65411735,4
joint_six_dimensions,17031062800,2023,0.23193961,0.65453655,4
joint_six_dimensions,17031062900,2023,0.13888597,0.66051173,4
joint_six_dimensions,17031063000,2023,0.14549439,0.6559295,4
joint_six_dimensions,17031063100,2023,0.14193405,0.6606391,4
joint_six_dimensions,17031063200,2023,0.14122845,0.6616335,4
joint_six_dimensions,17031063301,2023,0.23473138,0.6550854,4
joint_six_dimensions,17031063302,2023,0.23670192,0.65482736,4
joint_six_dimensions,17031063303,2023,0.23405395,0.6561159,4
joint_six_dimensions,17031063400,2023,0.23498225,0.6548468,4
joint_six_dimensions,17031070101,2023,0.22973897,0.6566394,4
joint_six_dimensions,17031070102,2023,0.23037797,0.6547688,4
joint_six_dimensions,17031070103,2023,0.23454255,0.6560799,4
joint_six_dimensions,17031070200,2023,0.22996894,0.6517538,4
joint_six_dimensions,17031070300,2023,0.2346352,0.65436476,4
joint_six_dimensions,17031070400,2023,0.23512465,0.6545825,4
joint_six_dimensions,17031070500,2023,0.23395836,0.6519259,4
joint_six_dimensions,17031070600,2023,0.23725492,0.6533601,4
joint_six_dimensions,17031070700,2023,0.23090035,0.6525217,4
joint_six_dimensions,17031071000,2023,0.23405196,0.65400976,4
joint_six_dimensions,17031071100,2023,0.23374395,0.6538143,4
joint_six_dimensions,17031071200,2023,0.23374097,0.65498006,4
joint_six_dimensions,17031071300,2023,0.23315519,0.6560404,4
joint_six_dimensions,17031071400,2023,0.22738954,0.65523547,4
joint_six_dimensions,17031071500,2023,0.22780637,0.6559298,4
joint_six_dimensions,17031071600,2023,0.23318821,0.6559489,4
joint_six_dimensions,17031071700,2023,0.22935799,0.6563996,4
joint_six_dimensions,17031071800,2023,0.22865626,0.65508765,4
joint_six_dimensions,17031080100,2023,0.23136142,0.65572965,4
joint_six_dimensions,17031080201,2023,0.23155908,0.6557926,4
joint_six_dimensions,17031080202,2023,0.23209247,0.65530473,4
joint_six_dimensions,17031080300,2023,0.2275733,0.6530024,4
joint_six_dimensions,17031080400,2023,0.23199439,0.65475595,4
joint_six_dimensions,17031081000,2023,0.22668746,0.6526233,4
joint_six_dimensions,17031081100,2023,0.22949055,0.6526716,4
joint_six_dimensions,17031081201,2023,0.22997886,0.65212005,4
joint_six_dimensions,17031081202,2023,0.23085228,0.65508235,4
joint_six_dimensions,17031081300,2023,0.22701928,0.6525744,4
joint_six_dimensions,17031081401,2023,0.22644447,0.6524601,4
joint_six_dimensions,17031081402,2023,0.22472206,0.65394366,4
joint_six_dimensions,17031081403,2023,0.22509097,0.6530008,4
joint_six_dimensions,17031081500,2023,0.22980988,0.65213567,4
joint_six_dimensions,17031081600,2023,0.22934994,0.652249,4
joint_six_dimensions,17031081700,2023,0.22981972,0.6518597,4
joint_six_dimensions,17031081800,2023,0.22626059,0.6517496,4
joint_six_dimensions,17031081900,2023,0.23210219,0.6564747,4
joint_six_dimensions,17031090100,2023,-0.0391259,0.733881,4
joint_six_dimensions,17031090200,2023,-0.03735379,0.7311809,4
joint_six_dimensions,17031090300,2023,-0.039142072,0.7340336,4
joint_six_dimensions,17031100100,2023,-0.036821257,0.73031783,4
joint_six_dimensions,17031100200,2023,-0.038016316,0.73086923,4
joint_six_dimensions,17031100300,2023,-0.037246667,0.73491764,4
joint_six_dimensions,17031100400,2023,-0.037402876,0.73373246,4
joint_six_dimensions,17031100500,2023,-0.036255553,0.7345941,4
joint_six_dimensions,17031100600,2023,-0.037287932,0.7343391,4
joint_six_dimensions,17031100700,2023,-0.036130253,0.73526907,4
joint_six_dimensions,17031110100,2023,-0.037412405,0.7306151,4
joint_six_dimensions,17031110200,2023,-0.036462743,0.7312608,4
joint_six_dimensions,17031110300,2023,-0.037055008,0.73537755,4
joint_six_dimensions,17031110400,2023,-0.03735593,0.7323405,4
joint_six_dimensions,17031110501,2023,-0.037263818,0.7347253,4
joint_six_dimensions,17031110502,2023,-0.036123496,0.7309125,4
joint_six_dimensions,17031120100,2023,-0.039445758,0.73466176,4
joint_six_dimensions,17031120200,2023,-0.041293215,0.7297498,4
joint_six_dimensions,17031120300,2023,-0.039774973,0.73489183,4
joint_six_dimensions,17031120400,2023,-0.039102763,0.7318703,4
joint_six_dimensions,17031130100,2023,-0.038080435,0.7310072,4
joint_six_dimensions,17031130200,2023,-0.03875506,0.7315797,4
joint_six_dimensions,17031130300,2023,-0.039083775,0.7320903,4
joint_six_dimensions,17031140100,2023,-0.03826821,0.73283094,4
joint_six_dimensions,17031140200,2023,-0.03704047,0.73165417,4
joint_six_dimensions,17031140301,2023,-0.03657955,0.73251784,4
joint_six_dimensions,17031140302,2023,-0.039131664,0.73597044,4
joint_six_dimensions,17031140400,2023,-0.036763214,0.7314898,4
joint_six_dimensions,17031140500,2023,-0.036196522,0.7324887,4
joint_six_dimensions,17031140601,2023,-0.038240846,0.7346534,4
joint_six_dimensions,17031140602,2023,-0.036636014,0.7326273,4
joint_six_dimensions,17031140701,2023,-0.037850734,0.7324958,4
joint_six_dimensions,17031140702,2023,-0.03693317,0.7323139,4
joint_six_dimensions,17031140800,2023,-0.03728831,0.7323944,4
joint_six_dimensions,17031150200,2023,-0.035067458,0.7314197,4
joint_six_dimensions,17031150300,2023,-0.03530233,0.73178923,4
joint_six_dimensions,17031150401,2023,-0.036090445,0.7318547,4
joint_six_dimensions,17031150402,2023,-0.036075898,0.73432314,4
joint_six_dimensions,17031150501,2023,-0.037807763,0.7375034,4
joint_six_dimensions,17031150502,2023,-0.03454749,0.7319647,4
joint_six_dimensions,17031150600,2023,-0.035185967,0.7343179,4
joint_six_dimensions,17031150700,2023,-0.036403395,0.736227,4
joint_six_dimensions,17031150800,2023,-0.03467844,0.7343072,4
joint_six_dimensions,17031151001,2023,-0.03495953,0.7340402,4
joint_six_dimensions,17031151002,2023,-0.035716474,0.7360561,4
joint_six_dimensions,17031151100,2023,-0.03728172,0.7341712,4
joint_six_dimensions,17031151200,2023,-0.035633344,0.7361892,4
joint_six_dimensions,17031160100,2023,-0.036722984,0.73436594,4
joint_six_dimensions,17031160200,2023,-0.035553847,0.7333272,4
joint_six_dimensions,17031160300,2023,-0.036195714,0.7346356,4
joint_six_dimensions,17031160400,2023,-0.036483612,0.7334279,4
joint_six_dimensions,17031160501,2023,-0.038358808,0.7362634,4
joint_six_dimensions,17031160502,2023,-0.036056615,0.7328812,4
joint_six_dimensions,17031160601,2023,-0.03848089,0.7361271,4
joint_six_dimensions,17031160602,2023,-0.037272923,0.7329396,4
joint_six_dimensions,17031160700,2023,-0.03661098,0.7315399,4
joint_six_dimensions,17031160800,2023,-0.035829518,0.73227686,4
joint_six_dimensions,17031160900,2023,-0.03787771,0.7330266,4
joint_six_dimensions,17031161000,2023,-0.036008373,0.73350817,4
joint_six_dimensions,17031161100,2023,-0.036045928,0.7325153,4
joint_six_dimensions,17031161200,2023,-0.036041483,0.73629117,4
joint_six_dimensions,17031161300,2023,-0.03612372,0.7326475,4
joint_six_dimensions,17031170100,2023,-0.03623976,0.7337074,4
joint_six_dimensions,17031170200,2023,-0.034034703,0.73261535,4
joint_six_dimensions,17031170300,2023,-0.034755588,0.73570883,4
joint_six_dimensions,17031170400,2023,-0.0067295907,0.7009733,4
joint_six_dimensions,17031170500,2023,-0.0068075173,0.7046093,4
joint_six_dimensions,17031170600,2023,-0.119630575,0.74711686,4
joint_six_dimensions,17031170700,2023,-0.11861178,0.74646074,4
joint_six_dimensions,17031170800,2023,-0.0067856656,0.70466125,4
joint_six_dimensions,17031170900,2023,-0.1188099,0.7473473,4
joint_six_dimensions,17031171000,2023,-0.0065715723,0.7045697,4
joint_six_dimensions,17031171100,2023,-0.03416215,0.73315614,4
joint_six_dimensions,17031180100,2023,0.093693376,0.6957431,4
joint_six_dimensions,17031190100,2023,0.060644053,0.7272067,4
joint_six_dimensions,17031190200,2023,0.062478874,0.7261952,4
joint_six_dimensions,17031190300,2023,0.06268427,0.72627646,4
joint_six_dimensions,17031190401,2023,0.06459007,0.72588605,4
joint_six_dimensions,17031190402,2023,0.062304,0.7278924,4
joint_six_dimensions,17031190601,2023,0.09389522,0.69605964,4
joint_six_dimensions,17031190602,2023,0.064429864,0.72725636,4
joint_six_dimensions,17031190701,2023,0.064496726,0.7276259,4
joint_six_dimensions,17031190702,2023,0.06440644,0.72741663,4
joint_six_dimensions,17031190800,2023,0.06163555,0.7257896,4
joint_six_dimensions,17031190900,2023,0.06372963,0.72758645,4
joint_six_dimensions,17031191000,2023,0.06276271,0.7276007,4
joint_six_dimensions,17031191100,2023,0.061788246,0.7260224,4
joint_six_dimensions,17031191200,2023,0.06509766,0.7276309,4
joint_six_dimensions,17031191301,2023,-0.020165995,0.73982143,4
joint_six_dimensions,17031191302,2023,-0.01775083,0.73968804,4
joint_six_dimensions,17031200100,2023,0.06261397,0.72758317,4
joint_six_dimensions,17031200200,2023,0.061654713,0.72749954,4
joint_six_dimensions,17031200300,2023,0.06280977,0.72782564,4
joint_six_dimensions,17031200401,2023,0.05966471,0.726141,4
joint_six_dimensions,17031200402,2023,0.06224351,0.7267083,4
joint_six_dimensions,17031210100,2023,-0.036481783,0.7316585,4
joint_six_dimensions,17031210400,2023,0.061874866,0.727618,4
joint_six_dimensions,17031210501,2023,-0.035089463,0.73435414,4
joint_six_dimensions,17031210502,2023,0.060309693,0.72665596,4
joint_six_dimensions,17031210601,2023,-0.035668064,0.7351799,4
joint_six_dimensions,17031210602,2023,0.057506464,0.7259471,4
joint_six_dimensions,17031210700,2023,0.059707843,0.726656,4
joint_six_dimensions,17031210800,2023,0.059599794,0.72664773,4
joint_six_dimensions,17031210900,2023,0.057299938,0.7260213,4
joint_six_dimensions,17031220300,2023,0.060394604,0.7268551,4
joint_six_dimensions,17031220400,2023,0.05929467,0.72670364,4
joint_six_dimensions,17031220500,2023,0.05870607,0.72607595,4
joint_six_dimensions,17031220601,2023,0.06021021,0.7275788,4
joint_six_dimensions,17031220602,2023,0.059791062,0.7258581,4
joint_six_dimensions,17031220701,2023,0.06226741,0.7279339,4
joint_six_dimensions,17031220702,2023,0.06089114,0.72688943,4
joint_six_dimensions,17031220901,2023,0.06311398,0.72783244,4
joint_six_dimensions,17031220902,2023,0.06235644,0.7279575,4
joint_six_dimensions,17031221000,2023,0.062313676,0.72787946,4
joint_six_dimensions,17031221100,2023,0.0605687,0.72795653,4
joint_six_dimensions,17031221200,2023,0.059555355,0.7267319,4
joint_six_dimensions,17031221300,2023,0.16826478,0.7133677,4
joint_six_dimensions,17031221400,2023,0.16707274,0.7129415,4
joint_six_dimensions,17031221500,2023,0.16546088,0.7132919,4
joint_six_dimensions,17031221600,2023,0.16547364,0.7129282,4
joint_six_dimensions,17031222200,2023,0.16762096,0.713858,4
joint_six_dimensions,17031222500,2023,0.16908811,0.71449566,4
joint_six_dimensions,17031222600,2023,0.17043659,0.7149403,4
joint_six_dimensions,17031222700,2023,0.061924968,0.72804904,4
joint_six_dimensions,17031222800,2023,0.06366925,0.72831196,4
joint_six_dimensions,17031222900,2023,0.06293638,0.7283648,4
joint_six_dimensions,17031230100,2023,0.1711553,0.7144725,4
joint_six_dimensions,17031230200,2023,0.17169058,0.7139362,4
joint_six_dimensions,17031230300,2023,0.17329971,0.71404195,4
joint_six_dimensions,17031230400,2023,0.062602594,0.728248,4
joint_six_dimensions,17031230500,2023,0.062850095,0.727787,4
joint_six_dimensions,17031230600,2023,0.036266044,0.7719001,4
joint_six_dimensions,17031230700,2023,0.14642408,0.7594428,4
joint_six_dimensions,17031230800,2023,0.1537378,0.7585021,4
joint_six_dimensions,17031230900,2023,0.15286162,0.758505,4
joint_six_dimensions,17031231100,2023,0.15366174,0.758576,4
joint_six_dimensions,17031231200,2023,0.15343168,0.75882936,4
joint_six_dimensions,17031231500,2023,0.036670297,0.805568,4
joint_six_dimensions,17031240200,2023,0.23471835,0.6548254,4
joint_six_dimensions,17031240300,2023,0.23455311,0.65430367,4
joint_six_dimensions,17031240500,2023,0.16750875,0.71319026,4
joint_six_dimensions,17031240600,2023,0.16821766,0.714535,4
joint_six_dimensions,17031240700,2023,0.1692802,0.7150943,4
joint_six_dimensions,17031240800,2023,0.16914374,0.7144767,4
joint_six_dimensions,17031240900,2023,0.15114301,0.75752103,4
joint_six_dimensions,17031241000,2023,0.14988527,0.7574765,4
joint_six_dimensions,17031241100,2023,0.14932698,0.7577969,4
joint_six_dimensions,17031241200,2023,0.1490373,0.75753534,4
joint_six_dimensions,17031241300,2023,0.14859825,0.7574244,4
joint_six_dimensions,17031241400,2023,0.22817385,0.65143514,4
joint_six_dimensions,17031241500,2023,0.23258293,0.6518899,4
joint_six_dimensions,17031241600,2023,0.23214002,0.65012217,4
joint_six_dimensions,17031242000,2023,0.2325969,0.6543598,4
joint_six_dimensions,17031242100,2023,0.23298246,0.6539339,4
joint_six_dimensions,17031242200,2023,0.2327868,0.65313077,4
joint_six_dimensions,17031242300,2023,0.14796284,0.7306611,4
joint_six_dimensions,17031242400,2023,0.14852107,0.75663006,4
joint_six_dimensions,17031242500,2023,0.149093,0.7576266,4
joint_six_dimensions,17031242600,2023,0.14851572,0.7573281,4
joint_six_dimensions,17031242700,2023,0.14908083,0.7585961,4
joint_six_dimensions,17031242800,2023,0.14998382,0.7578525,4
joint_six_dimensions,17031242900,2023,0.1494738,0.75716645,4
joint_six_dimensions,17031243000,2023,0.23178253,0.6518403,4
joint_six_dimensions,17031243100,2023,0.23142353,0.6515323,4
joint_six_dimensions,17031243200,2023,0.23096822,0.6519268,4
joint_six_dimensions,17031243300,2023,0.23062485,0.6514893,4
joint_six_dimensions,17031243400,2023,0.22758621,0.65410596,4
joint_six_dimensions,17031243500,2023,0.22634189,0.65065753,4
joint_six_dimensions,17031250200,2023,0.0651149,0.7278883,4
joint_six_dimensions,17031250300,2023,-0.017527044,0.7401858,4
joint_six_dimensions,17031250400,2023,-0.020293325,0.7398819,4
joint_six_dimensions,17031250500,2023,-0.021476582,0.73831606,4
joint_six_dimensions,17031250600,2023,-0.037970893,0.78624916,4
joint_six_dimensions,17031250700,2023,-0.038617827,0.7863674,4
joint_six_dimensions,17031250800,2023,-0.03966289,0.78589356,4
joint_six_dimensions,17031251000,2023,-0.042552754,0.7869247,4
joint_six_dimensions,17031251100,2023,-0.03848297,0.78634375,4
joint_six_dimensions,17031251200,2023,-0.037891313,0.7862188,4
joint_six_dimensions,17031251300,2023,-0.04212504,0.7875707,4
joint_six_dimensions,17031251400,2023,-0.042819947,0.7874035,4
joint_six_dimensions,17031251500,2023,-0.039146706,0.7864461,4
joint_six_dimensions,17031251600,2023,-0.03798081,0.78662336,4
joint_six_dimensions,17031251700,2023,-0.040951453,0.78769994,4
joint_six_dimensions,17031251800,2023,-0.039006032,0.78633344,4
joint_six_dimensions,17031251900,2023,-0.04060577,0.7870865,4
joint_six_dimensions,17031252000,2023,-0.038486563,0.78647184,4
joint_six_dimensions,17031252101,2023,-0.15074131,0.7501757,4
joint_six_dimensions,17031252102,2023,-0.042404883,0.78777254,4
joint_six_dimensions,17031252201,2023,-0.0396211,0.7867207,4
joint_six_dimensions,17031252202,2023,-0.039403044,0.78640676,4
joint_six_dimensions,17031260100,2023,-0.040170327,0.7875961,4
joint_six_dimensions,17031260200,2023,-0.042960696,0.7865428,4
joint_six_dimensions,17031260300,2023,-0.040707856,0.78678954,4
joint_six_dimensions,17031260400,2023,-0.037880346,0.786834,4
joint_six_dimensions,17031260500,2023,-0.041579805,0.78811085,4
joint_six_dimensions,17031260600,2023,-0.036749646,0.7852347,4
joint_six_dimensions,17031260700,2023,-0.037869133,0.7870685,4
joint_six_dimensions,17031260800,2023,-0.03773793,0.7872075,4
joint_six_dimensions,17031260900,2023,-0.14082974,0.751361,4
joint_six_dimensions,17031261000,2023,-0.14525759,0.75143194,4
joint_six_dimensions,17031270500,2023,-0.038197577,0.78693235,4
joint_six_dimensions,17031271200,2023,0.04280635,0.8051292,4
joint_six_dimensions,17031271300,2023,-0.037810907,0.78693587,4
joint_six_dimensions,17031271400,2023,-0.038413398,0.78730613,4
joint_six_dimensions,17031271500,2023,-0.13775238,0.7500217,4
joint_six_dimensions,17031271800,2023,-0.1352044,0.74988973,4
joint_six_dimensions,17031280100,2023,0.2256073,0.6517951,4
joint_six_dimensions,17031280400,2023,0.22992471,0.65058583,4
joint_six_dimensions,17031280800,2023,0.043876864,0.80481684,4
joint_six_dimensions,17031280900,2023,0.04347124,0.8046513,4
joint_six_dimensions,17031281900,2023,0.2259848,0.65146226,4
joint_six_dimensions,17031282700,2023,-0.057485018,0.76915854,4
joint_six_dimensions,17031282800,2023,-0.06022768,0.769725,4
joint_six_dimensions,17031283100,2023,0.12605502,0.6191943,4
joint_six_dimensions,17031283200,2023,0.12722734,0.6202181,4
joint_six_dimensions,17031283800,2023,0.13095798,0.61982054,4
joint_six_dimensions,17031290900,2023,-0.14584577,0.7518223,4
joint_six_dimensions,17031291200,2023,-0.14390399,0.75230384,4
joint_six_dimensions,17031291600,2023,-0.13323022,0.7501817,4
joint_six_dimensions,17031292200,2023,-0.14056587,0.7511311,4
joint_six_dimensions,17031292400,2023,-0.1421339,0.7518013,4
joint_six_dimensions,17031292500,2023,-0.14140184,0.7514432,4
joint_six_dimensions,17031300500,2023,-0.14561841,0.7525327,4
joint_six_dimensions,17031300600,2023,-0.14165236,0.7521042,4
joint_six_dimensions,17031300700,2023,-0.14061406,0.75226545,4
joint_six_dimensions,17031300800,2023,-0.14257035,0.7521908,4
joint_six_dimensions,17031300900,2023,-0.14272648,0.75231767,4
joint_six_dimensions,17031301100,2023,-0.14161602,0.75229037,4
joint_six_dimensions,17031301200,2023,-0.14247794,0.7524768,4
joint_six_dimensions,17031301600,2023,-0.13986555,0.7522495,4
joint_six_dimensions,17031301701,2023,-0.14339577,0.75216305,4
joint_six_dimensions,17031301702,2023,-0.1404175,0.7522059,4
joint_six_dimensions,17031301801,2023,-0.14627618,0.751938,4
joint_six_dimensions,17031301802,2023,-0.14537953,0.75245404,4
joint_six_dimensions,17031301803,2023,-0.14173308,0.7521995,4
joint_six_dimensions,17031310200,2023,0.124542505,0.6178019,4
joint_six_dimensions,17031310300,2023,0.12555355,0.6193391,4
joint_six_dimensions,17031310400,2023,0.1303283,0.61991274,4
joint_six_dimensions,17031310500,2023,0.13034818,0.618805,4
joint_six_dimensions,17031310600,2023,0.13005395,0.61804986,4
joint_six_dimensions,17031310700,2023,0.0877354,0.6278969,4
joint_six_dimensions,17031310800,2023,0.08828781,0.6274559,4
joint_six_dimensions,17031310900,2023,0.08927457,0.6273477,4
joint_six_dimensions,17031320101,2023,0.22461298,0.65313435,4
joint_six_dimensions,17031320102,2023,0.2262429,0.65258366,4
joint_six_dimensions,17031320400,2023,0.22371504,0.65311885,4
joint_six_dimensions,17031320600,2023,0.12565514,0.6179747,4
joint_six_dimensions,17031330101,2023,0.12471371,0.61837524,4
joint_six_dimensions,17031330102,2023,0.1262285,0.6174436,4
joint_six_dimensions,17031330103,2023,0.13027605,0.6193136,4
joint_six_dimensions,17031330200,2023,0.12512928,0.6205639,4
joint_six_dimensions,17031340300,2023,0.12983072,0.6208979,4
joint_six_dimensions,17031340400,2023,0.12601432,0.6211759,4
joint_six_dimensions,17031340500,2023,0.12613514,0.62104493,4
joint_six_dimensions,17031340600,2023,0.08707453,0.62636906,4
joint_six_dimensions,17031350100,2023,0.13196266,0.6213707,4
joint_six_dimensions,17031350400,2023,0.12834233,0.62167436,4
joint_six_dimensions,17031351000,2023,0.13043818,0.62089485,4
joint_six_dimensions,17031351100,2023,0.12865801,0.6215993,4
joint_six_dimensions,17031351400,2023,0.12405932,0.6208739,4
joint_six_dimensions,17031351500,2023,0.12422769,0.6220056,4
joint_six_dimensions,17031360200,2023,0.13166164,0.6223295,4
joint_six_dimensions,17031380100,2023,0.12907226,0.62198734,4
joint_six_dimensions,17031380200,2023,0.131186,0.62145627,4
joint_six_dimensions,17031380600,2023,0.12450376,0.6211002,4
joint_six_dimensions,17031381200,2023,0.04458546,0.57056105,4
joint_six_dimensions,17031381400,2023,0.04578397,0.57044923,4
joint_six_dimensions,17031381500,2023,0.045229107,0.5705346,4
joint_six_dimensions,17031381800,2023,0.045518827,0.57012427,4
joint_six_dimensions,17031381900,2023,0.04505834,0.5700556,4
joint_six_dimensions,17031390100,2023,0.12451716,0.62313175,4
joint_six_dimensions,17031390200,2023,0.17765114,0.5820502,4
joint_six_dimensions,17031390300,2023,0.12449128,0.62227035,4
joint_six_dimensions,17031390400,2023,0.17991208,0.5815562,4
joint_six_dimensions,17031390500,2023,0.18136483,0.5817667,4
joint_six_dimensions,17031390600,2023,0.17849934,0.5826222,4
joint_six_dimensions,17031390700,2023,0.177839,0.58237135,4
joint_six_dimensions,17031400300,2023,0.044172958,0.57047635,4
joint_six_dimensions,17031400400,2023,0.044732537,0.5706024,4
joint_six_dimensions,17031400500,2023,0.04531375,0.5700487,4
joint_six_dimensions,17031400800,2023,-0.014822163,0.5451237,4
joint_six_dimensions,17031410100,2023,0.17813918,0.58220685,4
joint_six_dimensions,17031410200,2023,0.17855276,0.5827321,4
joint_six_dimensions,17031410500,2023,0.042558227,0.5704669,4
joint_six_dimensions,17031410600,2023,0.08157667,0.5637625,4
joint_six_dimensions,17031410700,2023,0.17853172,0.58171034,4
joint_six_dimensions,17031410800,2023,0.17732558,0.5817006,4
joint_six_dimensions,17031410900,2023,0.17784554,0.5822756,4
joint_six_dimensions,17031411000,2023,0.17824878,0.58200186,4
joint_six_dimensions,17031411100,2023,0.082606226,0.5639566,4
joint_six_dimensions,17031411200,2023,0.082047224,0.563722,4
joint_six_dimensions,17031420100,2023,0.022207648,0.53924257,4
joint_six_dimensions,17031420200,2023,0.042285893,0.5702645,4
joint_six_dimensions,17031420300,2023,-0.015678797,0.5446319,4
joint_six_dimensions,17031420400,2023,-0.014910165,0.5456366,4
joint_six_dimensions,17031420500,2023,-0.015638992,0.54570377,4
joint_six_dimensions,17031420600,2023,-0.014521308,0.5447849,4
joint_six_dimensions,17031420700,2023,-0.014619291,0.545462,4
joint_six_dimensions,17031420800,2023,-0.0159447,0.5449158,4
joint_six_dimensions,17031421200,2023,-0.015053567,0.54439443,4
joint_six_dimensions,17031430101,2023,0.02174043,0.53950894,4
joint_six_dimensions,17031430102,2023,0.021476422,0.5393688,4
joint_six_dimensions,17031430200,2023,-0.017152566,0.54445493,4
joint_six_dimensions,17031430300,2023,-0.01657343,0.54413676,4
joint_six_dimensions,17031430400,2023,-0.0163096,0.54409254,4
joint_six_dimensions,17031430500,2023,-0.017227557,0.5444313,4
joint_six_dimensions,17031430600,2023,-0.017142072,0.5446478,4
joint_six_dimensions,17031430700,2023,0.021630403,0.53943855,4
joint_six_dimensions,17031430800,2023,-0.01851958,0.5433151,4
joint_six_dimensions,17031430900,2023,-0.017525904,0.5447931,4
joint_six_dimensions,17031431200,2023,-0.018732343,0.54413575,4
joint_six_dimensions,17031431301,2023,-0.01847447,0.54453814,4
joint_six_dimensions,17031431302,2023,-0.017847724,0.5448762,4
joint_six_dimensions,17031431400,2023,0.022542689,0.54028857,4
joint_six_dimensions,17031440101,2023,-0.017028913,0.5450747,4
joint_six_dimensions,17031440102,2023,-0.016584344,0.5449342,4
joint_six_dimensions,17031440201,2023,-0.016082652,0.54472345,4
joint_six_dimensions,17031440202,2023,-0.015911367,0.5451305,4
joint_six_dimensions,17031440300,2023,-0.015413176,0.5443177,4
joint_six_dimensions,17031440600,2023,-0.016574983,0.54450136,4
joint_six_dimensions,17031440700,2023,-0.01619421,0.54428494,4
joint_six_dimensions,17031440800,2023,-0.017539997,0.54343104,4
joint_six_dimensions,17031440900,2023,-0.016643919,0.54529333,4
joint_six_dimensions,17031450300,2023,-0.019155111,0.54482573,4
joint_six_dimensions,17031460100,2023,0.020383038,0.5402298,4
joint_six_dimensions,17031460200,2023,-0.01953917,0.5436058,4
joint_six_dimensions,17031460301,2023,-0.019053373,0.5444024,4
joint_six_dimensions,17031460302,2023,-0.018839475,0.54397684,4
joint_six_dimensions,17031460400,2023,-0.018489398,0.54437906,4
joint_six_dimensions,17031460500,2023,-0.018044032,0.5449389,4
joint_six_dimensions,17031460800,2023,-0.01903395,0.5435703,4
joint_six_dimensions,17031461000,2023,-0.020238854,0.5443435,4
joint_six_dimensions,17031470100,2023,-0.01856146,0.5450401,4
joint_six_dimensions,17031480100,2023,-0.0177043,0.54473567,4
joint_six_dimensions,17031480200,2023,-0.018103525,0.54466575,4
joint_six_dimensions,17031480300,2023,-0.01754462,0.5448164,4
joint_six_dimensions,17031480400,2023,-0.01943037,0.54419804,4
joint_six_dimensions,17031480500,2023,-0.019238237,0.5436978,4
joint_six_dimensions,17031490200,2023,-0.01616048,0.544198,4
joint_six_dimensions,17031490500,2023,-0.017074425,0.54498214,4
joint_six_dimensions,17031490600,2023,-0.015701532,0.5443512,4
joint_six_dimensions,17031490700,2023,-0.016874388,0.5435464,4
joint_six_dimensions,17031490800,2023,-0.016963564,0.54396576,4
joint_six_dimensions,17031490901,2023,-0.016639661,0.54519653,4
joint_six_dimensions,17031490902,2023,-0.01764039,0.5447879,4
joint_six_dimensions,17031491000,2023,-0.016326807,0.5440507,4
joint_six_dimensions,17031491100,2023,-0.015928302,0.5442065,4
joint_six_dimensions,17031491200,2023,-0.016380757,0.54451615,4
joint_six_dimensions,17031491300,2023,-0.018243045,0.54337037,4
joint_six_dimensions,17031491400,2023,-0.017115463,0.54479206,4
joint_six_dimensions,17031500100,2023,-0.019917898,0.5449053,4
joint_six_dimensions,17031500200,2023,-0.018440552,0.5445399,4
joint_six_dimensions,17031500300,2023,-0.018518072,0.5441596,4
joint_six_dimensions,17031510100,2023,-0.020405356,0.543514,4
joint_six_dimensions,17031510200,2023,-0.019587997,0.5434824,4
joint_six_dimensions,17031510300,2023,-0.019762293,0.54373014,4
joint_six_dimensions,17031520100,2023,-0.021046638,0.54392457,4
joint_six_dimensions,17031520200,2023,-0.020819895,0.5441119,4
joint_six_dimensions,17031520300,2023,-0.021123141,0.54317623,4
joint_six_dimensions,17031520400,2023,-0.021821301,0.5439659,4
joint_six_dimensions,17031520500,2023,-0.0228559,0.54254156,4
joint_six_dimensions,17031520600,2023,-0.022388749,0.54281795,4
joint_six_dimensions,17031530100,2023,-0.017792515,0.5439325,4
joint_six_dimensions,17031530200,2023,-0.017186388,0.54433084,4
joint_six_dimensions,17031530300,2023,-0.015739135,0.544219,4
joint_six_dimensions,17031530400,2023,-0.016661182,0.5442622,4
joint_six_dimensions,17031530501,2023,-0.017362908,0.5441945,4
joint_six_dimensions,17031530502,2023,-0.017821062,0.544021,4
joint_six_dimensions,17031530503,2023,-0.017461058,0.54399,4
joint_six_dimensions,17031530600,2023,-0.018226221,0.54497194,4
joint_six_dimensions,17031540101,2023,-0.020706281,0.5443124,4
joint_six_dimensions,17031540102,2023,-0.019089893,0.5439018,4
joint_six_dimensions,17031550100,2023,-0.023522042,0.54359597,4
joint_six_dimensions,17031550200,2023,-0.02178033,0.54400384,4
joint_six_dimensions,17031560100,2023,-0.14121178,0.7522447,4
joint_six_dimensions,17031560200,2023,-0.14128508,0.7523945,4
joint_six_dimensions,17031560300,2023,-0.1406647,0.7526423,4
joint_six_dimensions,17031560400,2023,-0.14055285,0.7525079,4
joint_six_dimensions,17031560700,2023,-0.14901446,0.752991,4
joint_six_dimensions,17031560800,2023,-0.14754438,0.7527579,4
joint_six_dimensions,17031560900,2023,-0.14510214,0.7523025,4
joint_six_dimensions,17031561000,2023,-0.14334176,0.75253546,4
joint_six_dimensions,17031561100,2023,-0.14436276,0.752521,4
joint_six_dimensions,17031570100,2023,-0.1465036,0.7523424,4
joint_six_dimensions,17031570200,2023,-0.14548706,0.7524001,4
joint_six_dimensions,17031570300,2023,-0.14538345,0.75271785,4
joint_six_dimensions,17031570400,2023,-0.13984625,0.7529624,4
joint_six_dimensions,17031570500,2023,-0.14571811,0.75286436,4
joint_six_dimensions,17031580100,2023,-0.1384645,0.75295633,4
joint_six_dimensions,17031580200,2023,-0.1435647,0.7528783,4
joint_six_dimensions,17031580300,2023,-0.1394223,0.7526616,4
joint_six_dimensions,17031580400,2023,-0.14312412,0.7530254,4
joint_six_dimensions,17031580501,2023,-0.14101486,0.75290465,4
joint_six_dimensions,17031580502,2023,-0.14391261,0.7532513,4
joint_six_dimensions,17031580600,2023,-0.1416777,0.75339234,4
joint_six_dimensions,17031580700,2023,-0.1363362,0.7531421,4
joint_six_dimensions,17031580800,2023,-0.1366037,0.7532901,4
joint_six_dimensions,17031590500,2023,-0.1372888,0.7529784,4
joint_six_dimensions,17031590600,2023,0.0075354753,0.6088018,4
joint_six_dimensions,17031590700,2023,0.0089122355,0.6082255,4
joint_six_dimensions,17031600400,2023,0.12553337,0.6203391,4
joint_six_dimensions,17031600600,2023,0.08843733,0.62821275,4
joint_six_dimensions,17031600700,2023,0.01043972,0.61004454,4
joint_six_dimensions,17031600900,2023,0.008953668,0.6091585,4
joint_six_dimensions,17031610300,2023,0.007956091,0.6073111,4
joint_six_dimensions,17031610400,2023,0.061231997,0.5691918,4
joint_six_dimensions,17031610800,2023,0.062781475,0.5695103,4
joint_six_dimensions,17031611200,2023,0.06117793,0.5692163,4
joint_six_dimensions,17031611300,2023,0.06080541,0.5692345,4
joint_six_dimensions,17031611400,2023,0.060867164,0.56930566,4
joint_six_dimensions,17031611500,2023,-0.1360962,0.75333834,4
joint_six_dimensions,17031611600,2023,0.061508637,0.5696551,4
joint_six_dimensions,17031611700,2023,0.061310843,0.5696416,4
joint_six_dimensions,17031611800,2023,0.062022213,0.56961554,4
joint_six_dimensions,17031611900,2023,0.061752867,0.5695188,4
joint_six_dimensions,17031612000,2023,0.06279921,0.569069,4
joint_six_dimensions,17031612100,2023,0.048491403,0.5694504,4
joint_six_dimensions,17031612200,2023,0.062101062,0.5692452,4
joint_six_dimensions,17031620100,2023,-0.1436273,0.7534827,4
joint_six_dimensions,17031620200,2023,-0.14019834,0.75302696,4
joint_six_dimensions,17031620300,2023,-0.1394772,0.7532189,4
joint_six_dimensions,17031620400,2023,-0.13789354,0.7533497,4
joint_six_dimensions,17031630300,2023,-0.1485166,0.75358576,4
joint_six_dimensions,17031630400,2023,-0.14145951,0.75359243,4
joint_six_dimensions,17031630500,2023,-0.13675481,0.75359946,4
joint_six_dimensions,17031630600,2023,-0.1378585,0.75336266,4
joint_six_dimensions,17031630800,2023,-0.14152081,0.75383043,4
joint_six_dimensions,17031630900,2023,-0.14178155,0.7535156,4
joint_six_dimensions,17031640100,2023,-0.19752584,0.72982895,4
joint_six_dimensions,17031640300,2023,-0.20171957,0.73046,4
joint_six_dimensions,17031640400,2023,-0.17008138,0.73022044,4
joint_six_dimensions,17031640500,2023,-0.17943421,0.7306746,4
joint_six_dimensions,17031640600,2023,-0.1995168,0.7301447,4
joint_six_dimensions,17031640700,2023,-0.19882458,0.7300321,4
joint_six_dimensions,17031640800,2023,-0.19809079,0.73005,4
joint_six_dimensions,17031650100,2023,-0.19837824,0.7304251,4
joint_six_dimensions,17031650200,2023,-0.20014022,0.7303302,4
joint_six_dimensions,17031650301,2023,-0.19937785,0.7306825,4
joint_six_dimensions,17031650302,2023,-0.1978355,0.72997063,4
joint_six_dimensions,17031650400,2023,-0.19585054,0.73023045,4
joint_six_dimensions,17031650500,2023,-0.2042526,0.73115045,4
joint_six_dimensions,17031660301,2023,-0.19472653,0.72999275,4
joint_six_dimensions,17031660302,2023,-0.13676572,0.75374913,4
joint_six_dimensions,17031660400,2023,-0.19780344,0.73042727,4
joint_six_dimensions,17031660500,2023,-0.19633651,0.7300633,4
joint_six_dimensions,17031660600,2023,-0.1946749,0.7300455,4
joint_six_dimensions,17031660700,2023,-0.19402352,0.7298945,4
joint_six_dimensions,17031660800,2023,-0.19406086,0.7299725,4
joint_six_dimensions,17031660900,2023,-0.19729377,0.73032916,4
joint_six_dimensions,17031661000,2023,-0.20749381,0.73031604,4
joint_six_dimensions,17031661100,2023,-0.19422466,0.72983015,4
joint_six_dimensions,17031670100,2023,0.048491336,0.5693171,4
joint_six_dimensions,17031670200,2023,0.062013086,0.56953037,4
joint_six_dimensions,17031670300,2023,0.061665952,0.5694396,4
joint_six_dimensions,17031670400,2023,0.06142864,0.56977105,4
joint_six_dimensions,17031670500,2023,0.061453953,0.5694643,4
joint_six_dimensions,17031670600,2023,0.001624547,0.5449122,4
joint_six_dimensions,17031670700,2023,0.04560043,0.5706279,4
joint_six_dimensions,17031670800,2023,0.047475725,0.5697783,4
joint_six_dimensions,17031670900,2023,0.048170052,0.56986904,4
joint_six_dimensions,17031671100,2023,-0.011823513,0.5455893,4
joint_six_dimensions,17031671200,2023,-0.011743061,0.54601395,4
joint_six_dimensions,17031671300,2023,-0.011363234,0.54563457,4
joint_six_dimensions,17031671400,2023,-0.011287101,0.54582524,4
joint_six_dimensions,17031671500,2023,-0.011818271,0.54636425,4
joint_six_dimensions,17031671600,2023,-0.012055628,0.5453553,4
joint_six_dimensions,17031671800,2023,-0.01401224,0.54438376,4
joint_six_dimensions,17031671900,2023,-0.012605298,0.54521245,4
joint_six_dimensions,17031672000,2023,-0.012152966,0.5453871,4
joint_six_dimensions,17031680500,2023,0.048210092,0.5692947,4
joint_six_dimensions,17031680600,2023,0.04712264,0.5696907,4
joint_six_dimensions,17031680900,2023,-0.013729721,0.5450107,4
joint_six_dimensions,17031681000,2023,-0.012513395,0.54517066,4
joint_six_dimensions,17031681100,2023,-0.013111509,0.5455688,4
joint_six_dimensions,17031681200,2023,-0.013160665,0.54484934,4
joint_six_dimensions,17031681300,2023,-0.014145728,0.54507625,4
joint_six_dimensions,17031681400,2023,-0.013165198,0.5453992,4
joint_six_dimensions,17031690300,2023,-0.01482486,0.5450285,4
joint_six_dimensions,17031690400,2023,-0.014364887,0.54452497,4
joint_six_dimensions,17031690500,2023,-0.01483921,0.545622,4
joint_six_dimensions,17031690900,2023,-0.0153726,0.54544246,4
joint_six_dimensions,17031691000,2023,-0.015807241,0.54471767,4
joint_six_dimensions,17031691100,2023,-0.014117584,0.54471874,4
joint_six_dimensions,17031691200,2023,-0.014638469,0.54463995,4
joint_six_dimensions,17031691300,2023,-0.014969688,0.5451987,4
joint_six_dimensions,17031691400,2023,-0.015442342,0.5452332,4
joint_six_dimensions,17031691500,2023,-0.015985578,0.54418194,4
joint_six_dimensions,17031700100,2023,-0.21127148,0.7318028,4
joint_six_dimensions,17031700200,2023,-0.19471475,0.7302934,4
joint_six_dimensions,17031700301,2023,-0.2010084,0.73099744,4
joint_six_dimensions,17031700302,2023,-0.19585049,0.7305559,4
joint_six_dimensions,17031700401,2023,-0.204434,0.73158294,4
joint_six_dimensions,17031700402,2023,-0.20965758,0.7317331,4
joint_six_dimensions,17031700501,2023,-0.2117204,0.73179555,4
joint_six_dimensions,17031700502,2023,-0.20662959,0.7302358,4
joint_six_dimensions,17031710100,2023,-0.014660865,0.54408157,4
joint_six_dimensions,17031710200,2023,-0.013452858,0.54524994,4
joint_six_dimensions,17031710300,2023,-0.013455067,0.54538226,4
joint_six_dimensions,17031710400,2023,-0.012285221,0.5459865,4
joint_six_dimensions,17031710500,2023,-0.01265078,0.5450658,4
joint_six_dimensions,17031710600,2023,-0.013962597,0.5442933,4
joint_six_dimensions,17031710700,2023,-0.013277385,0.5450318,4
joint_six_dimensions,17031710800,2023,-0.013536181,0.5448022,4
joint_six_dimensions,17031710900,2023,-0.014449168,0.5447744,4
joint_six_dimensions,17031711000,2023,-0.01459026,0.5458061,4
joint_six_dimensions,17031711100,2023,-0.013349555,0.5448223,4
joint_six_dimensions,17031711200,2023,-0.013007268,0.54496026,4
joint_six_dimensions,17031711300,2023,-0.013231769,0.5447597,4
joint_six_dimensions,17031711400,2023,-0.014112651,0.54557085,4
joint_six_dimensions,17031711500,2023,-0.014870785,0.5448793,4
joint_six_dimensions,17031720100,2023,-0.01400876,0.5458051,4
joint_six_dimensions,17031720200,2023,-0.014995441,0.54553103,4
joint_six_dimensions,17031720300,2023,-0.0149167925,0.5453726,4
joint_six_dimensions,17031720400,2023,-0.21167415,0.73158556,4
joint_six_dimensions,17031720500,2023,-0.20954716,0.73048556,4
joint_six_dimensions,17031720600,2023,-0.013936058,0.54572326,4
joint_six_dimensions,17031720700,2023,-0.015584417,0.5454888,4
joint_six_dimensions,17031730100,2023,-0.015285965,0.5449106,4
joint_six_dimensions,17031730201,2023,-0.014027722,0.5445685,4
joint_six_dimensions,17031730202,2023,-0.014587771,0.5446332,4
joint_six_dimensions,17031730300,2023,-0.013626657,0.5446936,4
joint_six_dimensions,17031730400,2023,-0.01467523,0.54449975,4
joint_six_dimensions,17031730500,2023,-0.015296146,0.54426485,4
joint_six_dimensions,17031730600,2023,-0.015021514,0.5443701,4
joint_six_dimensions,17031730700,2023,-0.015527353,0.5448289,4
joint_six_dimensions,17031740100,2023,-0.21100357,0.73184276,4
joint_six_dimensions,17031740200,2023,-0.20913732,0.7304033,4
joint_six_dimensions,17031740300,2023,-0.20641223,0.7305109,4
joint_six_dimensions,17031740400,2023,-0.20887627,0.7315448,4
joint_six_dimensions,17031750100,2023,-0.015558157,0.5442699,4
joint_six_dimensions,17031750200,2023,-0.01447136,0.5455361,4
joint_six_dimensions,17031750300,2023,-0.20758785,0.73061323,4
joint_six_dimensions,17031750400,2023,-0.21099055,0.73193264,4
joint_six_dimensions,17031750500,2023,-0.016489461,0.5452723,4
joint_six_dimensions,17031750600,2023,-0.015932165,0.54423213,4
joint_six_dimensions,17031760801,2023,-0.038063172,0.72918224,4
joint_six_dimensions,17031760802,2023,-0.12095296,0.74317455,4
joint_six_dimensions,17031760803,2023,-0.0075051,0.7036833,4
joint_six_dimensions,17031770500,2023,-0.0055624843,0.7007789,4
joint_six_dimensions,17031770602,2023,-0.009391457,0.7019739,4
joint_six_dimensions,17031770700,2023,-0.0067821145,0.7005157,4
joint_six_dimensions,17031770800,2023,-0.12063366,0.7436202,4
joint_six_dimensions,17031770901,2023,-0.038895115,0.73652565,4
joint_six_dimensions,17031770902,2023,-0.010260146,0.7059759,4
joint_six_dimensions,17031805402,2023,-0.043536622,0.7340989,4
joint_six_dimensions,17031805502,2023,-0.04454968,0.73470324,4
joint_six_dimensions,17031805600,2023,-0.04375675,0.7356878,4
joint_six_dimensions,17031805702,2023,-0.039767973,0.73560107,4
joint_six_dimensions,17031806600,2023,-0.041364603,0.73376846,4
joint_six_dimensions,17031807600,2023,-0.047169343,0.7340346,4
joint_six_dimensions,17031807800,2023,-0.046594612,0.73421127,4
joint_six_dimensions,17031807900,2023,-0.047310106,0.7354107,4
joint_six_dimensions,17031808001,2023,-0.048050173,0.7357749,4
joint_six_dimensions,17031808002,2023,-0.045372732,0.73451436,4
joint_six_dimensions,17031808100,2023,-0.042185813,0.73379153,4
joint_six_dimensions,17031808200,2023,-0.046450272,0.7346463,4
joint_six_dimensions,17031810000,2023,0.022608358,0.6778621,4
joint_six_dimensions,17031810200,2023,-0.049458176,0.73582304,4
joint_six_dimensions,17031810301,2023,-0.04851931,0.7353275,4
joint_six_dimensions,17031810400,2023,-0.036452837,0.73424655,4
joint_six_dimensions,17031810501,2023,-0.009608497,0.70590246,4
joint_six_dimensions,17031810502,2023,-0.038184583,0.73511773,4
joint_six_dimensions,17031810600,2023,-0.039165203,0.736564,4
joint_six_dimensions,17031810701,2023,-0.015478179,0.737506,4
joint_six_dimensions,17031810702,2023,-0.015727386,0.7372463,4
joint_six_dimensions,17031810800,2023,-0.015169993,0.7370175,4
joint_six_dimensions,17031810900,2023,-0.016448647,0.7373893,4
joint_six_dimensions,17031811100,2023,-0.015619881,0.73627967,4
joint_six_dimensions,17031811200,2023,-0.018931791,0.7350203,4
joint_six_dimensions,17031811500,2023,-0.120600276,0.74485475,4
joint_six_dimensions,17031811600,2023,-0.121010765,0.7449738,4
joint_six_dimensions,17031811701,2023,-0.12062024,0.74268216,4
joint_six_dimensions,17031811900,2023,-0.03911394,0.7837502,4
joint_six_dimensions,17031812100,2023,-0.03808219,0.7844824,4
joint_six_dimensions,17031812200,2023,-0.039517872,0.7838942,4
joint_six_dimensions,17031812500,2023,-0.038994044,0.78398585,4
joint_six_dimensions,17031812600,2023,-0.037541874,0.7846476,4
joint_six_dimensions,17031813000,2023,-0.03825137,0.784868,4
joint_six_dimensions,17031813100,2023,-0.14150247,0.7492672,4
joint_six_dimensions,17031813301,2023,-0.14255972,0.7496228,4
joint_six_dimensions,17031813302,2023,-0.14018165,0.74986434,4
joint_six_dimensions,17031813400,2023,-0.14064026,0.74961114,4
joint_six_dimensions,17031813500,2023,-0.14040335,0.7495803,4
joint_six_dimensions,17031813801,2023,-0.13778472,0.7497228,4
joint_six_dimensions,17031814200,2023,-0.14178604,0.7501254,4
joint_six_dimensions,17031820300,2023,-0.14207017,0.7503494,4
joint_six_dimensions,17031820400,2023,-0.10603466,0.7505763,4
joint_six_dimensions,17031820502,2023,-0.20269501,0.727924,4
joint_six_dimensions,17031820700,2023,-0.14178742,0.7499712,4
joint_six_dimensions,17031820800,2023,-0.14211433,0.7504688,4
joint_six_dimensions,17031820901,2023,-0.20545031,0.7283956,4
joint_six_dimensions,17031820902,2023,-0.20131509,0.72817415,4
joint_six_dimensions,17031821102,2023,-0.19815692,0.72803825,4
joint_six_dimensions,17031821200,2023,-0.01832746,0.54311514,4
joint_six_dimensions,17031821401,2023,-0.018682912,0.5429058,4
joint_six_dimensions,17031821402,2023,-0.019311402,0.5428401,4
joint_six_dimensions,17031821500,2023,-0.020384341,0.54262286,4
joint_six_dimensions,17031821600,2023,-0.21064875,0.7272066,4
joint_six_dimensions,17031821700,2023,-0.20640461,0.7271081,4
joint_six_dimensions,17031821900,2023,-0.21088497,0.72735876,4
joint_six_dimensions,17031822000,2023,-0.20571126,0.72699916,4
joint_six_dimensions,17031822101,2023,-0.207381,0.72706485,4
joint_six_dimensions,17031822701,2023,-0.20527183,0.7270148,4
joint_six_dimensions,17031822702,2023,-0.20679463,0.72717047,4
joint_six_dimensions,17031822801,2023,-0.20908056,0.72735244,4
joint_six_dimensions,17031822802,2023,-0.20577884,0.7271952,4
joint_six_dimensions,17031823200,2023,-0.21174839,0.72710943,4
joint_six_dimensions,17031823303,2023,-0.2062073,0.7272604,4
joint_six_dimensions,17031823304,2023,-0.21040408,0.72820926,4
joint_six_dimensions,17031823400,2023,-0.20923543,0.7274825,4
joint_six_dimensions,17031823500,2023,-0.20867477,0.72765285,4
joint_six_dimensions,17031825700,2023,-0.02537825,0.5418924,4
joint_six_dimensions,17031825801,2023,-0.024116434,0.5421879,4
joint_six_dimensions,17031826401,2023,-0.023111314,0.54226977,4
joint_six_dimensions,17031826500,2023,-0.0220468,0.54242444,4
joint_six_dimensions,17031826600,2023,-0.021522075,0.54253143,4
joint_six_dimensions,17031830500,2023,-0.1476007,0.7522658,4
joint_six_dimensions,17031830600,2023,0.029355071,0.66991454,4
joint_six_dimensions,17031830700,2023,0.029822763,0.669899,4
joint_six_dimensions,17031830800,2023,0.02925488,0.67334116,4
joint_six_dimensions,17031830900,2023,0.16336748,0.7118999,4
joint_six_dimensions,17031831000,2023,0.23068443,0.6542285,4
joint_six_dimensions,17031831100,2023,-0.03472829,0.73154426,4
joint_six_dimensions,17031831200,2023,0.062467396,0.7278012,4
joint_six_dimensions,17031831300,2023,0.039552294,0.7721357,4
joint_six_dimensions,17031831400,2023,-0.15052073,0.7509521,4
joint_six_dimensions,17031831500,2023,-0.023806408,0.738148,4
joint_six_dimensions,17031831600,2023,-0.020235948,0.73911345,4
joint_six_dimensions,17031831700,2023,-0.03490921,0.7340687,4
joint_six_dimensions,17031831800,2023,-0.037835103,0.7307809,4
joint_six_dimensions,17031831900,2023,0.13976412,0.65828097,4
joint_six_dimensions,17031832000,2023,0.14190313,0.66099966,4
joint_six_dimensions,17031832100,2023,0.13914835,0.6613813,4
joint_six_dimensions,17031832200,2023,0.16675733,0.71357876,4
joint_six_dimensions,17031832300,2023,0.22932692,0.65137696,4
joint_six_dimensions,17031832400,2023,0.1670968,0.7137522,4
joint_six_dimensions,17031832500,2023,0.23031482,0.651829,4
joint_six_dimensions,17031832600,2023,0.22790939,0.65161085,4
joint_six_dimensions,17031832900,2023,0.12679243,0.6193251,4
joint_six_dimensions,17031833000,2023,0.22614649,0.6511867,4
joint_six_dimensions,17031833100,2023,0.22617826,0.6507048,4
joint_six_dimensions,17031833300,2023,0.12628235,0.6183635,4
joint_six_dimensions,17031833900,2023,-0.019834891,0.5443944,4
joint_six_dimensions,17031834000,2023,-0.01575268,0.54506576,4
joint_six_dimensions,17031834200,2023,-0.017964758,0.54458004,4
joint_six_dimensions,17031834300,2023,-0.016843192,0.54468405,4
joint_six_dimensions,17031834400,2023,-0.015272532,0.54542387,4
joint_six_dimensions,17031834500,2023,0.046677712,0.56971955,4
joint_six_dimensions,17031834600,2023,0.04661225,0.5698384,4
joint_six_dimensions,17031834700,2023,0.04732068,0.56996644,4
joint_six_dimensions,17031834800,2023,0.043940283,0.57032645,4
joint_six_dimensions,17031834900,2023,-0.0120351985,0.5453824,4
joint_six_dimensions,17031835000,2023,-0.19657324,0.729906,4
joint_six_dimensions,17031835100,2023,-0.13636842,0.75377727,4
joint_six_dimensions,17031835200,2023,-0.14674437,0.7527801,4
joint_six_dimensions,17031835500,2023,0.009231256,0.609488,4
joint_six_dimensions,17031835600,2023,0.042423032,0.5701182,4
joint_six_dimensions,17031835800,2023,-0.008217031,0.61106974,4
joint_six_dimensions,17031836000,2023,0.123699725,0.62206167,4
joint_six_dimensions,17031836100,2023,0.044516906,0.57021755,4
joint_six_dimensions,17031836200,2023,0.037975483,0.5707065,4
joint_six_dimensions,17031836300,2023,0.1777862,0.58236396,4
joint_six_dimensions,17031836400,2023,0.12669583,0.6226953,4
joint_six_dimensions,17031836500,2023,0.13488269,0.6222997,4
joint_six_dimensions,17031836600,2023,0.15294527,0.75825226,4
joint_six_dimensions,17031836700,2023,0.14835727,0.7575136,4
joint_six_dimensions,17031836800,2023,0.034453206,0.8071768,4
joint_six_dimensions,17031836900,2023,0.04347934,0.80400586,4
joint_six_dimensions,17031837000,2023,0.04118649,0.8051462,4
joint_six_dimensions,17031837100,2023,0.1483854,0.7569215,4
joint_six_dimensions,17031837300,2023,-0.1402064,0.75161266,4
joint_six_dimensions,17031837400,2023,-0.064301156,0.77115124,4
joint_six_dimensions,17031837800,2023,0.14587149,0.7563362,4
joint_six_dimensions,17031838000,2023,0.14788146,0.7569563,4
joint_six_dimensions,17031838100,2023,0.22682175,0.65058327,4
joint_six_dimensions,17031838200,2023,0.08964059,0.6263252,4
joint_six_dimensions,17031838300,2023,0.2277742,0.65585834,4
joint_six_dimensions,17031838600,2023,-0.13976684,0.7512622,4
joint_six_dimensions,17031838700,2023,-0.14199202,0.7518474,4
joint_six_dimensions,17031838800,2023,-0.02130466,0.54474217,4
joint_six_dimensions,17031839000,2023,0.12576494,0.61806154,4
joint_six_dimensions,17031839100,2023,0.22490531,0.65221435,4
joint_six_dimensions,17031839200,2023,0.12537038,0.61895907,4
joint_six_dimensions,17031839500,2023,0.12425902,0.62232846,4
joint_six_dimensions,17031839600,2023,0.12472342,0.6207909,4
joint_six_dimensions,17031839700,2023,0.008969423,0.6087393,4
joint_six_dimensions,17031839800,2023,0.08672891,0.62857026,4
joint_six_dimensions,17031839900,2023,0.009038215,0.60809,4
joint_six_dimensions,17031840000,2023,0.0875784,0.62808335,4
joint_six_dimensions,17031840100,2023,0.12529273,0.6212867,4
joint_six_dimensions,17031840200,2023,0.0873511,0.6283553,4
joint_six_dimensions,17031840300,2023,-0.1426743,0.75299436,4
joint_six_dimensions,17031840400,2023,0.008882945,0.60645974,4
joint_six_dimensions,17031840700,2023,-0.14567763,0.75193,4
joint_six_dimensions,17031840800,2023,-0.14305684,0.7527697,4
joint_six_dimensions,17031841000,2023,0.12523101,0.6184572,4
joint_six_dimensions,17031841100,2023,0.12432604,0.6191048,4
joint_six_dimensions,17031841200,2023,-0.14171141,0.7521161,4
joint_six_dimensions,17031841300,2023,-0.14837606,0.7523238,4
joint_six_dimensions,17031841500,2023,-0.13881601,0.7515544,4
joint_six_dimensions,17031841700,2023,-0.14485711,0.75225496,4
joint_six_dimensions,17031841800,2023,-0.015853025,0.5443438,4
joint_six_dimensions,17031841900,2023,0.12507159,0.6169275,4
joint_six_dimensions,17031842000,2023,0.124140784,0.6187376,4
joint_six_dimensions,17031842100,2023,-0.04051754,0.78581095,4
joint_six_dimensions,17031842200,2023,0.22787559,0.65093863,4
joint_six_dimensions,17031842300,2023,0.22696778,0.65083975,4
joint_six_dimensions,17031842400,2023,-0.0166804,0.5446063,4
joint_six_dimensions,17031842500,2023,-0.013975456,0.54489267,4
joint_six_dimensions,17031842600,2023,0.009234555,0.60676986,4
joint_six_dimensions,17031842800,2023,-0.13960233,0.7532635,4
joint_six_dimensions,17031842900,2023,0.08906166,0.6259809,4
joint_six_dimensions,17031843000,2023,-0.14797144,0.7516663,4
joint_six_dimensions,17031843100,2023,-0.14388347,0.7521378,4
joint_six_dimensions,17031843200,2023,0.08797781,0.6261672,4
joint_six_dimensions,17031843300,2023,-0.14060745,0.75173175,4
joint_six_dimensions,17031843400,2023,-0.14100425,0.7520071,4
joint_six_dimensions,17031843500,2023,-0.14662884,0.75274295,4
joint_six_dimensions,17031843600,2023,0.17745951,0.58175147,4
joint_six_dimensions,17031843700,2023,-0.036868107,0.73187816,4
joint_six_dimensions,17031843800,2023,0.047081217,0.5699317,4
joint_six_dimensions,17031843900,2023,0.020881854,0.539259,4
joint_six_dimensions,17031844600,2023,-0.009813309,0.611331,4
joint_six_dimensions,17031844700,2023,-0.14060636,0.7520576,4
joint_six_dimensions,17043840000,2023,-0.1190031,0.73985726,4
joint_six_dimensions,17043840801,2023,-0.1209068,0.74274564,4
joint_six_dimensions,17043840802,2023,-0.120829165,0.74265754,4
