x,mean,lo90,hi90,lo50,hi50,scenario,moderator,panel_family
14.85,-0.072615814102293,-0.13821317846725445,-0.007018449737331539,-0.09951471208268425,-0.04571691612190173,joint_six_dimensions,mod__median_household_income,package_by_moderator
15.736353296089385,-0.07143718579453646,-0.13423206110740984,-0.008642310481663085,-0.09718689328788514,-0.04568747830118779,joint_six_dimensions,mod__median_household_income,package_by_moderator
16.62270659217877,-0.07029276956459898,-0.13038227335624106,-0.01020326577295691,-0.09493311064889834,-0.04565242848029963,joint_six_dimensions,mod__median_household_income,package_by_moderator
17.509059888268155,-0.06918219601722644,-0.1266633965407803,-0.011700995493672608,-0.09275297456361836,-0.04561141747083452,joint_six_dimensions,mod__median_household_income,package_by_moderator
18.39541318435754,-0.06810509575716471,-0.12307507306836599,-0.013135118445963427,-0.0906461204765699,-0.045564071037759515,joint_six_dimensions,mod__median_household_income,package_by_moderator
19.281766480446926,-0.06706109938915968,-0.11961700583996077,-0.014505192938358592,-0.08861220863833258,-0.04550999013998677,joint_six_dimensions,mod__median_household_income,package_by_moderator
20.168119776536308,-0.06604983751795722,-0.11628895592457578,-0.015810719111338654,-0.0866509231519139,-0.045448751884000535,joint_six_dimensions,mod__median_household_income,package_by_moderator
21.054473072625694,-0.0650709407483032,-0.11309073795400663,-0.017051143542599775,-0.0847619700843117,-0.04537991141229471,joint_six_dimensions,mod__median_household_income,package_by_moderator
21.94082636871508,-0.06412403968494353,-0.11002221259809111,-0.018225866771795933,-0.08294507438091336,-0.04530300498897369,joint_six_dimensions,mod__median_household_income,package_by_moderator
22.827179664804465,-0.06320876493262406,-0.10708327538515415,-0.019334254480093974,-0.08119997528120024,-0.04521755458404788,joint_six_dimensions,mod__median_household_income,package_by_moderator
23.71353296089385,-0.06232474709609069,-0.10427384105306664,-0.020375653139114748,-0.07952641990173263,-0.04512307429044875,joint_six_dimensions,mod__median_household_income,package_by_moderator
24.599886256983233,-0.06147161678008929,-0.10159382257229643,-0.021349410987882157,-0.07792415463432839,-0.04501907892585019,joint_six_dimensions,mod__median_household_income,package_by_moderator
25.486239553072622,-0.06064900458936574,-0.09904310399916888,-0.022254905179562613,-0.07639291401425322,-0.04490509516447826,joint_six_dimensions,mod__median_household_income,package_by_moderator
26.372592849162004,-0.05985654112866593,-0.0966215064275516,-0.023091575829780255,-0.07493240675834643,-0.04478067549898543,joint_six_dimensions,mod__median_household_income,package_by_moderator
27.25894614525139,-0.05909385700273572,-0.09432874654705126,-0.023858967458420186,-0.07354229877136798,-0.04464541523410346,joint_six_dimensions,mod__median_household_income,package_by_moderator
28.145299441340775,-0.05836058281632101,-0.09216438772168886,-0.024556777910953155,-0.07222219308528832,-0.0444989725473537,joint_six_dimensions,mod__median_household_income,package_by_moderator
29.031652737430157,-0.057656349174167676,-0.09012778410166923,-0.02518491424666612,-0.07097160694172404,-0.04434109140661131,joint_six_dimensions,mod__median_household_income,package_by_moderator
29.918006033519546,-0.05698078668102159,-0.08821801907699857,-0.025743554285044618,-0.06978994655418827,-0.04417162680785492,joint_six_dimensions,mod__median_household_income,package_by_moderator
30.80435932960893,-0.05633352594162864,-0.08643384034281837,-0.026233211540438915,-0.06867648048093912,-0.04399057140231816,joint_six_dimensions,mod__median_household_income,package_by_moderator
31.69071262569831,-0.055714197560734695,-0.08477359488861795,-0.026654800232851435,-0.06763031296661387,-0.043798082154855526,joint_six_dimensions,mod__median_household_income,package_by_moderator
32.5770659217877,-0.05512243214308564,-0.08323516820515292,-0.027009696081018365,-0.06665035901337825,-0.04359450527279303,joint_six_dimensions,mod__median_household_income,package_by_moderator
33.46341921787708,-0.05455786029342736,-0.08181593273222447,-0.027299787854630244,-0.06573532324138934,-0.04338039734546537,joint_six_dimensions,mod__median_household_income,package_by_moderator
34.34977251396647,-0.05402011261650573,-0.08051271083490802,-0.02752751439810345,-0.06488368470680364,-0.043156540526207814,joint_six_dimensions,mod__median_household_income,package_by_moderator
35.23612581005585,-0.053508819717066634,-0.07932175721197865,-0.027695882222154623,-0.06409368968816463,-0.04292394974596863,joint_six_dimensions,mod__median_household_income,package_by_moderator
36.12247910614524,-0.053023612199855935,-0.07823876451536915,-0.027808459884342714,-0.06336335399072134,-0.042683870408990535,joint_six_dimensions,mod__median_household_income,package_by_moderator
37.008832402234624,-0.05256412066961954,-0.07725889414421704,-0.027869347195022043,-0.06269047557385535,-0.04243776576538374,joint_six_dimensions,mod__median_household_income,package_by_moderator
37.895185698324006,-0.05212997573110331,-0.07637683188607998,-0.02788311957612664,-0.06207265736735388,-0.042187294094852744,joint_six_dimensions,mod__median_household_income,package_by_moderator
38.781538994413395,-0.05172080798905314,-0.07558686566069142,-0.027854750317414863,-0.061507339151064856,-0.04193427682704142,joint_six_dimensions,mod__median_household_income,package_by_moderator
39.66789229050278,-0.051336248048214884,-0.07488298048473639,-0.027789515611693374,-0.060991836496214785,-0.041680659600214984,joint_six_dimensions,mod__median_household_income,package_by_moderator
40.55424558659217,-0.05097592651333445,-0.07425896427977555,-0.027692888746893348,-0.060523384153075004,-0.041428468873593895,joint_six_dimensions,mod__median_household_income,package_by_moderator
41.44059888268155,-0.0506394739891577,-0.07370851751091886,-0.02757043046739653,-0.060099181009467706,-0.04117976696884769,joint_six_dimensions,mod__median_household_income,package_by_moderator
42.32695217877093,-0.05032652108043052,-0.07322535990502657,-0.027427682255834467,-0.05971643385170096,-0.040936608309160086,joint_six_dimensions,mod__median_household_income,package_by_moderator
43.21330547486032,-0.05003669839189879,-0.07280332851047977,-0.027270068273317814,-0.0593723975750221,-0.04070099920877548,joint_six_dimensions,mod__median_household_income,package_by_moderator
44.0996587709497,-0.049769636528308396,-0.07243646286327113,-0.027102810193345667,-0.05906441010688046,-0.04047486294973633,joint_six_dimensions,mod__median_household_income,package_by_moderator
44.98601206703909,-0.0495249660944052,-0.07211907471481235,-0.026930857473998048,-0.05878992099955748,-0.040260011189252924,joint_six_dimensions,mod__median_household_income,package_by_moderator
45.87236536312847,-0.049302317694935094,-0.07184580138777016,-0.02675883400210003,-0.0585465133092956,-0.04005812208057459,joint_six_dimensions,mod__median_household_income,package_by_moderator
46.758718659217855,-0.04910132193464397,-0.07161164316932059,-0.02659100069996735,-0.058331918929800504,-0.039870724939487436,joint_six_dimensions,mod__median_household_income,package_by_moderator
47.645071955307245,-0.04892160941827768,-0.0714119861317223,-0.02643123270483307,-0.058144027950060254,-0.03969919088649511,joint_six_dimensions,mod__median_household_income,package_by_moderator
48.53142525139663,-0.04876281075058213,-0.07124261237523485,-0.026283009125929402,-0.05798089285456306,-0.0395447286466012,joint_six_dimensions,mod__median_household_income,package_by_moderator
49.417778547486016,-0.048624556536303175,-0.07109969996230993,-0.026149413110296418,-0.05784072849631165,-0.0394083845762947,joint_six_dimensions,mod__median_household_income,package_by_moderator
50.3041318435754,-0.04850647738018672,-0.07097981482848861,-0.026033139931884837,-0.05772190877980061,-0.039291045980572835,joint_six_dimensions,mod__median_household_income,package_by_moderator
51.19048513966479,-0.048408203886978626,-0.07087989679551666,-0.025936510978440592,-0.057622960925545225,-0.03919344684841203,joint_six_dimensions,mod__median_household_income,package_by_moderator
52.07683843575417,-0.04832936666142479,-0.07079724154913897,-0.025861491773710606,-0.057542558079884204,-0.03911617524296537,joint_six_dimensions,mod__median_household_income,package_by_moderator
52.96319173184355,-0.04826959630827107,-0.07072948013607144,-0.025809712480470703,-0.05747951090749457,-0.039059681709047576,joint_six_dimensions,mod__median_household_income,package_by_moderator
53.84954502793294,-0.04822852343226336,-0.07067455722310753,-0.025782489641419184,-0.057432758676306726,-0.03902428818821999,joint_six_dimensions,mod__median_household_income,package_by_moderator
54.73589832402232,-0.04820577863814754,-0.07063070907221455,-0.025780848204080525,-0.0574013602259581,-0.03901019705033698,joint_six_dimensions,mod__median_household_income,package_by_moderator
55.62225162011171,-0.048200992530669486,-0.07059644193266343,-0.02580554312867555,-0.05738448510725577,-0.0390174999540832,joint_six_dimensions,mod__median_household_income,package_by_moderator
56.508604916201094,-0.04821379571457508,-0.07057051133983183,-0.02585708008931834,-0.05738140509343025,-0.039046186335719914,joint_six_dimensions,mod__median_household_income,package_by_moderator
57.39495821229048,-0.048243818794610205,-0.07055190263978378,-0.025935734949436625,-0.05739148619403181,-0.0390961513951886,joint_six_dimensions,mod__median_household_income,package_by_moderator
58.281311508379865,-0.048290692375520736,-0.07053981292526208,-0.026041571825779385,-0.05741418124759184,-0.039167203503449634,joint_six_dimensions,mod__median_household_income,package_by_moderator
59.16766480446925,-0.04835404706205255,-0.07053363446699944,-0.02617445965710566,-0.057449023127455444,-0.03925907099664965,joint_six_dimensions,mod__median_household_income,package_by_moderator
60.054018100558636,-0.048433513458951534,-0.0705329396485134,-0.026334087269389662,-0.057495618564133696,-0.03937140835376937,joint_six_dimensions,mod__median_household_income,package_by_moderator
60.94037139664802,-0.04852872217096356,-0.07053746735730765,-0.026519976984619463,-0.05755364256487068,-0.03950380177705644,joint_six_dimensions,mod__median_household_income,package_by_moderator
61.82672469273741,-0.048639303802834516,-0.07054711074577,-0.026731496859899027,-0.057622833394869455,-0.03965577421079958,joint_six_dimensions,mod__median_household_income,package_by_moderator
62.71307798882679,-0.048764888959310276,-0.07056190624688974,-0.026967871671730818,-0.05770298807306983,-0.03982678984555072,joint_six_dimensions,mod__median_household_income,package_by_moderator
63.59943128491617,-0.048905108245136726,-0.07058202370982776,-0.027228192780445696,-0.05779395832713395,-0.0400162581631395,joint_six_dimensions,mod__median_household_income,package_by_moderator
64.48578458100556,-0.04905959226505974,-0.0706077575056886,-0.027511427024430875,-0.05789564694627329,-0.04022353758384618,joint_six_dimensions,mod__median_household_income,package_by_moderator
65.37213787709494,-0.049227971623825195,-0.07063951844252951,-0.02781642480512088,-0.05800800446591203,-0.04044793878173836,joint_six_dimensions,mod__median_household_income,package_by_moderator
66.25849117318432,-0.04940987692617897,-0.07067782631923092,-0.02814192753312702,-0.058131026114322346,-0.0406887277380356,joint_six_dimensions,mod__median_household_income,package_by_moderator
67.1448444692737,-0.04960493877686697,-0.07072330293938411,-0.028486574614349815,-0.058264748947894615,-0.04094512860583932,joint_six_dimensions,mod__median_household_income,package_by_moderator
68.03119776536309,-0.04981278778063503,-0.07077666539832574,-0.02884891016294433,-0.058409249098414405,-0.04121632646285566,joint_six_dimensions,mod__median_household_income,package_by_moderator
68.91755106145249,-0.05003305454222908,-0.07083871944880715,-0.02922738963565101,-0.05856463905258457,-0.04150147003187359,joint_six_dimensions,mod__median_household_income,package_by_moderator
69.80390435754187,-0.050265369666394964,-0.07091035274390137,-0.029620386588888565,-0.0587310648812072,-0.04179967445158273,joint_six_dimensions,mod__median_household_income,package_by_moderator
70.69025765363125,-0.050509363757878574,-0.07099252775042848,-0.03002619976532867,-0.05890870333325829,-0.04211002418249886,joint_six_dimensions,mod__median_household_income,package_by_moderator
71.57661094972063,-0.05076466742142579,-0.0710862741236643,-0.030443060719187277,-0.05909775870905576,-0.04243157613379582,joint_six_dimensions,mod__median_household_income,package_by_moderator
72.46296424581001,-0.05103091126178248,-0.07119268033604687,-0.030869142187518107,-0.059298459427521405,-0.04276336309604356,joint_six_dimensions,mod__median_household_income,package_by_moderator
73.34931754189941,-0.05130772588369455,-0.07131288436104823,-0.03130256740634087,-0.05951105420600331,-0.04310439756138578,joint_six_dimensions,mod__median_household_income,package_by_moderator
74.23567083798879,-0.05159474189190786,-0.07144806323063844,-0.031741420553177274,-0.05973580777820267,-0.04345367600561305,joint_six_dimensions,mod__median_household_income,package_by_moderator
75.12202413407817,-0.05189158989116829,-0.07159942131323595,-0.032183758469100626,-0.059972996087422535,-0.04381018369491404,joint_six_dimensions,mod__median_household_income,package_by_moderator
76.00837743016756,-0.05219790048622172,-0.07176817720094006,-0.03262762377150339,-0.0602229009095378,-0.04417290006290564,joint_six_dimensions,mod__median_household_income,package_by_moderator
76.89473072625694,-0.052513304281814034,-0.07195554915186131,-0.03307105941176676,-0.06048580388346772,-0.04454080468016035,joint_six_dimensions,mod__median_household_income,package_by_moderator
77.78108402234633,-0.052837431882691126,-0.07216273910620082,-0.033512124659181436,-0.06076197995679897,-0.044912883808583284,joint_six_dimensions,mod__median_household_income,package_by_moderator
78.66743731843572,-0.05316991389359885,-0.07239091538258506,-0.03394891240461263,-0.061051690290233385,-0.04528813749696431,joint_six_dimensions,mod__median_household_income,package_by_moderator
79.5537906145251,-0.05351038091928309,-0.07264119426129308,-0.034379567577273104,-0.06135517470559419,-0.04566558713297199,joint_six_dimensions,mod__median_household_income,package_by_moderator
80.44014391061448,-0.05385846356448974,-0.07291462076838215,-0.034802306360597335,-0.06167264380615197,-0.04604428332282751,joint_six_dimensions,mod__median_household_income,package_by_moderator
81.32649720670386,-0.05421379243396468,-0.07321214908193643,-0.03521543578599293,-0.062004270941998264,-0.046423313925931096,joint_six_dimensions,mod__median_household_income,package_by_moderator
82.21285050279324,-0.05457599813245378,-0.07353462307929265,-0.035617373185614906,-0.06235018423322821,-0.046801812031679345,joint_six_dimensions,mod__median_household_income,package_by_moderator
83.09920379888264,-0.05494471126470292,-0.0738827576214348,-0.03600666490797104,-0.0627104588954073,-0.04717896363399854,joint_six_dimensions,mod__median_household_income,package_by_moderator
83.98555709497202,-0.055319562435457985,-0.0742571212170649,-0.03638200365385107,-0.06308511013078888,-0.04755401474012709,joint_six_dimensions,mod__median_household_income,package_by_moderator
84.8719103910614,-0.05570018224946485,-0.07465812071496984,-0.03674224378395986,-0.06347408685125615,-0.04792627764767356,joint_six_dimensions,mod__median_household_income,package_by_moderator
85.75826368715079,-0.056086201311469394,-0.07508598863326843,-0.03708641398967036,-0.06387726648254495,-0.048295136140393845,joint_six_dimensions,mod__median_household_income,package_by_moderator
86.64461698324017,-0.0564772502262175,-0.07554077364665801,-0.037413726805777,-0.06429445106343791,-0.048660049388997095,joint_six_dimensions,mod__median_household_income,package_by_moderator
87.53097027932957,-0.056872959598455064,-0.07602233462211382,-0.03772358457479631,-0.06472536480003944,-0.04902055439687068,joint_six_dimensions,mod__median_household_income,package_by_moderator
88.41732357541895,-0.05727296003292793,-0.07653033842932339,-0.03801558163653247,-0.06516965316792103,-0.049376266897934826,joint_six_dimensions,mod__median_household_income,package_by_moderator
89.30367687150833,-0.057676882134382004,-0.07706426156861496,-0.03828950270014905,-0.06562688357967063,-0.04972688068909338,joint_six_dimensions,mod__median_household_income,package_by_moderator
90.19003016759771,-0.05808435650756316,-0.07762339547300295,-0.03854531754212336,-0.06609654755905288,-0.050072165456073445,joint_six_dimensions,mod__median_household_income,package_by_moderator
91.0763834636871,-0.05849501375721728,-0.07820685516918942,-0.03878317234524514,-0.06657806429254501,-0.050411963221889546,joint_six_dimensions,mod__median_household_income,package_by_moderator
91.96273675977649,-0.058908484488090246,-0.07881359083971196,-0.039003378136468536,-0.06707078537051878,-0.050746183605661715,joint_six_dimensions,mod__median_household_income,package_by_moderator
92.84909005586587,-0.05932439930492792,-0.07944240172558964,-0.039206396884266206,-0.06757400048816842,-0.05107479812168743,joint_six_dimensions,mod__median_household_income,package_by_moderator
93.73544335195525,-0.0597423888124762,-0.08009195175121153,-0.039392825873740864,-0.06808694385266274,-0.051397833772289646,joint_six_dimensions,mod__median_household_income,package_by_moderator
94.62179664804464,-0.06016208361548096,-0.08076078624084493,-0.039563380990117,-0.06860880103792734,-0.05171536619303459,joint_six_dimensions,mod__median_household_income,package_by_moderator
95.50814994413402,-0.06058311431868809,-0.08144734912429745,-0.03971887951307873,-0.06913871604000954,-0.05202751259736664,joint_six_dimensions,mod__median_household_income,package_by_moderator
96.39450324022341,-0.06100511152684346,-0.08215000008982899,-0.039860222963857925,-0.06967579831081276,-0.052334424742874155,joint_six_dimensions,mod__median_household_income,package_by_moderator
97.2808565363128,-0.06142770584469293,-0.08286703122544427,-0.0399883804639416,-0.07021912958203567,-0.052636282107350184,joint_six_dimensions,mod__median_household_income,package_by_moderator
98.16720983240218,-0.06185052787698242,-0.08359668278498947,-0.04010437296897538,-0.0707677703302282,-0.05293328542373664,joint_six_dimensions,mod__median_household_income,package_by_moderator
99.05356312849156,-0.062273208228457784,-0.0843371578137701,-0.04020925864314547,-0.07132076577418175,-0.053225650682733806,joint_six_dimensions,mod__median_household_income,package_by_moderator
99.93991642458096,-0.0626953775038649,-0.08508663546221515,-0.04030411954551467,-0.07187715133433915,-0.053513603673390656,joint_six_dimensions,mod__median_household_income,package_by_moderator
100.82626972067034,-0.06311666630794968,-0.08584328290008289,-0.04039004971581647,-0.07243595751834156,-0.053797375097557804,joint_six_dimensions,mod__median_household_income,package_by_moderator
101.71262301675972,-0.06353670524545796,-0.08660526581463696,-0.040468144676278954,-0.0729962142259174,-0.054077196264998524,joint_six_dimensions,mod__median_household_income,package_by_moderator
102.5989763128491,-0.06395512492113564,-0.08737075753278839,-0.040539492309482894,-0.07355695448951391,-0.054353295352757375,joint_six_dimensions,mod__median_household_income,package_by_moderator
103.48532960893849,-0.0643715559397286,-0.08813794684956155,-0.04060516502989564,-0.07411721768444297,-0.05462589419501422,joint_six_dimensions,mod__median_household_income,package_by_moderator
104.37168290502788,-0.06478562890598272,-0.08890504467458539,-0.040666213137380045,-0.07467605225434562,-0.054895205557619814,joint_six_dimensions,mod__median_household_income,package_by_moderator
105.25803620111726,-0.06519697442464388,-0.08967028962644294,-0.04072365922284482,-0.07523251800521466,-0.055161430844073094,joint_six_dimensions,mod__median_household_income,package_by_moderator
106.14438949720665,-0.06560522310045797,-0.09043195271371147,-0.040778493487204456,-0.07578568802490504,-0.05542475817601089,joint_six_dimensions,mod__median_household_income,package_by_moderator
107.03074279329603,-0.06601000553817082,-0.09118834124348171,-0.04083166983285994,-0.07633465028586378,-0.05568536079047787,joint_six_dimensions,mod__median_household_income,package_by_moderator
107.91709608938541,-0.06641095234252839,-0.09193780209500209,-0.04088410259005469,-0.07687850898752271,-0.055943395697534065,joint_six_dimensions,mod__median_household_income,package_by_moderator
108.8034493854748,-0.0668076941182765,-0.09267872448952838,-0.04093666374702463,-0.07741638569210475,-0.05619900254444825,joint_six_dimensions,mod__median_household_income,package_by_moderator
109.68980268156419,-0.06719986147016105,-0.09340954237887145,-0.04099018056145065,-0.07794742030407341,-0.05645230263624868,joint_six_dimensions,mod__median_household_income,package_by_moderator
110.57615597765357,-0.06758708500292793,-0.0941287365656165,-0.04104543344023935,-0.07847077193955126,-0.05670339806630459,joint_six_dimensions,mod__median_household_income,package_by_moderator
111.46250927374295,-0.067968995321323,-0.09483483665836764,-0.04110315398427836,-0.07898561972808879,-0.05695237091455722,joint_six_dimensions,mod__median_household_income,package_by_moderator
112.34886256983233,-0.06834522303009213,-0.09552642295624622,-0.04116402310393805,-0.07949116358542296,-0.057199282474761304,joint_six_dimensions,mod__median_household_income,package_by_moderator
113.23521586592173,-0.06871539873398125,-0.09620212834864378,-0.04122866911931872,-0.07998662499249132,-0.05744417247547117,joint_six_dimensions,mod__median_household_income,package_by_moderator
114.12156916201111,-0.06907915303773618,-0.09686064030915023,-0.04129766576632213,-0.08047124781306328,-0.05768705826240909,joint_six_dimensions,mod__median_household_income,package_by_moderator
115.0079224581005,-0.06943611654610284,-0.09750070305678903,-0.041371530035416645,-0.08094429917997772,-0.057927933912227954,joint_six_dimensions,mod__median_household_income,package_by_moderator
115.89427575418988,-0.0697859198638271,-0.09812111995323511,-0.041450719774419074,-0.08140507047814778,-0.05816676924950641,joint_six_dimensions,mod__median_household_income,package_by_moderator
116.78062905027926,-0.07012819359565482,-0.0987207562015707,-0.04153563098973895,-0.0818528784512143,-0.05840350874009533,joint_six_dimensions,mod__median_household_income,package_by_moderator
117.66698234636866,-0.07046256834633191,-0.09929854191028271,-0.04162659478238111,-0.08228706645797076,-0.05863807023469306,joint_six_dimensions,mod__median_household_income,package_by_moderator
118.55333564245804,-0.07078867472060425,-0.0998534755855443,-0.0417238738556642,-0.08270700590441034,-0.05887034353679817,joint_six_dimensions,mod__median_household_income,package_by_moderator
119.43968893854742,-0.07110614332321769,-0.10038462811523034,-0.04182765853120503,-0.08311209787741403,-0.059100188769021345,joint_six_dimensions,mod__median_household_income,package_by_moderator
120.3260422346368,-0.07141460475891813,-0.10089114730945027,-0.04193806220838599,-0.08350177500664448,-0.05932743451119179,joint_six_dimensions,mod__median_household_income,package_by_moderator
121.21239553072618,-0.07171368963245144,-0.10137226306446256,-0.04205511620044031,-0.08387550358206405,-0.05955187568283882,joint_six_dimensions,mod__median_household_income,package_by_moderator
122.09874882681558,-0.07200302854856351,-0.10182729321944733,-0.04217876387767969,-0.08423278595556696,-0.05977327114156006,joint_six_dimensions,mod__median_household_income,package_by_moderator
122.98510212290496,-0.07228225211200022,-0.10225565017847288,-0.042308854045527554,-0.084573163256387,-0.05999134096761344,joint_six_dimensions,mod__median_household_income,package_by_moderator
123.87145541899434,-0.07255099092750744,-0.10265684837275159,-0.042445133482263295,-0.0848962184510752,-0.06020576340393968,joint_six_dimensions,mod__median_household_income,package_by_moderator
124.75780871508373,-0.07280887559983107,-0.10303051264047071,-0.04258723855919143,-0.08520157977973866,-0.060416171419923476,joint_six_dimensions,mod__median_household_income,package_by_moderator
125.64416201117311,-0.07305553673371695,-0.10337638760251083,-0.04273468586492308,-0.08548892460065376,-0.06062214886678015,joint_six_dimensions,mod__median_household_income,package_by_moderator
126.5305153072625,-0.07329060493391101,-0.10369434811144981,-0.04288686175637221,-0.08575798367499153,-0.060823226192830496,joint_six_dimensions,mod__median_household_income,package_by_moderator
127.41686860335189,-0.07351371080515909,-0.10398441084737962,-0.04304301076293855,-0.08600854592180586,-0.06101887568851232,joint_six_dimensions,mod__median_household_income,package_by_moderator
128.30322189944127,-0.0737244849522071,-0.10424674712595357,-0.04320222277846063,-0.08624046367010972,-0.061208506234304474,joint_six_dimensions,mod__median_household_income,package_by_moderator
129.18957519553067,-0.07392255797980088,-0.10448169697010212,-0.043363418989499636,-0.08645365842913207,-0.06139145753046969,joint_six_dimensions,mod__median_household_income,package_by_moderator
130.07592849162003,-0.07410756049268637,-0.10468978447497065,-0.04352533651040208,-0.0866481271888743,-0.061566993796498444,joint_six_dimensions,mod__median_household_income,package_by_moderator
130.96228178770943,-0.07427912309560938,-0.10487173446338338,-0.043686511727835386,-0.08682394924986053,-0.061734296941358235,joint_six_dimensions,mod__median_household_income,package_by_moderator
131.84863508379883,-0.07443687639331584,-0.10502849038359396,-0.04384526240303771,-0.08698129356230105,-0.06189245922433062,joint_six_dimensions,mod__median_household_income,package_by_moderator
132.7349883798882,-0.07458045099055159,-0.10516123333889035,-0.04399966864221283,-0.08712042652938431,-0.06204047545171886,joint_six_dimensions,mod__median_household_income,package_by_moderator
133.6213416759776,-0.07470947749206258,-0.10527140205614115,-0.044147552927984016,-0.08724172019559222,-0.062177234788532945,joint_six_dimensions,mod__median_household_income,package_by_moderator
134.50769497206696,-0.0748235865025946,-0.10536071349390255,-0.04428645951128665,-0.08734566069727369,-0.062301512307915516,joint_six_dimensions,mod__median_household_income,package_by_moderator
135.39404826815635,-0.07492240862689362,-0.10543118365699052,-0.04441363359679672,-0.08743285679788192,-0.062411960455905316,joint_six_dimensions,mod__median_household_income,package_by_moderator
136.28040156424575,-0.07500557446970543,-0.1054851480213188,-0.04452600091809207,-0.08750404826339657,-0.0625071006760143,joint_six_dimensions,mod__median_household_income,package_by_moderator
137.16675486033512,-0.07507271463577597,-0.10552528078040073,-0.044620148491151215,-0.08756011375455701,-0.06258531551699494,joint_six_dimensions,mod__median_household_income,package_by_moderator
138.0531081564245,-0.07512345972985111,-0.10555461190691437,-0.04469230755278786,-0.0876020778231387,-0.06264484163656353,joint_six_dimensions,mod__median_household_income,package_by_moderator
138.93946145251388,-0.07515744035667672,-0.10557654078830667,-0.04473833992504678,-0.08763111650337796,-0.06268376420997548,joint_six_dimensions,mod__median_household_income,package_by_moderator
139.82581474860328,-0.07517428712099868,-0.10559484496115984,-0.04475372928083751,-0.087648560893592,-0.06270001334840535,joint_six_dimensions,mod__median_household_income,package_by_moderator
140.71216804469267,-0.07517363062756288,-0.10561368226089993,-0.04473357899422584,-0.08765589803768975,-0.06269136321743601,joint_six_dimensions,mod__median_household_income,package_by_moderator
141.59852134078204,-0.07515510148111519,-0.10563758455780516,-0.04467261840442523,-0.08765476835655533,-0.06265543460567505,joint_six_dimensions,mod__median_household_income,package_by_moderator
142.48487463687144,-0.07511833028640148,-0.10567144121359455,-0.044565219359208416,-0.08764695886424613,-0.06258970170855684,joint_six_dimensions,mod__median_household_income,package_by_moderator
143.3712279329608,-0.07506294764816765,-0.1057204705183761,-0.04440542477795919,-0.08763439145540901,-0.0624915038409263,joint_six_dimensions,mod__median_household_income,package_by_moderator
144.2575812290502,-0.07498858417115958,-0.10579017770844024,-0.04418699063387893,-0.08761910569002943,-0.06235806265228974,joint_six_dimensions,mod__median_household_income,package_by_moderator
145.14393452513957,-0.07489487046012314,-0.10588629876277528,-0.04390344215747099,-0.0876032357465939,-0.06218650517365237,joint_six_dimensions,mod__median_household_income,package_by_moderator
146.03028782122897,-0.07478143711980421,-0.10601473004506656,-0.043548144194541866,-0.08758898157104235,-0.06197389266856608,joint_six_dimensions,mod__median_household_income,package_by_moderator
146.91664111731836,-0.07464791475494865,-0.10618144497024487,-0.043114384539652446,-0.08757857470499857,-0.061717254804898744,joint_six_dimensions,mod__median_household_income,package_by_moderator
147.80299441340773,-0.0744939339703024,-0.10639240014664006,-0.04259546779396475,-0.0875742397983607,-0.061413628142244124,joint_six_dimensions,mod__median_household_income,package_by_moderator
148.68934770949713,-0.07431912537061129,-0.10665343473405173,-0.04198481600717086,-0.08757815334000592,-0.061060097401216665,joint_six_dimensions,mod__median_household_income,package_by_moderator
149.5757010055865,-0.0741231195606212,-0.10697016787607588,-0.04127607124516652,-0.08759240159882367,-0.06065383752241873,joint_six_dimensions,mod__median_household_income,package_by_moderator
150.4620543016759,-0.07390554714507802,-0.10734789980761647,-0.040463194482539565,-0.08761894007179727,-0.060192154218358766,joint_six_dimensions,mod__median_household_income,package_by_moderator
151.3484075977653,-0.07366603872872762,-0.10779152243059331,-0.03954055502686193,-0.08765955681462045,-0.05967252064283479,joint_six_dimensions,mod__median_household_income,package_by_moderator
152.23476089385466,-0.07340422491631594,-0.10830544469414982,-0.038503005138482066,-0.08771584184305677,-0.05909260798957512,joint_six_dimensions,mod__median_household_income,package_by_moderator
153.12111418994405,-0.07311973631258878,-0.10889353702438112,-0.03734593560079643,-0.08778916434575754,-0.05845030827942002,joint_six_dimensions,mod__median_household_income,package_by_moderator
154.00746748603342,-0.07281220352229205,-0.10955909745800493,-0.03606530958657916,-0.08788065879701307,-0.05774374824757104,joint_six_dimensions,mod__median_household_income,package_by_moderator
154.89382078212282,-0.0724812571501716,-0.11030484027652349,-0.03465767402381972,-0.0879912202960695,-0.05697129400427371,joint_six_dimensions,mod__median_household_income,package_by_moderator
155.7801740782122,-0.07212652780097342,-0.11113290608931341,-0.03312014951263344,-0.0881215087018074,-0.05613154690013944,joint_six_dimensions,mod__median_household_income,package_by_moderator
156.66652737430158,-0.07174764607944326,-0.1120448907347852,-0.03145040142410131,-0.08827196048396982,-0.05522333167491669,joint_six_dimensions,mod__median_household_income,package_by_moderator
157.55288067039098,-0.07134424259032704,-0.11304188924520692,-0.029646595935447155,-0.08844280675140676,-0.05424567842924733,joint_six_dimensions,mod__median_household_income,package_by_moderator
158.43923396648034,-0.0709159479383707,-0.11412455053790727,-0.027707345338834115,-0.08863409567878541,-0.05319780019795597,joint_six_dimensions,mod__median_household_income,package_by_moderator
159.32558726256974,-0.07046239272832,-0.11529313843591857,-0.025631647020721425,-0.08884571752875486,-0.052079067927885137,joint_six_dimensions,mod__median_household_income,package_by_moderator
160.21194055865914,-0.06998320756492091,-0.11654759498854057,-0.02341882014130124,-0.0890774306172177,-0.05088898451262411,joint_six_dimensions,mod__median_household_income,package_by_moderator
161.0982938547485,-0.06947802305291931,-0.11788760271821441,-0.02106844338762421,-0.0893288868383238,-0.04962715926751482,joint_six_dimensions,mod__median_household_income,package_by_moderator
161.9846471508379,-0.06894646979706104,-0.1193126432190791,-0.01858029637504298,-0.08959965569343244,-0.04829328390068964,joint_six_dimensions,mod__median_household_income,package_by_moderator
162.87100044692727,-0.06838817840209202,-0.1208220503494859,-0.015954306454698135,-0.08988924610326957,-0.046887110700914475,joint_six_dimensions,mod__median_household_income,package_by_moderator
163.75735374301667,-0.0678027794727581,-0.1224150570048535,-0.0131905019406627,-0.09019712558763515,-0.04540843335788106,joint_six_dimensions,mod__median_household_income,package_by_moderator
164.64370703910606,-0.06718990361380517,-0.12409083507535308,-0.010288972152257256,-0.09052273665047762,-0.043857070577132715,joint_six_dimensions,mod__median_household_income,package_by_moderator
165.53006033519543,-0.0665491814299791,-0.12584852866442992,-0.007249834195528312,-0.09086551040150251,-0.042232852458455705,joint_six_dimensions,mod__median_household_income,package_by_moderator
166.41641363128483,-0.06588024352602578,-0.12768728097237245,-0.00407320607967912,-0.09122487758006623,-0.04053560947198534,joint_six_dimensions,mod__median_household_income,package_by_moderator
167.3027669273742,-0.0651827205066911,-0.12960625545200732,-0.0007591855613748727,-0.09160027723029425,-0.03876516378308796,joint_six_dimensions,mod__median_household_income,package_by_moderator
168.1891202234636,-0.06445624297672092,-0.13160465194585164,0.0026921659924098035,-0.09199116331829216,-0.03692132263514969,joint_six_dimensions,mod__median_household_income,package_by_moderator
169.075473519553,-0.06370044154086114,-0.13368171854150246,0.006280835459780171,-0.09239700959357453,-0.03500387348814776,joint_six_dimensions,mod__median_household_income,package_by_moderator
169.96182681564235,-0.06291494680385762,-0.13583675985815774,0.010006866250442503,-0.09281731298704102,-0.03301258062067422,joint_six_dimensions,mod__median_household_income,package_by_moderator
170.84818011173175,-0.062099389370456226,-0.13806914242133855,0.013870363680426087,-0.09325159581493846,-0.030947182925973996,joint_six_dimensions,mod__median_household_income,package_by_moderator
171.73453340782112,-0.06125339984540287,-0.1403782977100011,0.017871498019195353,-0.09369940702836169,-0.028807392662444052,joint_six_dimensions,mod__median_household_income,package_by_moderator
172.62088670391051,-0.06037660883344341,-0.14276372338099858,0.02201050571411177,-0.09416032271535706,-0.026592894951529764,joint_six_dimensions,mod__median_household_income,package_by_moderator
173.5072399999999,-0.05946864693932377,-0.14522498309742224,0.026287689218774696,-0.09463394603053193,-0.024303347848115615,joint_six_dimensions,mod__median_household_income,package_by_moderator
1.807182105788977,-0.027259543374395262,-0.06596128207430293,0.011442195325512418,-0.043129603567067284,-0.011389483181723236,joint_six_dimensions,mod__poverty_pct,package_by_moderator
2.1284939114328596,-0.028401594846912417,-0.06513764695673036,0.00833445726290552,-0.043465604315441476,-0.01333758537838336,joint_six_dimensions,mod__poverty_pct,package_by_moderator
2.4498057170767424,-0.029521161725062837,-0.06438326016552576,0.0053409367154000804,-0.04381673653070649,-0.015225586919419188,joint_six_dimensions,mod__poverty_pct,package_by_moderator
2.771117522720625,-0.03061845216185715,-0.06369957863772616,0.002462674314011863,-0.04418372044306462,-0.017053183880649678,joint_six_dimensions,mod__poverty_pct,package_by_moderator
3.0924293283645072,-0.031693674310305994,-0.06308822299050162,-0.0002991256301103709,-0.04456734340150022,-0.018820005219111775,joint_six_dimensions,mod__poverty_pct,package_by_moderator
3.41374113400839,-0.03274703632342006,-0.06255096099917375,-0.0029431116476663806,-0.044968453098765154,-0.020525619548074973,joint_six_dimensions,mod__poverty_pct,package_by_moderator
3.735052939652273,-0.033778746354209986,-0.06208967716305838,-0.0054678155453615936,-0.04538794509152844,-0.022169547616891536,joint_six_dimensions,mod__poverty_pct,package_by_moderator
4.056364745296155,-0.03478901255568641,-0.06170632426476246,-0.007871700846610354,-0.04582674293674992,-0.023751282174622898,joint_six_dimensions,mod__poverty_pct,package_by_moderator
4.377676550940038,-0.035778043080860016,-0.06140285275061794,-0.010153233411102094,-0.04628576923337503,-0.025270316928345,joint_six_dimensions,mod__poverty_pct,package_by_moderator
4.698988356583921,-0.03674604608274145,-0.06118111436657349,-0.012310977798909412,-0.04676590610720569,-0.02672618605827721,joint_six_dimensions,mod__poverty_pct,package_by_moderator
5.020300162227803,-0.037693229714341345,-0.06104273813389721,-0.014343721294785474,-0.04726794435341615,-0.02811851507526654,joint_six_dimensions,mod__poverty_pct,package_by_moderator
5.341611967871685,-0.03861980212867038,-0.06098897976192781,-0.01625062449541295,-0.04779252168664763,-0.02944708257069313,joint_six_dimensions,mod__poverty_pct,package_by_moderator
5.662923773515568,-0.03952597147873921,-0.06102055008314561,-0.01803139287433281,-0.04834005238898171,-0.030711890568496707,joint_six_dimensions,mod__poverty_pct,package_by_moderator
5.984235579159451,-0.04041194591755848,-0.06113743374025246,-0.01968645809486449,-0.048910652960646166,-0.03191323887447079,joint_six_dimensions,mod__poverty_pct,package_by_moderator
6.305547384803333,-0.04127793359813884,-0.06133871521042643,-0.02121715198585125,-0.04950407077940743,-0.03305179641687025,joint_six_dimensions,mod__poverty_pct,package_by_moderator
6.626859190447216,-0.04212414267349096,-0.06162243373329718,-0.02262585161368474,-0.05011962461224173,-0.03412866073474019,joint_six_dimensions,mod__poverty_pct,package_by_moderator
6.948170996091099,-0.04295078129662548,-0.06198548992238616,-0.0239160726708648,-0.05075616632036127,-0.03514539627288969,joint_six_dimensions,mod__poverty_pct,package_by_moderator
7.2694828017349815,-0.04375805762055307,-0.06242362328930412,-0.025092491951802017,-0.05141207164277214,-0.036104043598334,joint_six_dimensions,mod__poverty_pct,package_by_moderator
7.590794607378864,-0.044546179798284374,-0.06293147134886437,-0.026160888247704375,-0.05208526443295545,-0.0370070951636133,joint_six_dimensions,mod__poverty_pct,package_by_moderator
7.912106413022746,-0.04531535598283005,-0.06350270891456905,-0.027128003051091042,-0.05277327377846533,-0.03785743818719477,joint_six_dimensions,mod__poverty_pct,package_by_moderator
8.23341821866663,-0.04606579432720075,-0.06413025363595076,-0.02800133501845074,-0.05347331828370509,-0.03865827037069641,joint_six_dimensions,mod__poverty_pct,package_by_moderator
8.554730024310512,-0.046797702984407136,-0.06480651416447213,-0.02878889180434215,-0.05418240783299778,-0.039412998135816495,joint_six_dimensions,mod__poverty_pct,package_by_moderator
8.876041829954394,-0.04751129010745985,-0.0655236529731136,-0.029498927241806094,-0.05489745136255761,-0.040125128852362094,joint_six_dimensions,mod__poverty_pct,package_by_moderator
9.197353635598278,-0.048206763849369574,-0.06627383732936355,-0.030139690369375593,-0.05561535977463783,-0.04079816792410132,joint_six_dimensions,mod__poverty_pct,package_by_moderator
9.51866544124216,-0.048884332363146925,-0.06704945792753791,-0.030719206798755942,-0.0563331355900422,-0.04143552913625165,joint_six_dimensions,mod__poverty_pct,package_by_moderator
9.839977246886042,-0.04954420380180258,-0.06784330290030652,-0.031245104703298637,-0.057047944303404916,-0.04204046330020024,joint_six_dimensions,mod__poverty_pct,package_by_moderator
10.161289052529925,-0.050186586318347194,-0.06864868303985991,-0.03172448959683448,-0.057757165731463805,-0.04261600690523058,joint_six_dimensions,mod__poverty_pct,package_by_moderator
10.482600858173807,-0.050811688065791415,-0.06945951048676896,-0.03216386564481387,-0.05845842628026545,-0.04316494985131738,joint_six_dimensions,mod__poverty_pct,package_by_moderator
10.80391266381769,-0.0514197171971459,-0.07027033724944046,-0.03256909714485134,-0.0591496147404782,-0.0436898196538136,joint_six_dimensions,mod__poverty_pct,package_by_moderator
11.125224469461573,-0.05201088186542131,-0.07107636181304906,-0.03294540191779356,-0.059828884997455166,-0.04419287873338746,joint_six_dimensions,mod__poverty_pct,package_by_moderator
11.446536275105455,-0.05258539022362829,-0.07187341230981634,-0.033297368137440254,-0.060494649130027806,-0.04467613131722878,joint_six_dimensions,mod__poverty_pct,package_by_moderator
11.767848080749339,-0.05314345042477751,-0.07265791388355426,-0.03362898696600075,-0.06114556402798946,-0.045141336821565556,joint_six_dimensions,mod__poverty_pct,package_by_moderator
12.08915988639322,-0.0536852706218796,-0.07342684653720688,-0.03394369470655232,-0.061780514107030705,-0.04559002713672849,joint_six_dimensions,mod__poverty_pct,package_by_moderator
12.410471692037103,-0.05421105896794523,-0.07417769829050853,-0.03424441964538193,-0.062398592100538254,-0.04602352583535221,joint_six_dimensions,mod__poverty_pct,package_by_moderator
12.731783497680986,-0.05472102361598506,-0.07490841712567009,-0.03453363010630003,-0.06299907935441168,-0.04644296787755845,joint_six_dimensions,mod__poverty_pct,package_by_moderator
13.053095303324868,-0.05521537271900974,-0.07561736406960046,-0.03481338136841902,-0.06358142658792858,-0.0468493188500909,joint_six_dimensions,mod__poverty_pct,package_by_moderator
13.374407108968752,-0.055694314430029916,-0.07630326887886835,-0.035085359981191486,-0.06414523572189121,-0.047243393138168624,joint_six_dimensions,mod__poverty_pct,package_by_moderator
13.695718914612634,-0.05615805690205626,-0.07696518914116804,-0.035350924662944476,-0.06469024310774676,-0.04762587069636576,joint_six_dimensions,mod__poverty_pct,package_by_moderator
14.017030720256516,-0.056606808288099414,-0.07760247314751997,-0.035611143428678854,-0.06521630430293784,-0.04799731227326099,joint_six_dimensions,mod__poverty_pct,package_by_moderator
14.3383425259004,-0.057040776741170036,-0.07821472658117348,-0.03586682690116659,-0.06572338041133213,-0.04835817307100794,joint_six_dimensions,mod__poverty_pct,package_by_moderator
14.659654331544282,-0.05746017041427878,-0.07880178287368653,-0.03611855795487104,-0.06621152592741722,-0.048708814901140346,joint_six_dimensions,mod__poverty_pct,package_by_moderator
14.980966137188164,-0.0578651974604363,-0.07936367696381215,-0.03636671795706045,-0.06668087797585238,-0.04904951694502022,joint_six_dimensions,mod__poverty_pct,package_by_moderator
15.302277942832047,-0.05825606603265325,-0.07990062213550925,-0.03661150992979725,-0.06713164681364826,-0.04938048525165824,joint_six_dimensions,mod__poverty_pct,package_by_moderator
15.62358974847593,-0.058632984283940294,-0.08041298958888535,-0.03685297897899524,-0.0675641074530143,-0.049701861114866276,joint_six_dimensions,mod__poverty_pct,package_by_moderator
15.944901554119811,-0.05899616036730807,-0.08090129039871444,-0.03709103033590171,-0.06797859226325687,-0.05001372847135928,joint_six_dimensions,mod__poverty_pct,package_by_moderator
16.266213359763697,-0.05934580243576726,-0.08136615953000371,-0.0373254453415308,-0.06837548441619204,-0.05031612045534247,joint_six_dimensions,mod__poverty_pct,package_by_moderator
16.587525165407577,-0.05968211864232849,-0.08180834160262199,-0.03755589568203499,-0.06875521204877995,-0.05060902523587703,joint_six_dimensions,mod__poverty_pct,package_by_moderator
16.90883697105146,-0.06000531714000243,-0.08222867812318202,-0.03778195615682284,-0.06911824302742206,-0.0508923912525828,joint_six_dimensions,mod__poverty_pct,package_by_moderator
17.230148776695344,-0.060315606081799734,-0.08262809592968112,-0.038003116233918346,-0.06946508020956303,-0.05116613195403644,joint_six_dimensions,mod__poverty_pct,package_by_moderator
17.551460582339224,-0.06061319362073104,-0.08300759662141818,-0.038218790620043894,-0.06979625710931554,-0.051430130132146534,joint_six_dimensions,mod__poverty_pct,package_by_moderator
17.872772387983108,-0.06089828790980703,-0.08336824677271114,-0.03842832904690292,-0.07011233388449092,-0.05168424193512313,joint_six_dimensions,mod__poverty_pct,package_by_moderator
18.194084193626992,-0.061171097102038344,-0.08371116875369594,-0.03863102545038074,-0.07041389357257004,-0.05192830063150665,joint_six_dimensions,mod__poverty_pct,package_by_moderator
18.515395999270876,-0.06143182935043564,-0.08403753200504772,-0.038826126695823554,-0.07070153851280966,-0.052162120188061614,joint_six_dimensions,mod__poverty_pct,package_by_moderator
18.836707804914756,-0.061680692808009564,-0.08434854463603667,-0.03901284097998246,-0.07097588690093591,-0.052385498715083224,joint_six_dimensions,mod__poverty_pct,package_by_moderator
19.15801961055864,-0.06191789562777078,-0.0846454452372025,-0.03919034601833907,-0.07123756943184412,-0.052598221823697444,joint_six_dimensions,mod__poverty_pct,package_by_moderator
19.479331416202523,-0.06214364596272995,-0.08492949482038506,-0.03935779710507484,-0.07148722599452259,-0.052800065930937314,joint_six_dimensions,mod__poverty_pct,package_by_moderator
19.800643221846403,-0.062358151965897717,-0.0852019688201254,-0.03951433511167003,-0.07172550239214184,-0.05299080153965359,joint_six_dimensions,mod__poverty_pct,package_by_moderator
20.121955027490287,-0.06256162179028474,-0.08546414911169954,-0.039659094468869935,-0.07195304706896441,-0.05317019651160506,joint_six_dimensions,mod__poverty_pct,package_by_moderator
20.44326683313417,-0.06275426358890165,-0.08571731602229683,-0.039791211155506476,-0.07217050783444338,-0.053338019343359924,joint_six_dimensions,mod__poverty_pct,package_by_moderator
20.764578638778055,-0.06293628551475916,-0.08596274033299772,-0.03990983069652059,-0.07237852858354822,-0.05349404244597009,joint_six_dimensions,mod__poverty_pct,package_by_moderator
21.085890444421935,-0.06310789572086786,-0.08620167528997909,-0.04001411615175664,-0.07257774602087438,-0.05363804542086134,joint_six_dimensions,mod__poverty_pct,package_by_moderator
21.40720225006582,-0.06326930236023845,-0.0864353486633696,-0.04010325605710729,-0.07276878640429241,-0.053769818316184485,joint_six_dimensions,mod__poverty_pct,package_by_moderator
21.728514055709702,-0.06342071358588157,-0.08666495491084344,-0.04017647226091969,-0.07295226233154606,-0.05388916484021709,joint_six_dimensions,mod__poverty_pct,package_by_moderator
22.049825861353582,-0.06356233755080787,-0.08689164751972477,-0.04023302758189097,-0.0731287696000506,-0.05399590550156513,joint_six_dimensions,mod__poverty_pct,package_by_moderator
22.371137666997466,-0.063694382408028,-0.08711653161536095,-0.04027223320069504,-0.07329888417587767,-0.05408988064017832,joint_six_dimensions,mod__poverty_pct,package_by_moderator
22.69244947264135,-0.06381705631055264,-0.08734065693408878,-0.04029345568701649,-0.07346315931224508,-0.054170953308860195,joint_six_dimensions,mod__poverty_pct,package_by_moderator
23.01376127828523,-0.06393056741139241,-0.087565011265607,-0.04029612355717782,-0.07362212286049186,-0.05423901196229297,joint_six_dimensions,mod__poverty_pct,package_by_moderator
23.335073083929114,-0.06403512386355799,-0.08779051447145925,-0.04027973325565672,-0.07377627481729351,-0.05429397290982246,joint_six_dimensions,mod__poverty_pct,package_by_moderator
23.656384889572998,-0.06413093382006002,-0.08801801318330021,-0.04024385445681983,-0.07392608515062957,-0.054335782489490475,joint_six_dimensions,mod__poverty_pct,package_by_moderator
23.977696695216878,-0.06421820543390917,-0.08824827627660503,-0.040188134591213315,-0.07407199194372988,-0.05436441892408847,joint_six_dimensions,mod__poverty_pct,package_by_moderator
24.29900850086076,-0.06429714685811609,-0.08848199120271433,-0.040112302513517856,-0.07421439989099063,-0.05437989382524155,joint_six_dimensions,mod__poverty_pct,package_by_moderator
24.620320306504645,-0.06436796624569144,-0.08871976124511873,-0.04001617124626415,-0.07435367917288462,-0.05438225331849826,joint_six_dimensions,mod__poverty_pct,package_by_moderator
24.94163211214853,-0.06443087174964585,-0.08896210374548968,-0.03989963975380201,-0.07449016472852621,-0.05437157877076548,joint_six_dimensions,mod__poverty_pct,package_by_moderator
25.26294391779241,-0.06448607152299,-0.08920944932220166,-0.039762693723778345,-0.07462415593521814,-0.05434798711076187,joint_six_dimensions,mod__poverty_pct,package_by_moderator
25.584255723436293,-0.06453377371873453,-0.08946214208016509,-0.03960540535730397,-0.07475591669449566,-0.054311630742973405,joint_six_dimensions,mod__poverty_pct,package_by_moderator
25.905567529080177,-0.06457418648989012,-0.08972044078696484,-0.039427932192815394,-0.07488567591441475,-0.054262697065365496,joint_six_dimensions,mod__poverty_pct,package_by_moderator
26.226879334724057,-0.06460751798946739,-0.08998452096780263,-0.039230515011132144,-0.07501362836860542,-0.05420140761032935,joint_six_dimensions,mod__poverty_pct,package_by_moderator
26.54819114036794,-0.064633976370477,-0.09025447785168005,-0.039013474889273966,-0.07513993590438561,-0.0541280168365684,joint_six_dimensions,mod__poverty_pct,package_by_moderator
26.869502946011824,-0.06465376978592964,-0.09053033008452123,-0.03877720948733805,-0.0752647289653666,-0.054042810606492686,joint_six_dimensions,mod__poverty_pct,package_by_moderator
27.190814751655704,-0.06466710638883592,-0.09081202411215977,-0.03852218866551208,-0.07538810838874341,-0.05394610438892844,joint_six_dimensions,mod__poverty_pct,package_by_moderator
27.512126557299588,-0.06467419433220654,-0.09109943912764214,-0.03824894953677095,-0.07551014743398944,-0.05383824123042365,joint_six_dimensions,mod__poverty_pct,package_by_moderator
27.833438362943472,-0.06467524176905211,-0.09139239247318781,-0.03795809106491641,-0.07563089399798761,-0.053719589540116595,joint_six_dimensions,mod__poverty_pct,package_by_moderator
28.154750168587352,-0.06467045685238332,-0.09169064538718603,-0.0376502683175806,-0.07575037297164772,-0.053590540733118926,joint_six_dimensions,mod__poverty_pct,package_by_moderator
28.476061974231236,-0.06466004773521081,-0.09199390899037427,-0.03732618648004735,-0.0758685886946025,-0.05345150677581911,joint_six_dimensions,mod__poverty_pct,package_by_moderator
28.79737377987512,-0.06464422257054521,-0.09230185041225367,-0.03698659472883675,-0.07598552746740975,-0.05330291767368067,joint_six_dimensions,mod__poverty_pct,package_by_moderator
29.118685585519,-0.06462318951139723,-0.09261409896816983,-0.03663228005462462,-0.07610116008453,-0.05314521893826446,joint_six_dimensions,mod__poverty_pct,package_by_moderator
29.439997391162883,-0.06459715671077747,-0.09293025230860658,-0.03626406111294836,-0.07621544435590984,-0.0529788690656451,joint_six_dimensions,mod__poverty_pct,package_by_moderator
29.761309196806767,-0.06456633232169662,-0.09324988247441307,-0.035882782168980165,-0.07632832758999247,-0.052804337053400756,joint_six_dimensions,mod__poverty_pct,package_by_moderator
30.082621002450647,-0.06453092449716533,-0.0935725418042643,-0.03548930719006634,-0.0764397490161347,-0.05262209997819595,joint_six_dimensions,mod__poverty_pct,package_by_moderator
30.40393280809453,-0.06449114139019424,-0.0938977686530983,-0.035084514127290176,-0.07654964212951298,-0.052432640650875495,joint_six_dimensions,mod__poverty_pct,package_by_moderator
30.725244613738415,-0.064447191153794,-0.09422509289212924,-0.03466928941545877,-0.0766579369464625,-0.05223644536112551,joint_six_dimensions,mod__poverty_pct,package_by_moderator
31.0465564193823,-0.0643992819409753,-0.09455404117197341,-0.034244522709977195,-0.07676456216267795,-0.05203400171927265,joint_six_dimensions,mod__poverty_pct,package_by_moderator
31.36786822502618,-0.06434762190474878,-0.09488414194021205,-0.03381110186928551,-0.07686944721071866,-0.051825796598778916,joint_six_dimensions,mod__poverty_pct,package_by_moderator
31.689180030670062,-0.06429241919812508,-0.09521493021322347,-0.033369908183026674,-0.0769725242167491,-0.051612314179501045,joint_six_dimensions,mod__poverty_pct,package_by_moderator
32.010491836313946,-0.06423388197411485,-0.09554595210929277,-0.03292181183893693,-0.07707372985938898,-0.05139403408884072,joint_six_dimensions,mod__poverty_pct,package_by_moderator
32.331803641957826,-0.06417221838572876,-0.09587676915586808,-0.03246766761558943,-0.07717300713594936,-0.05117142963550815,joint_six_dimensions,mod__poverty_pct,package_by_moderator
32.65311544760171,-0.06410763658597747,-0.09620696238844106,-0.03200831078351387,-0.0772703070432224,-0.05094496612873254,joint_six_dimensions,mod__poverty_pct,package_by_moderator
32.974427253245594,-0.06404034472787164,-0.09653613626198197,-0.0315445531937613,-0.07736559018140686,-0.050715099274336414,joint_six_dimensions,mod__poverty_pct,package_by_moderator
33.295739058889474,-0.06397055096442189,-0.0968639223982741,-0.03107717953056969,-0.07745882829074259,-0.0504822736381012,joint_six_dimensions,mod__poverty_pct,package_by_moderator
33.617050864533354,-0.0638984634486389,-0.09718998319399082,-0.030606943703286996,-0.07755000573104093,-0.05024692116623689,joint_six_dimensions,mod__poverty_pct,package_by_moderator
33.938362670177234,-0.06382429033353335,-0.09751401531506487,-0.03013456535200181,-0.07763912091458802,-0.05000945975247867,joint_six_dimensions,mod__poverty_pct,package_by_moderator
34.25967447582112,-0.06374823977211583,-0.09783575310292764,-0.02966072644130402,-0.07772618770290954,-0.04977029184132212,joint_six_dimensions,mod__poverty_pct,package_by_moderator
34.580986281465,-0.06367051991739704,-0.09815497191764963,-0.029186067917144454,-0.07781123677766108,-0.049529803057133004,joint_six_dimensions,mod__poverty_pct,package_by_moderator
34.90229808710888,-0.06359133892238764,-0.09847149144197642,-0.028711186402798843,-0.07789431699548323,-0.049288360849292036,joint_six_dimensions,mod__poverty_pct,package_by_moderator
35.22360989275277,-0.06351090494009826,-0.09878517896879788,-0.028236630911398643,-0.07797549673606338,-0.04904631314413314,joint_six_dimensions,mod__poverty_pct,package_by_moderator
35.54492169839665,-0.06342942612353956,-0.09909595269276367,-0.027762899554315455,-0.07805486525189771,-0.04880398699518142,joint_six_dimensions,mod__poverty_pct,package_by_moderator
35.86623350404053,-0.06334711062572221,-0.09940378502459912,-0.027290436226845294,-0.07813253402736173,-0.04856168722408269,joint_six_dimensions,mod__poverty_pct,package_by_moderator
36.18754530968442,-0.06326416659965686,-0.09970870594419966,-0.026819627255114067,-0.07820863815368236,-0.04831969504563137,joint_six_dimensions,mod__poverty_pct,package_by_moderator
36.5088571153283,-0.06318080219835416,-0.10001080640579402,-0.026350797990914304,-0.07828333772526135,-0.048078266671446976,joint_six_dimensions,mod__poverty_pct,package_by_moderator
36.83016892097218,-0.06309722557482475,-0.10031024180535497,-0.02588420934429453,-0.078356819261524,-0.047837631888125495,joint_six_dimensions,mod__poverty_pct,package_by_moderator
37.151480726616064,-0.06301364488207932,-0.10060723551697992,-0.02542005424717872,-0.07842929715704977,-0.04759799260710887,joint_six_dimensions,mod__poverty_pct,package_by_moderator
37.472792532259945,-0.06293026827312849,-0.10090208250113436,-0.024958454045122626,-0.07850101516117078,-0.04735952138508621,joint_six_dimensions,mod__poverty_pct,package_by_moderator
37.794104337903825,-0.06284730390098293,-0.10119515298341203,-0.02449945481855384,-0.07857224788648673,-0.047122359915479146,joint_six_dimensions,mod__poverty_pct,package_by_moderator
38.11541614354771,-0.0627649599186533,-0.10148689619777805,-0.024043023639528552,-0.07864330234382155,-0.04688661749348504,joint_six_dimensions,mod__poverty_pct,package_by_moderator
38.43672794919159,-0.06268344447915025,-0.10177784418308874,-0.023589044775211752,-0.0787145194990269,-0.046652369459273604,joint_six_dimensions,mod__poverty_pct,package_by_moderator
38.75803975483548,-0.06260296573548443,-0.10206861561599272,-0.02313731585497615,-0.07878627584470389,-0.046419655626264975,joint_six_dimensions,mod__poverty_pct,package_by_moderator
39.07935156047936,-0.06252373184066651,-0.10235991965708835,-0.022687544024244666,-0.07885898497736113,-0.046188478703971886,joint_six_dimensions,mod__poverty_pct,package_by_moderator
39.40066336612324,-0.06244595094770712,-0.10265255978044044,-0.02223934211497381,-0.07893309916774868,-0.04595880272766556,joint_six_dimensions,mod__poverty_pct,package_by_moderator
39.72197517176713,-0.06236983120961694,-0.10294743754925892,-0.02179222486997496,-0.07900911090911542,-0.04573055151011847,joint_six_dimensions,mod__poverty_pct,package_by_moderator
40.04328697741101,-0.06229558077940661,-0.10324555629276604,-0.021345605266047188,-0.0790875544249475,-0.045503607133865726,joint_six_dimensions,mod__poverty_pct,package_by_moderator
40.36459878305489,-0.062223407810086784,-0.10354802463111082,-0.020898790989062756,-0.07916900711439717,-0.045277808505776396,joint_six_dimensions,mod__poverty_pct,package_by_moderator
40.685910588698775,-0.062153520454668126,-0.10385605978676807,-0.020450981122568178,-0.07925409091015718,-0.04505294999917907,joint_six_dimensions,mod__poverty_pct,package_by_moderator
41.007222394342655,-0.06208612686616127,-0.10417099061237435,-0.020001263119948196,-0.07934347352005709,-0.044828780212265454,joint_six_dimensions,mod__poverty_pct,package_by_moderator
41.328534199986535,-0.062021435197576906,-0.10449426025666268,-0.01954861013849113,-0.07943786952025833,-0.04460500087489548,joint_six_dimensions,mod__poverty_pct,package_by_moderator
41.64984600563042,-0.061959653601925666,-0.10482742838238568,-0.019091878821465652,-0.07953804126473708,-0.04438126593911425,joint_six_dimensions,mod__poverty_pct,package_by_moderator
41.9711578112743,-0.0619009902322182,-0.10517217284326569,-0.018629807621170703,-0.07964479957293562,-0.04415718089150078,joint_six_dimensions,mod__poverty_pct,package_by_moderator
42.29246961691818,-0.061845653241465175,-0.10553029072154935,-0.018161015761380996,-0.0797590041552226,-0.043932302327707756,joint_six_dimensions,mod__poverty_pct,package_by_moderator
42.61378142256207,-0.06179385078267724,-0.1059036986242114,-0.017684002941143077,-0.07988156373435455,-0.04370613783099993,joint_six_dimensions,mod__poverty_pct,package_by_moderator
42.93509322820595,-0.06174579100886505,-0.10629443213483195,-0.01719714988289816,-0.08001343582071237,-0.04347814619701773,joint_six_dimensions,mod__poverty_pct,package_by_moderator
43.25640503384983,-0.06170168207303927,-0.10670464432027499,-0.01669871982580355,-0.08015562609994888,-0.04324773804612966,joint_six_dimensions,mod__poverty_pct,package_by_moderator
43.57771683949372,-0.061661732128210536,-0.10713660319712155,-0.01618686105929952,-0.08030918739407276,-0.04301427686234831,joint_six_dimensions,mod__poverty_pct,package_by_moderator
43.8990286451376,-0.06162614932738952,-0.10759268807290581,-0.015659610581873228,-0.08047521816113354,-0.04277708049364551,joint_six_dimensions,mod__poverty_pct,package_by_moderator
44.22034045078148,-0.06159514182358687,-0.1080753846919989,-0.01511489895517485,-0.08065486050473938,-0.042535423142434366,joint_six_dimensions,mod__poverty_pct,package_by_moderator
44.541652256425365,-0.06156891776981324,-0.10858727913574823,-0.014550556403878263,-0.0808492976727444,-0.04228853786688209,joint_six_dimensions,mod__poverty_pct,package_by_moderator
44.862964062069246,-0.06154768531907928,-0.10913105045123647,-0.013964320186922098,-0.08105975103459265,-0.04203561960356591,joint_six_dimensions,mod__poverty_pct,package_by_moderator
45.184275867713126,-0.06153165262439566,-0.109709462012503,-0.013353843236288312,-0.08128747653889506,-0.04177582870989626,joint_six_dimensions,mod__poverty_pct,package_by_moderator
45.50558767335701,-0.061521027838773015,-0.11032535165165916,-0.012716704025886871,-0.08153376066658799,-0.04150829501095804,joint_six_dimensions,mod__poverty_pct,package_by_moderator
45.82689947900089,-0.06151601911522202,-0.11098162063403616,-0.012050417596407868,-0.08179991591007538,-0.041232122320368665,joint_six_dimensions,mod__poverty_pct,package_by_moderator
46.14821128464477,-0.061516834606753314,-0.11168122158997029,-0.011352447623536328,-0.08208727582452852,-0.04094639338897811,joint_six_dimensions,mod__poverty_pct,package_by_moderator
46.46952309028866,-0.061523682466377565,-0.11242714555435261,-0.010620219378402518,-0.08239718971331553,-0.0406501752194396,joint_six_dimensions,mod__poverty_pct,package_by_moderator
46.79083489593254,-0.06153677084710542,-0.11322240830169542,-0.009851133392515414,-0.08273101702454973,-0.04034252466966111,joint_six_dimensions,mod__poverty_pct,package_by_moderator
47.11214670157642,-0.06155630790194752,-0.1140700361970957,-0.009042579606799342,-0.08309012154912647,-0.04002249425476857,joint_six_dimensions,mod__poverty_pct,package_by_moderator
47.43345850722031,-0.06158250178391454,-0.11497305181001587,-0.008191951757813218,-0.08347586552150073,-0.03968913804632836,joint_six_dimensions,mod__poverty_pct,package_by_moderator
47.75477031286419,-0.06161556064601713,-0.11593445955635859,-0.007296661735675662,-0.08388960373206697,-0.039341517559967294,joint_six_dimensions,mod__poverty_pct,package_by_moderator
48.076082118508076,-0.06165569264126594,-0.11695723164333717,-0.006354153639194712,-0.08433267776370344,-0.03897870751882844,joint_six_dimensions,mod__poverty_pct,package_by_moderator
48.397393924151956,-0.06170310592267165,-0.11804429459012526,-0.005361917255218035,-0.08480641046442115,-0.038599801380922144,joint_six_dimensions,mod__poverty_pct,package_by_moderator
48.718705729795836,-0.06175800864324487,-0.11919851658483598,-0.004317500701653765,-0.08531210076295836,-0.038203916523531375,joint_six_dimensions,mod__poverty_pct,package_by_moderator
49.04001753543972,-0.06182060895599629,-0.1204226959153795,-0.003218521996613072,-0.0858510189247306,-0.03779019898726198,joint_six_dimensions,mod__poverty_pct,package_by_moderator
49.361329341083604,-0.06189111501393654,-0.12171955067923731,-0.002062679348635778,-0.08642440233221389,-0.03735782769565919,joint_six_dimensions,mod__poverty_pct,package_by_moderator
49.682641146727484,-0.061969734970076296,-0.12309170993686999,-0.0008477600032826063,-0.08703345185730552,-0.03690601808284708,joint_six_dimensions,mod__poverty_pct,package_by_moderator
50.00395295237137,-0.06205667697742621,-0.12454170642755596,0.0004283524727035429,-0.08767932887437596,-0.036434025080476454,joint_six_dimensions,mod__poverty_pct,package_by_moderator
50.32526475801525,-0.06215214918899693,-0.12607197091745453,0.0017676725394606685,-0.08836315294263208,-0.035941145435361775,joint_six_dimensions,mod__poverty_pct,package_by_moderator
50.64657656365913,-0.06225635975779911,-0.12768482820024302,0.003172108684644806,-0.0890860001661357,-0.035426719349462524,joint_six_dimensions,mod__poverty_pct,package_by_moderator
50.96788836930302,-0.0623695168368434,-0.12938249472330254,0.00464346104961573,-0.08984890222039575,-0.03489013145329105,joint_six_dimensions,mod__poverty_pct,package_by_moderator
51.2892001749469,-0.062491828579140464,-0.1311670777693543,0.006183420611073374,-0.09065284601678969,-0.03433081114149124,joint_six_dimensions,mod__poverty_pct,package_by_moderator
51.61051198059078,-0.06262350313770096,-0.13304057608644765,0.007793569811045731,-0.09149877396089662,-0.03374823231450529,joint_six_dimensions,mod__poverty_pct,package_by_moderator
51.931823786234666,-0.06276474866553555,-0.13500488182950304,0.009475384498431952,-0.0923875847486478,-0.03314191258242331,joint_six_dimensions,mod__poverty_pct,package_by_moderator
52.25313559187855,-0.06291577331565484,-0.13706178365488514,0.011230237023575465,-0.09332013463528915,-0.032511411996020534,joint_six_dimensions,mod__poverty_pct,package_by_moderator
52.57444739752243,-0.06307678524106955,-0.13921297079581596,0.013059400313676861,-0.09429723910654805,-0.031856331375591046,joint_six_dimensions,mod__poverty_pct,package_by_moderator
52.895759203166314,-0.0632479925947903,-0.14146003794046322,0.014964052750882612,-0.09531967487894524,-0.031176310310635356,joint_six_dimensions,mod__poverty_pct,package_by_moderator
53.217071008810194,-0.06342960352982775,-0.14380449073548157,0.016945283675826053,-0.0963881821565806,-0.030471024903074913,joint_six_dimensions,mod__poverty_pct,package_by_moderator
53.538382814454074,-0.06362182619919254,-0.14624775174460675,0.019004099346221645,-0.09750346707451808,-0.029740185323867005,joint_six_dimensions,mod__poverty_pct,package_by_moderator
53.85969462009796,-0.06382486875589538,-0.1487911667034034,0.021141429191612632,-0.09866620426361183,-0.028983533248178928,joint_six_dimensions,mod__poverty_pct,package_by_moderator
54.18100642574184,-0.06403893935294686,-0.151436010926213,0.023358132220319308,-0.09987703947774326,-0.028200839228150455,joint_six_dimensions,mod__poverty_pct,package_by_moderator
54.50231823138572,-0.06426424614335766,-0.15418349573853318,0.025655003451817857,-0.10113659223148674,-0.02739190005522857,joint_six_dimensions,mod__poverty_pct,package_by_moderator
54.82363003702961,-0.06450099728013844,-0.15703477482638895,0.028032780266112056,-0.10244545840373705,-0.026556536156539842,joint_six_dimensions,mod__poverty_pct,package_by_moderator
55.14494184267349,-0.06474940091629983,-0.15999095041281036,0.030492148580210723,-0.1038042127704396,-0.02569458906216006,joint_six_dimensions,mod__poverty_pct,package_by_moderator
55.46625364831737,-0.06500966520485253,-0.16305307918953404,0.03303374877982898,-0.10521341143694803,-0.024805918972757038,joint_six_dimensions,mod__poverty_pct,package_by_moderator
55.78756545396126,-0.06528199829880717,-0.1662221779489376,0.03565818135132326,-0.10667359414745876,-0.02389040245015557,joint_six_dimensions,mod__poverty_pct,package_by_moderator
56.10887725960514,-0.06556660835117438,-0.16949922887659122,0.03836601217424246,-0.10818528645527825,-0.0229479302470705,joint_six_dimensions,mod__poverty_pct,package_by_moderator
56.43018906524902,-0.06586370351496486,-0.17288518447842677,0.04115777744849704,-0.10974900174326113,-0.02197840528666859,joint_six_dimensions,mod__poverty_pct,package_by_moderator
56.751500870892905,-0.06617349194318922,-0.17638097212826354,0.04403398824188508,-0.1113652430885715,-0.020981740797806944,joint_six_dimensions,mod__poverty_pct,package_by_moderator
57.072812676536785,-0.06649618178885816,-0.17998749823130114,0.04699513465358482,-0.11303450496996771,-0.01995785860774861,joint_six_dimensions,mod__poverty_pct,package_by_moderator
57.394124482180665,-0.06683198120498231,-0.1837056520072467,0.050041689597282085,-0.1147572748191138,-0.018906687590850825,joint_six_dimensions,mod__poverty_pct,package_by_moderator
57.71543628782455,-0.06718109834457232,-0.18753630890312756,0.053174112213982924,-0.11653403442003975,-0.0178281622691049,joint_six_dimensions,mod__poverty_pct,package_by_moderator
58.03674809346843,-0.06754374136063887,-0.1914803336507187,0.05639285092944096,-0.11836526116287222,-0.016722221558405533,joint_six_dimensions,mod__poverty_pct,package_by_moderator
58.35805989911231,-0.06792011840619258,-0.19553858298705903,0.05969834617467387,-0.12025142915941114,-0.015588807652974025,joint_six_dimensions,mod__poverty_pct,package_by_moderator
58.6793717047562,-0.06831043763424414,-0.19971190805894173,0.06309103279045346,-0.12219301022911669,-0.014427865039371601,joint_six_dimensions,mod__poverty_pct,package_by_moderator
59.00068351040008,-0.06871490719780417,-0.2040011565337172,0.06657134213810885,-0.1241904747646664,-0.01323933963094194,joint_six_dimensions,mod__poverty_pct,package_by_moderator
59.32199531604397,-0.06913373524988337,-0.20840717443942883,0.0701397039396621,-0.12624429248652258,-0.012023178013244137,joint_six_dimensions,mod__poverty_pct,package_by_moderator
35.38510254578867,0.10105189524698119,0.0187526439573156,0.18335114653664678,0.06730421062985702,0.13479957986410535,joint_six_dimensions,mod__male_pct,package_by_moderator
35.5203666149042,0.10128363055801395,0.021494544891958595,0.1810727162240693,0.06856526609234762,0.1340019950236803,joint_six_dimensions,mod__male_pct,package_by_moderator
35.65563068401973,0.10144654744359946,0.024090979157638054,0.17880211572956087,0.06972607270070408,0.13316702218649484,joint_six_dimensions,mod__male_pct,package_by_moderator
35.790894753135255,0.10154153748722775,0.02654339742216584,0.17653967755228966,0.07078775129689777,0.13229532367755772,joint_six_dimensions,mod__male_pct,package_by_moderator
35.92615882225079,0.1015694922723889,0.02885326531156912,0.17428571923320868,0.07175142885667567,0.13138755568810212,joint_six_dimensions,mod__male_pct,package_by_moderator
36.06142289136632,0.10153130338257293,0.03102206683106737,0.1720405399340785,0.07261823989236821,0.13044436687277766,joint_six_dimensions,mod__male_pct,package_by_moderator
36.19668696048185,0.10142786240126996,0.03305130814628726,0.16980441665625265,0.07338932800341696,0.12946639679912295,joint_six_dimensions,mod__male_pct,package_by_moderator
36.33195102959738,0.10126006091196993,0.034942521727831105,0.16757760009610875,0.07406584757589882,0.12845427424804104,joint_six_dimensions,mod__male_pct,package_by_moderator
36.467215098712906,0.10102879049816299,0.03669727085370504,0.16536031014262093,0.07464896562879489,0.1274086153675311,joint_six_dimensions,mod__male_pct,package_by_moderator
36.602479167828434,0.1007349427433391,0.038317154453491056,0.16315273103318717,0.0751398638003946,0.1263300216862836,joint_six_dimensions,mod__male_pct,package_by_moderator
36.73774323694396,0.10037940923098843,0.0398038122654519,0.16095500619652495,0.07553974046302171,0.12521907799895515,joint_six_dimensions,mod__male_pct,package_by_moderator
36.8730073060595,0.09996308154460087,0.041158930263007605,0.15876723282619415,0.07584981294821859,0.12407635014098316,joint_six_dimensions,mod__male_pct,package_by_moderator
37.00827137517503,0.0994868512676666,0.04238424629038706,0.15658945624494613,0.07607131985770539,0.1229023826776278,joint_six_dimensions,mod__male_pct,package_by_moderator
37.143535444290556,0.09895160998367564,0.043481555829063594,0.15442166413828767,0.07620552342796826,0.12169769653938302,joint_six_dimensions,mod__male_pct,package_by_moderator
37.278799513406085,0.09835824927611803,0.04445271779736224,0.15226378075487382,0.07625371190845005,0.120462786643786,joint_six_dimensions,mod__male_pct,package_by_moderator
37.414063582521614,0.09770766072848383,0.04529966026612742,0.15011566119084024,0.07621720190532083,0.11919811955164683,joint_six_dimensions,mod__male_pct,package_by_moderator
37.54932765163714,0.09700073592426306,0.0460243859545316,0.14797708589399453,0.07609734063509269,0.11790413121343343,joint_six_dimensions,mod__male_pct,package_by_moderator
37.68459172075267,0.09623836644694582,0.04662897735316965,0.145847755540722,0.07589550802539917,0.11658122486849247,joint_six_dimensions,mod__male_pct,package_by_moderator
37.81985578986821,0.09542144388002205,0.04711560130786125,0.14372728645218286,0.07561311859463224,0.11522976916541186,joint_six_dimensions,mod__male_pct,package_by_moderator
37.955119858983736,0.09455085980698191,0.0474865128885127,0.14161520672545114,0.07525162303841042,0.11385009657555341,joint_six_dimensions,mod__male_pct,package_by_moderator
38.090383928099264,0.0936275058113155,0.047744058364389795,0.1395109532582412,0.07481250944962099,0.11244250217301001,joint_six_dimensions,mod__male_pct,package_by_moderator
38.22564799721479,0.09265227347651273,0.04789067711150403,0.13741386984152143,0.07429730410056394,0.11100724285246151,joint_six_dimensions,mod__male_pct,package_by_moderator
38.36091206633032,0.09162605438606373,0.04792890229050781,0.13532320648161966,0.07370757172093037,0.1095445370511971,joint_six_dimensions,mod__male_pct,package_by_moderator
38.49617613544585,0.09054974012345851,0.047861360155067596,0.13323812009184943,0.07304491521419326,0.10805456503272376,joint_six_dimensions,mod__male_pct,package_by_moderator
38.631440204561386,0.08942422227218713,0.047690767881120866,0.1311576766632534,0.07231097476747142,0.10653746977690284,joint_six_dimensions,mod__male_pct,package_by_moderator
38.766704273676915,0.08825039241573968,0.04741992984601263,0.12908085498546673,0.0715074263257496,0.10499335850572974,joint_six_dimensions,mod__male_pct,package_by_moderator
38.90196834279244,0.08702914213760615,0.04705173233186323,0.1270065519433491,0.07063597941993811,0.10342230485527419,joint_six_dimensions,mod__male_pct,package_by_moderator
39.03723241190797,0.08576136302127668,0.04658913667756362,0.12493358936498974,0.06969837435877553,0.10182435168377783,joint_six_dimensions,mod__male_pct,package_by_moderator
39.1724964810235,0.08444794665024123,0.04603517095592853,0.12286072234455393,0.06869637881595668,0.10019951448452578,joint_six_dimensions,mod__male_pct,package_by_moderator
39.30776055013903,0.08308978460798991,0.04539292030379634,0.12078664891218348,0.06763178386488716,0.09854778535109265,joint_six_dimensions,mod__male_pct,package_by_moderator
39.44302461925456,0.0816877684780127,0.04466551608018789,0.11871002087583751,0.06650639953287078,0.09686913742315463,joint_six_dimensions,mod__male_pct,package_by_moderator
39.578288688370094,0.08024278984379966,0.043856124068146825,0.11662945561945251,0.06532204996314858,0.09516352972445075,joint_six_dimensions,mod__male_pct,package_by_moderator
39.71355275748562,0.07875574028884091,0.04296793196713738,0.11454354861054444,0.0640805682860234,0.09343091229165842,joint_six_dimensions,mod__male_pct,package_by_moderator
39.84881682660115,0.07722751139662651,0.04200413644311632,0.1124508863501367,0.06278379130860379,0.09167123148464923,joint_six_dimensions,mod__male_pct,package_by_moderator
39.98408089571668,0.07565899475064645,0.04096793001167676,0.11035005948961615,0.06143355413609742,0.0898844353651955,joint_six_dimensions,mod__male_pct,package_by_moderator
40.11934496483221,0.07405108193439079,0.03986248802593356,0.10823967584284802,0.060031684836054984,0.08807047903272659,joint_six_dimensions,mod__male_pct,package_by_moderator
40.25460903394774,0.07240466453134958,0.03869095602587175,0.10611837303682742,0.058579999250835756,0.0862293298118634,joint_six_dimensions,mod__male_pct,package_by_moderator
40.389873103063266,0.07072063412501287,0.03745643768123652,0.10398483056878921,0.05708029605346114,0.08436097219656459,joint_six_dimensions,mod__male_pct,package_by_moderator
40.5251371721788,0.06899988229887064,0.03616198352776155,0.10183778106997972,0.055534352128785144,0.08246541246895613,joint_six_dimensions,mod__male_pct,package_by_moderator
40.66040124129433,0.06724330063641307,0.03481058065899007,0.09967602061383607,0.05394391834651592,0.08054268292631021,joint_six_dimensions,mod__male_pct,package_by_moderator
40.79566531040986,0.06545178072113018,0.03340514349560399,0.09749841794665638,0.052310715776080624,0.07859284566617974,joint_six_dimensions,mod__male_pct,package_by_moderator
40.93092937952539,0.06362621413651202,0.031948505713386345,0.09530392255963771,0.05063643237660062,0.07661599589642343,joint_six_dimensions,mod__male_pct,package_by_moderator
41.06619344864092,0.06176749246604859,0.030443413371758703,0.09309157156033848,0.04892272017917493,0.07461226475292225,joint_six_dimensions,mod__male_pct,package_by_moderator
41.201457517756445,0.059876507293229964,0.028892519248924185,0.09086049533753573,0.047171192963945424,0.0725818216225145,joint_six_dimensions,mod__male_pct,package_by_moderator
41.336721586871974,0.057954150201546206,0.027298378358215317,0.0886099220448771,0.04538342442152739,0.07052487598156502,joint_six_dimensions,mod__male_pct,package_by_moderator
41.47198565598751,0.05600131277448725,0.02566344459404312,0.08633918095493137,0.0435609467776452,0.0684416787713293,joint_six_dimensions,mod__male_pct,package_by_moderator
41.60724972510304,0.05401888659554336,0.023990068435193117,0.0840477047558936,0.041705249851344633,0.06633252333974209,joint_six_dimensions,mod__male_pct,package_by_moderator
41.74251379421857,0.05200776324820446,0.022280495618070165,0.08173503087833876,0.0398177805109424,0.06419774598546653,joint_six_dimensions,mod__male_pct,package_by_moderator
41.877777863334096,0.049968834315960615,0.020536866682541576,0.07940080194937965,0.03789994248779453,0.0620377261441267,joint_six_dimensions,mod__male_pct,package_by_moderator
42.013041932449624,0.0479029913823019,0.018761217287724244,0.07704476547687955,0.03595309650578823,0.05985288625881557,joint_six_dimensions,mod__male_pct,package_by_moderator
42.14830600156515,0.045811126030718324,0.016955479193770828,0.07466677286766582,0.03397856068393365,0.057643691377503,joint_six_dimensions,mod__male_pct,package_by_moderator
42.28357007068068,0.04369412984469996,0.015121481807717302,0.07226677788168262,0.03197761117025527,0.05541064851914465,joint_six_dimensions,mod__male_pct,package_by_moderator
42.41883413979622,0.04155289440773674,0.013260954196057925,0.06984483461941556,0.029951482967069558,0.05315430584840392,joint_six_dimensions,mod__male_pct,package_by_moderator
42.554098208911746,0.03938831130331896,0.011375527473254658,0.06740109513338327,0.027901370910418978,0.05087525169621895,joint_six_dimensions,mod__male_pct,package_by_moderator
42.689362278027275,0.03720127211493652,0.0094667374832649,0.06493580674660814,0.02582843076966059,0.04857411346021245,joint_six_dimensions,mod__male_pct,package_by_moderator
42.824626347142804,0.03499266842607948,0.007536027699890358,0.06244930915226861,0.023733780436785326,0.04625155641537364,joint_six_dimensions,mod__male_pct,package_by_moderator
42.95989041625833,0.03276339182023792,0.0055847522808762234,0.05994203135959962,0.021618501178783747,0.043908282461692094,joint_six_dimensions,mod__male_pct,package_by_moderator
43.09515448537386,0.030514333880901863,0.0036141792199126874,0.05741448854189104,0.019483638930157865,0.04154502883164586,joint_six_dimensions,mod__male_pct,package_by_moderator
43.23041855448939,0.02824638619156135,0.0016254935497565133,0.05486727883336619,0.01733020560639528,0.039162566776727414,joint_six_dimensions,mod__male_pct,package_by_moderator
43.365682623604926,0.02596044033570634,-0.0003801994415682415,0.052301080112980916,0.015159180422806463,0.03676170024860621,joint_six_dimensions,mod__male_pct,package_by_moderator
43.500946692720454,0.02365738789682712,-0.002401871011220167,0.049716646804874406,0.012971511206534609,0.034343264587119636,joint_six_dimensions,mod__male_pct,package_by_moderator
43.63621076183598,0.0213381204584136,-0.004438565800549837,0.04711480671737704,0.0107681156927531,0.0319081252240741,joint_six_dimensions,mod__male_pct,package_by_moderator
43.77147483095151,0.01900352960395582,-0.00648939872725509,0.04449645793516673,0.008549882799070638,0.029457176408841004,joint_six_dimensions,mod__male_pct,package_by_moderator
43.90673890006704,0.01665450691694388,-0.008553551938443718,0.04186256577233148,0.006317673874960303,0.02699133995892746,joint_six_dimensions,mod__male_pct,package_by_moderator
44.04200296918257,0.014291943980867777,-0.010630271825993309,0.03921415978772887,0.0040723239256429435,0.02451156403609261,joint_six_dimensions,mod__male_pct,package_by_moderator
44.1772670382981,0.011916732379217615,-0.012718866099643223,0.03655233085807845,0.0018146428122971115,0.02201882194613812,joint_six_dimensions,mod__male_pct,package_by_moderator
44.31253110741363,0.009529763695483265,-0.014818700907671147,0.03387822829863768,-0.00045458356724388527,0.019514110958210415,joint_six_dimensions,mod__male_pct,package_by_moderator
44.44779517652916,0.007131929513155055,-0.016929197989750185,0.031193057016060295,-0.0027345921109903047,0.016998451137300415,joint_six_dimensions,mod__male_pct,package_by_moderator
44.58305924564469,0.004724121415722905,-0.01904983184163443,0.02849807467308024,-0.005024641350145596,0.014472884181591407,joint_six_dimensions,mod__male_pct,package_by_moderator
44.71832331476022,0.0023072309866768725,-0.021180126866657278,0.025794588840011023,-0.0073240102810476215,0.011938472254401367,joint_six_dimensions,mod__male_pct,package_by_moderator
44.85358738387575,-0.00011785019049299211,-0.023319654484681446,0.023083954103695462,-0.009631997179662895,0.009396296798676911,joint_six_dimensions,mod__male_pct,package_by_moderator
44.98885145299128,-0.0025502305322966518,-0.025468030165144595,0.02036756910055129,-0.011947918384955356,0.006847457320362052,joint_six_dimensions,mod__male_pct,package_by_moderator
45.124115522106806,-0.004989018455244056,-0.02762491034729533,0.01764687343680722,-0.014271107035996303,0.004293070125508192,joint_six_dimensions,mod__male_pct,package_by_moderator
45.25937959122234,-0.007433322375845264,-0.029789989207736324,0.014923344456045796,-0.016600911746461104,0.0017342669947705749,joint_six_dimensions,mod__male_pct,package_by_moderator
45.39464366033787,-0.00988225071060999,-0.03196299523315925,0.012198493811939274,-0.018936695199242376,-0.0008278062219776016,joint_six_dimensions,mod__male_pct,package_by_moderator
45.5299077294534,-0.012334911876048307,-0.03414368755489988,0.009473863802803264,-0.021277832643395687,-0.003391991108700929,joint_six_dimensions,mod__male_pct,package_by_moderator
45.66517179856893,-0.014790414288670145,-0.03633185200192392,0.0067510234245836305,-0.023623710275624037,-0.0059571183017162535,joint_six_dimensions,mod__male_pct,package_by_moderator
45.800435867684456,-0.01724786636498548,-0.03852729683040347,0.004031564100432511,-0.02597372348914533,-0.00852200924082563,joint_six_dimensions,mod__male_pct,package_by_moderator
45.935699936799985,-0.019706376521504247,-0.04072984809149006,0.0013170950484815633,-0.028327274974198305,-0.01108547806881019,joint_six_dimensions,mod__male_pct,package_by_moderator
46.07096400591551,-0.022165053174736403,-0.04293934460459964,-0.0013907617448731674,-0.03068377265678455,-0.01364633369268826,joint_six_dimensions,mod__male_pct,package_by_moderator
46.20622807503105,-0.02462300474119203,-0.045155632511825874,-0.004090376970558186,-0.033042627465647706,-0.016203382016736354,joint_six_dimensions,mod__male_pct,package_by_moderator
46.34149214414658,-0.027079339637380802,-0.04737855940027565,-0.0067801198744859605,-0.03540325092207425,-0.018755428352687356,joint_six_dimensions,mod__male_pct,package_by_moderator
46.47675621326211,-0.029533166279812822,-0.049607967993352556,-0.009458364566273091,-0.03776505255293757,-0.021301280006688073,joint_six_dimensions,mod__male_pct,package_by_moderator
46.612020282377635,-0.03198359308499802,-0.05184368942931106,-0.012123496740684983,-0.04012743713449715,-0.023839749035498885,joint_six_dimensions,mod__male_pct,package_by_moderator
46.747284351493164,-0.03442972846944635,-0.05408553616558724,-0.014773920773305457,-0.042489801782743926,-0.026369655156148773,joint_six_dimensions,mod__male_pct,package_by_moderator
46.88254842060869,-0.03687068084966777,-0.05633329457000215,-0.017408067129333394,-0.044851532915344286,-0.028889828783991253,joint_six_dimensions,mod__male_pct,package_by_moderator
47.01781248972422,-0.03930555864217222,-0.058586717284171655,-0.02002440000017279,-0.04721200312017494,-0.0313991141641695,joint_six_dimensions,mod__male_pct,package_by_moderator
47.15307655883976,-0.04173347026346978,-0.06084551546923912,-0.022621425057700442,-0.04957056797560311,-0.03389637255133646,joint_six_dimensions,mod__male_pct,package_by_moderator
47.288340627955286,-0.04415352413007016,-0.0631093510679642,-0.025197697192176134,-0.05192656287747325,-0.036380485382667076,joint_six_dimensions,mod__male_pct,package_by_moderator
47.423604697070814,-0.04656482865848341,-0.06537782923859424,-0.02775182807837258,-0.054279299936535956,-0.03885035738043086,joint_six_dimensions,mod__male_pct,package_by_moderator
47.55886876618634,-0.048966492265219506,-0.06765049113299246,-0.03028249339744656,-0.05662806501704215,-0.04130491951339686,joint_six_dimensions,mod__male_pct,package_by_moderator
47.69413283530187,-0.05135762336678838,-0.06992680720240516,-0.032788439531171616,-0.05897211499170169,-0.04374313174187507,joint_six_dimensions,mod__male_pct,package_by_moderator
47.8293969044174,-0.05373733037969999,-0.07220617121739212,-0.03526848954200785,-0.06131067528949218,-0.04616398546990779,joint_six_dimensions,mod__male_pct,package_by_moderator
47.96466097353293,-0.056104721720464275,-0.07448789518260521,-0.03772154825832334,-0.0636429378104097,-0.04856650563051885,joint_six_dimensions,mod__male_pct,package_by_moderator
48.099925042648465,-0.05845890580559132,-0.07677120531165027,-0.04014660629953237,-0.0659680592749182,-0.05094975233626445,joint_six_dimensions,mod__male_pct,package_by_moderator
48.235189111763994,-0.060798991051590826,-0.07905523920231464,-0.04254274290086702,-0.06828516006562108,-0.053312822037560575,joint_six_dimensions,mod__male_pct,package_by_moderator
48.37045318087952,-0.06312408587497287,-0.08133904431891764,-0.044909127431028095,-0.07059332360493337,-0.05565484814501236,joint_six_dimensions,mod__male_pct,package_by_moderator
48.50571724999505,-0.06543329869224739,-0.08362157784816529,-0.04724501953632948,-0.07289159629597307,-0.0579750010885217,joint_six_dimensions,mod__male_pct,package_by_moderator
48.64098131911058,-0.06772573791992434,-0.08590170795008031,-0.049549767889768365,-0.0751789880355184,-0.06027248780433028,joint_six_dimensions,mod__male_pct,package_by_moderator
48.77624538822611,-0.07000051197451368,-0.08817821637919498,-0.051822807569832374,-0.07745447328885587,-0.0625465506601715,joint_six_dimensions,mod__male_pct,package_by_moderator
48.91150945734164,-0.07225672927252534,-0.09044980240629343,-0.05406365613875726,-0.07971699269793243,-0.06479646584711825,joint_six_dimensions,mod__male_pct,package_by_moderator
49.04677352645717,-0.07449349823046941,-0.09271508793049109,-0.05627190853044774,-0.08196545517761832,-0.06702154128332051,joint_six_dimensions,mod__male_pct,package_by_moderator
49.1820375955727,-0.07670992726485559,-0.09497262363783446,-0.05844723089187673,-0.08419874044110597,-0.06922111408860522,joint_six_dimensions,mod__male_pct,package_by_moderator
49.31730166468823,-0.07890512479219394,-0.09722089603773607,-0.06058935354665182,-0.08641570188527577,-0.07139454769911212,joint_six_dimensions,mod__male_pct,package_by_moderator
49.45256573380376,-0.08107819922899444,-0.09945833519345133,-0.06269806326453754,-0.08861516976066006,-0.07354122869732882,joint_six_dimensions,mod__male_pct,package_by_moderator
49.58782980291929,-0.08322825899176702,-0.1016833229576625,-0.06477319502587153,-0.09079595454853208,-0.07566056343500195,joint_six_dimensions,mod__male_pct,package_by_moderator
49.723093872034816,-0.08535441249702161,-0.103894201528462,-0.06681462346558122,-0.09295685046937817,-0.07775197452466505,joint_six_dimensions,mod__male_pct,package_by_moderator
49.858357941150345,-0.0874557681612682,-0.1060892821534104,-0.06882225416912599,-0.0950966390520894,-0.079814897270447,joint_six_dimensions,mod__male_pct,package_by_moderator
49.99362201026588,-0.08953143440101682,-0.10826685382821587,-0.07079601497381778,-0.0972140927009478,-0.08184877610108585,joint_six_dimensions,mod__male_pct,package_by_moderator
50.12888607938141,-0.09158051963277722,-0.11042519186005517,-0.07273584740549927,-0.0993079782071071,-0.08385306105844734,joint_six_dimensions,mod__male_pct,package_by_moderator
50.26415014849694,-0.09360213227305943,-0.11256256619171176,-0.0746416983544071,-0.10137706016199458,-0.08582720438412428,joint_six_dimensions,mod__male_pct,package_by_moderator
50.39941421761247,-0.09559538073837344,-0.11467724940975937,-0.0765135120669875,-0.10342010424115188,-0.087770657235595,joint_six_dimensions,mod__male_pct,package_by_moderator
50.534678286727996,-0.09755937344522916,-0.11676752438646043,-0.0783512225039979,-0.10543588033787678,-0.08968286655258155,joint_six_dimensions,mod__male_pct,package_by_moderator
50.669942355843524,-0.09949321881013658,-0.11883169152966849,-0.08015474609060466,-0.10742316553612306,-0.09156327208415009,joint_six_dimensions,mod__male_pct,package_by_moderator
50.80520642495905,-0.10139602524960561,-0.1208680756369831,-0.08192397486222813,-0.10938074692111957,-0.09341130357809166,joint_six_dimensions,mod__male_pct,package_by_moderator
50.94047049407459,-0.10326690118014634,-0.12287503236918101,-0.08365876999111166,-0.11130742423386981,-0.09522637812642286,joint_six_dimensions,mod__male_pct,package_by_moderator
51.07573456319012,-0.10510495501826847,-0.12485095437330807,-0.08535895566322887,-0.11320201238199071,-0.09700789765454623,joint_six_dimensions,mod__male_pct,package_by_moderator
51.210998632305646,-0.10690929518048209,-0.12679427709775773,-0.08702431326320646,-0.11506334382424785,-0.09875524653671633,joint_six_dimensions,mod__male_pct,package_by_moderator
51.346262701421175,-0.10867903008329716,-0.1287034843503357,-0.08865457581625859,-0.11689027084969891,-0.1004677893168954,joint_six_dimensions,mod__male_pct,package_by_moderator
51.4815267705367,-0.11041326814322358,-0.13057711365598734,-0.09024942263045982,-0.11868166777468675,-0.10214486851176041,joint_six_dimensions,mod__male_pct,package_by_moderator
51.61679083965224,-0.11211111777677144,-0.1324137614738354,-0.09180847407970746,-0.12043643308214161,-0.10378580247140126,joint_six_dimensions,mod__male_pct,package_by_moderator
51.75205490876776,-0.11377168740045038,-0.13421208833375542,-0.09333128646714535,-0.12215349152788804,-0.10538988327301271,joint_six_dimensions,mod__male_pct,package_by_moderator
51.8873189778833,-0.11539408543077072,-0.13597082395117263,-0.0948173469103688,-0.12383179623802265,-0.10695637462351879,joint_six_dimensions,mod__male_pct,package_by_moderator
52.022583046998825,-0.11697742028424216,-0.13768877237529786,-0.09626606819318645,-0.1254703308200022,-0.10848450974848213,joint_six_dimensions,mod__male_pct,package_by_moderator
52.157847116114354,-0.11852080037737472,-0.13936481722078425,-0.09767678353396518,-0.12706811150794076,-0.10997348924680869,joint_six_dimensions,mod__male_pct,package_by_moderator
52.29311118522988,-0.12002333412667836,-0.14099792702580116,-0.09904874122755555,-0.12862418935974476,-0.11142247889361194,joint_six_dimensions,mod__male_pct,package_by_moderator
52.42837525434541,-0.12148412994866305,-0.142587160770771,-0.10038109912655509,-0.13013765252013,-0.11283060737719612,joint_six_dimensions,mod__male_pct,package_by_moderator
52.56363932346095,-0.12290229625983876,-0.14413167358135884,-0.10167291893831867,-0.1316076285591929,-0.11419696396048462,joint_six_dimensions,mod__male_pct,package_by_moderator
52.69890339257647,-0.12427694147671524,-0.14563072262654775,-0.10292316032688271,-0.13303328689097943,-0.11552059606245105,joint_six_dimensions,mod__male_pct,package_by_moderator
52.834167461692005,-0.12560717401580276,-0.1470836732075197,-0.10413067482408582,-0.13441384127029574,-0.1168005067613098,joint_six_dimensions,mod__male_pct,package_by_moderator
52.96943153080753,-0.12689210229361103,-0.14849000501528614,-0.10529419957193592,-0.13574855235871564,-0.11803565222850641,joint_six_dimensions,mod__male_pct,package_by_moderator
53.10469559992306,-0.12813083472665007,-0.14984931851429845,-0.10641235093900171,-0.1370367303422487,-0.11922493911105146,joint_six_dimensions,mod__male_pct,package_by_moderator
53.23995966903859,-0.12932247973142985,-0.15116134138533113,-0.10748361807752857,-0.13827773757331271,-0.12036722188954697,joint_six_dimensions,mod__male_pct,package_by_moderator
53.37522373815412,-0.1304661457244603,-0.1524259349336508,-0.10850635651526978,-0.1394709911984719,-0.12146130025044871,joint_six_dimensions,mod__male_pct,package_by_moderator
53.510487807269655,-0.13156094112225142,-0.15364310033786513,-0.10947878190663772,-0.14061596572084376,-0.1225059165236591,joint_six_dimensions,mod__male_pct,package_by_moderator
53.64575187638518,-0.132605974341313,-0.1548129845812034,-0.11039896410142258,-0.14171219543228392,-0.12349975325034207,joint_six_dimensions,mod__male_pct,package_by_moderator
53.78101594550071,-0.1336003537981552,-0.15593588587100082,-0.11126482172530962,-0.14275927663570365,-0.12444143096060678,joint_six_dimensions,mod__male_pct,package_by_moderator
53.91628001461624,-0.13454318790928788,-0.15701225831502444,-0.11207411750355131,-0.14375686956264666,-0.1253295062559291,joint_six_dimensions,mod__male_pct,package_by_moderator
54.05154408373177,-0.13543358509122094,-0.15804271558683136,-0.11282445459561052,-0.14470469987630863,-0.12616247030613326,joint_six_dimensions,mod__male_pct,package_by_moderator
54.1868081528473,-0.13627065376046438,-0.1590280332791096,-0.11351327424181916,-0.14560255963654956,-0.1269387478843792,joint_six_dimensions,mod__male_pct,package_by_moderator
54.32207222196283,-0.13705350233352814,-0.1599691496172721,-0.11413785504978419,-0.1464503075925106,-0.1276566970745457,joint_six_dimensions,mod__male_pct,package_by_moderator
54.45733629107836,-0.1377812392269222,-0.16086716418952168,-0.11469531426432272,-0.1472478686618638,-0.12831460979198062,joint_six_dimensions,mod__male_pct,package_by_moderator
54.592600360193885,-0.13845297285715644,-0.16172333434886513,-0.11518261136544775,-0.14799523245541926,-0.1289107132588936,joint_six_dimensions,mod__male_pct,package_by_moderator
54.72786442930942,-0.1390678116407409,-0.1625390689620905,-0.11559655431939128,-0.1486924507138273,-0.12944317256765447,joint_six_dimensions,mod__male_pct,package_by_moderator
54.86312849842495,-0.13962486399418544,-0.16331591922525465,-0.11593380876311625,-0.14933963354137073,-0.12991009444700016,joint_six_dimensions,mod__male_pct,package_by_moderator
54.99839256754048,-0.1401232383340001,-0.1640555663385397,-0.11619091032946047,-0.1499369443519088,-0.13030953231609138,joint_six_dimensions,mod__male_pct,package_by_moderator
55.133656636656006,-0.14056204307669473,-0.16475980593737258,-0.1163642802160169,-0.1504845934846917,-0.13063949266869776,joint_six_dimensions,mod__male_pct,package_by_moderator
55.268920705771535,-0.14094038663877934,-0.1654305293106571,-0.11645024396690158,-0.1509828305026968,-0.13089794277486186,joint_six_dimensions,mod__male_pct,package_by_moderator
55.40418477488707,-0.14125737743676392,-0.16606970159643836,-0.11644505327708948,-0.15143193525152854,-0.1310828196219993,joint_six_dimensions,mod__male_pct,package_by_moderator
55.53944884400259,-0.14151212388715828,-0.16667933732178541,-0.11634491045253113,-0.15183220782928644,-0.13119203994503012,joint_six_dimensions,mod__male_pct,package_by_moderator
55.67471291311813,-0.14170373440647255,-0.1672614738345464,-0.1161459949783987,-0.15218395769197385,-0.13122351112097125,joint_six_dimensions,mod__male_pct,package_by_moderator
55.80997698223366,-0.14183131741121655,-0.16781814334396383,-0.11584449147846926,-0.15248749218845398,-0.1311751426339791,joint_six_dimensions,mod__male_pct,package_by_moderator
55.945241051349186,-0.14189398131790026,-0.16835134442728414,-0.11543661820851639,-0.15274310487643186,-0.13104485775936867,joint_six_dimensions,mod__male_pct,package_by_moderator
56.080505120464714,-0.14189083454303367,-0.16886301395327216,-0.11491865513279517,-0.15295106400939237,-0.13083060507667496,joint_six_dimensions,mod__male_pct,package_by_moderator
56.21576918958024,-0.1418209855031267,-0.16935500040698462,-0.11428697059926876,-0.15311160159813939,-0.130530369408114,joint_six_dimensions,mod__male_pct,package_by_moderator
56.35103325869578,-0.14168354261468924,-0.16982903956496312,-0.11353804566441536,-0.15322490343614967,-0.1301421817932288,joint_six_dimensions,mod__male_pct,package_by_moderator
56.4862973278113,-0.1414776142942314,-0.17028673336546415,-0.11266849522299863,-0.1532911004350856,-0.1296641281533772,joint_six_dimensions,mod__male_pct,package_by_moderator
56.621561396926836,-0.14120230895826294,-0.17072953265197607,-0.1116750852645498,-0.1533102615485903,-0.1290943563679356,joint_six_dimensions,mod__male_pct,package_by_moderator
56.756825466042365,-0.14085673502329393,-0.17115872425513678,-0.11055474579145107,-0.15328238847509074,-0.12843108157149713,joint_six_dimensions,mod__male_pct,package_by_moderator
56.89208953515789,-0.14044000090583428,-0.17157542263874442,-0.10930457917292415,-0.15320741223215517,-0.12767258957951338,joint_six_dimensions,mod__male_pct,package_by_moderator
57.02735360427342,-0.13995121502239397,-0.17198056609275003,-0.10792186395203789,-0.15308519159538933,-0.1268172384493986,joint_six_dimensions,mod__male_pct,package_by_moderator
57.16261767338895,-0.1393894857894829,-0.17237491723190862,-0.10640405434705719,-0.15291551330291347,-0.12586345827605233,joint_six_dimensions,mod__male_pct,package_by_moderator
57.29788174250449,-0.13875392162361105,-0.17275906737121358,-0.10474877587600853,-0.15269809384955615,-0.12480974939766595,joint_six_dimensions,mod__male_pct,package_by_moderator
57.43314581162001,-0.13804363094128846,-0.17313344421048754,-0.10295381767208939,-0.15243258263800227,-0.12365467924457467,joint_six_dimensions,mod__male_pct,package_by_moderator
57.568409880735544,-0.13725772215902488,-0.17349832217588715,-0.1010171221421626,-0.15211856621943726,-0.1223968780986125,joint_six_dimensions,mod__male_pct,package_by_moderator
57.70367394985107,-0.1363953036933304,-0.1738538347344981,-0.09893677265216266,-0.15175557334327827,-0.1210350340433825,joint_six_dimensions,mod__male_pct,package_by_moderator
57.8389380189666,-0.1354554839607149,-0.1741999880133605,-0.09671097990806932,-0.15134308054180023,-0.11956788737962959,joint_six_dimensions,mod__male_pct,package_by_moderator
57.97420208808213,-0.13443737137768846,-0.17453667510647175,-0.09433806764890518,-0.15088051799687502,-0.11799422475850191,joint_six_dimensions,mod__male_pct,package_by_moderator
58.10946615719766,-0.13334007436076087,-0.1748636905313296,-0.09181645819019213,-0.1503672754680307,-0.11631287325349104,joint_six_dimensions,mod__male_pct,package_by_moderator
58.244730226313195,-0.1321627013264421,-0.17518074438927392,-0.08914465826361026,-0.14980270809905066,-0.11452269455383353,joint_six_dimensions,mod__male_pct,package_by_moderator
58.379994295428716,-0.13090436069124228,-0.17548747588143454,-0.08632124550105004,-0.1491861419603321,-0.11262257942215245,joint_six_dimensions,mod__male_pct,package_by_moderator
58.51525836454425,-0.1295641608716711,-0.17578346592670135,-0.08334485581664085,-0.14851687922301873,-0.11061144252032348,joint_six_dimensions,mod__male_pct,package_by_moderator
58.65052243365978,-0.12814121028423867,-0.1760682487142569,-0.08021417185422045,-0.14779420289624007,-0.10848821767223726,joint_six_dimensions,mod__male_pct,package_by_moderator
58.78578650277531,-0.12663461734545492,-0.17634132209750028,-0.07692791259340956,-0.1470173810892507,-0.10625185360165913,joint_six_dimensions,mod__male_pct,package_by_moderator
58.92105057189084,-0.1250434904718298,-0.17660215679713584,-0.07348482414652377,-0.1461856707852546,-0.10390131015840501,joint_six_dimensions,mod__male_pct,package_by_moderator
59.05631464100637,-0.12336693807987327,-0.17685020442872476,-0.06988367173102178,-0.14529832113318833,-0.1014355550265582,joint_six_dimensions,mod__male_pct,package_by_moderator
59.1915787101219,-0.12160406858609513,-0.17708490440502267,-0.06612323276716758,-0.14435457627809797,-0.09885356089409227,joint_six_dimensions,mod__male_pct,package_by_moderator
59.326842779237424,-0.11975399040700563,-0.1773056897874618,-0.062202291026549436,-0.14335367776060207,-0.09615430305340919,joint_six_dimensions,mod__male_pct,package_by_moderator
59.46210684835296,-0.11781581195911435,-0.17751199217598002,-0.05811963174224868,-0.14229486652201737,-0.09333675739621133,joint_six_dimensions,mod__male_pct,package_by_moderator
59.59737091746849,-0.11578864165893159,-0.17770324573388535,-0.05387403758397781,-0.14117738455479836,-0.09039989876306481,joint_six_dimensions,mod__male_pct,package_by_moderator
0.0,-0.14098918125107374,-0.1674326859963135,-0.11454567650583397,-0.1518326220397731,-0.13014574046237437,joint_six_dimensions,mod__black_alone_pct,package_by_moderator
0.5562776591347172,-0.1349540171594265,-0.15975502098749986,-0.11015301333135316,-0.14512393295163747,-0.12478410136721554,joint_six_dimensions,mod__black_alone_pct,package_by_moderator
1.1125553182694343,-0.12913845388355938,-0.15245458275220009,-0.10582232501491867,-0.1386994808822329,-0.11957742688488585,joint_six_dimensions,mod__black_alone_pct,package_by_moderator
1.6688329774041515,-0.12353955017614475,-0.14553903487837433,-0.10154006547391517,-0.13256067320990095,-0.11451842714238855,joint_six_dimensions,mod__black_alone_pct,package_by_moderator
2.2251106365388686,-0.1181543647898546,-0.1390158428746248,-0.0972928867050844,-0.12670883608843223,-0.10959989349127697,joint_six_dimensions,mod__black_alone_pct,package_by_moderator
2.781388295673586,-0.11297995647736103,-0.13289127381087262,-0.09306863914384944,-0.12114480423907094,-0.10481510871565113,joint_six_dimensions,mod__black_alone_pct,package_by_moderator
3.337665954808303,-0.10801338399133625,-0.12716913267414992,-0.08885763530852259,-0.11586840277974733,-0.10015836520292518,joint_six_dimensions,mod__black_alone_pct,package_by_moderator
3.89394361394302,-0.10325170608445237,-0.12184941406401466,-0.08465399810489009,-0.11087789433842077,-0.09562551783048398,joint_six_dimensions,mod__black_alone_pct,package_by_moderator
4.450221273077737,-0.09869198150938148,-0.1169271697743494,-0.08045679324441356,-0.10616951469293423,-0.09121444832582873,joint_six_dimensions,mod__black_alone_pct,package_by_moderator
5.0064989322124545,-0.09433126901879577,-0.11239193046170243,-0.0762706075758891,-0.10173723561995736,-0.08692530241763417,joint_six_dimensions,mod__black_alone_pct,package_by_moderator
5.562776591347172,-0.09016662736536732,-0.1082279093355439,-0.07210534539519074,-0.09757284842034561,-0.08276040631038903,joint_six_dimensions,mod__black_alone_pct,package_by_moderator
6.119054250481889,-0.08619511530176827,-0.1044149795591066,-0.06797525104442993,-0.09366636471276599,-0.07872386589077054,joint_six_dimensions,mod__black_alone_pct,package_by_moderator
6.675331909616606,-0.08241379158067078,-0.10093017225976536,-0.06389741090157619,-0.09000663070880952,-0.07482095245253204,joint_six_dimensions,mod__black_alone_pct,package_by_moderator
7.231609568751323,-0.07881971495474696,-0.09774931842299078,-0.05989011148650314,-0.08658200048909581,-0.07105742942039811,joint_six_dimensions,mod__black_alone_pct,package_by_moderator
7.78788722788604,-0.07540994417666892,-0.09484849791704265,-0.05597139043629519,-0.08338093019128322,-0.06743895816205463,joint_six_dimensions,mod__black_alone_pct,package_by_moderator
8.344164887020757,-0.07218153799910883,-0.09220510270588046,-0.05215797329233719,-0.08039241399184781,-0.06397066200636985,joint_six_dimensions,mod__black_alone_pct,package_by_moderator
8.900442546155475,-0.06913155517473882,-0.08979847475884363,-0.048464635590634006,-0.07760624568774252,-0.06065686466173512,joint_six_dimensions,mod__black_alone_pct,package_by_moderator
9.456720205290193,-0.06625705445623098,-0.08761018154915307,-0.04490392736330889,-0.07501313166749224,-0.05750097724496973,joint_six_dimensions,mod__black_alone_pct,package_by_moderator
10.012997864424909,-0.06355509459625745,-0.08562403266247878,-0.04148615653003612,-0.0726046977217139,-0.054505491470801,joint_six_dimensions,mod__black_alone_pct,package_by_moderator
10.569275523559625,-0.06102273434749041,-0.08382593847800995,-0.03821953021697085,-0.07037343109378402,-0.051672037601196784,joint_six_dimensions,mod__black_alone_pct,package_by_moderator
11.125553182694343,-0.05865703246260194,-0.08220368958307003,-0.03511037534213384,-0.06831259002645189,-0.049001474898751986,joint_six_dimensions,mod__black_alone_pct,package_by_moderator
11.681830841829061,-0.05645504769426417,-0.08074670981886321,-0.03216338556966512,-0.06641610249561752,-0.04649399289291082,joint_six_dimensions,mod__black_alone_pct,package_by_moderator
12.238108500963778,-0.05441383879514927,-0.07944581434712299,-0.029381863243175557,-0.0646784670029839,-0.04414921058731465,joint_six_dimensions,mod__black_alone_pct,package_by_moderator
12.794386160098494,-0.05253046451792933,-0.07829298888734118,-0.02676794014851748,-0.0630946620499312,-0.04196626698592746,joint_six_dimensions,mod__black_alone_pct,package_by_moderator
13.350663819233212,-0.050801983615276505,-0.07728119662161657,-0.024322770608936436,-0.061660066956793234,-0.039943900273759776,joint_six_dimensions,mod__black_alone_pct,package_by_moderator
13.90694147836793,-0.04922545483986291,-0.07640421371703603,-0.022046695962689798,-0.060370394417057806,-0.038080515262668015,joint_six_dimensions,mod__black_alone_pct,package_by_moderator
14.463219137502646,-0.047797936944360686,-0.07565649156228094,-0.019939382326440432,-0.05922163400601983,-0.03637423988270154,joint_six_dimensions,mod__black_alone_pct,package_by_moderator
15.019496796637362,-0.046516488681441974,-0.07503304258860666,-0.017999934774277283,-0.058210005360457735,-0.03482297200242621,joint_six_dimensions,mod__black_alone_pct,package_by_moderator
15.57577445577208,-0.04537816880377887,-0.07452934622925111,-0.016226991378306632,-0.0573319196162872,-0.03342441799127055,joint_six_dimensions,mod__black_alone_pct,package_by_moderator
16.1320521149068,-0.04438003606404353,-0.07414127172118268,-0.014618800406904386,-0.056583947752595704,-0.03217612437549136,joint_six_dimensions,mod__black_alone_pct,package_by_moderator
16.688329774041513,-0.04351914921490808,-0.07386501480962644,-0.01317328362018971,-0.05596279463665923,-0.031075503793156926,joint_six_dimensions,mod__black_alone_pct,package_by_moderator
17.24460743317623,-0.042792567009044644,-0.07369704583665979,-0.011888088181429505,-0.055465277737117964,-0.030119856280971323,joint_six_dimensions,mod__black_alone_pct,package_by_moderator
17.80088509231095,-0.042197348199125365,-0.07363406710781159,-0.010760629290439139,-0.0550883096416962,-0.029306386756554535,joint_six_dimensions,mod__black_alone_pct,package_by_moderator
18.357162751445667,-0.041730551537822375,-0.07367297780226073,-0.009788125273384012,-0.05482888366825542,-0.028632219407389334,joint_six_dimensions,mod__black_alone_pct,package_by_moderator
18.913440410580385,-0.04138923577780779,-0.07381084501167698,-0.008967626543938595,-0.05468406198896255,-0.028094409566653024,joint_six_dimensions,mod__black_alone_pct,package_by_moderator
19.4697180697151,-0.041170459671753735,-0.07404487975969597,-0.008296039583811504,-0.05465096579682026,-0.027689953546687213,joint_six_dimensions,mod__black_alone_pct,package_by_moderator
20.025995728849818,-0.04107128197233237,-0.0743724170731923,-0.007770146871472441,-0.054726767133680194,-0.027415796810984543,joint_six_dimensions,mod__black_alone_pct,package_by_moderator
20.582273387984536,-0.041088761432215785,-0.07479089935445264,-0.007386623509978929,-0.05490868207182543,-0.027268840792606143,joint_six_dimensions,mod__black_alone_pct,package_by_moderator
21.13855104711925,-0.04121995680407615,-0.0752978624468045,-0.0071420511613478,-0.05519396500003316,-0.027245948608119137,joint_six_dimensions,mod__black_alone_pct,package_by_moderator
21.69482870625397,-0.04146192684058557,-0.07589092390141894,-0.007032929779752194,-0.05557990381225215,-0.02734394986891899,joint_six_dimensions,mod__black_alone_pct,package_by_moderator
22.251106365388686,-0.04181173029441619,-0.07656777304525819,-0.007055687543574184,-0.056063815834858866,-0.02755964475397352,joint_six_dimensions,mod__black_alone_pct,package_by_moderator
22.807384024523405,-0.04226642591824013,-0.07732616252397265,-0.007206689312507626,-0.05664304435873229,-0.027889807477747976,joint_six_dimensions,mod__black_alone_pct,package_by_moderator
23.363661683658123,-0.04282307246472952,-0.07816390105265976,-0.0074822438767992855,-0.057314955666625436,-0.02833118926283361,joint_six_dimensions,mod__black_alone_pct,package_by_moderator
23.919939342792837,-0.04347872868655652,-0.07907884715475959,-0.007878610218353455,-0.05807693646573274,-0.028880520907380303,joint_six_dimensions,mod__black_alone_pct,package_by_moderator
24.476217001927555,-0.04423045333639322,-0.0800689037073731,-0.008392002965413335,-0.05892639165093971,-0.029534515021846734,joint_six_dimensions,mod__black_alone_pct,package_by_moderator
25.032494661062273,-0.04507530516691176,-0.0811320131418625,-0.00901859719196102,-0.059860742336777996,-0.03028986799704552,joint_six_dimensions,mod__black_alone_pct,package_by_moderator
25.588772320196988,-0.04601034293078427,-0.08226615317324917,-0.009754532688319363,-0.06087742410621956,-0.03114326175534898,joint_six_dimensions,mod__black_alone_pct,package_by_moderator
26.145049979331706,-0.047032625380682896,-0.08346933295188194,-0.010595917809483844,-0.061973885432627204,-0.03209136532873859,joint_six_dimensions,mod__black_alone_pct,package_by_moderator
26.701327638466424,-0.048139211269279766,-0.08473958954707239,-0.011538832991487141,-0.06314758623783176,-0.033130836300727766,joint_six_dimensions,mod__black_alone_pct,package_by_moderator
27.257605297601142,-0.04932715934924701,-0.08607498468566653,-0.012579334012827487,-0.06439599655474876,-0.03425832214374526,joint_six_dimensions,mod__black_alone_pct,package_by_moderator
27.81388295673586,-0.05059352837325673,-0.0874736016794623,-0.013713455067051163,-0.06571659526743312,-0.03547046147908034,joint_six_dimensions,mod__black_alone_pct,package_by_moderator
28.370160615870574,-0.0519353770939811,-0.08893354248450172,-0.01493721170346047,-0.0671068689052107,-0.03676388528275149,joint_six_dimensions,mod__black_alone_pct,package_by_moderator
28.926438275005292,-0.053349764264092214,-0.09045292484297196,-0.01624660368521247,-0.06856431047068427,-0.038135218057500156,joint_six_dimensions,mod__black_alone_pct,package_by_moderator
29.48271593414001,-0.054833748636262225,-0.09202987946508215,-0.017637617807442302,-0.07008641828413217,-0.039581078988392276,joint_six_dimensions,mod__black_alone_pct,package_by_moderator
30.038993593274725,-0.05638438896316325,-0.09366254721411645,-0.019106230712210057,-0.0716706948292093,-0.0410980830971172,joint_six_dimensions,mod__black_alone_pct,package_by_moderator
30.595271252409443,-0.057998743997467433,-0.09534907626313148,-0.020648411731803387,-0.07331464558702062,-0.042682842407914236,joint_six_dimensions,mod__black_alone_pct,package_by_moderator
31.15154891154416,-0.0596738724918469,-0.09708761919665534,-0.022260125787038447,-0.07501577784764196,-0.044331967136051836,joint_six_dimensions,mod__black_alone_pct,package_by_moderator
31.70782657067888,-0.061406833198973776,-0.09887633003541182,-0.023937336362535734,-0.07677159949007646,-0.04604206690787109,joint_six_dimensions,mod__black_alone_pct,package_by_moderator
32.2641042298136,-0.06319468487152019,-0.10071336116666194,-0.025676008576378445,-0.0785796177235085,-0.047809752019531894,joint_six_dimensions,mod__black_alone_pct,package_by_moderator
32.82038188894831,-0.06503448626215827,-0.10259686016732496,-0.027472112356991582,-0.08043733778459053,-0.04963163473972602,joint_six_dimensions,mod__black_alone_pct,package_by_moderator
33.376659548083026,-0.06692329612356016,-0.10452496651167853,-0.029321625735441774,-0.08234226158740056,-0.05150433065971975,joint_six_dimensions,mod__black_alone_pct,package_by_moderator
33.93293720721775,-0.068858173208398,-0.10649580816019219,-0.031220538256603807,-0.08429188632465692,-0.05342446009213909,joint_six_dimensions,mod__black_alone_pct,package_by_moderator
34.48921486635246,-0.07083617626934388,-0.10850749803093415,-0.03316485450775362,-0.086283703020781,-0.055388649517906764,joint_six_dimensions,mod__black_alone_pct,package_by_moderator
35.045492525487184,-0.07285436405906998,-0.11055813035999953,-0.03515059775814041,-0.08831519503945222,-0.057393533078687727,joint_six_dimensions,mod__black_alone_pct,package_by_moderator
35.6017701846219,-0.07490979533024837,-0.11264577696250405,-0.037173813697992684,-0.0903838365503885,-0.05943575411010825,joint_six_dimensions,mod__black_alone_pct,package_by_moderator
36.15804784375661,-0.07699952883555122,-0.11476848341080689,-0.03923057426029555,-0.09248709096218594,-0.06151196670891652,joint_six_dimensions,mod__black_alone_pct,package_by_moderator
36.714325502891334,-0.0791206233276507,-0.1169242651516815,-0.0413169815036199,-0.09462240933012334,-0.06361883732517806,joint_six_dimensions,mod__black_alone_pct,package_by_moderator
37.27060316202605,-0.08127013755921884,-0.11911110358903335,-0.04342917152940434,-0.09678722874983882,-0.06575304636859887,joint_six_dimensions,mod__black_alone_pct,package_by_moderator
37.82688082116077,-0.08344513028292788,-0.1213269421633381,-0.045563318402517664,-0.0989789707496618,-0.06791128981619396,joint_six_dimensions,mod__black_alone_pct,package_by_moderator
38.383158480295485,-0.08564266025144986,-0.1235696824630945,-0.04771563803980522,-0.10119503969607271,-0.070090280806827,joint_six_dimensions,mod__black_alone_pct,package_by_moderator
38.9394361394302,-0.08785978621745695,-0.12583718040710729,-0.0498823920278066,-0.10343282122820756,-0.07228675120670634,joint_six_dimensions,mod__black_alone_pct,package_by_moderator
39.49571379856492,-0.0900935669336213,-0.12812724253917485,-0.05205989132806776,-0.105689680738455,-0.07449745312878761,joint_six_dimensions,mod__black_alone_pct,package_by_moderator
40.051991457699636,-0.09234106115261499,-0.1304376224786179,-0.054244499826612086,-0.1079629619169579,-0.07671916038827209,joint_six_dimensions,mod__black_alone_pct,package_by_moderator
40.60826911683435,-0.09459932762711018,-0.13276601757092135,-0.056432637683299,-0.1102499853781734,-0.07894866987604696,joint_six_dimensions,mod__black_alone_pct,package_by_moderator
41.16454677596907,-0.09686542510977904,-0.1351100657824695,-0.058620784437088576,-0.11254804738752591,-0.08118280283203216,joint_six_dimensions,mod__black_alone_pct,package_by_moderator
41.720824435103786,-0.09913641235329361,-0.1374673428818812,-0.06080548182470603,-0.11485441870558355,-0.08341840600100367,joint_six_dimensions,mod__black_alone_pct,package_by_moderator
42.2771020942385,-0.10140934811032609,-0.13983535994777263,-0.06298333627287955,-0.11716634356608992,-0.08565235265456227,joint_six_dimensions,mod__black_alone_pct,package_by_moderator
42.83337975337322,-0.10368129113354861,-0.14221156123891987,-0.06515102102817735,-0.11948103880260132,-0.0878815434644959,joint_six_dimensions,mod__black_alone_pct,package_by_moderator
43.38965741250794,-0.10594930017563325,-0.14459332245784812,-0.06730527789341839,-0.12179569313645316,-0.09010290721481334,joint_six_dimensions,mod__black_alone_pct,package_by_moderator
43.94593507164266,-0.1082104339892522,-0.14697794943296297,-0.06944291854554144,-0.12410746663635391,-0.09231340134215049,joint_six_dimensions,mod__black_alone_pct,package_by_moderator
44.50221273077737,-0.11046175132707754,-0.14936267723763613,-0.07156082541651895,-0.12641349035715663,-0.09451001229699846,joint_six_dimensions,mod__black_alone_pct,package_by_moderator
45.05849038991209,-0.11270031094178143,-0.15174466975738335,-0.07365595212617951,-0.12871086616237581,-0.09668975572118704,joint_six_dimensions,mod__black_alone_pct,package_by_moderator
45.61476804904681,-0.11492317158603602,-0.1541210197086537,-0.07572532346341834,-0.13099666673189214,-0.09884967644017989,joint_six_dimensions,mod__black_alone_pct,package_by_moderator
46.17104570818152,-0.11712739201251338,-0.1564887491050543,-0.07776603491997244,-0.13326793575313278,-0.10098684827189397,joint_six_dimensions,mod__black_alone_pct,package_by_moderator
46.727323367316245,-0.11931003097388568,-0.15884481015931243,-0.07977525178845893,-0.13552168829093061,-0.10309837365684074,joint_six_dimensions,mod__black_alone_pct,package_by_moderator
47.28360102645096,-0.12146814722282505,-0.16118608660217515,-0.08175020784347493,-0.13775491132835316,-0.10518138311729693,joint_six_dimensions,mod__black_alone_pct,package_by_moderator
47.839878685585674,-0.1235987995120036,-0.16350939539299403,-0.08368820363101317,-0.13996456446814592,-0.10723303455586128,joint_six_dimensions,mod__black_alone_pct,package_by_moderator
48.396156344720396,-0.1256990465940935,-0.1658114887911179,-0.08558660439706912,-0.14214758078212916,-0.10925051240605785,joint_six_dimensions,mod__black_alone_pct,package_by_moderator
48.95243400385511,-0.12776594722176685,-0.1680890567525753,-0.08744283769095841,-0.144300867793983,-0.11123102664955072,joint_six_dimensions,mod__black_alone_pct,package_by_moderator
49.508711662989825,-0.12979656014769575,-0.1703387296129647,-0.08925439068242678,-0.14642130857939512,-0.1131718117159964,joint_six_dimensions,mod__black_alone_pct,package_by_moderator
50.064989322124546,-0.13178794412455241,-0.17255708101503606,-0.09101880723406877,-0.14850576296654683,-0.115070125282558,joint_six_dimensions,mod__black_alone_pct,package_by_moderator
50.62126698125926,-0.1337371579050089,-0.17474063103814216,-0.09273368477187563,-0.1505510688193779,-0.11692324699063988,joint_six_dimensions,mod__black_alone_pct,package_by_moderator
51.177544640393975,-0.13564126024173737,-0.1768858494865264,-0.09439667099694835,-0.15255404338598397,-0.11872847709749076,joint_six_dimensions,mod__black_alone_pct,package_by_moderator
51.7338222995287,-0.13749730988740996,-0.17898915929420323,-0.09600546048061671,-0.15451148469482404,-0.12048313507999588,joint_six_dimensions,mod__black_alone_pct,package_by_moderator
52.29009995866341,-0.13930236559469877,-0.1810469400058828,-0.09755779118351474,-0.15642017298211072,-0.12218455820728681,joint_six_dimensions,mod__black_alone_pct,package_by_moderator
52.84637761779813,-0.141053486116276,-0.18305553129584742,-0.09905144093670457,-0.15827687213476302,-0.12383010009778897,joint_six_dimensions,mod__black_alone_pct,package_by_moderator
53.40265527693285,-0.14274773020481366,-0.18501123648976564,-0.10048422391986167,-0.16007833113456363,-0.12541712927506368,joint_six_dimensions,mod__black_alone_pct,package_by_moderator
53.95893293606756,-0.14438215661298398,-0.18691032605798133,-0.10185398716798663,-0.16182128549061947,-0.1269430277353485,joint_six_dimensions,mod__black_alone_pct,package_by_moderator
54.515210595202284,-0.14595382409345906,-0.1887490410526837,-0.1031586071342344,-0.16350245864880977,-0.12840518953810834,joint_six_dimensions,mod__black_alone_pct,package_by_moderator
55.071488254337,-0.14745979139891102,-0.1905235964654235,-0.10439598633239854,-0.16511856336857134,-0.1298010194292507,joint_six_dimensions,mod__black_alone_pct,package_by_moderator
55.62776591347172,-0.148897117282012,-0.19223018448555437,-0.10556405007846961,-0.1666663030590572,-0.1311279315049668,joint_six_dimensions,mod__black_alone_pct,package_by_moderator
56.184043572606434,-0.15026286049543414,-0.19386497764424376,-0.1066607433466245,-0.16814237306837176,-0.1323833479224965,joint_six_dimensions,mod__black_alone_pct,package_by_moderator
56.74032123174115,-0.1515540797918496,-0.19542413183262491,-0.10768402775107429,-0.16954346192119613,-0.13356469766250306,joint_six_dimensions,mod__black_alone_pct,package_by_moderator
57.29659889087587,-0.15276783392393042,-0.19690378918637716,-0.10863187866148369,-0.170866252501641,-0.13466941534621985,joint_six_dimensions,mod__black_alone_pct,package_by_moderator
57.852876550010585,-0.1539011816443488,-0.19830008083247996,-0.10950228245621764,-0.17210742317958244,-0.13569494010911515,joint_six_dimensions,mod__black_alone_pct,package_by_moderator
58.4091542091453,-0.15495118170577685,-0.19960912949704648,-0.11029323391450721,-0.17326364888003185,-0.13663871453152185,joint_six_dimensions,mod__black_alone_pct,package_by_moderator
58.96543186828002,-0.15591489286088672,-0.2008270519759984,-0.11100273374577505,-0.1743316020962624,-0.13749818362551106,joint_six_dimensions,mod__black_alone_pct,package_by_moderator
59.521709527414735,-0.1567893738623505,-0.2019499614728821,-0.1116287862518189,-0.1753079538484555,-0.13827079387624552,joint_six_dimensions,mod__black_alone_pct,package_by_moderator
60.07798718654945,-0.15757168346284034,-0.20297396981036522,-0.11216939711531546,-0.1761893745905485,-0.13895399233513217,joint_six_dimensions,mod__black_alone_pct,package_by_moderator
60.63426484568417,-0.15825888041502842,-0.20389518952390615,-0.11262257130615069,-0.17697253506876634,-0.1395452257612905,joint_six_dimensions,mod__black_alone_pct,package_by_moderator
61.190542504818886,-0.1588480234715868,-0.20470973584778687,-0.11298631109538673,-0.1776541071360151,-0.1400419398071585,joint_six_dimensions,mod__black_alone_pct,package_by_moderator
61.74682016395361,-0.15933617138518763,-0.20541372860517482,-0.11325861416520044,-0.17823076452692238,-0.14044157824345288,joint_six_dimensions,mod__black_alone_pct,package_by_moderator
62.30309782308832,-0.15972038290850304,-0.20600329401516565,-0.11343747180184044,-0.17869918359883422,-0.14074158221817187,joint_six_dimensions,mod__black_alone_pct,package_by_moderator
62.85937548222304,-0.1599977167942052,-0.20647456643090054,-0.11352086715750989,-0.17905604404454864,-0.1409393895438618,joint_six_dimensions,mod__black_alone_pct,package_by_moderator
63.41565314135776,-0.16016523179496617,-0.20682369002388737,-0.11350677356604497,-0.17929802958298957,-0.14103243400694276,joint_six_dimensions,mod__black_alone_pct,package_by_moderator
63.97193080049247,-0.16021998666345816,-0.20704682043062952,-0.11339315289628679,-0.1794218286344244,-0.1410181446924919,joint_six_dimensions,mod__black_alone_pct,package_by_moderator
64.5282084596272,-0.16015904015235322,-0.2071401263786182,-0.11317795392608823,-0.1794241349872196,-0.14089394531748684,joint_six_dimensions,mod__black_alone_pct,package_by_moderator
65.0844861187619,-0.15997945101432356,-0.2070997913097282,-0.11285911071891894,-0.1793016484635313,-0.14065725356511583,joint_six_dimensions,mod__black_alone_pct,package_by_moderator
65.64076377789662,-0.15967827800204124,-0.20692201502010288,-0.11243454098397958,-0.17905107559175765,-0.14030548041232482,joint_six_dimensions,mod__black_alone_pct,package_by_moderator
66.19704143703134,-0.15925257986817842,-0.20660301533678413,-0.11190214439957272,-0.17866913029405884,-0.139836029442298,joint_six_dimensions,mod__black_alone_pct,package_by_moderator
66.75331909616605,-0.15869941536540721,-0.20613902985266835,-0.11125980087814608,-0.1781525345977942,-0.13924629613302023,joint_six_dimensions,mod__black_alone_pct,package_by_moderator
67.30959675530077,-0.15801584324639978,-0.2055263177429154,-0.11050536874988416,-0.17749801938036014,-0.13853366711243942,joint_six_dimensions,mod__black_alone_pct,package_by_moderator
67.8658744144355,-0.1571989222638283,-0.20476116168774114,-0.10963668283991548,-0.17670232515765166,-0.13769551937000496,joint_six_dimensions,mod__black_alone_pct,package_by_moderator
68.42215207357022,-0.15624571117036476,-0.20383986992865696,-0.10865155241207256,-0.17576220292724512,-0.1367292194134844,joint_six_dimensions,mod__black_alone_pct,package_by_moderator
68.97842973270492,-0.1551532687186814,-0.2027587784877335,-0.10754775894962931,-0.17467441507843126,-0.13563212235893155,joint_six_dimensions,mod__black_alone_pct,package_by_moderator
69.53470739183965,-0.15391865366145036,-0.20151425358243108,-0.10632305374046964,-0.17343573638244195,-0.13440157094045876,joint_six_dimensions,mod__black_alone_pct,package_by_moderator
70.09098505097437,-0.15253892475134365,-0.2001026942720414,-0.1049751552306459,-0.17204295507765177,-0.13303489442503552,joint_six_dimensions,mod__black_alone_pct,package_by_moderator
70.64726271010908,-0.15101114074103356,-0.198520535375896,-0.1035017461061711,-0.1704928740662207,-0.1315294074158464,joint_six_dimensions,mod__black_alone_pct,package_by_moderator
71.2035403692438,-0.14933236038319211,-0.19676425070832482,-0.10190047005805943,-0.16878231224062298,-0.12988240852576124,joint_six_dimensions,mod__black_alone_pct,package_by_moderator
71.75981802837852,-0.14749964243049143,-0.19483035668099938,-0.10016892817998349,-0.16690810596082664,-0.12809117890015623,joint_six_dimensions,mod__black_alone_pct,package_by_moderator
72.31609568751323,-0.14551004563560377,-0.19271541632989023,-0.09830467494131731,-0.16486711070559013,-0.1261529805656174,joint_six_dimensions,mod__black_alone_pct,package_by_moderator
72.87237334664795,-0.14336062875120115,-0.1904160438317444,-0.09630521367065789,-0.16265620292449195,-0.12406505457791032,joint_six_dimensions,mod__black_alone_pct,package_by_moderator
73.42865100578267,-0.14104845052995565,-0.18792890958390454,-0.09416799147600677,-0.16027228212096475,-0.12182461893894656,joint_six_dimensions,mod__black_alone_pct,package_by_moderator
73.98492866491738,-0.13857056972453963,-0.18525074593159868,-0.09189039351748059,-0.15771227320083153,-0.11942886624824772,joint_six_dimensions,mod__black_alone_pct,package_by_moderator
74.5412063240521,-0.13592404508762496,-0.18237835363871452,-0.0894697365365354,-0.15497312912571518,-0.11687496104953474,joint_six_dimensions,mod__black_alone_pct,package_by_moderator
75.09748398318682,-0.13310593537188384,-0.1793086092117112,-0.08690326153205646,-0.15205183391628702,-0.11416003682748065,joint_six_dimensions,mod__black_alone_pct,package_by_moderator
75.65376164232154,-0.1301132993299885,-0.17603847320187746,-0.08418812545809953,-0.14894540605669598,-0.11128119260328102,joint_six_dimensions,mod__black_alone_pct,package_by_moderator
76.21003930145625,-0.12694319571461107,-0.17256499962878236,-0.08132139180043979,-0.14565090235875483,-0.10823548907046732,joint_six_dimensions,mod__black_alone_pct,package_by_moderator
76.76631696059097,-0.12359268327842343,-0.16888534668756844,-0.07830001986927844,-0.14216542235257978,-0.10501994420426707,joint_six_dimensions,mod__black_alone_pct,package_by_moderator
77.32259461972569,-0.12005882077409802,-0.16499678892472078,-0.07512085262347526,-0.13848611327939475,-0.10163152826880129,joint_six_dimensions,mod__black_alone_pct,package_by_moderator
77.8788722788604,-0.11633866695430689,-0.16089673109095687,-0.07178060281765691,-0.13461017577205575,-0.09806715813655803,joint_six_dimensions,mod__black_alone_pct,package_by_moderator
78.43514993799512,-0.11242928057172205,-0.15658272390554684,-0.06827583723789726,-0.13053487031937863,-0.09432369082406547,joint_six_dimensions,mod__black_alone_pct,package_by_moderator
78.99142759712984,-0.10832772037901572,-0.15205248199291826,-0.06460295876511318,-0.12625752462123505,-0.0903979161367964,joint_six_dimensions,mod__black_alone_pct,package_by_moderator
79.54770525626455,-0.10403104512886013,-0.14730390427853002,-0.060758185979190256,-0.12177554195209762,-0.08628654830562264,joint_six_dimensions,mod__black_alone_pct,package_by_moderator
80.10398291539927,-0.09953631357392717,-0.1423350971545978,-0.05673752999325654,-0.11708641066039234,-0.081986216487462,joint_six_dimensions,mod__black_alone_pct,package_by_moderator
80.66026057453399,-0.09484058446688914,-0.13714440074406523,-0.05253676818971307,-0.11218771493831999,-0.0774934539954583,joint_six_dimensions,mod__black_alone_pct,package_by_moderator
81.2165382336687,-0.08994091656041825,-0.13173041859835788,-0.04815141452247862,-0.10707714699973632,-0.07280468612110018,joint_six_dimensions,mod__black_alone_pct,package_by_moderator
81.77281589280342,-0.08483436860718635,-0.12609205115386918,-0.043576686060503536,-0.10175252079934025,-0.06791621641503245,joint_six_dimensions,mod__black_alone_pct,package_by_moderator
82.32909355193814,-0.0795179993598657,-0.12022853323375284,-0.03880746548597856,-0.09621178741068377,-0.06282421130904763,joint_six_dimensions,mod__black_alone_pct,package_by_moderator
82.88537121107285,-0.07398886757112871,-0.11413947580156236,-0.03383825934069506,-0.09045305214769646,-0.05752468299456097,joint_six_dimensions,mod__black_alone_pct,package_by_moderator
83.44164887020757,-0.06824403199364704,-0.10782491203292388,-0.028663151954370192,-0.08447459345686503,-0.05201347053042904,joint_six_dimensions,mod__black_alone_pct,package_by_moderator
83.9979265293423,-0.062280551380093085,-0.10128534754646185,-0.023275755213724332,-0.0782748835149605,-0.04628621924522568,joint_six_dimensions,mod__black_alone_pct,package_by_moderator
84.554204188477,-0.056095484483139,-0.09452181429531295,-0.01766915467096506,-0.07185261032782676,-0.04033835863845124,joint_six_dimensions,mod__black_alone_pct,package_by_moderator
85.11048184761172,-0.049685890055456816,-0.08753592713017314,-0.01183585298074049,-0.0652067009246607,-0.03416507918625293,joint_six_dimensions,mod__black_alone_pct,package_by_moderator
85.66675950674644,-0.04304882684971861,-0.08032994136570892,-0.005767712333728296,-0.05833634496373235,-0.027761308735704877,joint_six_dimensions,mod__black_alone_pct,package_by_moderator
86.22303716588117,-0.03618135361859667,-0.07290680877985543,0.0005441015426620871,-0.05124101769549367,-0.021121689541699677,joint_six_dimensions,mod__black_alone_pct,package_by_moderator
86.77931482501587,-0.029080529114763165,-0.06527022833094048,0.007109170101414153,-0.043920500759675324,-0.014240557469851004,joint_six_dimensions,mod__black_alone_pct,package_by_moderator
87.3355924841506,-0.021743412090890035,-0.05742468650617734,0.013937862324397268,-0.03637489873061582,-0.007111925451164246,joint_six_dimensions,mod__black_alone_pct,package_by_moderator
87.89187014328532,-0.014167061299649397,-0.04937548069457938,0.021041358095280585,-0.028604648701574385,0.0002705261022755926,joint_six_dimensions,mod__black_alone_pct,package_by_moderator
88.44814780242002,-0.0063485354937136695,-0.04112871748247048,0.028431646495043143,-0.020610519585786892,0.007913448598359555,joint_six_dimensions,mod__black_alone_pct,package_by_moderator
89.00442546155475,0.0017151065742452842,-0.03269127660665565,0.036121489755146216,-0.012393597335079044,0.015823810483569612,joint_six_dimensions,mod__black_alone_pct,package_by_moderator
89.56070312068947,0.010026806151555323,-0.02407073092447974,0.04412434322759039,-0.003955252122736973,0.02400886442584762,joint_six_dimensions,mod__black_alone_pct,package_by_moderator
90.11698077982417,0.018589504485544195,-0.015275213750284136,0.052454222721372526,0.004702916056591891,0.0324760929144965,joint_six_dimensions,mod__black_alone_pct,package_by_moderator
90.6732584389589,0.02740614282353976,-0.006313227863020236,0.061125513510099753,0.013579155705361416,0.0412331299417181,joint_six_dimensions,mod__black_alone_pct,package_by_moderator
91.22953609809362,0.03647966241287032,0.0028066041757893456,0.07015272064995129,0.022671666207906525,0.05028765861783411,joint_six_dimensions,mod__black_alone_pct,package_by_moderator
91.78581375722833,0.0458130045008629,0.012075841101533466,0.07955016790019233,0.031978721291291055,0.05964728771043474,joint_six_dimensions,mod__black_alone_pct,package_by_moderator
92.34209141636305,0.05540911033484602,0.021486558982538775,0.08933166168715327,0.04149880682046133,0.06931941384923071,joint_six_dimensions,mod__black_alone_pct,package_by_moderator
92.89836907549777,0.06527092116214761,0.03103169683060885,0.09951014549368636,0.051230762519527843,0.07931107980476737,joint_six_dimensions,mod__black_alone_pct,package_by_moderator
93.45464673463249,0.07540137823009513,0.04070538001532283,0.11009737644486742,0.0611739145912434,0.08962884186894686,joint_six_dimensions,mod__black_alone_pct,package_by_moderator
94.0109243937672,0.08580342278601638,0.05050318818911548,0.12110365738291728,0.0713281855825365,0.10027865998949627,joint_six_dimensions,mod__black_alone_pct,package_by_moderator
94.56720205290192,0.0964799960772399,0.06042233912432557,0.13253765303015422,0.08169416976885147,0.11126582238562832,joint_six_dimensions,mod__black_alone_pct,package_by_moderator
95.12347971203664,0.10743403935109302,0.0704617703922634,0.14440630830992265,0.09227316664751897,0.12259491205466708,joint_six_dimensions,mod__black_alone_pct,package_by_moderator
95.67975737117135,0.11866849385490336,0.08062211493867384,0.15671487277113288,0.1030671709222153,0.1342698167875914,joint_six_dimensions,mod__black_alone_pct,package_by_moderator
96.23603503030607,0.13018630083599947,0.09090558093398016,0.16946702073801878,0.11407882323427551,0.14629377843772343,joint_six_dimensions,mod__black_alone_pct,package_by_moderator
96.79231268944079,0.141990401541709,0.1013157574827604,0.1826650456006576,0.12531133049179352,0.15866947259162448,joint_six_dimensions,mod__black_alone_pct,package_by_moderator
97.3485903485755,0.1540837372193593,0.11185737377255009,0.19631010066616852,0.13676836710602364,0.17139910733269498,joint_six_dimensions,mod__black_alone_pct,package_by_moderator
97.90486800771022,0.1664692491162792,0.12253603967789696,0.21040245855466144,0.14845396862331117,0.18448452960924722,joint_six_dimensions,mod__black_alone_pct,package_by_moderator
98.46114566684494,0.17914987847979574,0.13335799185969213,0.22494176509989935,0.16037242761041684,0.19792732934917465,joint_six_dimensions,mod__black_alone_pct,package_by_moderator
99.01742332597965,0.19212856655723692,0.14432986292895922,0.23992727018551463,0.17252819899767124,0.2117289341168026,joint_six_dimensions,mod__black_alone_pct,package_by_moderator
99.57370098511437,0.20540825459593132,0.15545848418822245,0.2553580250036402,0.18492581919097162,0.22589069000089101,joint_six_dimensions,mod__black_alone_pct,package_by_moderator
0.0,0.06756932394344553,0.03319452091083087,0.1019441269760602,0.05347356981030782,0.08166507807658324,joint_six_dimensions,mod__hispanic_latino_pct,package_by_moderator
0.5398056621406149,0.06216800216841511,0.02951436822471655,0.09482163611211367,0.048778031753540424,0.07555797258328979,joint_six_dimensions,mod__hispanic_latino_pct,package_by_moderator
1.0796113242812297,0.056898715796160945,0.02587404168594511,0.08792338990637678,0.04417671771217478,0.06962071388014711,joint_six_dimensions,mod__hispanic_latino_pct,package_by_moderator
1.6194169864218446,0.05175970823976174,0.022269761733006356,0.08124965474651713,0.039667041557011326,0.06385237492251215,joint_six_dimensions,mod__hispanic_latino_pct,package_by_moderator
2.1592226485624595,0.04674922291229594,0.018697612879849106,0.07480083294474277,0.03524636142154448,0.058252084403047404,joint_six_dimensions,mod__hispanic_latino_pct,package_by_moderator
2.699028310703074,0.041865503226842175,0.015153599821105881,0.06857740663257847,0.030912002708507916,0.05281900374517644,joint_six_dimensions,mod__hispanic_latino_pct,package_by_moderator
3.2388339728436892,0.03710679259647899,0.011633729335081007,0.06257985585787698,0.02666129167506709,0.04755229351789089,joint_six_dimensions,mod__hispanic_latino_pct,package_by_moderator
3.7786396349843043,0.03247133443428497,0.008134121854676143,0.05680854701389379,0.022491601183665708,0.042451067684904226,joint_six_dimensions,mod__hispanic_latino_pct,package_by_moderator
4.318445297124919,0.02795737215333869,0.00465115439079351,0.05126358991588387,0.018400409309289614,0.037514334997387766,joint_six_dimensions,mod__hispanic_latino_pct,package_by_moderator
4.858250959265534,0.023563149166718693,0.0011816326655823238,0.04594466566785506,0.014385369924537938,0.032740928408899445,joint_six_dimensions,mod__hispanic_latino_pct,package_by_moderator
5.398056621406148,0.019286908887503527,-0.0022770151902445843,0.04085083296525164,0.010444392127271036,0.028129425647736017,joint_six_dimensions,mod__hispanic_latino_pct,package_by_moderator
5.937862283546764,0.015126894728771795,-0.005726537657291593,0.03598032711483518,0.00657572265464915,0.02367806680289444,joint_six_dimensions,mod__hispanic_latino_pct,package_by_moderator
6.4776679456873785,0.011081350103602075,-0.009167672298060151,0.0313303725052643,0.0027780227815685996,0.01938467742563555,joint_six_dimensions,mod__hispanic_latino_pct,package_by_moderator
7.017473607827993,0.007148518425072886,-0.012599996678338062,0.026897033528483834,-0.0009495705480659852,0.015246607398211758,joint_six_dimensions,mod__hispanic_latino_pct,package_by_moderator
7.557279269968609,0.00332664310626285,-0.01602184266522751,0.02267512887775321,-0.004607409578335083,0.011260695790860782,joint_six_dimensions,mod__hispanic_latino_pct,package_by_moderator
8.097084932109222,-0.00038603243974948825,-0.019430293238612843,0.018658228359113866,-0.008195334433812783,0.007423269554313807,joint_six_dimensions,mod__hispanic_latino_pct,package_by_moderator
8.636890594249838,-0.003991264799885576,-0.022821269796539676,0.014838740196768525,-0.011712708920067401,0.0037301793202962497,joint_six_dimensions,mod__hispanic_latino_pct,package_by_moderator
9.176696256390453,-0.007490810561066846,-0.026189703811497562,0.01120808268936387,-0.015158490913148599,0.000176869791014906,joint_six_dimensions,mod__hispanic_latino_pct,package_by_moderator
9.716501918531067,-0.010886426310214692,-0.029529773369657432,0.007756920749228048,-0.01853132935502123,-0.0032415232654081525,joint_six_dimensions,mod__hispanic_latino_pct,package_by_moderator
10.256307580671683,-0.014179868634250636,-0.032835176236603404,0.004475438968102131,-0.021829676227077384,-0.0065300610414238906,joint_six_dimensions,mod__hispanic_latino_pct,package_by_moderator
10.796113242812297,-0.017372894120096002,-0.03609940865772682,0.0013536204175348156,-0.02505190087520744,-0.009693887364984565,joint_six_dimensions,mod__hispanic_latino_pct,package_by_moderator
11.335918904952912,-0.02046725935467228,-0.039316022864312974,-0.0016184958450315805,-0.02819639560291405,-0.012738123106430506,joint_six_dimensions,mod__hispanic_latino_pct,package_by_moderator
11.875724567093528,-0.023464720924900907,-0.042478844148427314,-0.004450597701374504,-0.031261664685181295,-0.015667777164620523,joint_six_dimensions,mod__hispanic_latino_pct,package_by_moderator
12.415530229234141,-0.026367035417703286,-0.045582137641172825,-0.007151933194233746,-0.03424639275767559,-0.018487678077730985,joint_six_dimensions,mod__hispanic_latino_pct,package_by_moderator
12.955335891374757,-0.029175959420000893,-0.04862072324744736,-0.009731195592554427,-0.03714949194696726,-0.02120242689303452,joint_six_dimensions,mod__hispanic_latino_pct,package_by_moderator
13.495141553515372,-0.03189324951871513,-0.05159004322500513,-0.012196455812425133,-0.03997012958204447,-0.023816369455385795,joint_six_dimensions,mod__hispanic_latino_pct,package_by_moderator
14.034947215655986,-0.034520662300767425,-0.05448619033141515,-0.014555134270119698,-0.042707739736273335,-0.026333584865261515,joint_six_dimensions,mod__hispanic_latino_pct,package_by_moderator
14.574752877796602,-0.037059954353079225,-0.057305905675367766,-0.016814003030790683,-0.04536202234630335,-0.0287578863598551,joint_six_dimensions,mod__hispanic_latino_pct,package_by_moderator
15.114558539937217,-0.039512882262571956,-0.060046555072704386,-0.018979209452439524,-0.04793293351660546,-0.031092831008538456,joint_six_dimensions,mod__hispanic_latino_pct,package_by_moderator
15.654364202077831,-0.04188120261616706,-0.06270609150051754,-0.02105631373181659,-0.0504206701233759,-0.03334173510895822,joint_six_dimensions,mod__hispanic_latino_pct,package_by_moderator
16.194169864218445,-0.04416667200078597,-0.06528300969541076,-0.023050334306161192,-0.05282565119706906,-0.03550769280450289,joint_six_dimensions,mod__hispanic_latino_pct,package_by_moderator
16.73397552635906,-0.04637104700335011,-0.06777629739988264,-0.024965796606817584,-0.055148497930457896,-0.037593596076242325,joint_six_dimensions,mod__hispanic_latino_pct,package_by_moderator
17.273781188499676,-0.048496084210780915,-0.07018538640861227,-0.026806782012949563,-0.05739001360464193,-0.0396021548169199,joint_six_dimensions,mod__hispanic_latino_pct,package_by_moderator
17.81358685064029,-0.05054354020999982,-0.07251010547521375,-0.028576974944785886,-0.05955116427796024,-0.0415359161420394,joint_six_dimensions,mod__hispanic_latino_pct,package_by_moderator
18.353392512780907,-0.052515171587928275,-0.07475063631221919,-0.03027970686363736,-0.06163306074331586,-0.04339728243254069,joint_six_dimensions,mod__hispanic_latino_pct,package_by_moderator
18.89319817492152,-0.05441273493148766,-0.07690747332060915,-0.03191799654236617,-0.06363694201484074,-0.04518852784813459,joint_six_dimensions,mod__hispanic_latino_pct,package_by_moderator
19.433003837062135,-0.056237986827599465,-0.07898138727570553,-0.03349458637949341,-0.06556416043690938,-0.04691181321828956,joint_six_dimensions,mod__hispanic_latino_pct,package_by_moderator
19.97280949920275,-0.0579926838631851,-0.0809733929291919,-0.03501197479717832,-0.06741616839900214,-0.04856919932736808,joint_six_dimensions,mod__hispanic_latino_pct,package_by_moderator
20.512615161343366,-0.05967858262516601,-0.0828847203237002,-0.03647244492663181,-0.06919450657294596,-0.05016265867738607,joint_six_dimensions,mod__hispanic_latino_pct,package_by_moderator
21.05242082348398,-0.0612974397004636,-0.084716789525676,-0.037878089875251195,-0.0709007935518566,-0.0516940858490706,joint_six_dimensions,mod__hispanic_latino_pct,package_by_moderator
21.592226485624593,-0.06285101167599932,-0.08647118844044138,-0.039230834911557266,-0.07253671675296898,-0.05316530659902967,joint_six_dimensions,mod__hispanic_latino_pct,package_by_moderator
22.13203214776521,-0.06434105513869462,-0.08814965336323002,-0.040532456914159215,-0.0741040244423818,-0.05457808583500744,joint_six_dimensions,mod__hispanic_latino_pct,package_by_moderator
22.671837809905824,-0.0657693266754709,-0.08975405192927188,-0.041784601421669926,-0.07560451874355828,-0.05593413460738353,joint_six_dimensions,mod__hispanic_latino_pct,package_by_moderator
23.21164347204644,-0.06713758287324963,-0.09128636814640632,-0.04298879760009293,-0.07704004949978965,-0.0572351162467096,joint_six_dimensions,mod__hispanic_latino_pct,package_by_moderator
23.751449134187055,-0.0684475803189522,-0.09274868921965891,-0.0441464714182455,-0.0784125088714726,-0.05848265176643182,joint_six_dimensions,mod__hispanic_latino_pct,package_by_moderator
24.29125479632767,-0.06970107559950008,-0.09414319390518658,-0.04525895729381357,-0.07972382656052035,-0.059678324638479795,joint_six_dimensions,mod__hispanic_latino_pct,package_by_moderator
24.831060458468283,-0.07089982530181468,-0.09547214215881021,-0.04632750844481916,-0.08097596556563334,-0.060823685037996025,joint_six_dimensions,mod__hispanic_latino_pct,package_by_moderator
25.3708661206089,-0.07204558601281744,-0.09673786587078818,-0.04735330615484669,-0.08217091838299422,-0.06192025364264066,joint_six_dimensions,mod__hispanic_latino_pct,package_by_moderator
25.910671782749514,-0.0731401143194298,-0.09794276050292716,-0.04833746813593243,-0.08331070357697623,-0.06296952506188336,joint_six_dimensions,mod__hispanic_latino_pct,package_by_moderator
26.45047744489013,-0.07418516680857318,-0.09908927746636703,-0.04928105615077932,-0.08439736265457262,-0.06397297096257373,joint_six_dimensions,mod__hispanic_latino_pct,package_by_moderator
26.990283107030745,-0.07518250006716903,-0.10017991709845285,-0.05018508303588522,-0.08543295718548825,-0.06493204294884981,joint_six_dimensions,mod__hispanic_latino_pct,package_by_moderator
27.530088769171357,-0.07613387068213877,-0.10121722211519761,-0.051050519249079926,-0.08641956611725211,-0.06584817524702542,joint_six_dimensions,mod__hispanic_latino_pct,package_by_moderator
28.069894431311972,-0.07704103524040383,-0.10220377143221024,-0.05187829904859743,-0.08735928324142314,-0.06672278723938452,joint_six_dimensions,mod__hispanic_latino_pct,package_by_moderator
28.609700093452588,-0.07790575032888565,-0.10314217426189892,-0.05266932639587237,-0.08825421477308554,-0.06755728588468576,joint_six_dimensions,mod__hispanic_latino_pct,package_by_moderator
29.149505755593204,-0.07872977253450568,-0.10403506440856168,-0.05342448066044968,-0.08910647701148984,-0.06835306805752152,joint_six_dimensions,mod__hispanic_latino_pct,package_by_moderator
29.68931141773382,-0.07951485844418531,-0.10488509469591213,-0.05414462219245848,-0.08991819405500051,-0.0691115228333701,joint_six_dimensions,mod__hispanic_latino_pct,package_by_moderator
30.229117079874435,-0.080262764644846,-0.10569493147390488,-0.05483059781578711,-0.09069149554856129,-0.0698340337411307,joint_six_dimensions,mod__hispanic_latino_pct,package_by_moderator
30.768922742015047,-0.08097524772340918,-0.10646724916361255,-0.055483246283205806,-0.09142851444676377,-0.07052198100005459,joint_six_dimensions,mod__hispanic_latino_pct,package_by_moderator
31.308728404155662,-0.08165406426679629,-0.10720472481051438,-0.056103403723078205,-0.09213138478036545,-0.07117674375322713,joint_six_dimensions,mod__hispanic_latino_pct,package_by_moderator
31.848534066296278,-0.08230097086192878,-0.10791003262796159,-0.05669190909589598,-0.09280223941877958,-0.07179970230507798,joint_six_dimensions,mod__hispanic_latino_pct,package_by_moderator
32.38833972843689,-0.08291772409572802,-0.10858583852381248,-0.05724960966764356,-0.09344320782566352,-0.07239224036579252,joint_six_dimensions,mod__hispanic_latino_pct,package_by_moderator
32.928145390577505,-0.0835060805551155,-0.10923479461423105,-0.05777736649599995,-0.09405641380924357,-0.07295574730098744,joint_six_dimensions,mod__hispanic_latino_pct,package_by_moderator
33.46795105271812,-0.08406779682701263,-0.10985953373930495,-0.058276059914720305,-0.09464397327338547,-0.07349162038063978,joint_six_dimensions,mod__hispanic_latino_pct,package_by_moderator
34.007756714858736,-0.08460462949834086,-0.11046266400529287,-0.05874659499138884,-0.09520799197958509,-0.07400126701709663,joint_six_dimensions,mod__hispanic_latino_pct,package_by_moderator
34.54756237699935,-0.0851183351560216,-0.11104676338772548,-0.05918990692431773,-0.09575056333391219,-0.07448610697813102,joint_six_dimensions,mod__hispanic_latino_pct,package_by_moderator
35.08736803913997,-0.0856106703869763,-0.11161437443799833,-0.05960696633595426,-0.0962737662163927,-0.07494757455755989,joint_six_dimensions,mod__hispanic_latino_pct,package_by_moderator
35.62717370128058,-0.08608339177812639,-0.11216799914321435,-0.05999878441303843,-0.09677966287323224,-0.07538712068302054,joint_six_dimensions,mod__hispanic_latino_pct,package_by_moderator
36.1669793634212,-0.0865382559163933,-0.11271009399456712,-0.060366417838219485,-0.09727029689455419,-0.07580621493823242,joint_six_dimensions,mod__hispanic_latino_pct,package_by_moderator
36.706785025561814,-0.08697701938869845,-0.11324306532323203,-0.06071097345416487,-0.09774769130183218,-0.07620634747556472,joint_six_dimensions,mod__hispanic_latino_pct,package_by_moderator
37.24659068770243,-0.0874014387819633,-0.11376926496432162,-0.06103361259960498,-0.09821384676984882,-0.07658903079407778,joint_six_dimensions,mod__hispanic_latino_pct,package_by_moderator
37.78639634984304,-0.08781327068310925,-0.11429098630880707,-0.061335555057411416,-0.09867074000774399,-0.0769558013584745,joint_six_dimensions,mod__hispanic_latino_pct,package_by_moderator
38.32620201198365,-0.08821427167905777,-0.11481046080034421,-0.06161808255777131,-0.09912032232250112,-0.07730822103561441,joint_six_dimensions,mod__hispanic_latino_pct,package_by_moderator
38.86600767412427,-0.08860619835673027,-0.1153298549287015,-0.061882541784759035,-0.0995645183860702,-0.07764787832739034,joint_six_dimensions,mod__hispanic_latino_pct,package_by_moderator
39.405813336264885,-0.08899080730304819,-0.11585126776412738,-0.06213034684196899,-0.10000522522430894,-0.07797638938178744,joint_six_dimensions,mod__hispanic_latino_pct,package_by_moderator
39.9456189984055,-0.08936985510493295,-0.11637672906777252,-0.062362981142093384,-0.10044431144214121,-0.07829539876772469,joint_six_dimensions,mod__hispanic_latino_pct,package_by_moderator
40.485424660546116,-0.08974509834930601,-0.11690819800256694,-0.06258199869604508,-0.10088361669493857,-0.07860658000367345,joint_six_dimensions,mod__hispanic_latino_pct,package_by_moderator
41.02523032268673,-0.09011829362308879,-0.11744756245719312,-0.06278902478898446,-0.10132495141130815,-0.07891163583486943,joint_six_dimensions,mod__hispanic_latino_pct,package_by_moderator
41.56503598482735,-0.0904911975132027,-0.11799663898349548,-0.06298575604290992,-0.10177009676742677,-0.07921229825897863,joint_six_dimensions,mod__hispanic_latino_pct,package_by_moderator
42.10484164696796,-0.0908655666065692,-0.11855717333535824,-0.06317395987778017,-0.10222080490801358,-0.07951032830512483,joint_six_dimensions,mod__hispanic_latino_pct,package_by_moderator
42.64464730910858,-0.09124315749010972,-0.11913084158528575,-0.06335547339493369,-0.10267879940419565,-0.0798075155760238,joint_six_dimensions,mod__hispanic_latino_pct,package_by_moderator
43.184452971249186,-0.09162572675074566,-0.11971925178411502,-0.06353220171737631,-0.10314577593409086,-0.08010567756740047,joint_six_dimensions,mod__hispanic_latino_pct,package_by_moderator
43.7242586333898,-0.09201503097539851,-0.12032394611988517,-0.06370611583091185,-0.10362340316807521,-0.08040665878272181,joint_six_dimensions,mod__hispanic_latino_pct,package_by_moderator
44.26406429553042,-0.09241282675098969,-0.12094640352420295,-0.06387924997777643,-0.1041133238375509,-0.08071232966442848,joint_six_dimensions,mod__hispanic_latino_pct,package_by_moderator
44.80386995767103,-0.0928208706644406,-0.1215880426686876,-0.0640536986601936,-0.10461715596367029,-0.08102458536521091,joint_six_dimensions,mod__hispanic_latino_pct,package_by_moderator
45.34367561981165,-0.09324091930267268,-0.12225022529035068,-0.06423161331499469,-0.10513649422094345,-0.08134534438440191,joint_six_dimensions,mod__hispanic_latino_pct,package_by_moderator
45.883481281952264,-0.09367472925260738,-0.12293425978305979,-0.06441519872215497,-0.10567291140995609,-0.08167654709525866,joint_six_dimensions,mod__hispanic_latino_pct,package_by_moderator
46.42328694409288,-0.09412405710116613,-0.12364140499244633,-0.06460670920988593,-0.1062279600135119,-0.08202015418882036,joint_six_dimensions,mod__hispanic_latino_pct,package_by_moderator
46.963092606233495,-0.09459065943527037,-0.12437287415355891,-0.06480844471698183,-0.10680317381130923,-0.08237814505923151,joint_six_dimensions,mod__hispanic_latino_pct,package_by_moderator
47.50289826837411,-0.09507629284184149,-0.12512983891399454,-0.06502274676968844,-0.10740006952966892,-0.08275251615401406,joint_six_dimensions,mod__hispanic_latino_pct,package_by_moderator
48.042703930514726,-0.09558271390780099,-0.12591343338987543,-0.06525199442572653,-0.10802014850473086,-0.08314527931087111,joint_six_dimensions,mod__hispanic_latino_pct,package_by_moderator
48.58250959265534,-0.09611167922007025,-0.12672475820758142,-0.06549860023255907,-0.10866489833980929,-0.0835584601003312,joint_six_dimensions,mod__hispanic_latino_pct,package_by_moderator
49.12231525479595,-0.09666494536557071,-0.12756488449030054,-0.06576500624084089,-0.10933579454012042,-0.08399409619102101,joint_six_dimensions,mod__hispanic_latino_pct,package_by_moderator
49.662120916936566,-0.09724426893122382,-0.12843485775494304,-0.06605368010750458,-0.1100343021107535,-0.08445423575169413,joint_six_dimensions,mod__hispanic_latino_pct,package_by_moderator
50.20192657907718,-0.09785140650395102,-0.129335701691528,-0.06636711131637404,-0.1107618771064486,-0.08494093590145345,joint_six_dimensions,mod__hispanic_latino_pct,package_by_moderator
50.7417322412178,-0.09848811467067373,-0.13026842180358644,-0.06670780753776101,-0.11151996812438256,-0.0854562612169649,joint_six_dimensions,mod__hispanic_latino_pct,package_by_moderator
51.28153790335841,-0.09915615001831338,-0.13123400889425885,-0.06707829114236791,-0.11231001773368059,-0.08600228230294617,joint_six_dimensions,mod__hispanic_latino_pct,package_by_moderator
51.82134356549903,-0.09985726913379138,-0.13223344238847104,-0.06748109587911172,-0.11313346383770968,-0.08658107442987308,joint_six_dimensions,mod__hispanic_latino_pct,package_by_moderator
52.36114922763964,-0.10059322860402922,-0.13326769348676654,-0.0679187637212919,-0.11399174096734138,-0.08719471624071706,joint_six_dimensions,mod__hispanic_latino_pct,package_by_moderator
52.90095488978026,-0.10136578501594831,-0.13433772815100167,-0.06839384188089495,-0.11488628150526764,-0.08784528852662898,joint_six_dimensions,mod__hispanic_latino_pct,package_by_moderator
53.440760551920874,-0.10217669495647005,-0.13544450992616022,-0.06890887998677989,-0.11581851684311614,-0.08853487306982397,joint_six_dimensions,mod__hispanic_latino_pct,package_by_moderator
53.98056621406149,-0.10302771501251591,-0.13658900260602005,-0.06946642741901177,-0.1167898784745352,-0.08926555155049662,joint_six_dimensions,mod__hispanic_latino_pct,package_by_moderator
54.520371876202105,-0.10392060177100729,-0.1377721727533406,-0.07006903078867396,-0.11780179902862355,-0.09003940451339103,joint_six_dimensions,mod__hispanic_latino_pct,package_by_moderator
55.060177538342714,-0.10485711181886566,-0.13899499208767807,-0.07071923155005325,-0.11885571324907934,-0.09085851038865198,joint_six_dimensions,mod__hispanic_latino_pct,package_by_moderator
55.59998320048333,-0.1058390017430124,-0.14025843975593313,-0.07141956373009167,-0.11995305892526242,-0.09172494456076238,joint_six_dimensions,mod__hispanic_latino_pct,package_by_moderator
56.139788862623945,-0.10686802813036904,-0.1415635045023548,-0.07217255175838327,-0.12109527778202765,-0.09264077847871043,joint_six_dimensions,mod__hispanic_latino_pct,package_by_moderator
56.67959452476456,-0.10794594756785693,-0.14291118675602726,-0.07298070837968659,-0.12228381633572089,-0.09360807879999297,joint_six_dimensions,mod__hispanic_latino_pct,package_by_moderator
57.219400186905176,-0.1090745166423975,-0.14430250065492264,-0.07384653262987237,-0.12352012672416356,-0.09462890656063146,joint_six_dimensions,mod__hispanic_latino_pct,package_by_moderator
57.75920584904579,-0.11025549194091223,-0.14573847602646886,-0.07477250785535561,-0.12480566751880559,-0.09570531636301888,joint_six_dimensions,mod__hispanic_latino_pct,package_by_moderator
58.29901151118641,-0.11149063005032256,-0.14722016034532362,-0.0757610997553215,-0.12614190452753146,-0.09683935557311366,joint_six_dimensions,mod__hispanic_latino_pct,package_by_moderator
58.83881717332702,-0.11278168755754986,-0.14874862068971392,-0.0768147544253858,-0.12753031159687797,-0.09803306351822175,joint_six_dimensions,mod__hispanic_latino_pct,package_by_moderator
59.37862283546764,-0.11413042104951558,-0.15032494571834837,-0.0779358963806828,-0.12897237142268833,-0.09928847067634283,joint_six_dimensions,mod__hispanic_latino_pct,package_by_moderator
59.918428497608254,-0.11553858711314119,-0.1519502476905806,-0.07912692653570177,-0.13046957637850165,-0.10060759784778074,joint_six_dimensions,mod__hispanic_latino_pct,package_by_moderator
60.45823415974887,-0.11700794233534814,-0.15362566455323967,-0.0803902201174566,-0.13202342937127992,-0.10199245529941638,joint_six_dimensions,mod__hispanic_latino_pct,package_by_moderator
60.99803982188948,-0.11854024330305776,-0.15535236211837994,-0.0817281244877356,-0.13363544473441752,-0.10344504187169802,joint_six_dimensions,mod__hispanic_latino_pct,package_by_moderator
61.53784548403009,-0.12013724660319158,-0.1571315363571721,-0.08314295684921105,-0.13530714916837586,-0.10496734403800731,joint_six_dimensions,mod__hispanic_latino_pct,package_by_moderator
62.07765114617071,-0.121800708822671,-0.1589644158362818,-0.0846370018090602,-0.13704008273974613,-0.10656133490559586,joint_six_dimensions,mod__hispanic_latino_pct,package_by_moderator
62.617456808311324,-0.12353238654841747,-0.16085226432438693,-0.08621250877244802,-0.13883579995007975,-0.10822897314675521,joint_six_dimensions,mod__hispanic_latino_pct,package_by_moderator
63.15726247045194,-0.12533403636735238,-0.1627963835979815,-0.08787168913672329,-0.14069587088643776,-0.10997220184826702,joint_six_dimensions,mod__hispanic_latino_pct,package_by_moderator
63.697068132592555,-0.1272074148663972,-0.16479811647731182,-0.08961671325548257,-0.14262188246630922,-0.11179294726648517,joint_six_dimensions,mod__hispanic_latino_pct,package_by_moderator
64.23687379473317,-0.12915427863247336,-0.16685885012519297,-0.09144970713975376,-0.14461543979032576,-0.11369311747462096,joint_six_dimensions,mod__hispanic_latino_pct,package_by_moderator
64.77667945687378,-0.13117638425250228,-0.16898001964354753,-0.09337274886145702,-0.14667816761706068,-0.11567460088794387,joint_six_dimensions,mod__hispanic_latino_pct,package_by_moderator
65.3164851190144,-0.1332754883134054,-0.1711631120047772,-0.09538786462203361,-0.1488117119751297,-0.1177392646516811,joint_six_dimensions,mod__hispanic_latino_pct,package_by_moderator
65.85629078115501,-0.13545334740210413,-0.1734096703574786,-0.09749702444672967,-0.15101774192879575,-0.11988895287541253,joint_six_dimensions,mod__hispanic_latino_pct,package_by_moderator
66.39609644329563,-0.13771171810552002,-0.17572129874849457,-0.09970213746254548,-0.1532979515142962,-0.12212548469674384,joint_six_dimensions,mod__hispanic_latino_pct,package_by_moderator
66.93590210543624,-0.14005235701057428,-0.17809966730575852,-0.10200504671539004,-0.15565406186512348,-0.12445065215602509,joint_six_dimensions,mod__hispanic_latino_pct,package_by_moderator
67.47570776757686,-0.14247702070418855,-0.18054651792872942,-0.10440752347964768,-0.15808782354544862,-0.12686621786292848,joint_six_dimensions,mod__hispanic_latino_pct,package_by_moderator
68.01551342971747,-0.14498746577328414,-0.18306367053524755,-0.10691126101132073,-0.16060101911171093,-0.12937391243485735,joint_six_dimensions,mod__hispanic_latino_pct,package_by_moderator
68.5553190918581,-0.14758544880478258,-0.18565302991515953,-0.10951786769440564,-0.1631954659230199,-0.13197543168654527,joint_six_dimensions,mod__hispanic_latino_pct,package_by_moderator
69.0951247539987,-0.15027272638560518,-0.18831659324174269,-0.11222885952946768,-0.16587301922129483,-0.13467243354991554,joint_six_dimensions,mod__hispanic_latino_pct,package_by_moderator
69.63493041613931,-0.15305105510267347,-0.19105645829143403,-0.1150456519139129,-0.1686355755018523,-0.13746653470349465,joint_six_dimensions,mod__hispanic_latino_pct,package_by_moderator
70.17473607827993,-0.15592219154290893,-0.19387483242011186,-0.117969550665706,-0.17148507619422595,-0.1403593068915919,joint_six_dimensions,mod__hispanic_latino_pct,package_by_moderator
70.71454174042054,-0.15888789229323286,-0.1967740423395616,-0.1210017422469041,-0.17442351167111045,-0.14335227291535527,joint_six_dimensions,mod__hispanic_latino_pct,package_by_moderator
71.25434740256117,-0.1619499139405668,-0.19975654472996537,-0.12414328315116821,-0.17745292560012602,-0.14644690228100757,joint_six_dimensions,mod__hispanic_latino_pct,package_by_moderator
71.79415306470177,-0.16511001307183198,-0.20282493771229007,-0.1273950884313739,-0.18057541964819304,-0.14964460649547093,joint_six_dimensions,mod__hispanic_latino_pct,package_by_moderator
72.3339587268424,-0.16836994627395013,-0.20598197318711983,-0.13075791936078043,-0.1837931585412023,-0.15294673400669798,joint_six_dimensions,mod__hispanic_latino_pct,package_by_moderator
72.873764388983,-0.1717314701338425,-0.20923057002233425,-0.13423237024535073,-0.1871083754717622,-0.15635456479592277,joint_six_dimensions,mod__hispanic_latino_pct,package_by_moderator
73.41357005112363,-0.1751963412384306,-0.2125738280394505,-0.13781885443741068,-0.19052337783444803,-0.15986930464241314,joint_six_dimensions,mod__hispanic_latino_pct,package_by_moderator
73.95337571326424,-0.17876631617463568,-0.2160150427055737,-0.14151758964369765,-0.19404055325039207,-0.16349207909887928,joint_six_dimensions,mod__hispanic_latino_pct,package_by_moderator
74.49318137540486,-0.1824431515293795,-0.21955772038280688,-0.14532858267595214,-0.19766237582046717,-0.16722392723829185,joint_six_dimensions,mod__hispanic_latino_pct,package_by_moderator
75.03298703754547,-0.1862286038895833,-0.22320559391775677,-0.1492516138614098,-0.20139141251792914,-0.17106579526123744,joint_six_dimensions,mod__hispanic_latino_pct,package_by_moderator
75.57279269968608,-0.19012442984216837,-0.22696263826882013,-0.15328622141551662,-0.20523032959655216,-0.1750185300877846,joint_six_dimensions,mod__hispanic_latino_pct,package_by_moderator
76.1125983618267,-0.1941323859740564,-0.23083308576724115,-0.15743168618087167,-0.20918189884858823,-0.1790828730995246,joint_six_dimensions,mod__hispanic_latino_pct,package_by_moderator
76.6524040239673,-0.1982542288721687,-0.23482144048967646,-0.16168701725466095,-0.21324900349839004,-0.18325945424594736,joint_six_dimensions,mod__hispanic_latino_pct,package_by_moderator
77.19220968610793,-0.20249171512342684,-0.2389324910871323,-0.16605093915972138,-0.21743464346305363,-0.18754878678380005,joint_six_dimensions,mod__hispanic_latino_pct,package_by_moderator
77.73201534824854,-0.20684660131475202,-0.24317132127225596,-0.17052188135724808,-0.22174193965284372,-0.19195126297666032,joint_six_dimensions,mod__hispanic_latino_pct,package_by_moderator
78.27182101038916,-0.21132064403306583,-0.24754331702222918,-0.17509797104390248,-0.2261741369248172,-0.19646715114131447,joint_six_dimensions,mod__hispanic_latino_pct,package_by_moderator
78.81162667252977,-0.21591559986528963,-0.25205416942053216,-0.17977703031004708,-0.2307346052481184,-0.20109659448246087,joint_six_dimensions,mod__hispanic_latino_pct,package_by_moderator
79.35143233467039,-0.2206332253983449,-0.2567098719553775,-0.18455657884131235,-0.2354268385961733,-0.2058396122005165,joint_six_dimensions,mod__hispanic_latino_pct,package_by_moderator
79.891237996811,-0.225475277219153,-0.26151671103860874,-0.18943384339969727,-0.240254451058863,-0.210696103379443,joint_six_dimensions,mod__hispanic_latino_pct,package_by_moderator
80.43104365895162,-0.23044351191463563,-0.26648124853363453,-0.19440577529563674,-0.2452211696779169,-0.21566585415135436,joint_six_dimensions,mod__hispanic_latino_pct,package_by_moderator
80.97084932109223,-0.23553968607171383,-0.2716102952137928,-0.19946907692963484,-0.2503308235632319,-0.22074854858019577,joint_six_dimensions,mod__hispanic_latino_pct,package_by_moderator
81.51065498323284,-0.24076555627730917,-0.2769108743405275,-0.2046202382140908,-0.2555873289577164,-0.22594378359690193,joint_six_dimensions,mod__hispanic_latino_pct,package_by_moderator
82.05046064537346,-0.2461228791183433,-0.28239017497270363,-0.20985558326398296,-0.26099467009127747,-0.23125108814540915,joint_six_dimensions,mod__hispanic_latino_pct,package_by_moderator
82.59026630751407,-0.2516134111817373,-0.2880554951974333,-0.21517132716604132,-0.26655687590201577,-0.23666994646145884,joint_six_dimensions,mod__hispanic_latino_pct,package_by_moderator
83.1300719696547,-0.25723890905441293,-0.29391417618868976,-0.2205636419201361,-0.2722779929962589,-0.242199825112567,joint_six_dimensions,mod__hispanic_latino_pct,package_by_moderator
83.6698776317953,-0.26300112932329145,-0.29997352880366407,-0.22602872984291886,-0.27816205554861445,-0.24784020309796845,joint_six_dimensions,mod__hispanic_latino_pct,package_by_moderator
84.20968329393592,-0.2689018285752943,-0.3062407552393021,-0.23156290191128653,-0.2842130531763995,-0.25359060397418914,joint_six_dimensions,mod__hispanic_latino_pct,package_by_moderator
84.74948895607653,-0.274942763397343,-0.31272286898992985,-0.2371626578047562,-0.2904348981174115,-0.25945062867727453,joint_six_dimensions,mod__hispanic_latino_pct,package_by_moderator
85.28929461821716,-0.2811256903763589,-0.31942661685875917,-0.24282476389395868,-0.2968313932499161,-0.26541998750280177,joint_six_dimensions,mod__hispanic_latino_pct,package_by_moderator
85.82910028035776,-0.28745236609926345,-0.3263584069798368,-0.24854632521869008,-0.3034062025772801,-0.27149852962124676,joint_six_dimensions,mod__hispanic_latino_pct,package_by_moderator
86.36890594249837,-0.29392454715297794,-0.3335242466354976,-0.25432484767045827,-0.31016282572935644,-0.27768626857659945,joint_six_dimensions,mod__hispanic_latino_pct,package_by_moderator
86.908711604639,-0.300543990124424,-0.34092969309435794,-0.2601582871544901,-0.3171045778030792,-0.2839834024457688,joint_six_dimensions,mod__hispanic_latino_pct,package_by_moderator
87.4485172667796,-0.30731245160052306,-0.34857981979624153,-0.2660450834048046,-0.3242345754962325,-0.2903903277048136,joint_six_dimensions,mod__hispanic_latino_pct,package_by_moderator
87.98832292892023,-0.3142316881681966,-0.35647919908089143,-0.2719841772555017,-0.3315557300251748,-0.29690764631121835,joint_six_dimensions,mod__hispanic_latino_pct,package_by_moderator
88.52812859106083,-0.3213034564143657,-0.36463190144283697,-0.2779750113858944,-0.33907074681928906,-0.30353616600944233,joint_six_dimensions,mod__hispanic_latino_pct,package_by_moderator
89.06793425320146,-0.32852951292595234,-0.3730415101505784,-0.2840175157013263,-0.3467821315157355,-0.3102768943361692,joint_six_dimensions,mod__hispanic_latino_pct,package_by_moderator
89.60773991534207,-0.33591161428987754,-0.38171114912856313,-0.29011207945119194,-0.3546922013927524,-0.31713102718700265,joint_six_dimensions,mod__hispanic_latino_pct,package_by_moderator
90.14754557748269,-0.34345151709306293,-0.3906435213553704,-0.29625951283075547,-0.3628031011152413,-0.3240999330708846,joint_six_dimensions,mod__hispanic_latino_pct,package_by_moderator
90.6873512396233,-0.3511509779224298,-0.3998409547160525,-0.302461001128807,-0.37111682153700726,-0.3311851343078523,joint_six_dimensions,mod__hispanic_latino_pct,package_by_moderator
91.22715690176392,-0.3590117533648998,-0.40930545224320686,-0.3087180544865928,-0.3796352203026464,-0.33838828642715324,joint_six_dimensions,mod__hispanic_latino_pct,package_by_moderator
91.76696256390453,-0.3670356000073938,-0.41903874393279295,-0.3150324560819947,-0.3883600430951727,-0.34571115691961496,joint_six_dimensions,mod__hispanic_latino_pct,package_by_moderator
92.30676822604514,-0.3752242744368338,-0.4290423377481175,-0.3214062111255501,-0.3972929445507464,-0.35315560432292126,joint_six_dimensions,mod__hispanic_latino_pct,package_by_moderator
92.84657388818576,-0.3835795332401414,-0.43931756794582333,-0.32784149853445943,-0.4064355080752597,-0.36072355840502307,joint_six_dimensions,mod__hispanic_latino_pct,package_by_moderator
93.38637955032637,-0.3921031330042374,-0.44986563939805585,-0.3343406266104189,-0.41578926401911315,-0.3684170019893616,joint_six_dimensions,mod__hispanic_latino_pct,package_by_moderator
93.92618521246699,-0.40079683031604363,-0.46068766708958414,-0.3409059935425031,-0.4253557058734317,-0.37623795475865557,joint_six_dimensions,mod__hispanic_latino_pct,package_by_moderator
94.4659908746076,-0.4096623817624813,-0.47178471040210046,-0.3475400531228622,-0.435136304328706,-0.38418845919625666,joint_six_dimensions,mod__hispanic_latino_pct,package_by_moderator
95.00579653674822,-0.4187015439304724,-0.4831578021431434,-0.35424528571780134,-0.44513251917841234,-0.3922705686825324,joint_six_dimensions,mod__hispanic_latino_pct,package_by_moderator
95.54560219888883,-0.4279160734069375,-0.4948079725315688,-0.3610241742823062,-0.45534580915450934,-0.40048633765936564,joint_six_dimensions,mod__hispanic_latino_pct,package_by_moderator
96.08540786102945,-0.43730772677879903,-0.5067362685225809,-0.36787918503501715,-0.4657776398518747,-0.40883781370572336,joint_six_dimensions,mod__hispanic_latino_pct,package_by_moderator
96.62521352317006,-0.44687826063297703,-0.518943768955828,-0.374812752310126,-0.4764294899399405,-0.41732703132601356,joint_six_dimensions,mod__hispanic_latino_pct,package_by_moderator
2.796063090870109,-0.30032808584467474,-0.35694739948076704,-0.24370877220858242,-0.32354543849231443,-0.27711073319703505,joint_six_dimensions,mod__bachelors_or_higher_pct,package_by_moderator
3.290460301594727,-0.28840705689725143,-0.3427732196748668,-0.23404089411963608,-0.3107004810355168,-0.2661136327589861,joint_six_dimensions,mod__bachelors_or_higher_pct,package_by_moderator
3.784857512319345,-0.27672994953349833,-0.32892544485730796,-0.2245344542096887,-0.2981332683610622,-0.2553266307059345,joint_six_dimensions,mod__bachelors_or_higher_pct,package_by_moderator
4.279254723043963,-0.2652946965490157,-0.3154022510262357,-0.2151871420717957,-0.28584183299234484,-0.2447475601056866,joint_six_dimensions,mod__bachelors_or_higher_pct,package_by_moderator
4.773651933768581,-0.25409923073940477,-0.30220185518959386,-0.20599660628921568,-0.2738242242692644,-0.23437423720954512,joint_six_dimensions,mod__bachelors_or_higher_pct,package_by_moderator
5.268049144493199,-0.243141484900266,-0.2893225088365989,-0.1969604609639331,-0.2620785056711333,-0.22420446412939868,joint_six_dimensions,mod__bachelors_or_higher_pct,package_by_moderator
5.762446355217817,-0.23241939182720023,-0.276762488739547,-0.18807629491485345,-0.2506027510448602,-0.2142360326095403,joint_six_dimensions,mod__bachelors_or_higher_pct,package_by_moderator
6.256843565942435,-0.2219308843158081,-0.2645200845760523,-0.1793416840555639,-0.23939503952931665,-0.20446672910229954,joint_six_dimensions,mod__bachelors_or_higher_pct,package_by_moderator
6.7512407766670535,-0.21167389516169044,-0.2525935828518613,-0.1707542074715196,-0.22845344896271647,-0.1948943413606644,joint_six_dimensions,mod__bachelors_or_higher_pct,package_by_moderator
7.245637987391671,-0.201646357160448,-0.2409812466329409,-0.16231146768795507,-0.21777604757154193,-0.18551666674935405,joint_six_dimensions,mod__bachelors_or_higher_pct,package_by_moderator
7.740035198116289,-0.19184620310768152,-0.2296812906789506,-0.15401111553641245,-0.20736088377375944,-0.1763315224416036,joint_six_dimensions,mod__bachelors_or_higher_pct,package_by_moderator
8.234432408840906,-0.1822713657989916,-0.21869185172602434,-0.14585087987195888,-0.19720597399295764,-0.1673367576050256,joint_six_dimensions,mod__bachelors_or_higher_pct,package_by_moderator
8.728829619565525,-0.17291977802997913,-0.208010953911237,-0.13782860214872125,-0.18730928848028175,-0.1585302675796765,joint_six_dimensions,mod__bachelors_or_higher_pct,package_by_moderator
9.223226830290143,-0.16378937259624476,-0.1976364696750844,-0.12994227551740514,-0.17766873528207883,-0.1499100099104107,joint_six_dimensions,mod__bachelors_or_higher_pct,package_by_moderator
9.717624041014762,-0.15487808229338923,-0.18756607692194976,-0.1221900876648287,-0.1682821426730908,-0.14147402191368766,joint_six_dimensions,mod__bachelors_or_higher_pct,package_by_moderator
10.21202125173938,-0.1461838399170135,-0.17779721374515647,-0.11457046608887053,-0.15914724059098034,-0.13322043924304666,joint_six_dimensions,mod__bachelors_or_higher_pct,package_by_moderator
10.706418462463997,-0.13770457826271792,-0.16832703259376777,-0.10708212393166808,-0.15026164184193821,-0.12514751468349763,joint_six_dimensions,mod__bachelors_or_higher_pct,package_by_moderator
11.200815673188615,-0.12943823012610353,-0.1591523563086596,-0.09972410394354748,-0.14162282407280757,-0.1172536361793995,joint_six_dimensions,mod__bachelors_or_higher_pct,package_by_moderator
11.695212883913232,-0.12138272830277091,-0.1502696388990065,-0.09249581770653534,-0.13322811368706342,-0.10953734291847841,joint_six_dimensions,mod__bachelors_or_higher_pct,package_by_moderator
12.18961009463785,-0.11353600558832089,-0.1416749341685255,-0.08539707700811629,-0.12507467297967018,-0.10199733819697158,joint_six_dimensions,mod__bachelors_or_higher_pct,package_by_moderator
12.68400730536247,-0.10589599477835407,-0.1333638752409954,-0.07842811431571274,-0.11715949174130261,-0.09463249781540553,joint_six_dimensions,mod__bachelors_or_higher_pct,package_by_moderator
13.178404516087088,-0.09846062866847138,-0.12533166761406417,-0.07158958972287861,-0.10947938440998561,-0.08744187292695715,joint_six_dimensions,mod__bachelors_or_higher_pct,package_by_moderator
13.672801726811706,-0.0912278400542735,-0.11757309757987953,-0.06488258252866748,-0.1020309935240635,-0.08042468658448351,joint_six_dimensions,mod__bachelors_or_higher_pct,package_by_moderator
14.167198937536323,-0.08419556173136106,-0.11008255674990987,-0.058308566712812246,-0.09481079977886382,-0.07358032368385829,joint_six_dimensions,mod__bachelors_or_higher_pct,package_by_moderator
14.66159614826094,-0.0773617264953349,-0.10285408213650463,-0.05186937085416519,-0.08781513846256858,-0.06690831452810123,joint_six_dimensions,mod__bachelors_or_higher_pct,package_by_moderator
15.155993358985558,-0.07072426714179575,-0.09588140995029308,-0.04556712433329842,-0.08104022151641022,-0.060408312767181276,joint_six_dimensions,mod__bachelors_or_higher_pct,package_by_moderator
15.650390569710176,-0.0642811164663443,-0.08915804015780829,-0.0394041927748803,-0.07448216400721315,-0.05408006892547544,joint_six_dimensions,mod__bachelors_or_higher_pct,package_by_moderator
16.144787780434797,-0.05803020726458128,-0.08267730806611612,-0.033383106463046444,-0.06813701348143339,-0.04792340104772917,joint_six_dimensions,mod__bachelors_or_higher_pct,package_by_moderator
16.639184991159414,-0.051969472332107504,-0.07643245885565775,-0.027506485808557257,-0.06200078052814452,-0.04193816413607049,joint_six_dimensions,mod__bachelors_or_higher_pct,package_by_moderator
17.133582201884032,-0.046096844464523695,-0.0704167210835059,-0.02177696784554149,-0.0560694689198308,-0.03612422000921659,joint_six_dimensions,mod__bachelors_or_higher_pct,package_by_moderator
17.62797941260865,-0.04041025645743056,-0.06462337566542432,-0.016197137249436794,-0.05033910389921541,-0.030481409015645704,joint_six_dimensions,mod__bachelors_or_higher_pct,package_by_moderator
18.122376623333267,-0.0349076411064288,-0.05904581760154668,-0.010769464611310918,-0.04480575749053264,-0.025009524722324962,joint_six_dimensions,mod__bachelors_or_higher_pct,package_by_moderator
18.616773834057884,-0.029586931207119235,-0.05367760859976499,-0.005496253814473481,-0.039465570078308844,-0.019708292335929627,joint_six_dimensions,mod__bachelors_or_higher_pct,package_by_moderator
19.111171044782505,-0.0244460595551025,-0.04851251964316325,-0.00037959946704175726,-0.0343147678625919,-0.014577351247613102,joint_six_dimensions,mod__bachelors_or_higher_pct,package_by_moderator
19.605568255507123,-0.019482958945979467,-0.0435445633420187,0.0045786454500597665,-0.029349676125234137,-0.009616241766724796,joint_six_dimensions,mod__bachelors_or_higher_pct,package_by_moderator
20.09996546623174,-0.014695562175350795,-0.03876801654456646,0.009376892193864866,-0.024566728501676967,-0.004824395849024622,joint_six_dimensions,mod__bachelors_or_higher_pct,package_by_moderator
20.594362676956358,-0.010081802038817214,-0.03417743412932382,0.01401383005168939,-0.019962472636640555,-0.00020113144099387532,joint_six_dimensions,mod__bachelors_or_higher_pct,package_by_moderator
21.088759887680975,-0.005639611331979499,-0.02976765517096627,0.018488432507007272,-0.015533572712506903,0.004254350048547906,joint_six_dimensions,mod__bachelors_or_higher_pct,package_by_moderator
21.583157098405593,-0.001366922850438334,-0.025533802786942096,0.022799957086065428,-0.011276809386422502,0.008542963685545834,joint_six_dimensions,mod__bachelors_or_higher_pct,package_by_moderator
22.07755430913021,0.00273833061020547,-0.021471278968111386,0.026947940188522326,-0.007189077670546893,0.012665738890957833,joint_six_dimensions,mod__bachelors_or_higher_pct,package_by_moderator
22.57195151985483,0.0066782162543512665,-0.017575755610092964,0.030932188118795497,-0.003267383254360776,0.016623815763063307,joint_six_dimensions,mod__bachelors_or_higher_pct,package_by_moderator
23.06634873057945,0.01045480128639822,-0.013843162825387424,0.034752765398183866,0.0004911622880722187,0.020418440284724223,joint_six_dimensions,mod__bachelors_or_higher_pct,package_by_moderator
23.560745941304067,0.014070152910745646,-0.010269675456050452,0.03840998127754174,0.004089347028727703,0.024050958792763588,joint_six_dimensions,mod__bachelors_or_higher_pct,package_by_moderator
24.055143152028684,0.01752633833179279,-0.0068516985420519795,0.041904375205637556,0.007529864644474511,0.027522812019111068,joint_six_dimensions,mod__bachelors_or_higher_pct,package_by_moderator
24.5495403627533,0.02082542475393893,-0.003585852344305855,0.04523670185218372,0.010815320558540988,0.030835528949336874,joint_six_dimensions,mod__bachelors_or_higher_pct,package_by_moderator
25.04393757347792,0.023969479381583326,-0.00046895738121265074,0.0484079161443793,0.013948238076439943,0.033990720686726705,joint_six_dimensions,mod__bachelors_or_higher_pct,package_by_moderator
25.538334784202537,0.026960569419125217,0.002501980183081627,0.05141915865516881,0.01693106437766883,0.036990074460581605,joint_six_dimensions,mod__bachelors_or_higher_pct,package_by_moderator
26.032731994927158,0.029800762070963917,0.005329782560918334,0.0542717415810095,0.019766176265675704,0.039835347876252133,joint_six_dimensions,mod__bachelors_or_higher_pct,package_by_moderator
26.527129205651775,0.03249212454149862,0.00801711361726979,0.05696713546572745,0.022455885611883206,0.042528363471114036,joint_six_dimensions,mod__bachelors_or_higher_pct,package_by_moderator
27.021526416376393,0.035036724035128634,0.01056649130723378,0.05950695676302349,0.025002444455815814,0.045071003614441454,joint_six_dimensions,mod__bachelors_or_higher_pct,package_by_moderator
27.51592362710101,0.0374366277562532,0.012980299231579385,0.06189295628092702,0.027408049743574376,0.047465205768932026,joint_six_dimensions,mod__bachelors_or_higher_pct,package_by_moderator
28.010320837825628,0.03969390290927159,0.015260797304052224,0.06412700851449096,0.029674847702078316,0.04971295811646487,joint_six_dimensions,mod__bachelors_or_higher_pct,package_by_moderator
28.504718048550245,0.04181061669858306,0.017410131551254003,0.06621110184591211,0.031804937857610585,0.05181629553955554,joint_six_dimensions,mod__bachelors_or_higher_pct,package_by_moderator
28.999115259274863,0.04378883632858688,0.01943034308521907,0.06814732957195468,0.0338003767151183,0.05377729594205546,joint_six_dimensions,mod__bachelors_or_higher_pct,package_by_moderator
29.493512469999484,0.045630629003682324,0.02132337630210989,0.06993788170525475,0.03566318112017511,0.05559807688718954,joint_six_dimensions,mod__bachelors_or_higher_pct,package_by_moderator
29.9879096807241,0.047338061928268615,0.023091086369233405,0.07158503748730383,0.03739533132911199,0.05728079252742524,joint_six_dimensions,mod__bachelors_or_higher_pct,package_by_moderator
30.48230689144872,0.048913202306745035,0.024735246068039823,0.07309115854545024,0.038998773815061866,0.058827630798428204,joint_six_dimensions,mod__bachelors_or_higher_pct,package_by_moderator
30.976704102173336,0.05035811734351086,0.026257552063851605,0.07445868262317011,0.040475423838928694,0.060240810848093025,joint_six_dimensions,mod__bachelors_or_higher_pct,package_by_moderator
31.471101312897954,0.05167487424296534,0.027659630674511063,0.07569011781141961,0.04182716781488287,0.06152258067104781,joint_six_dimensions,mod__bachelors_or_higher_pct,package_by_moderator
31.96549852362257,0.05286554020950773,0.02894304321047219,0.07678803720854327,0.04305586550012276,0.0626752149188927,joint_six_dimensions,mod__bachelors_or_higher_pct,package_by_moderator
32.459895734347185,0.053932182447537294,0.030109290958484393,0.0777550739365902,0.04416335203848734,0.06370101285658725,joint_six_dimensions,mod__bachelors_or_higher_pct,package_by_moderator
32.954292945071806,0.05487686816145332,0.031159819880183154,0.07859391644272348,0.04515143988716331,0.06460229643574333,joint_six_dimensions,mod__bachelors_or_higher_pct,package_by_moderator
33.44869015579643,0.05570166455565505,0.03209602509576682,0.07930730401554328,0.0460219206552645,0.06538140845604559,joint_six_dimensions,mod__bachelors_or_higher_pct,package_by_moderator
33.94308736652104,0.056408638834541724,0.03291925522156282,0.07989802244752063,0.046776566882497136,0.06604071078658631,joint_six_dimensions,mod__bachelors_or_higher_pct,package_by_moderator
34.43748457724566,0.05699985820251264,0.033630816628653394,0.08036889977637188,0.04741713378545471,0.06658258261957058,joint_six_dimensions,mod__bachelors_or_higher_pct,package_by_moderator
34.931881787970276,0.057477389863967034,0.034231977687760304,0.08072280204017376,0.047945360998278064,0.067009418729656,joint_six_dimensions,mod__bachelors_or_higher_pct,package_by_moderator
35.4262789986949,0.05784330102330419,0.03472397306314133,0.08096262898346705,0.04836297433341351,0.06732362771319488,joint_six_dimensions,mod__bachelors_or_higher_pct,package_by_moderator
35.92067620941951,0.058099658884923355,0.03510800811514185,0.08109130965470486,0.04867168758692591,0.0675276301829208,joint_six_dimensions,mod__bachelors_or_higher_pct,package_by_moderator
36.41507342014413,0.0582485306532238,0.035385263467052445,0.08111179783939515,0.04887320441118734,0.06762385689526026,joint_six_dimensions,mod__bachelors_or_higher_pct,package_by_moderator
36.909470630868746,0.05829198353260477,0.035556899786799365,0.08102706727841018,0.04896922027566015,0.0676147467895494,joint_six_dimensions,mod__bachelors_or_higher_pct,package_by_moderator
37.40386784159337,0.058232084727465556,0.035624062827488576,0.08084010662744254,0.04896142453382578,0.06750274492110533,joint_six_dimensions,mod__bachelors_or_higher_pct,package_by_moderator
37.89826505231798,0.05807090144220539,0.03558788876269119,0.08055391412171958,0.048851502610975366,0.06729030027343541,joint_six_dimensions,mod__bachelors_or_higher_pct,package_by_moderator
38.3926622630426,0.05781050088122355,0.035449509842399266,0.08017149192004784,0.04864113832349465,0.06697986343895246,joint_six_dimensions,mod__bachelors_or_higher_pct,package_by_moderator
38.88705947376722,0.0574529502489193,0.03521006038365472,0.07969584011418387,0.04833201633538519,0.0665738841624534,joint_six_dimensions,mod__bachelors_or_higher_pct,package_by_moderator
39.38145668449184,0.057000316749691894,0.03487068309592767,0.07912995040345612,0.04792582475205313,0.06607480874733067,joint_six_dimensions,mod__bachelors_or_higher_pct,package_by_moderator
39.87585389521646,0.0564546675879406,0.03443253572548378,0.07847679945039743,0.04742425784490278,0.06548507733097841,joint_six_dimensions,mod__bachelors_or_higher_pct,package_by_moderator
40.37025110594107,0.05581806996806468,0.03389679798549457,0.0777393419506348,0.046829018893102196,0.06480712104302717,joint_six_dimensions,mod__bachelors_or_higher_pct,package_by_moderator
40.86464831666569,0.05509259109446338,0.033264678719951805,0.07692050346897494,0.04614182312122254,0.06404335906770421,joint_six_dimensions,mod__bachelors_or_higher_pct,package_by_moderator
41.35904552739031,0.05428029817153599,0.03253742323019533,0.07602317311287665,0.04536440070355894,0.06319619563951305,joint_six_dimensions,mod__bachelors_or_higher_pct,package_by_moderator
41.85344273811493,0.053383258403681744,0.03171632067389041,0.07505019613347308,0.044498499798159834,0.062268017009203654,joint_six_dimensions,mod__bachelors_or_higher_pct,package_by_moderator
42.34783994883955,0.05240353899529991,0.030802711428608492,0.07400436656199133,0.04354588956634183,0.06126118842425799,joint_six_dimensions,mod__bachelors_or_higher_pct,package_by_moderator
42.842237159564164,0.051343207150789785,0.029797994296898698,0.07288842000468088,0.04250836312720595,0.06017805117437362,joint_six_dimensions,mod__bachelors_or_higher_pct,package_by_moderator
43.336634370288785,0.05020433007455058,0.028703633418057727,0.07170502673104343,0.041387740391882456,0.0590209197572187,joint_six_dimensions,mod__bachelors_or_higher_pct,package_by_moderator
43.8310315810134,0.0489889749709816,0.02752116474482609,0.0704567851971371,0.040185870719369236,0.05779207922259396,joint_six_dimensions,mod__bachelors_or_higher_pct,package_by_moderator
44.32542879173802,0.047699209044482056,0.02625220194190259,0.06914621614706153,0.038904635335280394,0.05649378275368372,joint_six_dimensions,mod__bachelors_or_higher_pct,package_by_moderator
44.819826002462634,0.04633709949945128,0.02489844156814745,0.0677757574307551,0.037545949456863945,0.05512824954203861,joint_six_dimensions,mod__bachelors_or_higher_pct,package_by_moderator
45.314223213187255,0.044904713540288466,0.0234616674159171,0.06634775966465983,0.03611176407239213,0.0536976630081848,joint_six_dimensions,mod__bachelors_or_higher_pct,package_by_moderator
45.808620423911876,0.0434041183713929,0.021943753898980425,0.06486448284380537,0.0346040673304127,0.0522041694123731,joint_six_dimensions,mod__bachelors_or_higher_pct,package_by_moderator
46.30301763463649,0.04183738119716388,0.02034666840425072,0.06332809399007705,0.03302488550410159,0.050649876890226174,joint_six_dimensions,mod__bachelors_or_higher_pct,package_by_moderator
46.79741484536111,0.04020656922200061,0.01867247255102406,0.061740665892977165,0.03137628350762697,0.04903685493637425,joint_six_dimensions,mod__bachelors_or_higher_pct,package_by_moderator
47.291812056085725,0.038513749650302395,0.016923322333037522,0.06010417696756727,0.029660364954401865,0.047367134346202926,joint_six_dimensions,mod__bachelors_or_higher_pct,package_by_moderator
47.786209266810346,0.03676098968646846,0.015101467151679218,0.0584205122212577,0.02787927176064149,0.04564270761229543,joint_six_dimensions,mod__bachelors_or_higher_pct,package_by_moderator
48.28060647753496,0.034950356534898114,0.013209247781211856,0.056691465288584375,0.026035183310981622,0.04386552975881461,joint_six_dimensions,mod__bachelors_or_higher_pct,package_by_moderator
48.77500368825958,0.03308391739999057,0.011249093337071636,0.05491874146290951,0.024130315215297158,0.04203751958468399,joint_six_dimensions,mod__bachelors_or_higher_pct,package_by_moderator
49.2694008989842,0.031163739486145106,0.009223517344557168,0.053103961627733044,0.02216691769662621,0.040160561275664,joint_six_dimensions,mod__bachelors_or_higher_pct,package_by_moderator
49.763798109708816,0.029191889997761025,0.007135113026244415,0.051248666969277636,0.02014727365872441,0.03823650633679764,joint_six_dimensions,mod__bachelors_or_higher_pct,package_by_moderator
50.25819532043344,0.027170436139237523,0.004986547941417164,0.04935432433705789,0.01807369648790616,0.03626717579056889,joint_six_dimensions,mod__bachelors_or_higher_pct,package_by_moderator
50.75259253115805,0.02510144511497392,0.0027805581193199903,0.04742233211062785,0.015948527647322703,0.03425436258262514,joint_six_dimensions,mod__bachelors_or_higher_pct,package_by_moderator
51.24698974188267,0.022986984129369437,0.0005199418302180014,0.04545402642852087,0.013774134122718643,0.03219983413602023,joint_six_dimensions,mod__bachelors_or_higher_pct,package_by_moderator
51.741386952607286,0.020829120386823368,-0.0017924468654044734,0.04345068763905121,0.011552905777212288,0.030105334996434446,joint_six_dimensions,mod__bachelors_or_higher_pct,package_by_moderator
52.23578416333191,0.018629921091734922,-0.004153704657841744,0.041413546841311585,0.009287252669089701,0.027972589514380142,joint_six_dimensions,mod__bachelors_or_higher_pct,package_by_moderator
52.73018137405653,0.0163914534485034,-0.00656088550034142,0.039343792397348226,0.006979602381418223,0.025803304515588578,joint_six_dimensions,mod__bachelors_or_higher_pct,package_by_moderator
53.22457858478114,0.014115784661528089,-0.009011006988934592,0.037242576311990766,0.004632397405929077,0.0235991719171271,joint_six_dimensions,mod__bachelors_or_higher_pct,package_by_moderator
53.71897579550576,0.011804981935208209,-0.011501056523620993,0.03511102039403741,0.0022480926165577564,0.02136187125385866,joint_six_dimensions,mod__bachelors_or_higher_pct,package_by_moderator
54.21337300623038,0.009461112473943052,-0.014027997182512821,0.03295022213039893,-0.00017084713931116158,0.019093072087197266,joint_six_dimensions,mod__bachelors_or_higher_pct,package_by_moderator
54.707770216955,0.0070862434821318265,-0.016588773258232895,0.030761260222496548,-0.002621949311103126,0.01679443627536678,joint_six_dimensions,mod__bachelors_or_higher_pct,package_by_moderator
55.20216742767961,0.004682442164173892,-0.01918031542262215,0.028545199750969932,-0.0051027357628968,0.014467620091244584,joint_six_dimensions,mod__bachelors_or_higher_pct,package_by_moderator
55.69656463840423,0.0022517757244683856,-0.021799545501120926,0.026303096950057697,-0.007610724731210191,0.012114276180146962,joint_six_dimensions,mod__bachelors_or_higher_pct,package_by_moderator
56.190961849128854,-0.0002036886325853457,-0.02444338085170212,0.024036003586531428,-0.010143432620628563,0.009736055355457872,joint_six_dimensions,mod__bachelors_or_higher_pct,package_by_moderator
56.68535905985347,-0.002681883702588053,-0.027108738354794694,0.021744970949618588,-0.012698375639915271,0.007334608234739165,joint_six_dimensions,mod__bachelors_or_higher_pct,package_by_moderator
57.17975627057809,-0.005180742281140495,-0.029792538030202993,0.019431053467922003,-0.015273071285167982,0.004911586722886992,joint_six_dimensions,mod__bachelors_or_higher_pct,package_by_moderator
57.6741534813027,-0.0076981971638433525,-0.03249170630469586,0.017095311977009156,-0.017865039679728356,0.0024686453520416495,joint_six_dimensions,mod__bachelors_or_higher_pct,package_by_moderator
58.168550692027324,-0.010232181146297481,-0.0352031789598668,0.014738816667271833,-0.020471804782983653,7.4424903886895905e-06,joint_six_dimensions,mod__bachelors_or_higher_pct,package_by_moderator
58.66294790275194,-0.012780627024103479,-0.03792390379426985,0.012362649746062892,-0.023090895482003652,-0.002470358566203307,joint_six_dimensions,mod__bachelors_or_higher_pct,package_by_moderator
59.15734511347656,-0.015341467592862201,-0.040650843036967935,0.009967907851243536,-0.025719846581242156,-0.004963088604482245,joint_six_dimensions,mod__bachelors_or_higher_pct,package_by_moderator
59.65174232420118,-0.017912635648174316,-0.04338097555173682,0.007555704255388186,-0.028356199706394053,-0.007469071589954579,joint_six_dimensions,mod__bachelors_or_higher_pct,package_by_moderator
60.146139534925794,-0.02049206398564056,-0.04611129887251747,0.00512717090123635,-0.030997504139054378,-0.009986623832226742,joint_six_dimensions,mod__bachelors_or_higher_pct,package_by_moderator
60.640536745650415,-0.023077685400861733,-0.0488388311115302,0.002683460309806738,-0.03364131759916084,-0.012514053202562625,joint_six_dimensions,mod__bachelors_or_higher_pct,package_by_moderator
61.13493395637503,-0.02566743268943847,-0.05156061278199124,0.00022574740311430072,-0.03628520699241803,-0.015049658386458907,joint_six_dimensions,mod__bachelors_or_higher_pct,package_by_moderator
61.62933116709965,-0.028259238646971635,-0.05427370857780724,-0.0022447687161360266,-0.03892674914008037,-0.017591728153862903,joint_six_dimensions,mod__bachelors_or_higher_pct,package_by_moderator
62.123728377824264,-0.03085103606906188,-0.0569752091531516,-0.004726862984972154,-0.041563531508686025,-0.020138540629437734,joint_six_dimensions,mod__bachelors_or_higher_pct,package_by_moderator
62.618125588548885,-0.03344075775130992,-0.05966223294562466,-0.007219282556995183,-0.04419315295766337,-0.022688362544956465,joint_six_dimensions,mod__bachelors_or_higher_pct,package_by_moderator
63.112522799273506,-0.03602633648931662,-0.06233192808791811,-0.00972074489071513,-0.0468132245232294,-0.025239448455403844,joint_six_dimensions,mod__bachelors_or_higher_pct,package_by_moderator
63.60692000999812,-0.03860570507868258,-0.06498147445469828,-0.012229935702666877,-0.049421370257735714,-0.027790039899629443,joint_six_dimensions,mod__bachelors_or_higher_pct,package_by_moderator
64.10131722072275,-0.041176796315008646,-0.06760808589393773,-0.014745506736079564,-0.05201522814465019,-0.0303383644853671,joint_six_dimensions,mod__bachelors_or_higher_pct,package_by_moderator
64.59571443144736,-0.04373754299389544,-0.07020901269530319,-0.0172660732924877,-0.05459245111074541,-0.03288263487704547,joint_six_dimensions,mod__bachelors_or_higher_pct,package_by_moderator
65.09011164217198,-0.04628587791094377,-0.07278154435261391,-0.01979021146927362,-0.05715070815887442,-0.035421047663013114,joint_six_dimensions,mod__bachelors_or_higher_pct,package_by_moderator
65.58450885289659,-0.048819733861754366,-0.07532301268297287,-0.022316455040535872,-0.0596876856470035,-0.037951782076505236,joint_six_dimensions,mod__bachelors_or_higher_pct,package_by_moderator
66.07890606362122,-0.05133704364192805,-0.07783079537213534,-0.024843291911720754,-0.06220108874202846,-0.04047299854182764,joint_six_dimensions,mod__bachelors_or_higher_pct,package_by_moderator
66.57330327434583,-0.0538357400470654,-0.08030232002421002,-0.02736916006992078,-0.06468864308039747,-0.04298283701373333,joint_six_dimensions,mod__bachelors_or_higher_pct,package_by_moderator
67.06770048507045,-0.05631375587276723,-0.0827350688041107,-0.02989244294142375,-0.06714809667179818,-0.045479415073736276,joint_six_dimensions,mod__bachelors_or_higher_pct,package_by_moderator
67.56209769579506,-0.0587690239146343,-0.08512658377353245,-0.03241146405573615,-0.06957722208723133,-0.047960825742037284,joint_six_dimensions,mod__bachelors_or_higher_pct,package_by_moderator
68.05649490651969,-0.06119947696826736,-0.08747447303587672,-0.03492448090065801,-0.07197381897880281,-0.050425134957731904,joint_six_dimensions,mod__bachelors_or_higher_pct,package_by_moderator
68.5508921172443,-0.06360304782926705,-0.0897764178227529,-0.0374296778357812,-0.07433571698561911,-0.05287037867291499,joint_six_dimensions,mod__bachelors_or_higher_pct,package_by_moderator
69.04528932796892,-0.0659776692932342,-0.09203018067469466,-0.03992515791177374,-0.07666077908837725,-0.05529455949809116,joint_six_dimensions,mod__bachelors_or_higher_pct,package_by_moderator
69.53968653869353,-0.06832127415576952,-0.094233614891743,-0.04240893341979605,-0.07894690548467691,-0.05769564282686214,joint_six_dimensions,mod__bachelors_or_higher_pct,package_by_moderator
70.03408374941816,-0.07063179521247379,-0.09638467545567089,-0.04487891496927668,-0.0811920380677951,-0.060071552357152475,joint_six_dimensions,mod__bachelors_or_higher_pct,package_by_moderator
70.52848096014277,-0.07290716525894769,-0.09848143165475479,-0.0473328988631406,-0.08339416560360807,-0.062420164914287306,joint_six_dimensions,mod__bachelors_or_higher_pct,package_by_moderator
71.02287817086739,-0.07514531709079192,-0.10052208167373114,-0.049768552507852705,-0.0855513297133585,-0.06473930446822533,joint_six_dimensions,mod__bachelors_or_higher_pct,package_by_moderator
71.51727538159201,-0.07734418350360739,-0.10250496944496681,-0.05218339756224796,-0.08766163178365746,-0.06702673522355732,joint_six_dimensions,mod__bachelors_or_higher_pct,package_by_moderator
72.01167259231663,-0.07950169729299461,-0.1044286040901699,-0.05457479049581933,-0.08972324093876474,-0.06928015364722448,joint_six_dimensions,mod__bachelors_or_higher_pct,package_by_moderator
72.50606980304124,-0.08161579125455448,-0.10629168231218376,-0.0569399001969252,-0.09173440322258289,-0.07149717928652607,joint_six_dimensions,mod__bachelors_or_higher_pct,package_by_moderator
73.00046701376586,-0.08368439818388759,-0.10809311411869647,-0.05927568224907871,-0.09369345214693793,-0.07367534422083725,joint_six_dimensions,mod__bachelors_or_higher_pct,package_by_moderator
73.49486422449048,-0.08570545087659492,-0.10983205226658999,-0.06157884948659986,-0.09559882076554876,-0.07581208098764108,joint_six_dimensions,mod__bachelors_or_higher_pct,package_by_moderator
73.9892614352151,-0.08767688212827696,-0.11150792579589176,-0.06384583846066215,-0.09744905542498067,-0.07790470883157324,joint_six_dimensions,mod__bachelors_or_higher_pct,package_by_moderator
74.48365864593971,-0.08959662473453464,-0.11312047795953492,-0.06607277150953436,-0.09924283131814808,-0.0799504181509212,joint_six_dimensions,mod__bachelors_or_higher_pct,package_by_moderator
74.97805585666434,-0.0914626114909686,-0.11466980872628525,-0.06825541425565194,-0.10097896991309203,-0.08194625306884516,joint_six_dimensions,mod__bachelors_or_higher_pct,package_by_moderator
75.47245306738895,-0.09327277519317953,-0.11615642180784211,-0.07038912857851695,-0.1026564582369441,-0.08388909214941496,joint_six_dimensions,mod__bachelors_or_higher_pct,package_by_moderator
75.96685027811357,-0.09502504863676825,-0.1175812757963116,-0.0724688214772249,-0.10427446984539189,-0.08577562742814461,joint_six_dimensions,mod__bachelors_or_higher_pct,package_by_moderator
76.46124748883818,-0.09671736461733546,-0.11894583844487162,-0.0744888907897993,-0.10583238708104392,-0.087602342153627,joint_six_dimensions,mod__bachelors_or_higher_pct,package_by_moderator
76.95564469956281,-0.098347655930482,-0.1202521423266554,-0.0764431695343086,-0.10732982389694772,-0.08936548796401629,joint_six_dimensions,mod__bachelors_or_higher_pct,package_by_moderator
77.45004191028742,-0.09991385537180841,-0.12150283901256732,-0.0783248717310495,-0.10876664807278008,-0.09106106267083675,joint_six_dimensions,mod__bachelors_or_higher_pct,package_by_moderator
77.94443912101204,-0.10141389573691564,-0.12270124748863905,-0.08012654398519224,-0.11014300106890008,-0.0926847904049312,joint_six_dimensions,mod__bachelors_or_higher_pct,package_by_moderator
78.43883633173667,-0.1028457098214042,-0.12385139081398433,-0.08184002882882407,-0.11145931305833341,-0.09423210658447499,joint_six_dimensions,mod__bachelors_or_higher_pct,package_by_moderator
78.93323354246128,-0.10420723042087507,-0.12495801313223238,-0.08345644770951775,-0.11271630990249237,-0.09569815093925776,joint_six_dimensions,mod__bachelors_or_higher_pct,package_by_moderator
79.4276307531859,-0.10549639033092878,-0.12602656738820917,-0.0849662132736484,-0.11391500811426963,-0.09707777254758793,joint_six_dimensions,mod__bachelors_or_higher_pct,package_by_moderator
79.92202796391051,-0.10671112234716623,-0.12706316298258102,-0.08635908171175145,-0.11505669339326784,-0.09836555130106463,joint_six_dimensions,mod__bachelors_or_higher_pct,package_by_moderator
80.41642517463514,-0.10784935926518807,-0.12807446286330482,-0.08762425566707133,-0.11614287842705213,-0.09955584010332401,joint_six_dimensions,mod__bachelors_or_higher_pct,package_by_moderator
80.91082238535975,-0.10890903388059509,-0.12906752207796535,-0.08875054568322484,-0.11717523668781671,-0.10064283107337346,joint_six_dimensions,mod__bachelors_or_higher_pct,package_by_moderator
81.40521959608436,-0.10988807898898789,-0.13004956533399045,-0.08972659264398533,-0.11815551121858146,-0.10162064675939432,joint_six_dimensions,mod__bachelors_or_higher_pct,package_by_moderator
81.899616806809,-0.11078442738596739,-0.1310277097930243,-0.09054114497891048,-0.11908540096207233,-0.10248345380986244,joint_six_dimensions,mod__bachelors_or_higher_pct,package_by_moderator
82.3940140175336,-0.11159601186713425,-0.13200865023679115,-0.09118337349747735,-0.11996643165962989,-0.1032255920746386,joint_six_dimensions,mod__bachelors_or_higher_pct,package_by_moderator
82.88841122825822,-0.11232076522808926,-0.13299833460558053,-0.09164319585059799,-0.12079982280230933,-0.10384170765386919,joint_six_dimensions,mod__bachelors_or_higher_pct,package_by_moderator
83.38280843898283,-0.11295662026443304,-0.13400166542358571,-0.09191157510528035,-0.12158636519716007,-0.10432687533170601,joint_six_dimensions,mod__bachelors_or_higher_pct,package_by_moderator
83.87720564970746,-0.11350150977176637,-0.13502226356404565,-0.09198075597948711,-0.12232632409660603,-0.10467669544692672,joint_six_dimensions,mod__bachelors_or_higher_pct,package_by_moderator
84.37160286043208,-0.11395336654568994,-0.13606232357205544,-0.09184440951932443,-0.12301937987202291,-0.10488735321935697,joint_six_dimensions,mod__bachelors_or_higher_pct,package_by_moderator
84.86600007115669,-0.1143101233818048,-0.13712257551716234,-0.09149767124644725,-0.12366461237098908,-0.10495563439262051,joint_six_dimensions,mod__bachelors_or_higher_pct,package_by_moderator
85.36039728188132,-0.11456971307571129,-0.13820235089605545,-0.09093707525536714,-0.12426052794138485,-0.10487889821003772,joint_six_dimensions,mod__bachelors_or_higher_pct,package_by_moderator
85.85479449260593,-0.11473006842301031,-0.1392997343771365,-0.09016040246888414,-0.12480512165587081,-0.10465501519014982,joint_six_dimensions,mod__bachelors_or_higher_pct,package_by_moderator
86.34919170333055,-0.1147891222193026,-0.14041177314060105,-0.08916647129800413,-0.1252959631540175,-0.10428228128458769,joint_six_dimensions,mod__bachelors_or_higher_pct,package_by_moderator
86.84358891405516,-0.11474480726018887,-0.14153471277862548,-0.08795490174175226,-0.12573029337568992,-0.10375932114468782,joint_six_dimensions,mod__bachelors_or_higher_pct,package_by_moderator
87.33798612477979,-0.11459505634126999,-0.1426642322169624,-0.08652588046557756,-0.12610512089315015,-0.10308499178938982,joint_six_dimensions,mod__bachelors_or_higher_pct,package_by_moderator
87.8323833355044,-0.11433780225814649,-0.143795657405227,-0.08487994711106596,-0.12641730953703514,-0.10225829497925784,joint_six_dimensions,mod__bachelors_or_higher_pct,package_by_moderator
88.32678054622902,-0.11397097780641913,-0.14492414187366706,-0.08301781373917119,-0.12666365243558378,-0.10127830317725449,joint_six_dimensions,mod__bachelors_or_higher_pct,package_by_moderator
88.82117775695365,-0.11349251578168895,-0.1460448096440532,-0.0809402219193247,-0.12684093061676976,-0.10014410094660814,joint_six_dimensions,mod__bachelors_or_higher_pct,package_by_moderator
89.31557496767826,-0.11290034897955631,-0.14715286139746306,-0.07864783656164956,-0.1269459565435318,-0.09885474141558082,joint_six_dimensions,mod__bachelors_or_higher_pct,package_by_moderator
89.80997217840287,-0.1121924101956222,-0.14824364808256127,-0.07614117230868314,-0.1269756042976336,-0.09740921609361082,joint_six_dimensions,mod__bachelors_or_higher_pct,package_by_moderator
90.30436938912749,-0.11136663222548715,-0.1493127176430458,-0.0734205468079285,-0.12692682874075034,-0.09580643571022397,joint_six_dimensions,mod__bachelors_or_higher_pct,package_by_moderator
90.79876659985212,-0.11042094786475193,-0.15035584078625208,-0.07048605494325177,-0.12679667608115971,-0.09404521964834414,joint_six_dimensions,mod__bachelors_or_higher_pct,package_by_moderator
91.29316381057673,-0.10935328990901749,-0.1513690212171847,-0.06733755860085029,-0.12658228807031557,-0.09212429174771941,joint_six_dimensions,mod__bachelors_or_higher_pct,package_by_moderator
2.6451295425737316,-0.03240493499496614,-0.08341114618999526,0.01860127620006298,-0.05332057519764222,-0.01148929479229006,joint_six_dimensions,ses__commute_transit_pct,package_by_moderator
2.9476142556023395,-0.03488413909226207,-0.08390277745812633,0.014134499273602184,-0.05498475388533708,-0.01478352429918706,joint_six_dimensions,ses__commute_transit_pct,package_by_moderator
3.2500989686309474,-0.03728904939360273,-0.08439762475923254,0.009819525972027086,-0.05660642250803997,-0.017971676279165495,joint_six_dimensions,ses__commute_transit_pct,package_by_moderator
3.5525836816595557,-0.039620456282740774,-0.08489654555502046,0.005655632989538917,-0.058186398955533014,-0.021054513609948537,joint_six_dimensions,ses__commute_transit_pct,package_by_moderator
3.855068394688163,-0.04187915014342899,-0.08540040827451251,0.0016421079876545244,-0.05972550561486313,-0.02403279467199484,joint_six_dimensions,ses__commute_transit_pct,package_by_moderator
4.157553107716772,-0.04406592135942003,-0.08591008227388165,-0.0022217604449584066,-0.06122456525326514,-0.026907277465574916,joint_six_dimensions,ses__commute_transit_pct,package_by_moderator
4.460037820745379,-0.046181560314466547,-0.08642642522100158,-0.005936695407931521,-0.06268439584506219,-0.029678724783870902,joint_six_dimensions,ses__commute_transit_pct,package_by_moderator
4.762522533773987,-0.048226857392321396,-0.08695026761972707,-0.009503447164915718,-0.06410580422568228,-0.03234791055896051,joint_six_dimensions,ses__commute_transit_pct,package_by_moderator
5.065007246802596,-0.05020260297673709,-0.0874823942521964,-0.012922811701277799,-0.06548957848187634,-0.03491562747159784,joint_six_dimensions,ses__commute_transit_pct,package_by_moderator
5.367491959831203,-0.05210958745146647,-0.08802352242383712,-0.01619565247909581,-0.06683647903085152,-0.03738269587208141,joint_six_dimensions,ses__commute_transit_pct,package_by_moderator
5.669976672859811,-0.05394860120026217,-0.08857427705332155,-0.019322925347202778,-0.06814722840564179,-0.03974997399488254,joint_six_dimensions,ses__commute_transit_pct,package_by_moderator
5.972461385888419,-0.05572043460687689,-0.08913516286337098,-0.022305706350382794,-0.06942249985165115,-0.042018369362102626,joint_six_dimensions,ses__commute_transit_pct,package_by_moderator
6.274946098917027,-0.057425878055063356,-0.0897065341971861,-0.025145221912940614,-0.07066290494955939,-0.044188851160567325,joint_six_dimensions,ses__commute_transit_pct,package_by_moderator
6.577430811945636,-0.059065721928574275,-0.09028856329983186,-0.02784288055731669,-0.07186898060876608,-0.046262463248382464,joint_six_dimensions,ses__commute_transit_pct,package_by_moderator
6.879915524974243,-0.06064075661116233,-0.09088120824329138,-0.03040030497903329,-0.07304117591471729,-0.048240337307607385,joint_six_dimensions,ses__commute_transit_pct,package_by_moderator
7.182400238002851,-0.062151772486580194,-0.09148418200466807,-0.032819362968492326,-0.07417983944909293,-0.050123705524067454,joint_six_dimensions,ses__commute_transit_pct,package_by_moderator
7.484884951031459,-0.06359955993858064,-0.09209692448409469,-0.035102195393066596,-0.0752852078154525,-0.05191391206170879,joint_six_dimensions,ses__commute_transit_pct,package_by_moderator
7.787369664060067,-0.0649849093509163,-0.09271857941998898,-0.03725123928184362,-0.07635739617308948,-0.053612422528743126,joint_six_dimensions,ses__commute_transit_pct,package_by_moderator
8.089854377088674,-0.06630861110733992,-0.09334797817286397,-0.039269244041815865,-0.07739639158741028,-0.055220830627269554,joint_six_dimensions,ses__commute_transit_pct,package_by_moderator
8.392339090117282,-0.06757145559160418,-0.09398363216520217,-0.041159279018006194,-0.07840204992982398,-0.056740861253384386,joint_six_dimensions,ses__commute_transit_pct,package_by_moderator
8.69482380314589,-0.06877423318746179,-0.09462373536773923,-0.042924731007184344,-0.07937409689726943,-0.058174369477654135,joint_six_dimensions,ses__commute_transit_pct,package_by_moderator
8.997308516174499,-0.06991773427866543,-0.09526617762847653,-0.044569290928854345,-0.08031213347791893,-0.059523335079411925,joint_six_dimensions,ses__commute_transit_pct,package_by_moderator
9.299793229203107,-0.07100274924896784,-0.095908568902548,-0.04609692959538768,-0.08121564588689315,-0.06078985261104253,joint_six_dimensions,ses__commute_transit_pct,package_by_moderator
9.602277942231716,-0.07203006848212168,-0.09654827364228546,-0.047511863321957885,-0.08208401966827367,-0.06197611729596969,joint_six_dimensions,ses__commute_transit_pct,package_by_moderator
9.904762655260324,-0.07300048236187967,-0.09718245384830443,-0.04881851087545491,-0.0829165573486594,-0.06308440737509995,joint_six_dimensions,ses__commute_transit_pct,package_by_moderator
10.20724736828893,-0.0739147812719945,-0.09780811866303825,-0.05002144388095074,-0.08371249877352344,-0.06411706377046555,joint_six_dimensions,ses__commute_transit_pct,package_by_moderator
10.509732081317539,-0.0747737555962189,-0.09842217798505996,-0.051125333207377846,-0.0844710430923369,-0.06507646810010091,joint_six_dimensions,ses__commute_transit_pct,package_by_moderator
10.812216794346146,-0.07557819571830554,-0.09902149743651956,-0.052134894000091525,-0.0851913712985519,-0.06596502013805919,joint_six_dimensions,ses__commute_transit_pct,package_by_moderator
11.114701507374754,-0.07632889202200716,-0.09960295212573203,-0.05305483191828227,-0.08587266827552367,-0.06678511576849064,joint_six_dimensions,ses__commute_transit_pct,package_by_moderator
11.417186220403362,-0.07702663489107639,-0.10016347697303822,-0.05388979280911456,-0.08651414343316567,-0.06753912634898711,joint_six_dimensions,ses__commute_transit_pct,package_by_moderator
11.71967093343197,-0.077672214709266,-0.10070011184511435,-0.054644317573417645,-0.08711504921575407,-0.06822938020277793,joint_six_dimensions,ses__commute_transit_pct,package_by_moderator
12.022155646460579,-0.07826642186032866,-0.10121004029493387,-0.055322803425723446,-0.0876746969876617,-0.06885814673299562,joint_six_dimensions,ses__commute_transit_pct,package_by_moderator
12.324640359489187,-0.07881004672801709,-0.10169062125971978,-0.055929472196314396,-0.08819247003144108,-0.06942762342459309,joint_six_dimensions,ses__commute_transit_pct,package_by_moderator
12.627125072517796,-0.07930387969608396,-0.10213941357035694,-0.05646834582181099,-0.08866783359816996,-0.06993992579399796,joint_six_dimensions,ses__commute_transit_pct,package_by_moderator
12.929609785546404,-0.07974871114828198,-0.10255419353576359,-0.05694322876080038,-0.08910034211811017,-0.0703970801784538,joint_six_dimensions,ses__commute_transit_pct,package_by_moderator
13.232094498575009,-0.08014533146836388,-0.10293296616775888,-0.057357696768968874,-0.08948964380358418,-0.07080101913314357,joint_six_dimensions,ses__commute_transit_pct,package_by_moderator
13.534579211603617,-0.08049453104008233,-0.1032739708060087,-0.05771509127415597,-0.08983548295554396,-0.07115357912462071,joint_six_dimensions,ses__commute_transit_pct,package_by_moderator
13.837063924632226,-0.08079710024719003,-0.10357568200049076,-0.058018518493889296,-0.09013770032543524,-0.07145650016894482,joint_six_dimensions,ses__commute_transit_pct,package_by_moderator
14.139548637660834,-0.08105382947343971,-0.10383680652895695,-0.05827085241792247,-0.09039623189217617,-0.07171142705470325,joint_six_dimensions,ses__commute_transit_pct,package_by_moderator
14.442033350689442,-0.08126550910258405,-0.10405627738957368,-0.05847474081559442,-0.09061110639877552,-0.07191991180639258,joint_six_dimensions,ses__commute_transit_pct,package_by_moderator
14.74451806371805,-0.08143292951837576,-0.10423324553375815,-0.058632613502993376,-0.09078244196229408,-0.07208341707445744,joint_six_dimensions,ses__commute_transit_pct,package_by_moderator
15.047002776746659,-0.08155688110456753,-0.104367070007787,-0.058746692201348066,-0.09091044203130635,-0.07220332017782871,joint_six_dimensions,ses__commute_transit_pct,package_by_moderator
15.349487489775267,-0.08163815424491207,-0.10445730706698697,-0.058819001422837164,-0.09099539092205841,-0.07228091756776572,joint_six_dimensions,ses__commute_transit_pct,package_by_moderator
15.651972202803876,-0.08167753932316206,-0.10450369872250227,-0.05885137992382185,-0.09103764912194791,-0.07231742952437621,joint_six_dimensions,ses__commute_transit_pct,package_by_moderator
15.95445691583248,-0.08167582672307024,-0.10450616108382033,-0.058845492362320145,-0.09103764850925258,-0.07231400493688789,joint_six_dimensions,ses__commute_transit_pct,package_by_moderator
16.25694162886109,-0.08163380682838928,-0.10446477277386189,-0.058802840882916665,-0.09099588760261454,-0.07227172605416401,joint_six_dimensions,ses__commute_transit_pct,package_by_moderator
16.559426341889697,-0.08155227002287188,-0.10437976361900098,-0.05872477642674278,-0.09091292692326246,-0.0721916131224813,joint_six_dimensions,ses__commute_transit_pct,package_by_moderator
16.861911054918306,-0.08143200669027076,-0.1042515037540234,-0.05861250962651813,-0.09078938452738382,-0.0720746288531577,joint_six_dimensions,ses__commute_transit_pct,package_by_moderator
17.164395767946914,-0.0812738072143386,-0.10408049323106548,-0.05846712119761173,-0.0906259317451595,-0.07192168268351772,joint_six_dimensions,ses__commute_transit_pct,package_by_moderator
17.466880480975522,-0.08107846197882815,-0.10386735218082521,-0.05828957177683108,-0.09042328914626366,-0.07173363481139264,joint_six_dimensions,ses__commute_transit_pct,package_by_moderator
17.76936519400413,-0.08084676136749204,-0.1036128115424317,-0.058080711192552384,-0.09018222273854784,-0.07151129999643624,joint_six_dimensions,ses__commute_transit_pct,package_by_moderator
18.07184990703274,-0.080579495764083,-0.10331770435390068,-0.05784128717426533,-0.08990354039659972,-0.0712554511315663,joint_six_dimensions,ses__commute_transit_pct,package_by_moderator
18.374334620061347,-0.08027745555235376,-0.10298295757677813,-0.05757195352792939,-0.08958808850935088,-0.07096682259535664,joint_six_dimensions,ses__commute_transit_pct,package_by_moderator
18.676819333089952,-0.07994143111605699,-0.10260958441521936,-0.05727327781689462,-0.08923674883043353,-0.07064611340168045,joint_six_dimensions,ses__commute_transit_pct,package_by_moderator
18.97930404611856,-0.07957221283894539,-0.10219867708037889,-0.056945748597511885,-0.08885043551114144,-0.07029399016674934,joint_six_dimensions,ses__commute_transit_pct,package_by_moderator
19.28178875914717,-0.07917059110477168,-0.10175139994478327,-0.05658978226476008,-0.08843009229330767,-0.06991108991623568,joint_six_dimensions,ses__commute_transit_pct,package_by_moderator
19.584273472175777,-0.07873735629728854,-0.10126898302768952,-0.05620572956688755,-0.0879766898379063,-0.06949802275667077,joint_six_dimensions,ses__commute_transit_pct,package_by_moderator
19.886758185204386,-0.07827329880024869,-0.10075271575080989,-0.05579388184968749,-0.08749122316452096,-0.06905537443597642,joint_six_dimensions,ses__commute_transit_pct,package_by_moderator
20.189242898232994,-0.07777920899740481,-0.10020394090385876,-0.05535447709095087,-0.08697470917685297,-0.06858370881795665,joint_six_dimensions,ses__commute_transit_pct,package_by_moderator
20.491727611261602,-0.07725587727250961,-0.09962404876091714,-0.054887705784102084,-0.08642818425007402,-0.0680835702949452,joint_six_dimensions,ses__commute_transit_pct,package_by_moderator
20.794212324290207,-0.0767040940093158,-0.09901447129146815,-0.05439371672716344,-0.08585270185699953,-0.06755548616163207,joint_six_dimensions,ses__commute_transit_pct,package_by_moderator
21.096697037318815,-0.07612464959157608,-0.09837667641406377,-0.0538726227690884,-0.08524933021174352,-0.06699996897140864,joint_six_dimensions,ses__commute_transit_pct,package_by_moderator
21.399181750347424,-0.07551833440304315,-0.09771216224591518,-0.05332450656017111,-0.08461914991170193,-0.06641751889438437,joint_six_dimensions,ses__commute_transit_pct,package_by_moderator
21.701666463376032,-0.07488593882746968,-0.09702245130826163,-0.052749426346677716,-0.08396325156140227,-0.06580862609353708,joint_six_dimensions,ses__commute_transit_pct,package_by_moderator
22.00415117640464,-0.0742282532486084,-0.09630908465517762,-0.05214742184203919,-0.08328273336495864,-0.06517377313225817,joint_six_dimensions,ses__commute_transit_pct,package_by_moderator
22.30663588943325,-0.07354606805021205,-0.09557361590252061,-0.051518520197903483,-0.082578698677578,-0.0645134374228461,joint_six_dimensions,ses__commute_transit_pct,package_by_moderator
22.609120602461857,-0.07284017361603326,-0.09481760514395866,-0.05086274208810786,-0.08185225351076254,-0.06382809372130398,joint_six_dimensions,ses__commute_transit_pct,package_by_moderator
22.911605315490466,-0.07211136032982475,-0.0940426127523486,-0.0501801079073009,-0.08110450399049879,-0.06311821666915071,joint_six_dimensions,ses__commute_transit_pct,package_by_moderator
23.214090028519074,-0.07136041857533924,-0.09325019307698158,-0.049470644073696904,-0.08033655377274601,-0.06238428337793247,joint_six_dimensions,ses__commute_transit_pct,package_by_moderator
23.51657474154768,-0.07058813873632944,-0.09244188806010886,-0.04873438941255001,-0.07954950142582463,-0.06162677604683424,joint_six_dimensions,ses__commute_transit_pct,package_by_moderator
23.819059454576287,-0.06979531119654803,-0.09161922080933708,-0.04797140158375897,-0.07874443779470838,-0.06084618459838767,joint_six_dimensions,ses__commute_transit_pct,package_by_moderator
24.121544167604895,-0.06898272633974768,-0.09078368917547948,-0.047181763504015886,-0.07792244336755384,-0.06004300931194152,joint_six_dimensions,ses__commute_transit_pct,package_by_moderator
24.424028880633504,-0.06815117454968116,-0.08993675939771642,-0.04636558970164589,-0.07708458566983085,-0.05921776342953146,joint_six_dimensions,ses__commute_transit_pct,package_by_moderator
24.726513593662112,-0.06730144621010112,-0.08907985988884717,-0.04552303253135506,-0.07623191671589873,-0.0583709757043035,joint_six_dimensions,ses__commute_transit_pct,package_by_moderator
25.02899830669072,-0.06643433170476028,-0.08821437524236456,-0.04465428816715599,-0.07536547055154345,-0.0575031928579771,joint_six_dimensions,ses__commute_transit_pct,package_by_moderator
25.33148301971933,-0.06555062141741134,-0.08734164054943286,-0.04375960228538983,-0.0744862609235939,-0.056614981911228796,joint_six_dimensions,ses__commute_transit_pct,package_by_moderator
25.633967732747937,-0.06465110573180699,-0.08646293611704371,-0.04283927534657027,-0.07359527911404537,-0.05570693234956861,joint_six_dimensions,ses__commute_transit_pct,package_by_moderator
25.936452445776546,-0.06373657503169995,-0.0855794826782347,-0.041893667385165194,-0.07269349197595883,-0.05477965808744108,joint_six_dimensions,ses__commute_transit_pct,package_by_moderator
26.23893715880515,-0.06280781970084291,-0.08469243718102079,-0.040923202220665034,-0.07178184020666721,-0.053833799195018614,joint_six_dimensions,ses__commute_transit_pct,package_by_moderator
26.54142187183376,-0.06186563012298858,-0.08380288923457213,-0.039928371011405034,-0.07086123689049291,-0.052870023355484255,joint_six_dimensions,ses__commute_transit_pct,package_by_moderator
26.843906584862367,-0.060910796681889645,-0.08291185827936759,-0.038909735084411694,-0.06993256633833903,-0.05188902702544026,joint_six_dimensions,ses__commute_transit_pct,package_by_moderator
27.146391297890975,-0.059944109761298804,-0.08202029153300669,-0.03786792798959091,-0.0689966832453477,-0.05089153627724991,joint_six_dimensions,ses__commute_transit_pct,package_by_moderator
27.448876010919584,-0.058966359744968784,-0.08112906274574144,-0.036803656744196125,-0.06805441218059266,-0.04987830730934491,joint_six_dimensions,ses__commute_transit_pct,package_by_moderator
27.751360723948192,-0.05797833701665226,-0.08023897178044655,-0.035717702252857975,-0.06710654741484157,-0.048850126618462955,joint_six_dimensions,ses__commute_transit_pct,package_by_moderator
28.0538454369768,-0.05698083196010194,-0.07935074501165594,-0.034610918908547936,-0.06615385308418514,-0.04780781083601873,joint_six_dimensions,ses__commute_transit_pct,package_by_moderator
28.35633015000541,-0.05597463495907053,-0.0784650365184776,-0.03348423339966346,-0.06519706367920465,-0.0467522062389364,joint_six_dimensions,ses__commute_transit_pct,package_by_moderator
28.658814863034017,-0.05496053639731073,-0.077582430027649,-0.032338642766972465,-0.06423688484174246,-0.04568418795287899,joint_six_dimensions,ses__commute_transit_pct,package_by_moderator
28.961299576062622,-0.05393932665857524,-0.07670344154659557,-0.031175211770554906,-0.0632739944446157,-0.044604658872534765,joint_six_dimensions,ses__commute_transit_pct,package_by_moderator
29.26378428909123,-0.05291179612661676,-0.07582852261281776,-0.029995069640415765,-0.062309043924062064,-0.04351454832917146,joint_six_dimensions,ses__commute_transit_pct,package_by_moderator
29.56626900211984,-0.051878735185188,-0.0749580640757596,-0.0287994062946164,-0.061342659830535246,-0.04241481053984075,joint_six_dimensions,ses__commute_transit_pct,package_by_moderator
29.868753715148447,-0.05084093421804164,-0.07409240032076506,-0.027589468115318223,-0.0603754455607833,-0.041306422875299974,joint_six_dimensions,ses__commute_transit_pct,package_by_moderator
30.171238428177055,-0.049799183608930396,-0.07323181384183652,-0.026366553376024268,-0.05940798323295694,-0.04019038398490385,joint_six_dimensions,ses__commute_transit_pct,package_by_moderator
30.473723141205664,-0.048754273741606964,-0.0723765400704846,-0.025132007412729338,-0.058440835666730806,-0.03906771181648312,joint_six_dimensions,ses__commute_transit_pct,package_by_moderator
30.776207854234272,-0.04770699499982405,-0.07152677237163735,-0.02388721762801076,-0.057474548431929305,-0.0379394415677188,joint_six_dimensions,ses__commute_transit_pct,package_by_moderator
31.07869256726288,-0.04665813776733435,-0.07068266712386606,-0.02263360841080264,-0.05650965193172727,-0.03680662360294143,joint_six_dimensions,ses__commute_transit_pct,package_by_moderator
31.38117728029149,-0.045608492427890585,-0.06984434880951226,-0.021372636046268902,-0.0555466634899108,-0.03567032136587037,joint_six_dimensions,ses__commute_transit_pct,package_by_moderator
31.683661993320097,-0.04455884936524542,-0.0690119150500679,-0.020105783680422942,-0.05458608941568846,-0.03453160931480238,joint_six_dimensions,ses__commute_transit_pct,package_by_moderator
31.986146706348702,-0.043509998963151594,-0.0681854415327843,-0.01883455639351888,-0.053628427023899854,-0.033391570902403335,joint_six_dimensions,ses__commute_transit_pct,package_by_moderator
32.28863141937731,-0.042462731605361764,-0.06736498678543114,-0.017560476425292394,-0.052674166592956324,-0.032251296617767204,joint_six_dimensions,ses__commute_transit_pct,package_by_moderator
32.59111613240592,-0.041417837675628656,-0.06655059676693871,-0.016285078584318602,-0.05172379324728278,-0.03111188210397453,joint_six_dimensions,ses__commute_transit_pct,package_by_moderator
32.89360084543453,-0.04037610755770499,-0.06574230925196486,-0.015009905863445104,-0.050777788755256036,-0.02997442636015394,joint_six_dimensions,ses__commute_transit_pct,package_by_moderator
33.19608555846314,-0.03933833163534342,-0.06494015799695779,-0.013736505273729046,-0.049836633237543185,-0.028840030033143654,joint_six_dimensions,ses__commute_transit_pct,package_by_moderator
33.498570271491744,-0.0383053002922967,-0.06414417668385429,-0.012466423900739116,-0.048900806784257206,-0.027709793800336197,joint_six_dimensions,ses__commute_transit_pct,package_by_moderator
33.801054984520356,-0.037277803912317484,-0.06335440264505632,-0.011201205179578653,-0.047970790982423135,-0.026584816842211832,joint_six_dimensions,ses__commute_transit_pct,package_by_moderator
34.10353969754896,-0.036256632879158514,-0.0625708803797387,-0.009942385378578333,-0.047047070357877606,-0.02546619540043942,joint_six_dimensions,ses__commute_transit_pct,package_by_moderator
34.40602441057757,-0.03524257757657245,-0.06179366487687765,-0.008691490276267241,-0.046130133737912,-0.02435502141523289,joint_six_dimensions,ses__commute_transit_pct,package_by_moderator
34.70850912360618,-0.034236428388312035,-0.06102282476472624,-0.007450032011897832,-0.045220475542748516,-0.023252381233875553,joint_six_dimensions,ses__commute_transit_pct,package_by_moderator
35.01099383663479,-0.03323897569812993,-0.06025844530988883,-0.0062195060863710315,-0.044318597015342465,-0.0221593543809174,joint_six_dimensions,ses__commute_transit_pct,package_by_moderator
35.313478549663394,-0.03225100988977887,-0.05950063129178172,-0.005001388487776027,-0.04342500740008558,-0.021077012379472168,joint_six_dimensions,ses__commute_transit_pct,package_by_moderator
35.615963262692006,-0.03127332134701152,-0.058749509780224696,-0.003797132913798351,-0.04254022508178693,-0.020006417612236115,joint_six_dimensions,ses__commute_transit_pct,package_by_moderator
35.91844797572061,-0.030306700453580637,-0.05800523284531607,-0.0026081680618452,-0.04166477869688617,-0.018948622210275105,joint_six_dimensions,ses__commute_transit_pct,package_by_moderator
36.220932688749215,-0.02935193759323887,-0.05726798022970753,-0.0014358949567702117,-0.040799208229248124,-0.017904666957229615,joint_six_dimensions,ses__commute_transit_pct,package_by_moderator
36.52341740177783,-0.02840982314973892,-0.05653796201402397,-0.00028168428545387314,-0.03994406610314674,-0.0168755801963311,joint_six_dimensions,ses__commute_transit_pct,package_by_moderator
36.82590211480643,-0.027481147506833527,-0.05581542130655036,0.0008531262928833001,-0.0390999182861998,-0.01586237672746726,joint_six_dimensions,ses__commute_transit_pct,package_by_moderator
37.128386827835044,-0.026566701048275354,-0.05510063698850872,0.0019672348919580127,-0.03826734541509889,-0.014866056681451821,joint_six_dimensions,ses__commute_transit_pct,package_by_moderator
37.43087154086365,-0.02566727415781713,-0.05439392654632755,0.003059378230693282,-0.0374469439570118,-0.013887604358622466,joint_six_dimensions,ses__commute_transit_pct,package_by_moderator
37.73335625389226,-0.02478365721921154,-0.053695649022298494,0.004128334583875414,-0.03663932741953059,-0.012927987018892485,joint_six_dimensions,ses__commute_transit_pct,package_by_moderator
38.035840966920865,-0.023916640616211286,-0.05300620811494215,0.0051729268825195796,-0.035845127622009705,-0.011988153610412866,joint_six_dimensions,ses__commute_transit_pct,package_by_moderator
38.33832567994948,-0.023067014732569068,-0.05232605546026041,0.00619202599512227,-0.03506499604107838,-0.011069033424059757,joint_six_dimensions,ses__commute_transit_pct,package_by_moderator
38.64081039297808,-0.022235569952037605,-0.05165569412481585,0.007184554220740637,-0.034299605243015105,-0.010171534661060104,joint_six_dimensions,ses__commute_transit_pct,package_by_moderator
38.94329510600669,-0.021423096658369577,-0.05099568234120112,0.00814948902446197,-0.033549650415516594,-0.00929654290122256,joint_six_dimensions,ses__commute_transit_pct,package_by_moderator
39.2457798190353,-0.020630385235317676,-0.05034663751587118,0.009085867045235826,-0.03281585101115209,-0.00844491945948326,joint_six_dimensions,ses__commute_transit_pct,package_by_moderator
39.548264532063904,-0.019858226066634642,-0.049709240538408264,0.009992788405138977,-0.032098952514423434,-0.007617499618845848,joint_six_dimensions,ses__commute_transit_pct,package_by_moderator
39.850749245092516,-0.01910740953607313,-0.049084240419940334,0.010869421347794075,-0.03139972834379784,-0.006815090728348423,joint_six_dimensions,ses__commute_transit_pct,package_by_moderator
40.15323395812112,-0.018378726027385873,-0.04847245928647003,0.011715007231698285,-0.030718981899275702,-0.006038470155496042,joint_six_dimensions,ses__commute_transit_pct,package_by_moderator
40.45571867114973,-0.017672965924325556,-0.04787479775008151,0.0125288659014304,-0.030057548764911166,-0.005288383083739948,joint_six_dimensions,ses__commute_transit_pct,package_by_moderator
40.75820338417834,-0.016990919610644913,-0.04729224067712201,0.01331040145583218,-0.029416299074116393,-0.004565540147173433,joint_six_dimensions,ses__commute_transit_pct,package_by_moderator
41.06068809720695,-0.016333377470096586,-0.04672586336719528,0.014059108427002111,-0.02879614004342362,-0.0038706148967695524,joint_six_dimensions,ses__commute_transit_pct,package_by_moderator
41.363172810235554,-0.015701129886433327,-0.04617683814979593,0.014774578376929276,-0.028198018677505404,-0.00320424109536125,joint_six_dimensions,ses__commute_transit_pct,package_by_moderator
41.66565752326416,-0.015094967243407819,-0.04564644139623922,0.015456506909423583,-0.027622924644491054,-0.0025670098423245837,joint_six_dimensions,ses__commute_transit_pct,package_by_moderator
41.96814223629277,-0.014515679924772738,-0.04513606093273537,0.016104701083189895,-0.02707189331577673,-0.001959466533768746,joint_six_dimensions,ses__commute_transit_pct,package_by_moderator
42.270626949321375,-0.013964058314280835,-0.044647203825506195,0.016719087196944524,-0.026546008958395498,-0.0013821076701661713,joint_six_dimensions,ses__commute_transit_pct,package_by_moderator
42.57311166234999,-0.013440892795684774,-0.04418150449020989,0.01729971889884034,-0.026046408060373255,-0.0008353775309962938,joint_six_dimensions,ses__commute_transit_pct,package_by_moderator
42.87559637537859,-0.012946973752737276,-0.043740733055097056,0.017846785549622504,-0.025574282760129997,-0.00031966474534455246,joint_six_dimensions,ses__commute_transit_pct,package_by_moderator
43.178081088407204,-0.012483091569191015,-0.04332680387978258,0.018360620741400546,-0.025130884339692947,0.00016470120131091733,joint_six_dimensions,ses__commute_transit_pct,package_by_moderator
43.48056580143581,-0.012050036628798732,-0.04294178409892846,0.018841710841330996,-0.024717526728124734,0.0006174534705272704,joint_six_dimensions,ses__commute_transit_pct,package_by_moderator
43.78305051446442,-0.011648599315313094,-0.04258790202234041,0.019290703391714223,-0.024335589946072413,0.0010383913154462243,joint_six_dimensions,ses__commute_transit_pct,package_by_moderator
44.085535227493025,-0.011279570012486813,-0.04226755518017565,0.01970841515520202,-0.023986523404790676,0.001427383379817052,joint_six_dimensions,ses__commute_transit_pct,package_by_moderator
44.38801994052163,-0.010943739104072599,-0.04198331775481266,0.020095839546667462,-0.02367184895365921,0.001784370745514012,joint_six_dimensions,ses__commute_transit_pct,package_by_moderator
44.69050465355024,-0.010641896973823131,-0.041737947090785314,0.020454153143139052,-0.02339316354965046,0.002109369602004198,joint_six_dimensions,ses__commute_transit_pct,package_by_moderator
44.99298936657885,-0.010374834005491142,-0.0415343889232211,0.02078472091223882,-0.023152141401306503,0.0024024733903242213,joint_six_dimensions,ses__commute_transit_pct,package_by_moderator
45.29547407960746,-0.010143340582829306,-0.041375780916677166,0.021089099751018553,-0.02295053541987639,0.002663854254217779,joint_six_dimensions,ses__commute_transit_pct,package_by_moderator
45.597958792636064,-0.009948207089590329,-0.04126545406453645,0.021369039885355795,-0.022790177793153486,0.002893763613972828,joint_six_dimensions,ses__commute_transit_pct,package_by_moderator
45.900443505664676,-0.009790223909526906,-0.0412069314698318,0.02162648365077799,-0.02267297948553937,0.0030925316664855568,joint_six_dimensions,ses__commute_transit_pct,package_by_moderator
46.20292821869328,-0.009670181426391769,-0.04120392401822877,0.02186356116544523,-0.022600928463704397,0.003260565610920859,joint_six_dimensions,ses__commute_transit_pct,package_by_moderator
46.50541293172189,-0.009588870023937587,-0.041260322470399916,0.02208258242252474,-0.022576086453981487,0.00339834640610631,joint_six_dimensions,ses__commute_transit_pct,package_by_moderator
46.8078976447505,-0.009547080085917072,-0.041380185551751436,0.022286025379917293,-0.022600584058431704,0.0035064238865975626,joint_six_dimensions,ses__commute_transit_pct,package_by_moderator
47.1103823577791,-0.009545601996082932,-0.04156772370914732,0.022476519716981454,-0.022676614094115984,0.0035854101019501174,joint_six_dimensions,ses__commute_transit_pct,package_by_moderator
47.412867070807714,-0.009585226138187838,-0.041827278341478515,0.022656826065102838,-0.022806423076368737,0.003635970799993062,joint_six_dimensions,ses__commute_transit_pct,package_by_moderator
47.71535178383632,-0.009666742895984529,-0.04216329649455174,0.022829810702582685,-0.022992300842167565,0.0036588150501985096,joint_six_dimensions,ses__commute_transit_pct,package_by_moderator
48.01783649686493,-0.0097909426532257,-0.04258030123656754,0.022998415930116138,-0.02323656840228238,0.003654683095830979,joint_six_dimensions,ses__commute_transit_pct,package_by_moderator
48.320321209893535,-0.009958615793664034,-0.04308285818784988,0.023165626600521814,-0.023541564216434555,0.0036243326291064866,joint_six_dimensions,ses__commute_transit_pct,package_by_moderator
48.62280592292215,-0.010170552701052236,-0.04367553895015558,0.023334433548051106,-0.02390962919709573,0.003568523794991259,joint_six_dimensions,ses__commute_transit_pct,package_by_moderator
48.92529063595075,-0.010427543759143003,-0.044362882443433484,0.023507794925147478,-0.024343090855214064,0.00348800333692806,joint_six_dimensions,ses__commute_transit_pct,package_by_moderator
49.227775348979364,-0.010730379351689079,-0.04514935538388555,0.023688596680507393,-0.024844247093822245,0.0033834883904440873,joint_six_dimensions,ses__commute_transit_pct,package_by_moderator
49.53026006200797,-0.011079849862443085,-0.04603931329847122,0.02387961357358505,-0.02541535022161963,0.003255650496733457,joint_six_dimensions,ses__commute_transit_pct,package_by_moderator
49.83274477503657,-0.011476745675157808,-0.04703696354306863,0.024083472192753017,-0.026058591788175524,0.003105100437859906,joint_six_dimensions,ses__commute_transit_pct,package_by_moderator
50.135229488065185,-0.011921857173585869,-0.04814633175787561,0.024302617410703872,-0.026776088828608838,0.0029323744814371,joint_six_dimensions,ses__commute_transit_pct,package_by_moderator
50.43771420109379,-0.01241597474148002,-0.04937123304955689,0.024539283566596848,-0.027569872046520782,0.0027379225635607417,joint_six_dimensions,ses__commute_transit_pct,package_by_moderator
50.7401989141224,-0.01295988876259297,-0.050715248943970066,0.024795471418784125,-0.028441876363214554,0.0025220988380286104,joint_six_dimensions,ses__commute_transit_pct,package_by_moderator
51.04268362715101,-0.013554389620677398,-0.05218171082803057,0.02507293158667577,-0.029393934127855667,0.0022851548865008703,joint_six_dimensions,ses__commute_transit_pct,package_by_moderator
51.34516834017962,-0.014200267699486013,-0.05377369022653625,0.02537315482756422,-0.030427771130380407,0.0020272357314083805,joint_six_dimensions,ses__commute_transit_pct,package_by_moderator
51.647653053208224,-0.014898313382771478,-0.055493995876977606,0.02569736911143465,-0.031545005401990504,0.0017483786364475493,joint_six_dimensions,ses__commute_transit_pct,package_by_moderator
51.950137766236836,-0.01564931705428657,-0.057345177209418154,0.02604654310084501,-0.032747148642115254,0.0014485145335421112,joint_six_dimensions,ses__commute_transit_pct,package_by_moderator
52.25262247926544,-0.016454069097783894,-0.059329533540480865,0.026421395344913078,-0.03403560998850344,0.0011274717929356526,joint_six_dimensions,ses__commute_transit_pct,package_by_moderator
52.555107192294045,-0.01731335989701621,-0.06144912807159078,0.026822408277558357,-0.035411701757352,0.000784981963319574,joint_six_dimensions,ses__commute_transit_pct,package_by_moderator
52.85759190532266,-0.01822797983573625,-0.0637058056515665,0.027249845980094008,-0.03687664672704575,0.0004206870555732503,joint_six_dimensions,ses__commute_transit_pct,package_by_moderator
53.16007661835126,-0.019198719297696648,-0.06610121322090474,0.02770377462551145,-0.038431586521554005,3.4147926160708886e-05,joint_six_dimensions,ses__commute_transit_pct,package_by_moderator
53.462561331379874,-0.020226368666650132,-0.0686368218890007,0.028184084555700435,-0.04007759066343007,-0.0003751466698701904,joint_six_dimensions,ses__commute_transit_pct,package_by_moderator
53.76504604440848,-0.021311718326349455,-0.07131394968946721,0.028690513036768298,-0.04181566590487219,-0.00080777074782672,joint_six_dimensions,ses__commute_transit_pct,package_by_moderator
54.06753075743709,-0.022455558660547215,-0.0741337841933799,0.029222666872285467,-0.04364676550052547,-0.0012643518205689534,joint_six_dimensions,ses__commute_transit_pct,package_by_moderator
54.370015470465695,-0.02365868005299615,-0.07709740431670188,0.02978004421070958,-0.045571798149848894,-0.0017455619561434106,joint_six_dimensions,ses__commute_transit_pct,package_by_moderator
54.67250018349431,-0.02492187288744903,-0.08020580081979223,0.03036205504489417,-0.04759163640315696,-0.0022521093717410984,joint_six_dimensions,ses__commute_transit_pct,package_by_moderator
54.97498489652291,-0.026245927547658476,-0.0834598951508991,0.03096804005558216,-0.04970712438859477,-0.00278473070672218,joint_six_dimensions,ses__commute_transit_pct,package_by_moderator
55.27746960955152,-0.02763163441737719,-0.08686055642305354,0.03159728758829916,-0.051919084773694196,-0.003344184061060188,joint_six_dimensions,ses__commute_transit_pct,package_by_moderator
55.57995432258013,-0.02907978388035795,-0.09040861642978112,0.03224904866906523,-0.054228324922726445,-0.0039312428379894605,joint_six_dimensions,ses__commute_transit_pct,package_by_moderator
55.88243903560873,-0.030591166320353358,-0.09410488269769653,0.03292255005698981,-0.05663564224905729,-0.004546690391649427,joint_six_dimensions,ses__commute_transit_pct,package_by_moderator
56.184923748637345,-0.032166572121116205,-0.09795014964385926,0.03361700540162685,-0.05914182879033993,-0.005191315451892477,joint_six_dimensions,ses__commute_transit_pct,package_by_moderator
56.48740846166595,-0.03380679166639916,-0.1019452079548394,0.034331624622041076,-0.06174767505450053,-0.005865908278297791,joint_six_dimensions,ses__commute_transit_pct,package_by_moderator
56.78989317469456,-0.03551261533995484,-0.10609085233576089,0.03506562165585121,-0.06445397319731605,-0.006571257482593625,joint_six_dimensions,ses__commute_transit_pct,package_by_moderator
0.0,0.005816786804049977,-0.020435205967268152,0.032068779575368106,-0.004948122459817371,0.016581696067917324,joint_six_dimensions,ses__commute_walk_pct,package_by_moderator
0.23822027716194374,0.0005064444172531782,-0.024330752771296506,0.025343641605802863,-0.009678312847941425,0.010691201682447781,joint_six_dimensions,ses__commute_walk_pct,package_by_moderator
0.4764405543238875,-0.004682943674552714,-0.02822781863218266,0.01886193128307723,-0.014337770443547844,0.0049718830944424156,joint_six_dimensions,ses__commute_walk_pct,package_by_moderator
0.7146608314858313,-0.009752648529703312,-0.03213149944989253,0.012626202390485904,-0.018929334722023756,-0.0005759623373828675,joint_six_dimensions,ses__commute_walk_pct,package_by_moderator
0.952881108647775,-0.014703941206534218,-0.036046481553803696,0.006638599140735259,-0.02345567720997393,-0.00595220520309451,joint_six_dimensions,ses__commute_walk_pct,package_by_moderator
1.1911013858097188,-0.019538092763380956,-0.039976681168006664,0.0009004956412447494,-0.027919153644127177,-0.011157031882634734,joint_six_dimensions,ses__commute_walk_pct,package_by_moderator
1.4293216629716625,-0.024256374258579162,-0.04392483491685552,-0.004587913600302803,-0.03232163605377577,-0.016191112463382555,joint_six_dimensions,ses__commute_walk_pct,package_by_moderator
1.6675419401336062,-0.02886005675046438,-0.04789208615924058,-0.009828027341688184,-0.03666434313273751,-0.021055770368191253,joint_six_dimensions,ses__commute_walk_pct,package_by_moderator
1.90576221729555,-0.0333504112973722,-0.051877631106232544,-0.014823191488511855,-0.0409476951261264,-0.025753127468618,joint_six_dimensions,ses__commute_walk_pct,package_by_moderator
2.143982494457494,-0.03772870895763823,-0.055878495859844,-0.01957892205543246,-0.04517122240272185,-0.03028619551255461,joint_six_dimensions,ses__commute_walk_pct,package_by_moderator
2.3822027716194376,-0.04199622078959803,-0.05988950283343975,-0.0241029387457563,-0.049333551685300216,-0.03465888989389584,joint_six_dimensions,ses__commute_walk_pct,package_by_moderator
2.6204230487813813,-0.04615421785158717,-0.0639034516173661,-0.028404984085808244,-0.05343248021651266,-0.03887595548666169,joint_six_dimensions,ses__commute_walk_pct,package_by_moderator
2.858643325943325,-0.050203971201941255,-0.06791149440230405,-0.03249644800157846,-0.05746512970523001,-0.0429428126986525,joint_six_dimensions,ses__commute_walk_pct,package_by_moderator
3.0968636031052688,-0.05414675189899585,-0.0719036455380754,-0.036389858259916294,-0.06142815527655883,-0.04686534852143287,joint_six_dimensions,ses__commute_walk_pct,package_by_moderator
3.3350838802672125,-0.05798383100108655,-0.07586934310618759,-0.0400983188959855,-0.06531797575064517,-0.05064968625152792,joint_six_dimensions,ses__commute_walk_pct,package_by_moderator
3.573304157429156,-0.06171647956654893,-0.0797979827835731,-0.04363497634952476,-0.06913099255918745,-0.05430196657391041,joint_six_dimensions,ses__commute_walk_pct,package_by_moderator
3.8115244345911,-0.06534596865371858,-0.08367936546013321,-0.047012571847303945,-0.07286377329577813,-0.05782816401165904,joint_six_dimensions,ses__commute_walk_pct,package_by_moderator
4.049744711753044,-0.06887356932093106,-0.08750402895928047,-0.05024310968258164,-0.07651318774144551,-0.0612339509004166,joint_six_dimensions,ses__commute_walk_pct,package_by_moderator
4.287964988914988,-0.07230055262652199,-0.09126346044653524,-0.053337644806508745,-0.0800764949650614,-0.06452461028798258,joint_six_dimensions,ses__commute_walk_pct,package_by_moderator
4.526185266076931,-0.07562818962882689,-0.09495020396196618,-0.056306175295687606,-0.08355138741816351,-0.06770499183949027,joint_six_dimensions,ses__commute_walk_pct,package_by_moderator
4.764405543238875,-0.07885775138618142,-0.09855788608771168,-0.05915761668465116,-0.08693600146019627,-0.07077950131216658,joint_six_dimensions,ses__commute_walk_pct,package_by_moderator
5.0026258204008185,-0.0819905089569211,-0.10208118412862785,-0.06189983378521435,-0.09022890431064634,-0.07375211360319586,joint_six_dimensions,ses__commute_walk_pct,package_by_moderator
5.240846097562763,-0.08502773339938155,-0.10551575827892663,-0.06453970851983647,-0.09342906623325029,-0.07662640056551281,joint_six_dimensions,ses__commute_walk_pct,package_by_moderator
5.479066374724706,-0.08797069577189832,-0.1088581645773132,-0.06708322696648344,-0.0965358248423213,-0.07940556670147535,joint_six_dimensions,ses__commute_walk_pct,package_by_moderator
5.71728665188665,-0.09082066713280704,-0.11210576064667041,-0.06953557361894366,-0.09954884645030293,-0.08209248781531114,joint_six_dimensions,ses__commute_walk_pct,package_by_moderator
5.955506929048593,-0.09357891854044322,-0.11525661209274815,-0.07190122498813828,-0.10246808768555447,-0.08468974939533196,joint_six_dimensions,ses__commute_walk_pct,package_by_moderator
6.1937272062105375,-0.09624672105314251,-0.11830940426777824,-0.07418403783850679,-0.10529375931008157,-0.08719968279620345,joint_six_dimensions,ses__commute_walk_pct,package_by_moderator
6.431947483372481,-0.09882534572924044,-0.12126336185424177,-0.07638732960423911,-0.10802629324400329,-0.0896243982144776,joint_six_dimensions,ses__commute_walk_pct,package_by_moderator
6.670167760534425,-0.10131606362707264,-0.12411817722837029,-0.07851395002577499,-0.11066631319024285,-0.09196581406390243,joint_six_dimensions,ses__commute_walk_pct,package_by_moderator
6.908388037696368,-0.10372014580497466,-0.126873947632758,-0.08056634397719131,-0.11321460887148793,-0.09422568273846138,joint_six_dimensions,ses__commute_walk_pct,package_by_moderator
7.146608314858312,-0.10603886332128208,-0.12953112065347136,-0.08254660598909282,-0.11567211367249883,-0.09640561297006534,joint_six_dimensions,ses__commute_walk_pct,package_by_moderator
7.384828592020256,-0.1082734872343305,-0.13209044722605567,-0.08445652724260533,-0.11803988536972077,-0.09850708909894024,joint_six_dimensions,ses__commute_walk_pct,package_by_moderator
7.6230488691822,-0.11042528860245548,-0.13455294128979425,-0.08629763591511672,-0.1203190895870832,-0.10053148761782776,joint_six_dimensions,ses__commute_walk_pct,package_by_moderator
7.861269146344144,-0.11249553848399266,-0.13691984520349454,-0.08807123176449079,-0.1225109856143745,-0.10248009135361082,joint_six_dimensions,ses__commute_walk_pct,package_by_moderator
8.099489423506087,-0.11448550793727752,-0.13919260008474854,-0.08977841578980648,-0.12461691424453976,-0.10435410163001528,joint_six_dimensions,ses__commute_walk_pct,package_by_moderator
8.33770970066803,-0.11639646802064571,-0.1413728203100162,-0.09142011573127523,-0.12663828731716834,-0.10615464872412307,joint_six_dimensions,ses__commute_walk_pct,package_by_moderator
8.575929977829976,-0.11822968979243283,-0.1434622714979966,-0.09299710808686906,-0.12857657869034084,-0.10788280089452482,joint_six_dimensions,ses__commute_walk_pct,package_by_moderator
8.814150254991919,-0.11998644431097441,-0.14546285138382897,-0.09451003723811985,-0.13043331639789132,-0.10953957222405751,joint_six_dimensions,ses__commute_walk_pct,package_by_moderator
9.052370532153862,-0.12166800263460606,-0.1473765730715365,-0.09595943219767561,-0.1322100757818936,-0.11112592948731854,joint_six_dimensions,ses__commute_walk_pct,package_by_moderator
9.290590809315805,-0.12327563582166336,-0.1492055502244867,-0.09734572141884001,-0.1339084734198517,-0.112642798223475,joint_six_dimensions,ses__commute_walk_pct,package_by_moderator
9.52881108647775,-0.12481061493048189,-0.1509519838178675,-0.09866924604309626,-0.1355301616924118,-0.11409106816855195,joint_six_dimensions,ses__commute_walk_pct,package_by_moderator
9.767031363639694,-0.12627421101939723,-0.15261815013358504,-0.09993027190520944,-0.13707682386054187,-0.11547159817825259,joint_six_dimensions,ses__commute_walk_pct,package_by_moderator
10.005251640801637,-0.12766769514674495,-0.15420638972739037,-0.10112900056609954,-0.13855016954138463,-0.11678522075210525,joint_six_dimensions,ses__commute_walk_pct,package_by_moderator
10.24347191796358,-0.12899233837086066,-0.1557190971414446,-0.10226557960027671,-0.13995193048978538,-0.11803274625193594,joint_six_dimensions,ses__commute_walk_pct,package_by_moderator
10.481692195125525,-0.13024941175007992,-0.1571587111739748,-0.10334011232618505,-0.14128385660826054,-0.1192149668918993,joint_six_dimensions,ses__commute_walk_pct,package_by_moderator
10.719912472287469,-0.1314401863427383,-0.15852770555213427,-0.10435266713334233,-0.14254771212230485,-0.12033266056317173,joint_six_dimensions,ses__commute_walk_pct,package_by_moderator
10.958132749449412,-0.13256593320717142,-0.15982857988550148,-0.10530328652884137,-0.14374527187077724,-0.12138659454356558,joint_six_dimensions,ses__commute_walk_pct,package_by_moderator
11.196353026611355,-0.13362792340171484,-0.16106385080652325,-0.10619199599690643,-0.14487831767294504,-0.12237752913048464,joint_six_dimensions,ses__commute_walk_pct,package_by_moderator
11.4345733037733,-0.13462742798470412,-0.16223604323114224,-0.107018812738266,-0.1459486347448113,-0.12330622122459696,joint_six_dimensions,ses__commute_walk_pct,package_by_moderator
11.672793580935243,-0.1355657180144749,-0.16334768169817265,-0.10778375433077714,-0.14695800814773352,-0.12417342788121627,joint_six_dimensions,ses__commute_walk_pct,package_by_moderator
11.911013858097187,-0.1364440645493627,-0.16440128176985153,-0.10848684732887387,-0.1479082192621282,-0.12497990983659722,joint_six_dimensions,ses__commute_walk_pct,package_by_moderator
12.149234135259132,-0.13726373864770314,-0.16539934149837004,-0.10912813579703622,-0.14880104228823088,-0.1257264350071754,joint_six_dimensions,ses__commute_walk_pct,package_by_moderator
12.387454412421075,-0.1380260113678318,-0.16634433298389242,-0.10970768975177118,-0.14963824078437218,-0.1264137819512914,joint_six_dimensions,ses__commute_walk_pct,package_by_moderator
12.625674689583018,-0.13873215376808423,-0.16723869406829156,-0.1102256134678769,-0.15042156426090533,-0.12704274327526313,joint_six_dimensions,ses__commute_walk_pct,package_by_moderator
12.863894966744962,-0.13938343690679605,-0.16808482022515098,-0.11068205358844113,-0.15115274485461525,-0.12761412895897686,joint_six_dimensions,ses__commute_walk_pct,package_by_moderator
13.102115243906907,-0.13998113184230282,-0.168885056720037,-0.11107720696456864,-0.1518334941139546,-0.12812876957065103,joint_six_dimensions,ses__commute_walk_pct,package_by_moderator
13.34033552106885,-0.14052650963294017,-0.16964169112516264,-0.11141132814071768,-0.15246549992960204,-0.1285875193362783,joint_six_dimensions,ses__commute_walk_pct,package_by_moderator
13.578555798230793,-0.14102084133704357,-0.17035694627891662,-0.1116847363951705,-0.15305042364744192,-0.1289912590266452,joint_six_dimensions,ses__commute_walk_pct,package_by_moderator
13.816776075392736,-0.1414653980129487,-0.17103297378299862,-0.11189782224289876,-0.15358989740199558,-0.1293408986239018,joint_six_dimensions,ses__commute_walk_pct,package_by_moderator
14.054996352554681,-0.14186145071899114,-0.17167184812791192,-0.11205105331007037,-0.15408552170751694,-0.12963737973046535,joint_six_dimensions,ses__commute_walk_pct,package_by_moderator
14.293216629716625,-0.14221027051350643,-0.17227556153133564,-0.11214497949567723,-0.15453886334141184,-0.12988167768560102,joint_six_dimensions,ses__commute_walk_pct,package_by_moderator
14.531436906878568,-0.14251312845483013,-0.17284601956365817,-0.11218023734600212,-0.1549514535504418,-0.13007480335921848,joint_six_dimensions,ses__commute_walk_pct,package_by_moderator
14.769657184040511,-0.1427712956012979,-0.17338503762114885,-0.11215755358144694,-0.15532478660451027,-0.13021780459808552,joint_six_dimensions,ses__commute_walk_pct,package_by_moderator
15.007877461202456,-0.1429860430112453,-0.17389433829052195,-0.11207774773196863,-0.15566031871597405,-0.13031176730651653,joint_six_dimensions,ses__commute_walk_pct,package_by_moderator
15.2460977383644,-0.14315864174300783,-0.174375549629818,-0.11194173385619766,-0.15595946733470034,-0.1303578161513153,joint_six_dimensions,ses__commute_walk_pct,package_by_moderator
15.484318015526343,-0.1432903628549212,-0.1748302043705209,-0.11175052133932148,-0.15622361082088654,-0.13035711488895585,joint_six_dimensions,ses__commute_walk_pct,package_by_moderator
15.722538292688288,-0.1433824774053209,-0.17525974002561676,-0.11150521478502504,-0.15645408848937062,-0.13031086632127117,joint_six_dimensions,ses__commute_walk_pct,package_by_moderator
15.960758569850231,-0.14343625645254252,-0.17566549986885152,-0.11120701303623351,-0.1566522010111864,-0.13022031189389863,joint_six_dimensions,ses__commute_walk_pct,package_by_moderator
16.198978847012174,-0.1434529710549217,-0.17604873473262986,-0.11085720737721352,-0.1568192111508111,-0.13008673095903228,joint_six_dimensions,ses__commute_walk_pct,package_by_moderator
16.437199124174118,-0.14343389227079392,-0.17641060555656282,-0.11045717898502502,-0.1569563448112243,-0.12991143973036354,joint_six_dimensions,ses__commute_walk_pct,package_by_moderator
16.67541940133606,-0.14338029115849488,-0.17675218660617745,-0.1100083957108123,-0.15706479235377432,-0.12969578996321543,joint_six_dimensions,ses__commute_walk_pct,package_by_moderator
16.913639678498004,-0.14329343877636008,-0.1770744692721006,-0.10951240828061956,-0.15714571015607384,-0.12944116739664632,joint_six_dimensions,ses__commute_walk_pct,package_by_moderator
17.15185995565995,-0.1431746061827251,-0.1773783663542724,-0.10897084601117779,-0.15720022236878725,-0.12914898999666294,joint_six_dimensions,ses__commute_walk_pct,package_by_moderator
17.390080232821894,-0.14302506443592566,-0.17766471673337333,-0.108385412138478,-0.1572294228311994,-0.12882070604065193,joint_six_dimensions,ses__commute_walk_pct,package_by_moderator
17.628300509983838,-0.14284608459429715,-0.1779342903324395,-0.10775787885615482,-0.15723437710577823,-0.12845779208281607,joint_six_dimensions,ses__commute_walk_pct,package_by_moderator
17.86652078714578,-0.14263893771617525,-0.178187793275231,-0.1070900821571195,-0.1572161245934192,-0.12806175083893132,joint_six_dimensions,ses__commute_walk_pct,package_by_moderator
18.104741064307724,-0.1424048948598955,-0.17842587315383687,-0.10638391656595411,-0.15717568069348248,-0.1276341090263085,joint_six_dimensions,ses__commute_walk_pct,package_by_moderator
18.342961341469668,-0.14214522708379357,-0.17864912432575064,-0.10564132984183651,-0.15711403897591547,-0.12717641519167167,joint_six_dimensions,ses__commute_walk_pct,package_by_moderator
18.58118161863161,-0.1418612054462049,-0.17885809316968332,-0.10486431772272647,-0.15703217333645453,-0.12669023755595527,joint_six_dimensions,ses__commute_walk_pct,package_by_moderator
18.819401895793554,-0.14155410100546523,-0.17905328323920444,-0.10405491877172601,-0.15693104010993078,-0.12617716190099967,joint_six_dimensions,ses__commute_walk_pct,package_by_moderator
19.0576221729555,-0.14122518481990998,-0.17923516026343644,-0.10321520937638351,-0.15681158012085777,-0.12563878951896218,joint_six_dimensions,ses__commute_walk_pct,package_by_moderator
19.295842450117444,-0.14087572794787484,-0.17940415695408662,-0.10234729894166306,-0.1566747206546064,-0.1250767352411433,joint_six_dimensions,ses__commute_walk_pct,package_by_moderator
19.534062727279387,-0.1405070014476954,-0.17956067758774438,-0.10145332530764642,-0.15652137733642452,-0.12449262555896627,joint_six_dimensions,ses__commute_walk_pct,package_by_moderator
19.77228300444133,-0.14012027637770724,-0.17970510234135995,-0.10053545041405454,-0.1563524559092463,-0.12388809684616818,joint_six_dimensions,ses__commute_walk_pct,package_by_moderator
20.010503281603274,-0.13971682379624584,-0.17983779136697464,-0.09959585622551702,-0.1561688539045786,-0.12326479368791307,joint_six_dimensions,ses__commute_walk_pct,package_by_moderator
20.248723558765217,-0.13929791476164688,-0.17995908859898407,-0.09863674092430968,-0.15597146220371003,-0.12262436731958373,joint_six_dimensions,ses__commute_walk_pct,package_by_moderator
20.48694383592716,-0.13886482033224584,-0.18006932529344236,-0.09766031537104933,-0.15576116648904012,-0.12196847417545156,joint_six_dimensions,ses__commute_walk_pct,package_by_moderator
20.725164113089107,-0.13841881156637853,-0.18016882330415576,-0.0966687998286013,-0.1555388485874767,-0.12129877454528033,joint_six_dimensions,ses__commute_walk_pct,package_by_moderator
20.96338439025105,-0.1379611595223803,-0.18025789810460552,-0.09566442094015509,-0.15530538770960717,-0.12061693133515344,joint_six_dimensions,ses__commute_walk_pct,package_by_moderator
21.201604667412994,-0.13749313525858675,-0.18033686156815723,-0.09464940894901627,-0.15506166158975315,-0.11992460892742035,joint_six_dimensions,ses__commute_walk_pct,package_by_moderator
21.439824944574937,-0.13701600983333362,-0.18040602452163051,-0.09362599514503674,-0.15480854753308915,-0.11922347213357809,joint_six_dimensions,ses__commute_walk_pct,package_by_moderator
21.67804522173688,-0.13653105430495638,-0.1804656990892275,-0.09259640952068526,-0.154546923376795,-0.11851518523311776,joint_six_dimensions,ses__commute_walk_pct,package_by_moderator
21.916265498898824,-0.13603953973179056,-0.18051620084514136,-0.09156287861843974,-0.15427766837275614,-0.11780141109082497,joint_six_dimensions,ses__commute_walk_pct,package_by_moderator
22.154485776060767,-0.13554273717217186,-0.18055785079399214,-0.09052762355035157,-0.1540016639996625,-0.11708381034468122,joint_six_dimensions,ses__commute_walk_pct,package_by_moderator
22.39270605322271,-0.1350419176844358,-0.18059097719865205,-0.08949285817021954,-0.15371979471252747,-0.11636404065634412,joint_six_dimensions,ses__commute_walk_pct,package_by_moderator
22.630926330384657,-0.1345383523269179,-0.18061591727513054,-0.08846078737870526,-0.15343294863769383,-0.11564375601614199,joint_six_dimensions,ses__commute_walk_pct,package_by_moderator
22.8691466075466,-0.13403331215795394,-0.180633018774045,-0.08743360554186289,-0.15314201822133258,-0.11492460609457529,joint_six_dimensions,ses__commute_walk_pct,package_by_moderator
23.107366884708544,-0.13352806823587926,-0.1806426414679002,-0.08641349500385832,-0.15284790083931757,-0.11420823563244095,joint_six_dimensions,ses__commute_walk_pct,package_by_moderator
23.345587161870487,-0.1330238916190296,-0.1806451585629831,-0.08540262467507612,-0.15255149937618825,-0.11349628386187095,joint_six_dimensions,ses__commute_walk_pct,package_by_moderator
23.58380743903243,-0.13252205336574052,-0.18064095805420644,-0.08440314867727461,-0.15225372278071758,-0.11279038395076346,joint_six_dimensions,ses__commute_walk_pct,package_by_moderator
23.822027716194373,-0.13202382453434758,-0.18063044404075002,-0.08341720502794515,-0.15195548660540467,-0.11209216246329048,joint_six_dimensions,ses__commute_walk_pct,package_by_moderator
24.060247993356317,-0.13153047618318636,-0.18061403801988687,-0.08244691434648585,-0.15165771353702223,-0.1114032388293505,joint_six_dimensions,ses__commute_walk_pct,package_by_moderator
24.298468270518264,-0.1310432793705925,-0.1805921801759714,-0.08149437856521363,-0.1513613339251796,-0.11072522481600544,joint_six_dimensions,ses__commute_walk_pct,package_by_moderator
24.536688547680207,-0.13056350515490145,-0.18056533068123826,-0.08056167962856463,-0.15106728631572933,-0.11005972399407359,joint_six_dimensions,ses__commute_walk_pct,package_by_moderator
24.77490882484215,-0.13009242459444886,-0.1805339710248245,-0.07965087816407324,-0.1507765179957469,-0.10940833119315081,joint_six_dimensions,ses__commute_walk_pct,package_by_moderator
25.013129102004093,-0.12963130874757028,-0.18049860538631213,-0.07876401210882844,-0.15048998555676651,-0.10877263193837405,joint_six_dimensions,ses__commute_walk_pct,package_by_moderator
25.251349379166037,-0.12918142867260146,-0.18045976207009465,-0.07790309527510828,-0.15020865548295823,-0.10815420186224468,joint_six_dimensions,ses__commute_walk_pct,package_by_moderator
25.48956965632798,-0.1287440554278778,-0.18041799501701633,-0.0770701158387393,-0.14993350477099177,-0.10755460608476386,joint_six_dimensions,ses__commute_walk_pct,package_by_moderator
25.727789933489923,-0.12832046007173492,-0.18037388541002938,-0.07626703473344046,-0.14966552158845337,-0.10697539855501648,joint_six_dimensions,ses__commute_walk_pct,package_by_moderator
25.966010210651866,-0.12791191366250843,-0.18032804339105876,-0.07549578393395809,-0.14940570597786462,-0.10641812134715223,joint_six_dimensions,ses__commute_walk_pct,package_by_moderator
26.204230487813813,-0.12751968725853385,-0.18028110990687146,-0.07475826461019626,-0.14915507061360064,-0.10588430390346706,joint_six_dimensions,ses__commute_walk_pct,package_by_moderator
26.442450764975757,-0.12714505191814685,-0.18023375870252198,-0.07405634513377171,-0.14891464161932372,-0.10537546221696997,joint_six_dimensions,ses__commute_walk_pct,package_by_moderator
26.6806710421377,-0.12678927869968304,-0.18018669848188568,-0.0733918589174804,-0.14868545945393305,-0.10489309794543303,joint_six_dimensions,ses__commute_walk_pct,package_by_moderator
26.918891319299643,-0.12645363866147785,-0.18014067525590344,-0.07276660206705225,-0.1484685798744873,-0.10443869744846841,joint_six_dimensions,ses__commute_walk_pct,package_by_moderator
27.157111596461586,-0.12613940286186703,-0.1800964749004496,-0.07218233082328446,-0.14826507498508584,-0.10401373073864822,joint_six_dimensions,ses__commute_walk_pct,package_by_moderator
27.39533187362353,-0.12584784235918595,-0.1800549259471848,-0.07164075877118709,-0.14807603438128747,-0.10361965033708442,joint_six_dimensions,ses__commute_walk_pct,package_by_moderator
27.633552150785473,-0.1255802282117704,-0.1800169026323804,-0.0711435537911604,-0.1479025664003136,-0.10325789002322718,joint_six_dimensions,ses__commute_walk_pct,package_by_moderator
27.87177242794742,-0.1253378314779558,-0.17998332823047375,-0.07069233472543784,-0.1477457994880078,-0.10292986346790378,joint_six_dimensions,ses__commute_walk_pct,package_by_moderator
28.109992705109363,-0.12512192321607796,-0.1799551787010332,-0.07028866773112272,-0.147606883694313,-0.10263696273784292,joint_six_dimensions,ses__commute_walk_pct,package_by_moderator
28.348212982271306,-0.12493377448447229,-0.17993348667983747,-0.06993406228910712,-0.14748699230985554,-0.10238055665908903,joint_six_dimensions,ses__commute_walk_pct,package_by_moderator
28.58643325943325,-0.12477465634147439,-0.1799193458469002,-0.06962996683604858,-0.1473873236571008,-0.10216198902584796,joint_six_dimensions,ses__commute_walk_pct,package_by_moderator
28.824653536595193,-0.12464583984541971,-0.17991391570640736,-0.06937776398443206,-0.147309103050417,-0.10198257664042241,joint_six_dimensions,ses__commute_walk_pct,package_by_moderator
29.062873813757136,-0.12454859605464413,-0.17991842681565667,-0.0691787652936316,-0.1472535849402579,-0.10184360716903038,joint_six_dimensions,ses__commute_walk_pct,package_by_moderator
29.30109409091908,-0.12448419602748301,-0.17993418650207835,-0.06903420555288767,-0.14722205525748752,-0.10174633679747849,joint_six_dimensions,ses__commute_walk_pct,package_by_moderator
29.539314368081023,-0.12445391082227192,-0.17996258510916543,-0.0689452365353784,-0.14721583397459084,-0.101691987669953,joint_six_dimensions,ses__commute_walk_pct,package_by_moderator
29.77753464524297,-0.12445901149734656,-0.18000510281348225,-0.06891292018121087,-0.1472362779010607,-0.10168174509363243,joint_six_dimensions,ses__commute_walk_pct,package_by_moderator
30.015754922404913,-0.12450076911104252,-0.18006331705566303,-0.06893822116642202,-0.1472847837305577,-0.10171675449152735,joint_six_dimensions,ses__commute_walk_pct,package_by_moderator
30.253975199566856,-0.12458045472169538,-0.18013891062818368,-0.06902199881520707,-0.14736279135738733,-0.10179811808600342,joint_six_dimensions,ses__commute_walk_pct,package_by_moderator
30.4921954767288,-0.12469933938764066,-0.1802336804613512,-0.06916499831393015,-0.14747178747928846,-0.10192689129599287,joint_six_dimensions,ses__commute_walk_pct,package_by_moderator
30.730415753890743,-0.12485869416721385,-0.1803495471460111,-0.06936784118841659,-0.14761330950232093,-0.10210407883210677,joint_six_dimensions,ses__commute_walk_pct,package_by_moderator
30.968636031052686,-0.12505979011875068,-0.1804885652263913,-0.06963101501111005,-0.147788949761556,-0.10233063047594539,joint_six_dimensions,ses__commute_walk_pct,package_by_moderator
31.20685630821463,-0.12530389830058664,-0.18065293428864748,-0.0699548623125258,-0.14800036006805217,-0.10260743653312111,joint_six_dimensions,ses__commute_walk_pct,package_by_moderator
31.445076585376576,-0.1255922897710574,-0.18084501085932092,-0.0703395686827939,-0.14824925658794497,-0.10293532295416986,joint_six_dimensions,ses__commute_walk_pct,package_by_moderator
31.68329686253852,-0.1259262355884987,-0.18106732111212553,-0.07078515006487186,-0.14853742505299997,-0.10331504612399742,joint_six_dimensions,ses__commute_walk_pct,package_by_moderator
31.921517139700462,-0.12630700681124563,-0.18132257436025562,-0.07129143926223563,-0.14886672629327719,-0.10374728732921407,joint_six_dimensions,ses__commute_walk_pct,package_by_moderator
32.159737416862406,-0.12673587449763424,-0.18161367728353683,-0.07185807171173164,-0.1492391020711266,-0.10423264692414189,joint_six_dimensions,ses__commute_walk_pct,package_by_moderator
32.39795769402435,-0.1272141097059999,-0.18194374880397787,-0.0724844706080219,-0.14965658118106565,-0.10477163823093412,joint_six_dimensions,ses__commute_walk_pct,package_by_moderator
32.63617797118629,-0.12774298349467805,-0.18231613547826717,-0.07316983151108894,-0.15012128576163702,-0.10536468122771908,joint_six_dimensions,ses__commute_walk_pct,package_by_moderator
32.874398248348236,-0.12832376692200476,-0.1827344272202338,-0.07391310662377569,-0.1506354377425714,-0.10601209610143811,joint_six_dimensions,ses__commute_walk_pct,package_by_moderator
33.11261852551018,-0.12895773104631514,-0.18320247309909254,-0.07471298899353775,-0.15120136532302525,-0.10671409676960503,joint_six_dimensions,ses__commute_walk_pct,package_by_moderator
33.35083880267212,-0.129646146925945,-0.18372439687978903,-0.07556789697210099,-0.1518215093440659,-0.10747078450782412,joint_six_dimensions,ses__commute_walk_pct,package_by_moderator
33.589059079834065,-0.13039028561922972,-0.18430461187982997,-0.07647595935862947,-0.15249842938087227,-0.10828214185758717,joint_six_dimensions,ses__commute_walk_pct,package_by_moderator
33.82727935699601,-0.13119141818450508,-0.1849478346137689,-0.07743500175524126,-0.15323480933780215,-0.109148027031208,joint_six_dimensions,ses__commute_walk_pct,package_by_moderator
34.06549963415795,-0.13205081568010657,-0.18565909658452304,-0.0784425347756901,-0.15403346228354686,-0.11006816907666626,joint_six_dimensions,ses__commute_walk_pct,package_by_moderator
34.3037199113199,-0.1329697491643701,-0.18644375346460298,-0.07949574486413721,-0.15489733421599267,-0.11104216411274753,joint_six_dimensions,ses__commute_walk_pct,package_by_moderator
34.541940188481846,-0.1339494896956307,-0.18730749079740777,-0.08059148859385362,-0.1558295064000968,-0.1120694729911646,joint_six_dimensions,ses__commute_walk_pct,package_by_moderator
34.78016046564379,-0.13499130833222428,-0.18825632524933134,-0.08172629141511722,-0.1568331958813281,-0.11314942078312047,joint_six_dimensions,ses__commute_walk_pct,package_by_moderator
35.01838074280573,-0.1360964761324862,-0.1892966003712264,-0.08289635189374603,-0.15791175374760924,-0.11428119851736318,joint_six_dimensions,ses__commute_walk_pct,package_by_moderator
35.256601019967675,-0.1372662641547523,-0.1904349757997427,-0.08409755250976189,-0.15906866070121115,-0.11546386760829344,joint_six_dimensions,ses__commute_walk_pct,package_by_moderator
35.49482129712962,-0.138501943457358,-0.19167840886447005,-0.08532547805024596,-0.16030751951656547,-0.11669636739815054,joint_six_dimensions,ses__commute_walk_pct,package_by_moderator
35.73304157429156,-0.13980478509863903,-0.19303412768583528,-0.08657544251144278,-0.16163204400877115,-0.1179775261885069,joint_six_dimensions,ses__commute_walk_pct,package_by_moderator
35.971261851453505,-0.14117606013693096,-0.19450959506943086,-0.08784252520443106,-0.163046044228079,-0.11930607604578292,joint_six_dimensions,ses__commute_walk_pct,package_by_moderator
36.20948212861545,-0.14261703963056893,-0.19611246283749795,-0.08912161642363992,-0.16455340773302973,-0.12068067152810813,joint_six_dimensions,ses__commute_walk_pct,package_by_moderator
36.44770240577739,-0.1441289946378892,-0.19785051669008233,-0.09040747258569606,-0.16615807698018448,-0.1220999122955939,joint_six_dimensions,ses__commute_walk_pct,package_by_moderator
36.685922682939335,-0.14571319621722678,-0.1997316122448239,-0.09169478018962966,-0.16786402309655793,-0.12356236933789563,joint_six_dimensions,ses__commute_walk_pct,package_by_moderator
36.92414296010128,-0.14737091542691771,-0.2017636035352627,-0.09297822731857272,-0.16967521655958828,-0.12506661429424715,joint_six_dimensions,ses__commute_walk_pct,package_by_moderator
37.16236323726322,-0.14910342332529747,-0.20395426590343835,-0.09425258074715658,-0.17159559557842546,-0.12661125107216947,joint_six_dimensions,ses__commute_walk_pct,package_by_moderator
37.400583514425165,-0.15091199097070118,-0.20631121583719397,-0.09551276610420839,-0.17362903322236392,-0.12819494871903844,joint_six_dimensions,ses__commute_walk_pct,package_by_moderator
37.63880379158711,-0.15279788942146522,-0.2088418307995641,-0.09675394804336634,-0.17577930454602997,-0.12981647429690046,joint_six_dimensions,ses__commute_walk_pct,package_by_moderator
37.87702406874906,-0.1547623897359245,-0.21155317240159846,-0.09797160707025052,-0.17805005508557842,-0.13147472438627056,joint_six_dimensions,ses__commute_walk_pct,package_by_moderator
38.115244345911,-0.15680676297241458,-0.21445191632008942,-0.09916160962473974,-0.18044477212071136,-0.1331687538241178,joint_six_dimensions,ses__commute_walk_pct,package_by_moderator
38.353464623072945,-0.15893228018927164,-0.21754429212476112,-0.10032026825378214,-0.18296676000017606,-0.1348978003783672,joint_six_dimensions,ses__commute_walk_pct,package_by_moderator
38.59168490023489,-0.1611402124448309,-0.22083603566009966,-0.10144438922956214,-0.18561912061542643,-0.13666130427423537,joint_six_dimensions,ses__commute_walk_pct,package_by_moderator
38.82990517739683,-0.16343183079742762,-0.22433235586984143,-0.10253130572501382,-0.1884047397966516,-0.13845892179820365,joint_six_dimensions,ses__commute_walk_pct,package_by_moderator
39.068125454558775,-0.16580840630539817,-0.22803791703709947,-0.10357889557369687,-0.19132628003015115,-0.1402905325806452,joint_six_dimensions,ses__commute_walk_pct,package_by_moderator
39.30634573172072,-0.16827121002707734,-0.2319568364421547,-0.10458558361199997,-0.19438617949788595,-0.14215624055626874,joint_six_dimensions,ses__commute_walk_pct,package_by_moderator
39.54456600888266,-0.17082151302080129,-0.23609269651974824,-0.10555032952185435,-0.1975866570627071,-0.14405636897889548,joint_six_dimensions,ses__commute_walk_pct,package_by_moderator
39.782786286044605,-0.17346058634490524,-0.24044856982169888,-0.10647260286811161,-0.20092972250454166,-0.14599145018526882,joint_six_dimensions,ses__commute_walk_pct,package_by_moderator
40.02100656320655,-0.17618970105772536,-0.2450270545249396,-0.10735234759051111,-0.2044171910808425,-0.14796221103460822,joint_six_dimensions,ses__commute_walk_pct,package_by_moderator
40.25922684036849,-0.17901012821759577,-0.24983031790121285,-0.10818993853397868,-0.20805070135179798,-0.14996955508339355,joint_six_dimensions,ses__commute_walk_pct,package_by_moderator
40.497447117530434,-0.18192313888285394,-0.25486014507943094,-0.10898613268627695,-0.21183173517586054,-0.15201454258984734,joint_six_dimensions,ses__commute_walk_pct,package_by_moderator
40.73566739469238,-0.18493000411183402,-0.2601179905538775,-0.10974201766979055,-0.2157616388312293,-0.15409836939243873,joint_six_dimensions,ses__commute_walk_pct,package_by_moderator
40.97388767185432,-0.1880319949628726,-0.26560503017136716,-0.11045895975437804,-0.21984164433374212,-0.15622234559200307,joint_six_dimensions,ses__commute_walk_pct,package_by_moderator
41.212107949016264,-0.19123038249430446,-0.2713222117111287,-0.11113855327748022,-0.22407289017769288,-0.15838787481091604,joint_six_dimensions,ses__commute_walk_pct,package_by_moderator
41.450328226178215,-0.19452643776446576,-0.2772703025978935,-0.11178257293103806,-0.22845644090109352,-0.16059643462783801,joint_six_dimensions,ses__commute_walk_pct,package_by_moderator
41.68854850334016,-0.19792143183169175,-0.28344993371508975,-0.11239292994829375,-0.2329933050517398,-0.1628495586116437,joint_six_dimensions,ses__commute_walk_pct,package_by_moderator
41.9267687805021,-0.20141663575431812,-0.2898616386771975,-0.11297163283143874,-0.23768445129125929,-0.16514882021737695,joint_six_dimensions,ses__commute_walk_pct,package_by_moderator
42.164989057664044,-0.20501332059068034,-0.296505888256813,-0.11352075292454769,-0.24253082251229574,-0.16749581866906493,joint_six_dimensions,ses__commute_walk_pct,package_by_moderator
42.40320933482599,-0.20871275739911388,-0.30338311993270106,-0.11404239486552671,-0.24753334795500265,-0.1698921668432251,joint_six_dimensions,ses__commute_walk_pct,package_by_moderator
42.64142961198793,-0.21251621723795489,-0.31049376272901114,-0.11453867174689865,-0.2526929533926288,-0.17233948108328095,joint_six_dimensions,ses__commute_walk_pct,package_by_moderator
13.40240056270279,-0.033210356358940575,-0.09692022116751808,0.03049950844963694,-0.05933526504118369,-0.007085447676697464,joint_six_dimensions,ses__gross_rent_30plus_pct,package_by_moderator
13.776662250689407,-0.03477656760605642,-0.09607982758008249,0.026526692367969645,-0.05991462234149228,-0.009638512870620567,joint_six_dimensions,ses__gross_rent_30plus_pct,package_by_moderator
14.150923938676025,-0.036299597793995365,-0.09527328718215916,0.022674091594168423,-0.060482387296843604,-0.01211680829114713,joint_six_dimensions,ses__gross_rent_30plus_pct,package_by_moderator
14.525185626662642,-0.03777992207432769,-0.09450080031221886,0.018940956163563484,-0.06103892236876927,-0.014520921779886113,joint_six_dimensions,ses__gross_rent_30plus_pct,package_by_moderator
14.899447314649262,-0.039218015598623715,-0.09376258851431842,0.015326557317070985,-0.061584598714377325,-0.016851432482870105,joint_six_dimensions,ses__gross_rent_30plus_pct,package_by_moderator
15.27370900263588,-0.04061435351845372,-0.0930588928188298,0.011830185781922353,-0.06211979548134691,-0.019108911555560534,joint_six_dimensions,ses__gross_rent_30plus_pct,package_by_moderator
15.647970690622497,-0.04196941098538804,-0.09238997123695625,0.00845114926618016,-0.06264489878052791,-0.021293923190248167,joint_six_dimensions,ses__gross_rent_30plus_pct,package_by_moderator
16.022232378609115,-0.04328366315099694,-0.09175609530791332,0.005188769005919434,-0.06316030027007574,-0.023407026031918125,joint_six_dimensions,ses__gross_rent_30plus_pct,package_by_moderator
16.396494066595732,-0.04455758516685075,-0.09115754552089937,0.0020423751871978674,-0.06366639527818163,-0.02544877505551987,joint_six_dimensions,ses__gross_rent_30plus_pct,package_by_moderator
16.77075575458235,-0.045791652184519756,-0.09059460542076174,-0.000988698948277772,-0.06416358038603816,-0.02741972398300135,joint_six_dimensions,ses__gross_rent_30plus_pct,package_by_moderator
17.145017442568967,-0.046986339355574266,-0.09006755419924001,-0.0039051245119085323,-0.06465225038979976,-0.02932042832134878,joint_six_dimensions,ses__gross_rent_30plus_pct,package_by_moderator
17.519279130555585,-0.048142121831584575,-0.08957665757623438,-0.0067075860869347664,-0.0651327945613496,-0.031151449101819554,joint_six_dimensions,ses__gross_rent_30plus_pct,package_by_moderator
17.893540818542203,-0.04925947476412099,-0.08912215679183685,-0.009396792736405132,-0.06560559213436476,-0.032913357393877234,joint_six_dimensions,ses__gross_rent_30plus_pct,package_by_moderator
18.26780250652882,-0.05033887330475382,-0.08870425556460576,-0.011973491044901884,-0.06607100695641774,-0.03460673965308989,joint_six_dimensions,ses__gross_rent_30plus_pct,package_by_moderator
18.64206419451544,-0.051380792605053384,-0.08832310492974194,-0.014438480280364825,-0.06652938127170922,-0.036232203938397545,joint_six_dimensions,ses__gross_rent_30plus_pct,package_by_moderator
19.01632588250206,-0.052385707816589924,-0.08797878595710379,-0.016792629676076067,-0.06698102863440582,-0.037790386998774024,joint_six_dimensions,ses__gross_rent_30plus_pct,package_by_moderator
19.390587570488677,-0.05335409409093379,-0.08767129046683275,-0.019036897715034834,-0.0674262260008772,-0.03928196218099038,joint_six_dimensions,ses__gross_rent_30plus_pct,package_by_moderator
19.764849258475294,-0.05428642657965527,-0.0874005000108167,-0.021172353148493826,-0.06786520511082103,-0.0407076480484895,joint_six_dimensions,ses__gross_rent_30plus_pct,package_by_moderator
20.139110946461912,-0.05518318043432466,-0.08716616356856761,-0.0232001973000817,-0.06829814334122013,-0.042068217527429196,joint_six_dimensions,ses__gross_rent_30plus_pct,package_by_moderator
20.51337263444853,-0.05604483080651228,-0.08696787460839228,-0.025121787004632273,-0.06872515430003118,-0.04336450731299337,joint_six_dimensions,ses__gross_rent_30plus_pct,package_by_moderator
20.887634322435147,-0.056871852847788396,-0.0868050483747292,-0.02693865732084759,-0.0691462785126153,-0.04459742718296149,joint_six_dimensions,ses__gross_rent_30plus_pct,package_by_moderator
21.261896010421765,-0.05766472170972335,-0.08667690045930784,-0.028652542960138864,-0.06956147463461364,-0.04576796878483307,joint_six_dimensions,ses__gross_rent_30plus_pct,package_by_moderator
21.636157698408383,-0.05842391254388743,-0.08658242787075934,-0.030265397217015513,-0.06997061168933955,-0.04687721339843531,joint_six_dimensions,ses__gross_rent_30plus_pct,package_by_moderator
22.010419386395,-0.05914990050185094,-0.08652039390480348,-0.031779407098898406,-0.07037346286363769,-0.047926338140064195,joint_six_dimensions,ses__gross_rent_30plus_pct,package_by_moderator
22.384681074381618,-0.05984316073518417,-0.08648931810679185,-0.03319700336357649,-0.07076970139191786,-0.048916620078450476,joint_six_dimensions,ses__gross_rent_30plus_pct,package_by_moderator
22.758942762368235,-0.06050416839545743,-0.0864874724888381,-0.03452086430207675,-0.07115889900494904,-0.04984943778596581,joint_six_dimensions,ses__gross_rent_30plus_pct,package_by_moderator
23.133204450354853,-0.06113339863424101,-0.08651288490660818,-0.03575391236187385,-0.0715405273145481,-0.050726269953933915,joint_six_dimensions,ses__gross_rent_30plus_pct,package_by_moderator
23.50746613834147,-0.06173132660310525,-0.08656335012536215,-0.03689930308084835,-0.07191396235132823,-0.05154869085488227,joint_six_dimensions,ses__gross_rent_30plus_pct,package_by_moderator
23.88172782632809,-0.06229842745362041,-0.08663644863983418,-0.03796040626740664,-0.07227849228199104,-0.05231836262524977,joint_six_dimensions,ses__gross_rent_30plus_pct,package_by_moderator
24.255989514314706,-0.0628351763373568,-0.08672957280411123,-0.038940779870602384,-0.07263332812416184,-0.05303702455055176,joint_six_dimensions,ses__gross_rent_30plus_pct,package_by_moderator
24.630251202301324,-0.06334204840588474,-0.08683995933277397,-0.03984413747899551,-0.07297761707382852,-0.05370647973794096,joint_six_dimensions,ses__gross_rent_30plus_pct,package_by_moderator
25.00451289028794,-0.06381951881077452,-0.0869647268114338,-0.040674310810115244,-0.07331045788693683,-0.05432857973461222,joint_six_dimensions,ses__gross_rent_30plus_pct,package_by_moderator
25.37877457827456,-0.06426806270359643,-0.08710091655250303,-0.041435208854689834,-0.07363091763273416,-0.05490520777445871,joint_six_dimensions,ses__gross_rent_30plus_pct,package_by_moderator
25.753036266261176,-0.0646881552359208,-0.08724553498172857,-0.04213077549011301,-0.07393804907481916,-0.05543826139702243,joint_six_dimensions,ses__gross_rent_30plus_pct,package_by_moderator
26.127297954247794,-0.06508027155931789,-0.0873955957511549,-0.04276494736748089,-0.07423090794001073,-0.05592963517862505,joint_six_dimensions,ses__gross_rent_30plus_pct,package_by_moderator
26.50155964223441,-0.06544488682535805,-0.08754815993063267,-0.04334161372008343,-0.07450856939930436,-0.056381204251411736,joint_six_dimensions,ses__gross_rent_30plus_pct,package_by_moderator
26.87582133022103,-0.06578247618561156,-0.08770037290068194,-0.043864579470541176,-0.0747701431961835,-0.05679480917503962,joint_six_dimensions,ses__gross_rent_30plus_pct,package_by_moderator
27.25008301820765,-0.06609351479164871,-0.08784949691194921,-0.04433753267134821,-0.0750147869979718,-0.05717224258532562,joint_six_dimensions,ses__gross_rent_30plus_pct,package_by_moderator
27.624344706194268,-0.06637847779503982,-0.08799293864600079,-0.04476401694407885,-0.07524171769743009,-0.05751523789264955,joint_six_dimensions,ses__gross_rent_30plus_pct,package_by_moderator
27.998606394180886,-0.06663784034735519,-0.08812827146902594,-0.045147409225684436,-0.07545022053812425,-0.05782546015658612,joint_six_dimensions,ses__gross_rent_30plus_pct,package_by_moderator
28.372868082167503,-0.0668720776001651,-0.08825325238405529,-0.045490902816274915,-0.07563965606586302,-0.05810449913446718,joint_six_dimensions,ses__gross_rent_30plus_pct,package_by_moderator
28.74712977015412,-0.06708166470503987,-0.08836583393993874,-0.045797495470141,-0.07580946501210124,-0.0583538643979785,joint_six_dimensions,ses__gross_rent_30plus_pct,package_by_moderator
29.12139145814074,-0.0672670768135498,-0.08846417153907618,-0.04606998208802344,-0.07595917129055263,-0.05857498233654698,joint_six_dimensions,ses__gross_rent_30plus_pct,package_by_moderator
29.49565314612736,-0.0674287890772652,-0.08854662670228783,-0.046310951452242566,-0.07608838333598471,-0.058769194818545686,joint_six_dimensions,ses__gross_rent_30plus_pct,package_by_moderator
29.869914834113978,-0.06756727664775637,-0.08861176690603982,-0.04652278638947292,-0.07619679403747134,-0.05893775925804139,joint_six_dimensions,ses__gross_rent_30plus_pct,package_by_moderator
30.244176522100595,-0.06768301467659359,-0.08865836261573952,-0.04670766673744765,-0.07628417952186393,-0.05908184983132323,joint_six_dimensions,ses__gross_rent_30plus_pct,package_by_moderator
30.618438210087213,-0.06777647831534718,-0.08868538211132358,-0.04686757451937078,-0.0763503970319687,-0.059202559598725654,joint_six_dimensions,ses__gross_rent_30plus_pct,package_by_moderator
30.99269989807383,-0.06784814271558744,-0.0886919846496197,-0.04700430078155517,-0.07639538212270024,-0.05930090330847464,joint_six_dimensions,ses__gross_rent_30plus_pct,package_by_moderator
31.366961586060448,-0.06789848302888467,-0.08867751244209973,-0.047119453615669604,-0.07641914537147373,-0.0593778206862956,joint_six_dimensions,ses__gross_rent_30plus_pct,package_by_moderator
31.741223274047066,-0.06792797440680917,-0.08864148185470516,-0.047214466958913175,-0.07642176876959975,-0.0594341800440186,joint_six_dimensions,ses__gross_rent_30plus_pct,package_by_moderator
32.11548496203368,-0.06793709200093125,-0.08858357416434423,-0.04729060983751826,-0.07640340193188727,-0.05947078206997523,joint_six_dimensions,ses__gross_rent_30plus_pct,package_by_moderator
32.4897466500203,-0.0679263109628212,-0.08850362613843149,-0.047348995787210905,-0.07636425823368369,-0.059488363691958715,joint_six_dimensions,ses__gross_rent_30plus_pct,package_by_moderator
32.86400833800692,-0.06789610644404934,-0.08840162064187936,-0.04739059224621932,-0.07630461095917154,-0.05948760192892714,joint_six_dimensions,ses__gross_rent_30plus_pct,package_by_moderator
33.238270025993536,-0.06784695359618594,-0.08827767742144038,-0.04741622977093149,-0.07622478952238994,-0.059469117669981926,joint_six_dimensions,ses__gross_rent_30plus_pct,package_by_moderator
33.612531713980154,-0.06777932757080134,-0.08813204417054998,-0.04742661097105269,-0.07612517580327821,-0.05943347933832447,joint_six_dimensions,ses__gross_rent_30plus_pct,package_by_moderator
33.98679340196677,-0.0676937035194658,-0.08796508793855527,-0.04742231910037632,-0.07600620062493851,-0.05938120641399309,joint_six_dimensions,ses__gross_rent_30plus_pct,package_by_moderator
34.36105508995339,-0.06759055659374966,-0.08777728691582315,-0.047403826271676164,-0.0758683403850321,-0.059312772802467224,joint_six_dimensions,ses__gross_rent_30plus_pct,package_by_moderator
34.73531677794001,-0.06747036194522321,-0.0875692225999076,-0.04737150129053882,-0.07571211384343263,-0.0592286100470138,joint_six_dimensions,ses__gross_rent_30plus_pct,package_by_moderator
35.109578465926624,-0.06733359472545675,-0.0873415723268995,-0.047325617124013994,-0.07553807905962666,-0.059129110391286835,joint_six_dimensions,ses__gross_rent_30plus_pct,package_by_moderator
35.48384015391324,-0.06718073008602056,-0.08709510213548965,-0.047266358036551465,-0.07534683046654671,-0.059014629705494405,joint_six_dimensions,ses__gross_rent_30plus_pct,package_by_moderator
35.85810184189986,-0.06701224317848498,-0.08683065991845862,-0.04719382643851133,-0.07513899606226668,-0.058885490294703274,joint_six_dimensions,ses__gross_rent_30plus_pct,package_by_moderator
36.23236352988648,-0.0668286091544203,-0.08654916880669429,-0.047108049502146296,-0.07491523469704776,-0.05874198361179282,joint_six_dimensions,ses__gross_rent_30plus_pct,package_by_moderator
36.606625217873095,-0.0666303031653968,-0.0862516207240007,-0.0470089856067929,-0.07467623343041921,-0.05858437290037438,joint_six_dimensions,ses__gross_rent_30plus_pct,package_by_moderator
36.98088690585971,-0.0664178003629848,-0.0859390700466048,-0.04689653067936479,-0.07442270493119149,-0.0584128957947781,joint_six_dimensions,ses__gross_rent_30plus_pct,package_by_moderator
37.35514859384633,-0.0661915758987546,-0.08561262729923311,-0.046770524498276095,-0.07415538489246543,-0.058227766905043776,joint_six_dimensions,ses__gross_rent_30plus_pct,package_by_moderator
37.72941028183295,-0.0659521049242765,-0.08527345281987334,-0.046630757028679665,-0.07387502943380016,-0.05802918041475284,joint_six_dimensions,ses__gross_rent_30plus_pct,package_by_moderator
38.103671969819565,-0.06569986259112079,-0.08492275032791458,-0.046476974854327,-0.07358241246376054,-0.057817312718481034,joint_six_dimensions,ses__gross_rent_30plus_pct,package_by_moderator
38.47793365780618,-0.06543532405085781,-0.08456176033539908,-0.04630888776631653,-0.07327832297813082,-0.057592325123584795,joint_six_dimensions,ses__gross_rent_30plus_pct,package_by_moderator
38.8521953457928,-0.06515896445505782,-0.08419175334878745,-0.0461261755613282,-0.0729635622722259,-0.057354366637889745,joint_six_dimensions,ses__gross_rent_30plus_pct,package_by_moderator
39.22645703377942,-0.06487125895529114,-0.0838140228191006,-0.04592849509148168,-0.07263894105002208,-0.057103576860560196,joint_six_dimensions,ses__gross_rent_30plus_pct,package_by_moderator
39.600718721766036,-0.06457268270312808,-0.08342987781167166,-0.0457154875945845,-0.07230527641831072,-0.05684008898794543,joint_six_dimensions,ses__gross_rent_30plus_pct,package_by_moderator
39.97498040975265,-0.06426371085013892,-0.08304063538303547,-0.045486786317242366,-0.07196338876076053,-0.05656403293951732,joint_six_dimensions,ses__gross_rent_30plus_pct,package_by_moderator
40.34924209773927,-0.06394481854789398,-0.08264761267155991,-0.04524202442422805,-0.07161409849459671,-0.05627553860119125,joint_six_dimensions,ses__gross_rent_30plus_pct,package_by_moderator
40.723503785725896,-0.06361648094796354,-0.08225211872993356,-0.04498084316599353,-0.07125822272142558,-0.0559747391745015,joint_six_dimensions,ses__gross_rent_30plus_pct,package_by_moderator
41.09776547371251,-0.06327917320191793,-0.0818554461509704,-0.044702900252865475,-0.07089657179330656,-0.055661774610529305,joint_six_dimensions,ses__gross_rent_30plus_pct,package_by_moderator
41.47202716169913,-0.06293337046132745,-0.08145886256249656,-0.044407878360158345,-0.07052994582513986,-0.055336795097515046,joint_six_dimensions,ses__gross_rent_30plus_pct,package_by_moderator
41.84628884968575,-0.06257954787776238,-0.08106360209120166,-0.044095493664323096,-0.07015913119432779,-0.05499996456119696,joint_six_dimensions,ses__gross_rent_30plus_pct,package_by_moderator
42.220550537672366,-0.06221818060279303,-0.08067085691787658,-0.04376550428770948,-0.06978489707791015,-0.05465146412767591,joint_six_dimensions,ses__gross_rent_30plus_pct,package_by_moderator
42.594812225658984,-0.0618497437879897,-0.080281769065871,-0.0434177185101084,-0.06940799208533367,-0.05429149549064573,joint_six_dimensions,ses__gross_rent_30plus_pct,package_by_moderator
42.9690739136456,-0.0614747125849227,-0.07989742257928352,-0.04305200259056188,-0.06902914105103562,-0.05392028411880978,joint_six_dimensions,ses__gross_rent_30plus_pct,package_by_moderator
43.34333560163222,-0.06109356214516233,-0.07951883625583896,-0.042668288034485705,-0.06864904205448272,-0.05353808223584195,joint_six_dimensions,ses__gross_rent_30plus_pct,package_by_moderator
43.71759728961884,-0.06070676762027889,-0.07914695710036612,-0.04226657814019166,-0.06826836373569993,-0.05314517150485786,joint_six_dimensions,ses__gross_rent_30plus_pct,package_by_moderator
44.091858977605455,-0.06031480416184268,-0.07878265465744977,-0.04184695366623559,-0.06788774297131409,-0.05274186535237127,joint_six_dimensions,ses__gross_rent_30plus_pct,package_by_moderator
44.46612066559207,-0.059918146921424005,-0.07842671636594502,-0.04140957747690299,-0.06750778296962304,-0.05232851087322497,joint_six_dimensions,ses__gross_rent_30plus_pct,package_by_moderator
44.84038235357869,-0.05951727105059316,-0.07807984405402232,-0.04095469804716399,-0.06712905183335144,-0.05190549026783488,joint_six_dimensions,ses__gross_rent_30plus_pct,package_by_moderator
45.21464404156531,-0.05911265170092045,-0.07774265166235339,-0.04048265173948751,-0.06675208162601896,-0.05147322177582193,joint_six_dimensions,ses__gross_rent_30plus_pct,package_by_moderator
45.588905729551925,-0.05870476402397618,-0.07741566424666621,-0.03999386380128615,-0.06637736796292737,-0.051032160085025,joint_six_dimensions,ses__gross_rent_30plus_pct,package_by_moderator
45.96316741753854,-0.058294083171330655,-0.07709931827139402,-0.0394888480712673,-0.06600537013157429,-0.05058279621108703,joint_six_dimensions,ses__gross_rent_30plus_pct,package_by_moderator
46.33742910552516,-0.05788108429455417,-0.0767939631659986,-0.03896820542310975,-0.06563651172984028,-0.050125656859268064,joint_six_dimensions,ses__gross_rent_30plus_pct,package_by_moderator
46.71169079351178,-0.05746624254521703,-0.07649986407728751,-0.03843262101314656,-0.06527118179460578,-0.04966130329582829,joint_six_dimensions,ses__gross_rent_30plus_pct,package_by_moderator
47.085952481498396,-0.05705003307488953,-0.07621720571698619,-0.037882860432792875,-0.06490973637948902,-0.04919032977029004,joint_six_dimensions,ses__gross_rent_30plus_pct,package_by_moderator
47.46021416948501,-0.056632931035141984,-0.07594609717587428,-0.03731976489440969,-0.06455250052893395,-0.04871336154135002,joint_six_dimensions,ses__gross_rent_30plus_pct,package_by_moderator
47.83447585747163,-0.05621541157754468,-0.07568657755527633,-0.036744245599813034,-0.0641997705874629,-0.048231052567626456,joint_six_dimensions,ses__gross_rent_30plus_pct,package_by_moderator
48.20873754545825,-0.05579794985366793,-0.07543862225428521,-0.03615727745305064,-0.06385181677781963,-0.04774408292951622,joint_six_dimensions,ses__gross_rent_30plus_pct,package_by_moderator
48.582999233444866,-0.055381021015082035,-0.0752021497468056,-0.03555989228335847,-0.06350888597996808,-0.047253156050196,joint_six_dimensions,ses__gross_rent_30plus_pct,package_by_moderator
48.957260921431484,-0.05496510021335729,-0.07497702868576359,-0.03495317174095099,-0.06317120464424925,-0.04675899578246534,joint_six_dimensions,ses__gross_rent_30plus_pct,package_by_moderator
49.3315226094181,-0.05455066260006401,-0.07476308518160285,-0.03433824001852518,-0.0628389817760061,-0.04626234342412193,joint_six_dimensions,ses__gross_rent_30plus_pct,package_by_moderator
49.70578429740472,-0.05413818332677248,-0.07456011011713054,-0.03371625653641441,-0.06251241193511396,-0.04576395471843099,joint_six_dimensions,ses__gross_rent_30plus_pct,package_by_moderator
50.08004598539134,-0.05372813754505301,-0.07436786637939989,-0.03308840871070613,-0.06219167820149113,-0.045264596888614894,joint_six_dimensions,ses__gross_rent_30plus_pct,package_by_moderator
50.454307673377954,-0.05332100040647591,-0.074186095910122,-0.03245590490282982,-0.061876955066195206,-0.04476504574675661,joint_six_dimensions,ses__gross_rent_30plus_pct,package_by_moderator
50.82856936136457,-0.052917247062611465,-0.0740145264977174,-0.031819967627505524,-0.061568411216576246,-0.044266082908646684,joint_six_dimensions,ses__gross_rent_30plus_pct,package_by_moderator
51.20283104935119,-0.052517352665029986,-0.07385287825537176,-0.031181827074688206,-0.0612662121926725,-0.04376849313738747,joint_six_dimensions,ses__gross_rent_30plus_pct,package_by_moderator
51.57709273733781,-0.052121792365301775,-0.07370086974942751,-0.030542714981176045,-0.06097052290022267,-0.04327306183038088,joint_six_dimensions,ses__gross_rent_30plus_pct,package_by_moderator
51.951354425324425,-0.05173104131499713,-0.07355822376046338,-0.029903858869530887,-0.06068150997305796,-0.0427805726569363,joint_six_dimensions,ses__gross_rent_30plus_pct,package_by_moderator
52.32561611331104,-0.05134557466568636,-0.07342467267507558,-0.029266476656297145,-0.06039934398405933,-0.04229180534731339,joint_six_dimensions,ses__gross_rent_30plus_pct,package_by_moderator
52.69987780129766,-0.05096586756893976,-0.07329996351948684,-0.028631771618392678,-0.06012420150924256,-0.04180753362863696,joint_six_dimensions,ses__gross_rent_30plus_pct,package_by_moderator
53.07413948928428,-0.05059239517632764,-0.07318386265666141,-0.02800092769599387,-0.059856267053860227,-0.04132852329879505,joint_six_dimensions,ses__gross_rent_30plus_pct,package_by_moderator
53.448401177270895,-0.05022563263942029,-0.07307616017671513,-0.027375105102125447,-0.05959573485273619,-0.04085553042610438,joint_six_dimensions,ses__gross_rent_30plus_pct,package_by_moderator
53.82266286525751,-0.04986605510978801,-0.07297667401629368,-0.026755436203282346,-0.05934281055946045,-0.04038929966011557,joint_six_dimensions,ses__gross_rent_30plus_pct,package_by_moderator
54.19692455324413,-0.049514137739001124,-0.07288525384651126,-0.02614302163149098,-0.059097712840679884,-0.039930562637322364,joint_six_dimensions,ses__gross_rent_30plus_pct,package_by_moderator
54.57118624123075,-0.049170355678629915,-0.07280178477128206,-0.02553892658597777,-0.05886067489263838,-0.03948003646462145,joint_six_dimensions,ses__gross_rent_30plus_pct,package_by_moderator
54.945447929217366,-0.04883518408024468,-0.07272619087871608,-0.024944177281773287,-0.058631945897464594,-0.03903842226302477,joint_six_dimensions,ses__gross_rent_30plus_pct,package_by_moderator
55.31970961720399,-0.04850909809541573,-0.07265843868794841,-0.02435975750288305,-0.05841179243658097,-0.03860640375425049,joint_six_dimensions,ses__gross_rent_30plus_pct,package_by_moderator
55.69397130519061,-0.04819257287571338,-0.07259854053254826,-0.023786605218878498,-0.05820049987810669,-0.03818464587332007,joint_six_dimensions,ses__gross_rent_30plus_pct,package_by_moderator
56.068232993177226,-0.047886083572707905,-0.07254655791969594,-0.023225609225719875,-0.0579983737543239,-0.03777379339109191,joint_six_dimensions,ses__gross_rent_30plus_pct,package_by_moderator
56.44249468116384,-0.04759010533796963,-0.07250260490176046,-0.02267760577417881,-0.057805741144229136,-0.03737446953171013,joint_six_dimensions,ses__gross_rent_30plus_pct,package_by_moderator
56.81675636915046,-0.047305113323068845,-0.07246685149385229,-0.0221433751522854,-0.057622952074937096,-0.036987274571200594,joint_six_dimensions,ses__gross_rent_30plus_pct,package_by_moderator
57.19101805713708,-0.047031582679575856,-0.072439527167419,-0.021623638191732714,-0.057450380954266855,-0.03661278440488486,joint_six_dimensions,ses__gross_rent_30plus_pct,package_by_moderator
57.565279745123696,-0.04676998855906096,-0.07242092444600726,-0.021119052672114662,-0.05728842804522234,-0.03625154907289958,joint_six_dimensions,ses__gross_rent_30plus_pct,package_by_moderator
57.939541433110314,-0.04652080611309446,-0.07241140262491144,-0.020630209601277483,-0.057137520991273824,-0.0359040912349151,joint_six_dimensions,ses__gross_rent_30plus_pct,package_by_moderator
58.31380312109693,-0.04628451049324666,-0.07241139163150934,-0.020157629354983986,-0.056998116399329765,-0.035570904587163554,joint_six_dimensions,ses__gross_rent_30plus_pct,package_by_moderator
58.68806480908355,-0.04606157685108786,-0.07242139603756749,-0.019701757664608226,-0.056870701485025314,-0.035252452217150405,joint_six_dimensions,ses__gross_rent_30plus_pct,package_by_moderator
59.06232649707017,-0.04585248033818836,-0.07244199922857492,-0.019262961447801798,-0.056755795782402016,-0.034949164893974705,joint_six_dimensions,ses__gross_rent_30plus_pct,package_by_moderator
59.436588185056785,-0.04565769610611847,-0.07247386772811155,-0.018841524484125394,-0.056653952917161146,-0.0346614392950758,joint_six_dimensions,ses__gross_rent_30plus_pct,package_by_moderator
59.8108498730434,-0.04547769930644848,-0.07251775566724437,-0.01843764294565259,-0.05656576243938722,-0.03438963617350974,joint_six_dimensions,ses__gross_rent_30plus_pct,package_by_moderator
60.18511156103002,-0.04531296509074871,-0.0725745093798352,-0.018051420801662225,-0.05649185170790291,-0.03413407847359451,joint_six_dimensions,ses__gross_rent_30plus_pct,package_by_moderator
60.55937324901664,-0.04516396861058944,-0.07264507209431706,-0.01768286512686182,-0.056432887814181876,-0.033895049406997,joint_six_dimensions,ses__gross_rent_30plus_pct,package_by_moderator
60.933634937003255,-0.045031185017540984,-0.07273048868085621,-0.017331881354225753,-0.05638957952897315,-0.033672790506108816,joint_six_dimensions,ses__gross_rent_30plus_pct,package_by_moderator
61.30789662498987,-0.044915089463173644,-0.07283191039980617,-0.016998268526541113,-0.0563626792494553,-0.033467499676891985,joint_six_dimensions,ses__gross_rent_30plus_pct,package_by_moderator
61.68215831297649,-0.044816157099057716,-0.07295059958299724,-0.0166817146151182,-0.05635298491884903,-0.0332793292792664,joint_six_dimensions,ses__gross_rent_30plus_pct,package_by_moderator
62.05642000096311,-0.044734863076763505,-0.0730879341637914,-0.01638179198973561,-0.05636134188401448,-0.03310838426951253,joint_six_dimensions,ses__gross_rent_30plus_pct,package_by_moderator
62.430681688949726,-0.0446716825478613,-0.07324541195519894,-0.016097953140523657,-0.056388644649738466,-0.03295472044598414,joint_six_dimensions,ses__gross_rent_30plus_pct,package_by_moderator
62.80494337693634,-0.04462709066392144,-0.07342465455808386,-0.015829526769759017,-0.056435838481335814,-0.032818342846507066,joint_six_dimensions,ses__gross_rent_30plus_pct,package_by_moderator
63.17920506492296,-0.04460156257651419,-0.07362741076415272,-0.015575714388875662,-0.05650392080008109,-0.032699204352947285,joint_six_dimensions,ses__gross_rent_30plus_pct,package_by_moderator
63.55346675290958,-0.044595573437209865,-0.07385555930181902,-0.015335587572600715,-0.05659394230917963,-0.0325972045652401,joint_six_dimensions,ses__gross_rent_30plus_pct,package_by_moderator
63.927728440896196,-0.04460959839757876,-0.07411111075818996,-0.015108086036967557,-0.056707007781898605,-0.03251218901325892,joint_six_dimensions,ses__gross_rent_30plus_pct,package_by_moderator
64.30199012888282,-0.0446441126091912,-0.07439620849861386,-0.014892016719768534,-0.056844276438637285,-0.03244394877974511,joint_six_dimensions,ses__gross_rent_30plus_pct,package_by_moderator
64.67625181686944,-0.044699591223617455,-0.07471312839795263,-0.014686054049282277,-0.05700696183673244,-0.03239222061050247,joint_six_dimensions,ses__gross_rent_30plus_pct,package_by_moderator
65.05051350485606,-0.044776509392427846,-0.07506427719668612,-0.014488741588169568,-0.0571963311963614,-0.03235668758849429,joint_six_dimensions,ses__gross_rent_30plus_pct,package_by_moderator
65.42477519284267,-0.04487534226719266,-0.07545218930187418,-0.01429849523251114,-0.057413704088742516,-0.03233698044564281,joint_six_dimensions,ses__gross_rent_30plus_pct,package_by_moderator
65.79903688082929,-0.04499656499948223,-0.07587952186961287,-0.014113608129351585,-0.05766045041964389,-0.03233267957932057,joint_six_dimensions,ses__gross_rent_30plus_pct,package_by_moderator
66.17329856881591,-0.045140652740866816,-0.0763490480333939,-0.01393225744833973,-0.05793798765260008,-0.03234331782913355,joint_six_dimensions,ses__gross_rent_30plus_pct,package_by_moderator
66.54756025680253,-0.045308080642916755,-0.07686364818272504,-0.013752513103108474,-0.0582477772326175,-0.03236838405321601,joint_six_dimensions,ses__gross_rent_30plus_pct,package_by_moderator
66.92182194478914,-0.045499323857202324,-0.07742629924878813,-0.013572348465616522,-0.058591320192644326,-0.03240732752176032,joint_six_dimensions,ses__gross_rent_30plus_pct,package_by_moderator
67.29608363277576,-0.045714857535293835,-0.07804006201814015,-0.013389653052447513,-0.05897015195141851,-0.03245956311916916,joint_six_dimensions,ses__gross_rent_30plus_pct,package_by_moderator
67.67034532076238,-0.0459551568287616,-0.07870806656967363,-0.013202247087849554,-0.05938583634173831,-0.03252447731578489,joint_six_dimensions,ses__gross_rent_30plus_pct,package_by_moderator
68.044607008749,-0.046220696889175905,-0.07943349601114483,-0.01300789776720699,-0.059839958941452345,-0.032601434836899465,joint_six_dimensions,ses__gross_rent_30plus_pct,package_by_moderator
68.41886869673561,-0.04651195286810706,-0.08021956877519656,-0.012804336961017564,-0.060334119813755305,-0.03268978592245882,joint_six_dimensions,ses__gross_rent_30plus_pct,package_by_moderator
68.79313038472223,-0.046829399917125356,-0.08106951981553565,-0.012589280018715059,-0.060869925796480095,-0.032788874037770616,joint_six_dimensions,ses__gross_rent_30plus_pct,package_by_moderator
69.16739207270885,-0.04717351318780111,-0.08198658111569349,-0.012360445259908731,-0.061448982509507574,-0.03289804386609464,joint_six_dimensions,ses__gross_rent_30plus_pct,package_by_moderator
69.54165376069547,-0.04754476783170461,-0.08297396197941502,-0.012115573683994199,-0.06207288627263059,-0.03301664939077863,joint_six_dimensions,ses__gross_rent_30plus_pct,package_by_moderator
69.91591544868209,-0.04794363900040617,-0.08403482960756674,-0.011852448393245604,-0.06274321614090822,-0.033144061859904116,joint_six_dimensions,ses__gross_rent_30plus_pct,package_by_moderator
70.2901771366687,-0.04837060184547609,-0.0851722904771964,-0.011568913213755784,-0.06346152626895085,-0.03327967742200133,joint_six_dimensions,ses__gross_rent_30plus_pct,package_by_moderator
70.66443882465532,-0.04882613151848466,-0.08638937302159594,-0.011262890015373388,-0.06422933880869547,-0.03342292422827385,joint_six_dimensions,ses__gross_rent_30plus_pct,package_by_moderator
71.03870051264194,-0.049310703171002196,-0.08768901206584684,-0.010932394276157553,-0.06504813752703534,-0.033573268814969054,joint_six_dimensions,ses__gross_rent_30plus_pct,package_by_moderator
71.41296220062856,-0.04982479195459899,-0.08907403540280298,-0.010575548506394992,-0.06591936230115868,-0.033730221608039304,joint_six_dimensions,ses__gross_rent_30plus_pct,package_by_moderator
71.78722388861517,-0.05036887302084535,-0.09054715280454803,-0.010190593237142657,-0.06684440461257976,-0.033893341429110935,joint_six_dimensions,ses__gross_rent_30plus_pct,package_by_moderator
72.16148557660179,-0.05094342152131158,-0.09211094766064229,-0.009775895381980877,-0.06782460411831298,-0.03406223892431018,joint_six_dimensions,ses__gross_rent_30plus_pct,package_by_moderator
72.53574726458841,-0.05154891260756796,-0.09376787132461327,-0.009329953890522644,-0.06886124633259108,-0.03423657888254483,joint_six_dimensions,ses__gross_rent_30plus_pct,package_by_moderator
72.91000895257503,-0.05218582143118483,-0.09552024014202953,-0.008851402720340136,-0.06995556140819519,-0.03441608145417448,joint_six_dimensions,ses__gross_rent_30plus_pct,package_by_moderator
73.28427064056164,-0.05285462314373246,-0.09737023503436423,-0.008339011253100694,-0.07110872396581355,-0.03460052232165137,joint_six_dimensions,ses__gross_rent_30plus_pct,package_by_moderator
73.65853232854826,-0.05355579289678116,-0.0993199034285919,-0.00779168236497043,-0.0723218538852934,-0.03478973190826892,joint_six_dimensions,ses__gross_rent_30plus_pct,package_by_moderator
74.03279401653488,-0.05428980584190124,-0.10137116325711464,-0.007208448426687844,-0.07359601794585316,-0.03498359373794932,joint_six_dimensions,ses__gross_rent_30plus_pct,package_by_moderator
74.4070557045215,-0.055057137130662986,-0.10352580870821278,-0.006588465553113196,-0.07493223218411602,-0.03518204207720996,joint_six_dimensions,ses__gross_rent_30plus_pct,package_by_moderator
74.78131739250811,-0.05585826191463672,-0.10578551738382705,-0.005931006445446398,-0.07633146482923482,-0.03538505900003862,joint_six_dimensions,ses__gross_rent_30plus_pct,package_by_moderator
75.15557908049473,-0.056693655345392724,-0.10815185851751763,-0.005235452173267811,-0.07779463967275363,-0.03559267101803182,joint_six_dimensions,ses__gross_rent_30plus_pct,package_by_moderator
75.52984076848135,-0.05756379257450131,-0.11062630191809575,-0.004501283230906865,-0.07932263973603915,-0.03580494541296347,joint_six_dimensions,ses__gross_rent_30plus_pct,package_by_moderator
75.90410245646797,-0.0584691487535328,-0.11321022733012409,-0.003728070176941503,-0.08091631110865369,-0.036021986398411907,joint_six_dimensions,ses__gross_rent_30plus_pct,package_by_moderator
76.27836414445459,-0.059410199034057434,-0.1159049339374128,-0.00291546413070206,-0.08257646684536478,-0.03624393122275009,joint_six_dimensions,ses__gross_rent_30plus_pct,package_by_moderator
76.6526258324412,-0.060387418567645595,-0.11871164977608192,-0.0020631873592092745,-0.08430389082607187,-0.03647094630921932,joint_six_dimensions,ses__gross_rent_30plus_pct,package_by_moderator
77.02688752042782,-0.06140128250586752,-0.12163154086642136,-0.0011710241453136844,-0.08609934150042264,-0.0367032235113124,joint_six_dimensions,ses__gross_rent_30plus_pct,package_by_moderator
77.40114920841444,-0.06245226600029355,-0.12466571991494634,-0.00023881208564076328,-0.0879635554561836,-0.036940976544403495,joint_six_dimensions,ses__gross_rent_30plus_pct,package_by_moderator
77.77541089640107,-0.06354084420249402,-0.12781525447765366,0.0007335660726656146,-0.08989725076667027,-0.037184437638317774,joint_six_dimensions,ses__gross_rent_30plus_pct,package_by_moderator
78.14967258438769,-0.06466749226403913,-0.131081174511139,0.0017461899830607253,-0.09190113008716315,-0.03743385444091511,joint_six_dimensions,ses__gross_rent_30plus_pct,package_by_moderator
78.5239342723743,-0.06583268533649925,-0.13446447926911614,0.002799108596117636,-0.09397588348289909,-0.03768948719009941,joint_six_dimensions,ses__gross_rent_30plus_pct,package_by_moderator
78.89819596036092,-0.06703689857144465,-0.1379661435276501,0.0038923463847607975,-0.09612219098179428,-0.03795160616109503,joint_six_dimensions,ses__gross_rent_30plus_pct,package_by_moderator
79.27245764834754,-0.06828060712044563,-0.14158712314314226,0.005025908902250978,-0.0983407248535553,-0.03822048938733597,joint_six_dimensions,ses__gross_rent_30plus_pct,package_by_moderator
79.64671933633416,-0.06956428613507254,-0.14532835996308363,0.006199787692938552,-0.1006321516233859,-0.038496420646759184,joint_six_dimensions,ses__gross_rent_30plus_pct,package_by_moderator
80.02098102432078,-0.07088841076689564,-0.14919078612132292,0.00741396458753163,-0.10299713383330722,-0.03877968770048407,joint_six_dimensions,ses__gross_rent_30plus_pct,package_by_moderator
80.3952427123074,-0.07225345616748526,-0.15317532775764747,0.008668415422676976,-0.10543633156741178,-0.03907058076755873,joint_six_dimensions,ses__gross_rent_30plus_pct,package_by_moderator
3.2334619939934863,-0.19420463580389383,-0.2531372852769611,-0.13527198633082654,-0.21837059645241244,-0.1700386751553752,joint_six_dimensions,mod__age_under18_pct,package_by_moderator
3.4376226883929157,-0.1880297140571089,-0.24450435999229075,-0.13155506812192702,-0.2111877441730353,-0.16487168394118248,joint_six_dimensions,mod__age_under18_pct,package_by_moderator
3.641783382792345,-0.1819617021456426,-0.23606549728091758,-0.12785790701036764,-0.2041475396375085,-0.15977586465377672,joint_six_dimensions,mod__age_under18_pct,package_by_moderator
3.845944077191774,-0.17600012505086438,-0.22782030863474878,-0.12417994146697997,-0.197249543301769,-0.15475070679995975,joint_six_dimensions,mod__age_under18_pct,package_by_moderator
4.0501047715912035,-0.17014450775414386,-0.21976846132532385,-0.12052055418296387,-0.1904933384947862,-0.14979567701350152,joint_six_dimensions,mod__age_under18_pct,package_by_moderator
4.254265465990633,-0.16439437523685052,-0.21190967593093935,-0.11687907454276171,-0.18387853040453292,-0.14491022006916812,joint_six_dimensions,mod__age_under18_pct,package_by_moderator
4.458426160390062,-0.158749252480354,-0.2042437217597819,-0.11325478320092608,-0.17740474420119265,-0.14009376075951532,joint_six_dimensions,mod__age_under18_pct,package_by_moderator
4.662586854789492,-0.15320866446602377,-0.19677040961181191,-0.10964691932023563,-0.17107162206909254,-0.135345706862955,joint_six_dimensions,mod__age_under18_pct,package_by_moderator
4.866747549188921,-0.14777213617522938,-0.18948958124851534,-0.10605469110194343,-0.16487881888866304,-0.13066545346179573,joint_six_dimensions,mod__age_under18_pct,package_by_moderator
5.070908243588351,-0.1424391925893405,-0.18240109488345183,-0.1024772902952292,-0.15882599628668287,-0.12605238889199816,joint_six_dimensions,mod__age_under18_pct,package_by_moderator
5.275068937987779,-0.13720935868972647,-0.17550480598394602,-0.09891391139550691,-0.15291281476380753,-0.12150590261564541,joint_six_dimensions,mod__age_under18_pct,package_by_moderator
5.479229632387209,-0.13208215945775684,-0.1688005427065518,-0.09536377620896189,-0.14713892362162026,-0.11702539529389341,joint_six_dimensions,mod__age_under18_pct,package_by_moderator
5.683390326786638,-0.12705711987480142,-0.16228807540184262,-0.09182616434776023,-0.14150394845774641,-0.11261029129185642,joint_six_dimensions,mod__age_under18_pct,package_by_moderator
5.887551021186068,-0.12213376492222955,-0.15596707984583644,-0.08830044999862266,-0.13600747608850722,-0.10826005375595187,joint_six_dimensions,mod__age_under18_pct,package_by_moderator
6.091711715585497,-0.1173116195814107,-0.14983709421215013,-0.08478614495067126,-0.1306490369048937,-0.10397420225792768,joint_six_dimensions,mod__age_under18_pct,package_by_moderator
6.295872409984926,-0.11259020883371454,-0.14389747030791708,-0.081282947359512,-0.12542808487633536,-0.0997523327910937,joint_six_dimensions,mod__age_under18_pct,package_by_moderator
6.5000331043843556,-0.10796905766051061,-0.13814732025594872,-0.0777907950650725,-0.12034397568715234,-0.09559413963386888,joint_six_dimensions,mod__age_under18_pct,package_by_moderator
6.704193798783785,-0.10344769104316846,-0.1325854605841408,-0.07430992150219612,-0.11539594380982103,-0.0914994382765159,joint_six_dimensions,mod__age_under18_pct,package_by_moderator
6.908354493183214,-0.09902563396305755,-0.12721035651011442,-0.07084091141600068,-0.1105830796582976,-0.0874681882678175,joint_six_dimensions,mod__age_under18_pct,package_by_moderator
7.112515187582643,-0.09470241140154755,-0.12202006997148288,-0.06738475283161222,-0.10590430827727552,-0.08350051452581957,joint_six_dimensions,mod__age_under18_pct,package_by_moderator
7.316675881982073,-0.09047754834000787,-0.11701221550235158,-0.06394288117766417,-0.10135837124887416,-0.07959672543114159,joint_six_dimensions,mod__age_under18_pct,package_by_moderator
7.520836576381502,-0.08635056975980812,-0.11218392823545391,-0.060517211284162334,-0.09694381357157389,-0.07575732594804235,joint_six_dimensions,mod__age_under18_pct,package_by_moderator
7.724997270780932,-0.08232100064231784,-0.10753184798286002,-0.05711015330177567,-0.09265897713234113,-0.07198302415229456,joint_six_dimensions,mod__age_under18_pct,package_by_moderator
7.9291579651803605,-0.0783883659689066,-0.10305212245194958,-0.05372460948586361,-0.08850200202537221,-0.06827472991244098,joint_six_dimensions,mod__age_under18_pct,package_by_moderator
8.13331865957979,-0.07455219072094388,-0.09874043122886361,-0.050363950213024145,-0.08447083638676327,-0.06463354505512449,joint_six_dimensions,mod__age_under18_pct,package_by_moderator
8.33747935397922,-0.07081199987979933,-0.09459203037002065,-0.047031969389578016,-0.08056325467973649,-0.06106074507986217,joint_six_dimensions,mod__age_under18_pct,package_by_moderator
8.54164004837865,-0.06716731842684237,-0.09060181554290136,-0.043732821310783376,-0.0767768835861912,-0.057557753267493544,joint_six_dimensions,mod__age_under18_pct,package_by_moderator
8.745800742778078,-0.0636176713434426,-0.08676439995307156,-0.040470942733813624,-0.07310923396150998,-0.05412610872537521,joint_six_dimensions,mod__age_under18_pct,package_by_moderator
8.949961437177507,-0.0601625836109696,-0.08307420205855474,-0.037250965163384456,-0.06955773680277125,-0.05076743041916795,joint_six_dimensions,mod__age_under18_pct,package_by_moderator
9.154122131576937,-0.05680158021079283,-0.07952553748186998,-0.03407762293971568,-0.06611978093825942,-0.047483379483326246,joint_six_dimensions,mod__age_under18_pct,package_by_moderator
9.358282825976366,-0.053534186124281916,-0.07611270962672509,-0.030955662621838746,-0.06279275018580527,-0.044275622062758556,joint_six_dimensions,mod__age_under18_pct,package_by_moderator
9.562443520375796,-0.05035992633280635,-0.07283009420109261,-0.02788975846452009,-0.05957405801237346,-0.04114579465323924,joint_six_dimensions,mod__age_under18_pct,package_by_moderator
9.766604214775224,-0.04727832581773572,-0.06967221395752388,-0.02488443767794757,-0.056461178182124455,-0.03809547345334699,joint_six_dimensions,mod__age_under18_pct,package_by_moderator
9.970764909174655,-0.044288909560439474,-0.06663380126269558,-0.021944017858183368,-0.053451670413723514,-0.035126148707155434,joint_six_dimensions,mod__age_under18_pct,package_by_moderator
10.174925603574083,-0.041391202542287286,-0.06370984739387812,-0.019072557690696452,-0.05054320059488282,-0.03223920448969175,joint_six_dimensions,mod__age_under18_pct,package_by_moderator
10.379086297973513,-0.03858472974464859,-0.060895638574596955,-0.016273820914700223,-0.04773355555916795,-0.02943590393012923,joint_six_dimensions,mod__age_under18_pct,package_by_moderator
10.583246992372942,-0.03586901614889301,-0.05818677961632511,-0.013551252681460912,-0.04502065278052603,-0.026717379517259998,joint_six_dimensions,mod__age_under18_pct,package_by_moderator
10.787407686772372,-0.03324358673639005,-0.0555792066013517,-0.01090796687142841,-0.042402545574030795,-0.02408462789874931,joint_six_dimensions,mod__age_under18_pct,package_by_moderator
10.9915683811718,-0.03070796648850925,-0.053069190344872126,-0.008346742632146374,-0.03987742451554975,-0.02153850846146875,joint_six_dimensions,mod__age_under18_pct,package_by_moderator
11.19572907557123,-0.028261680386620205,-0.05065333246044407,-0.005870028312796344,-0.03744361582834241,-0.019079744944898003,joint_six_dimensions,mod__age_under18_pct,package_by_moderator
11.39988976997066,-0.025904253412092362,-0.04832855578133682,-0.0034799510428479077,-0.03509957745523248,-0.016708929368952248,joint_six_dimensions,mod__age_under18_pct,package_by_moderator
11.60405046437009,-0.023635210546295325,-0.046092090718075504,-0.0011783303745151498,-0.03284389346437374,-0.014426527628216909,joint_six_dimensions,mod__age_under18_pct,package_by_moderator
11.808211158769518,-0.021454076770598678,-0.04394145890762778,0.0010333053664304225,-0.03067526734442478,-0.012232886196772578,joint_six_dimensions,mod__age_under18_pct,package_by_moderator
12.012371853168947,-0.019360377066371906,-0.041874455268326415,0.0031537011355826025,-0.028592514645978777,-0.010128239486765037,joint_six_dimensions,mod__age_under18_pct,package_by_moderator
12.216532547568377,-0.017353636414984545,-0.0398891293412045,0.005181856511235407,-0.026594555330379382,-0.008112717499589708,joint_six_dimensions,mod__age_under18_pct,package_by_moderator
12.420693241967806,-0.015433379797806165,-0.037983766587506976,0.007117006991894645,-0.024680406100566085,-0.006186353495046244,joint_six_dimensions,mod__age_under18_pct,package_by_moderator
12.624853936367236,-0.013599132196206301,-0.036156870130775114,0.008958605738362511,-0.022849172914221436,-0.004349091478191167,joint_six_dimensions,mod__age_under18_pct,package_by_moderator
12.829014630766665,-0.011850418591554522,-0.03440714328191427,0.01070630609880523,-0.021100043817988974,-0.002600793365120072,joint_six_dimensions,mod__age_under18_pct,package_by_moderator
13.033175325166095,-0.010186763965220343,-0.032733473065618315,0.012359945135177634,-0.019432282192308047,-0.0009412457381326404,joint_six_dimensions,mod__age_under18_pct,package_by_moderator
13.237336019565523,-0.008607693298573305,-0.03113491487321596,0.013919528276069352,-0.01784522045815003,0.0006298338610034211,joint_six_dimensions,mod__age_under18_pct,package_by_moderator
13.441496713964954,-0.007112731572982978,-0.02961067829643069,0.015385215150464735,-0.016338254268000688,0.002112791122034734,joint_six_dimensions,mod__age_under18_pct,package_by_moderator
13.645657408364382,-0.00570140376981889,-0.028160114144614015,0.016757306604976235,-0.014910837182138335,0.0035080296425005555,joint_six_dimensions,mod__age_under18_pct,package_by_moderator
13.849818102763813,-0.004373234870450569,-0.026782702610893893,0.018036232869992754,-0.01356247581603697,0.004816006075135831,joint_six_dimensions,mod__age_under18_pct,package_by_moderator
14.053978797163241,-0.0031277498562475928,-0.02547804252701826,0.019222542814523076,-0.01229272543420045,0.006037225721705265,joint_six_dimensions,mod__age_under18_pct,package_by_moderator
14.25813949156267,-0.001964473708579488,-0.02424584162963811,0.020316894212479134,-0.011101185958748119,0.0071722385415891425,joint_six_dimensions,mod__age_under18_pct,package_by_moderator
14.4623001859621,-0.0008829314088157902,-0.023085907750059153,0.021320044932427572,-0.009987498356678667,0.008221635539047086,joint_six_dimensions,mod__age_under18_pct,package_by_moderator
14.666460880361528,0.00011735206167395179,-0.02199814083326691,0.022232844956614813,-0.008951341367186368,0.009186045490534272,joint_six_dimensions,mod__age_under18_pct,package_by_moderator
14.870621574760959,0.0010368517215201961,-0.02098252568888282,0.023056229131923213,-0.007992428529113405,0.010066131972153797,joint_six_dimensions,mod__age_under18_pct,package_by_moderator
15.074782269160387,0.00187604258935338,-0.0200391253755762,0.02379121055428296,-0.007110505468157528,0.010862590646864288,joint_six_dimensions,mod__age_under18_pct,package_by_moderator
15.278942963559818,0.002635399683803989,-0.019168075120563722,0.0244388744881717,-0.006305347403498031,0.01157614677110601,joint_six_dimensions,mod__age_under18_pct,package_by_moderator
15.483103657959246,0.003315398023502447,-0.018369576676642907,0.0250003727236478,-0.005576756833837274,0.012207552880842168,joint_six_dimensions,mod__age_under18_pct,package_by_moderator
15.687264352358676,0.003916512627079247,-0.01764389302039045,0.025476918274548944,-0.004924561363340366,0.012757586617498859,joint_six_dimensions,mod__age_under18_pct,package_by_moderator
15.891425046758105,0.004439218513164811,-0.016991343296542734,0.025869780322872356,-0.00434861162852462,0.013227048654854242,joint_six_dimensions,mod__age_under18_pct,package_by_moderator
16.095585741157535,0.004883990700389619,-0.016412297915131904,0.026180279315911142,-0.003848779287787908,0.013616760688567146,joint_six_dimensions,mod__age_under18_pct,package_by_moderator
16.299746435556962,0.005251304207384115,-0.015907173709774583,0.026409782124542813,-0.0034249550360134252,0.013927563450781656,joint_six_dimensions,mod__age_under18_pct,package_by_moderator
16.503907129956392,0.005541634052778757,-0.015476429067800872,0.026559697173358387,-0.00307704660762719,0.014160314713184704,joint_six_dimensions,mod__age_under18_pct,package_by_moderator
16.708067824355822,0.005755455255204003,-0.015120558945972182,0.02663146945638019,-0.00280497673274005,0.014315887243148057,joint_six_dimensions,mod__age_under18_pct,package_by_moderator
16.91222851875525,0.005893242833290315,-0.014840089689748034,0.026626575356328664,-0.0026086810127328615,0.014395166679313492,joint_six_dimensions,mod__age_under18_pct,package_by_moderator
17.11638921315468,0.005955471805668137,-0.01463557357987388,0.026546517191210154,-0.0024881056840267354,0.014399049295363009,joint_six_dimensions,mod__age_under18_pct,package_by_moderator
17.32054990755411,0.005942617190967944,-0.014507583037963564,0.02639281741989945,-0.0024432052420203815,0.014328439623956269,joint_six_dimensions,mod__age_under18_pct,package_by_moderator
17.52471060195354,0.005855154007820169,-0.014456704433238512,0.02616701244887885,-0.0024739399014775953,0.014184247917117934,joint_six_dimensions,mod__age_under18_pct,package_by_moderator
17.728871296352967,0.005693557274855283,-0.014483531446121464,0.02587064599583203,-0.0025802728751981203,0.013967387424908686,joint_six_dimensions,mod__age_under18_pct,package_by_moderator
17.933031990752397,0.005458302010703735,-0.014588657961333549,0.02550526198274102,-0.002762167459756446,0.013678771481163915,joint_six_dimensions,mod__age_under18_pct,package_by_moderator
18.137192685151827,0.005149863233995983,-0.014772670483715718,0.025072396951707685,-0.00301958392552858,0.013319310393520547,joint_six_dimensions,mod__age_under18_pct,package_by_moderator
18.341353379551258,0.00476871596336249,-0.015036140094162126,0.024573572020887106,-0.0033524762181368524,0.012889908144861833,joint_six_dimensions,mod__age_under18_pct,package_by_moderator
18.545514073950685,0.00431533521743371,-0.015379613990478266,0.024010284425345686,-0.0037607884896887003,0.01239145892455612,joint_six_dimensions,mod__age_under18_pct,package_by_moderator
18.749674768350115,0.003790196014840092,-0.01580360668795156,0.023383998717631742,-0.0042444514904769,0.011824843520157084,joint_six_dimensions,mod__age_under18_pct,package_by_moderator
18.953835462749545,0.0031937733742120923,-0.016308590985825024,0.022696137734249208,-0.004803378864685872,0.011190925613110057,joint_six_dimensions,mod__age_under18_pct,package_by_moderator
19.157996157148972,0.0025265423141801815,-0.016894988837154304,0.021948073465514667,-0.005437463406479296,0.01049054803483966,joint_six_dimensions,mod__age_under18_pct,package_by_moderator
19.362156851548402,0.0017889778533747985,-0.017563162288792577,0.021141117995542174,-0.006146573344844454,0.009724529051594051,joint_six_dimensions,mod__age_under18_pct,package_by_moderator
19.566317545947832,0.0009815550104264048,-0.01831340468330719,0.02027651470416,-0.006930548735844384,0.008893658756697193,joint_six_dimensions,mod__age_under18_pct,package_by_moderator
19.770478240347263,0.0001047488039654567,-0.01914593233321102,0.019355429941141936,-0.007789198048547798,0.007998695656478712,joint_six_dimensions,mod__age_under18_pct,package_by_moderator
19.974638934746693,-0.0008409657473775877,-0.020060876887837822,0.01837894539308265,-0.008722295034984999,0.0070403635402298236,joint_six_dimensions,mod__age_under18_pct,package_by_moderator
20.17879962914612,-0.0018551136249722548,-0.02105827861273233,0.017348051362787824,-0.009729575974290201,0.006019348724345692,joint_six_dimensions,mod__age_under18_pct,package_by_moderator
20.38296032354555,-0.0029372198101881245,-0.02213808078942542,0.016263641169049173,-0.01081073737626973,0.004936297755893481,joint_six_dimensions,mod__age_under18_pct,package_by_moderator
20.58712101794498,-0.00408680928439472,-0.02330012541963768,0.01512650685084824,-0.011965434219864861,0.0037918156510754215,joint_six_dimensions,mod__age_under18_pct,package_by_moderator
20.791281712344407,-0.005303407028961568,-0.024544150383007123,0.013937336325083986,-0.013193278787647839,0.0025864647297247035,joint_six_dimensions,mod__age_under18_pct,package_by_moderator
20.995442406743837,-0.0065865380252582515,-0.025869788153088234,0.01269671210257173,-0.014493840139303642,0.0013207640887871394,joint_six_dimensions,mod__age_under18_pct,package_by_moderator
21.199603101143268,-0.007935727254654294,-0.027276566125250774,0.011405111615942185,-0.0158666442460883,-4.81026322028677e-06,joint_six_dimensions,mod__age_under18_pct,package_by_moderator
21.403763795542698,-0.009350499698519239,-0.028763908555528156,0.010062909158489676,-0.017311174785874385,-0.0013898246111640911,joint_six_dimensions,mod__age_under18_pct,package_by_moderator
21.607924489942125,-0.010830380338222608,-0.030331140055084527,0.008670379378639312,-0.01882687457609443,-0.002833886100350789,joint_six_dimensions,mod__age_under18_pct,package_by_moderator
21.812085184341555,-0.012374894155133992,-0.03197749053441947,0.007227702224151486,-0.02041314760116476,-0.004336640709103223,joint_six_dimensions,mod__age_under18_pct,package_by_moderator
22.016245878740985,-0.01398356613062291,-0.03370210144793138,0.005734969186685557,-0.022069361573135188,-0.005897770688110633,joint_six_dimensions,mod__age_under18_pct,package_by_moderator
22.220406573140416,-0.015655921246058906,-0.035504033155522086,0.004192190663404278,-0.023794850950393416,-0.007516991541724393,joint_six_dimensions,mod__age_under18_pct,package_by_moderator
22.424567267539842,-0.01739148448281149,-0.03738227319511645,0.0025993042294934696,-0.025588920329899803,-0.00919404863572318,joint_six_dimensions,mod__age_under18_pct,package_by_moderator
22.628727961939273,-0.01918978082225027,-0.03933574524885353,0.0009561836043529906,-0.027450848123869612,-0.01092871352063093,joint_six_dimensions,mod__age_under18_pct,package_by_moderator
22.832888656338703,-0.021050335245744768,-0.041363318585867205,-0.0007373519056223313,-0.0293798904318857,-0.012720780059603838,joint_six_dimensions,mod__age_under18_pct,package_by_moderator
23.03704935073813,-0.02297267273466448,-0.043463817774786036,-0.0024815276945429274,-0.031375285023612566,-0.014570060445716399,joint_six_dimensions,mod__age_under18_pct,package_by_moderator
23.24121004513756,-0.024956318270379023,-0.04563603247751616,-0.004276604063241887,-0.03343625535484143,-0.016476381185916614,joint_six_dimensions,mod__age_under18_pct,package_by_moderator
23.44537073953699,-0.027000796834257906,-0.047878727160361095,-0.006122866508154714,-0.03556201454963824,-0.018439579118877572,joint_six_dimensions,mod__age_under18_pct,package_by_moderator
23.64953143393642,-0.029105633407670674,-0.0501906505868193,-0.00802061622852205,-0.03775176929296646,-0.02045949752237489,joint_six_dimensions,mod__age_under18_pct,package_by_moderator
23.853692128335847,-0.03127035297198683,-0.05257054498633555,-0.009970160957638113,-0.04000472359043123,-0.022535982353542434,joint_six_dimensions,mod__age_under18_pct,package_by_moderator
24.057852822735278,-0.03349448050857601,-0.05501715482300238,-0.011971806194149635,-0.042320082363978884,-0.02466887865317313,joint_six_dimensions,mod__age_under18_pct,package_by_moderator
24.262013517134708,-0.035777540998807686,-0.057529235116204114,-0.014025846881411261,-0.04469705486386551,-0.02685802713374987,joint_six_dimensions,mod__age_under18_pct,package_by_moderator
24.46617421153414,-0.03811905942405143,-0.06010555929037979,-0.016132559557723063,-0.047134857887535936,-0.02910326096056692,joint_six_dimensions,mod__age_under18_pct,package_by_moderator
24.670334905933565,-0.04051856076567674,-0.06274492655274298,-0.0182921949786105,-0.049632718804936325,-0.031404402726417154,joint_six_dimensions,mod__age_under18_pct,package_by_moderator
24.874495600332995,-0.042975570005053226,-0.06544616881559243,-0.020504971194514034,-0.05218987839708141,-0.03376126161302504,joint_six_dimensions,mod__age_under18_pct,package_by_moderator
25.078656294732426,-0.04548961212355042,-0.06820815719370671,-0.022771067053394132,-0.054805593520380336,-0.0361736307267205,joint_six_dimensions,mod__age_under18_pct,package_by_moderator
25.282816989131852,-0.04806021210253779,-0.07102980811739038,-0.0250906160876852,-0.0574791396133563,-0.038641284591719276,joint_six_dimensions,mod__age_under18_pct,package_by_moderator
25.486977683531283,-0.05068689492338499,-0.07391008910831481,-0.02746370073845516,-0.0602098130650918,-0.04116397678167818,joint_six_dimensions,mod__age_under18_pct,package_by_moderator
25.691138377930713,-0.0533691855674615,-0.07684802426874437,-0.029890346866178627,-0.06299693346614403,-0.04374143766877897,joint_six_dimensions,mod__age_under18_pct,package_by_moderator
25.895299072330143,-0.05610660901613689,-0.07984269953545572,-0.03237051849681807,-0.0658398457629707,-0.04637337226930308,joint_six_dimensions,mod__age_under18_pct,package_by_moderator
26.09945976672957,-0.05889869025078064,-0.08289326774802344,-0.034904112753537844,-0.06873792233623435,-0.04905945816532694,joint_six_dimensions,mod__age_under18_pct,package_by_moderator
26.303620461129,-0.061744954252762385,-0.0859989535775111,-0.03749095492801367,-0.07169056502186477,-0.05179934348365999,joint_six_dimensions,mod__age_under18_pct,package_by_moderator
26.50778115552843,-0.06464492600345162,-0.08915905835625675,-0.04013079365064649,-0.07469720709156392,-0.054592644915339314,joint_six_dimensions,mod__age_under18_pct,package_by_moderator
26.71194184992786,-0.06759813048421792,-0.0923729648426134,-0.04282329612582244,-0.0777573152066385,-0.057438945761797346,joint_six_dimensions,mod__age_under18_pct,package_by_moderator
26.916102544327288,-0.07060409267643075,-0.09564014194635624,-0.04556804340650526,-0.08087039135570347,-0.06033779399715804,joint_six_dimensions,mod__age_under18_pct,package_by_moderator
27.120263238726718,-0.07366233756145973,-0.0989601494311236,-0.04836452569179587,-0.08403597478296823,-0.06328870033995124,joint_six_dimensions,mod__age_under18_pct,package_by_moderator
27.32442393312615,-0.07677239012067441,-0.10233264259977924,-0.05121213764156958,-0.08725364390951919,-0.06629113633182963,joint_six_dimensions,mod__age_under18_pct,package_by_moderator
27.528584627525575,-0.07993377533544425,-0.1057573769570187,-0.054110173713869815,-0.09052301824527112,-0.06934453242561739,joint_six_dimensions,mod__age_under18_pct,package_by_moderator
27.732745321925005,-0.0831460181871389,-0.10923421283091808,-0.05705782354335972,-0.09384376028408266,-0.07244827609019515,joint_six_dimensions,mod__age_under18_pct,package_by_moderator
27.936906016324436,-0.08640864365712785,-0.11276311992148327,-0.06005416739277241,-0.09721557736893714,-0.07560170994531855,joint_six_dimensions,mod__age_under18_pct,package_by_moderator
28.141066710723866,-0.08972117672678065,-0.11634418172967882,-0.06309817172388248,-0.10063822350811324,-0.07880412994544805,joint_six_dimensions,mod__age_under18_pct,package_by_moderator
28.345227405123293,-0.09308314237746679,-0.11997759980502891,-0.06618868494990467,-0.10411150111695888,-0.0820547836379747,joint_six_dimensions,mod__age_under18_pct,package_by_moderator
28.549388099522723,-0.0964940655905559,-0.1236636977339159,-0.0693244334471959,-0.10763526265333562,-0.08535286852777618,joint_six_dimensions,mod__age_under18_pct,package_by_moderator
28.753548793922153,-0.0999534713474175,-0.12740292477448756,-0.07250401792034745,-0.11120941210815102,-0.08869753058668398,joint_six_dimensions,mod__age_under18_pct,package_by_moderator
28.957709488321584,-0.10346088462942113,-0.13119585902810796,-0.0757259102307343,-0.1148339063058459,-0.09208786295299635,joint_six_dimensions,mod__age_under18_pct,package_by_moderator
29.16187018272101,-0.10701583041793625,-0.13504321002218847,-0.07898845081368404,-0.1185087559635116,-0.0955229048723609,joint_six_dimensions,mod__age_under18_pct,package_by_moderator
29.36603087712044,-0.11061783369433259,-0.13894582056584326,-0.08228984682282192,-0.12223402645182153,-0.09900164093684365,joint_six_dimensions,mod__age_under18_pct,package_by_moderator
29.57019157151987,-0.11426641943997953,-0.14290466772913055,-0.08562817115082852,-0.12600983819657915,-0.10252300068337991,joint_six_dimensions,mod__age_under18_pct,package_by_moderator
29.774352265919298,-0.11796111263624659,-0.14692086278984423,-0.08900136248264894,-0.12983636665689952,-0.10608585861559366,joint_six_dimensions,mod__age_under18_pct,package_by_moderator
29.978512960318728,-0.12170143826450354,-0.15099564999019532,-0.09240722653881175,-0.13371384181537335,-0.10968903471363371,joint_six_dimensions,mod__age_under18_pct,package_by_moderator
30.182673654718158,-0.1254869213061197,-0.15513040395062733,-0.09584343866161206,-0.13764254711757418,-0.11333129549466521,joint_six_dimensions,mod__age_under18_pct,package_by_moderator
30.38683434911759,-0.1293170867424647,-0.15932662560074376,-0.09930754788418565,-0.14162281780349206,-0.11701135568143733,joint_six_dimensions,mod__age_under18_pct,package_by_moderator
30.590995043517015,-0.13319145955490802,-0.16358593650898615,-0.1027969826008299,-0.1456550385823576,-0.12072788052745846,joint_six_dimensions,mod__age_under18_pct,package_by_moderator
30.795155737916446,-0.13710956472481933,-0.16791007152407267,-0.106309057925566,-0.1497396406151855,-0.12447948883445319,joint_six_dimensions,mod__age_under18_pct,package_by_moderator
30.999316432315876,-0.14107092723356807,-0.17230086968249442,-0.10984098478464172,-0.1538770977862964,-0.12826475668083973,joint_six_dimensions,mod__age_under18_pct,package_by_moderator
31.203477126715306,-0.14507507206252385,-0.17676026338711132,-0.11338988073793639,-0.15806792226588517,-0.13208222185916252,joint_six_dimensions,mod__age_under18_pct,package_by_moderator
31.407637821114733,-0.14912152419305608,-0.18129026592074626,-0.11695278246536588,-0.16231265938983683,-0.13593038899627533,joint_six_dimensions,mod__age_under18_pct,package_by_moderator
31.611798515514163,-0.1532098086065345,-0.18589295742339285,-0.12052665978967614,-0.16661188190953152,-0.13980773530353746,joint_six_dimensions,mod__age_under18_pct,package_by_moderator
31.815959209913593,-0.15733945028432852,-0.19057046952902623,-0.12410843103963082,-0.17096618369200495,-0.1437127168766521,joint_six_dimensions,mod__age_under18_pct,package_by_moderator
32.02011990431302,-0.16150997420780766,-0.19532496892406973,-0.1276949794915456,-0.1753761729779225,-0.14764377543769283,joint_six_dimensions,mod__age_under18_pct,package_by_moderator
32.22428059871245,-0.1657209053583415,-0.200158640149782,-0.131283170566901,-0.1798424653295151,-0.1515993453871679,joint_six_dimensions,mod__age_under18_pct,package_by_moderator
32.42844129311188,-0.1699717687172998,-0.20507366802052937,-0.13486986941407023,-0.18436567642100446,-0.15557786101359514,joint_six_dimensions,mod__age_under18_pct,package_by_moderator
32.63260198751131,-0.17426208926605175,-0.21007222006471998,-0.1384519584673835,-0.18894641483832064,-0.15957776369378285,joint_six_dimensions,mod__age_under18_pct,package_by_moderator
32.836762681910734,-0.17859139198596707,-0.21515642941155366,-0.14202635456038049,-0.1935852750616323,-0.16359750891030184,joint_six_dimensions,mod__age_under18_pct,package_by_moderator
33.04092337631017,-0.18295920185841535,-0.2203283785423935,-0.1455900251744372,-0.1982828308024231,-0.16763557291440762,joint_six_dimensions,mod__age_under18_pct,package_by_moderator
33.245084070709595,-0.187365043864766,-0.22559008429985528,-0.1491400034296767,-0.2030396288563089,-0.17169045887322307,joint_six_dimensions,mod__age_under18_pct,package_by_moderator
33.44924476510903,-0.1918084429863888,-0.23094348450175556,-0.15267340147102204,-0.20785618361394542,-0.17576070235883218,joint_six_dimensions,mod__age_under18_pct,package_by_moderator
33.653405459508456,-0.19628892420465288,-0.2363904264437367,-0.15618742196556906,-0.212732972346406,-0.17984487606289976,joint_six_dimensions,mod__age_under18_pct,package_by_moderator
33.85756615390788,-0.2008060125009281,-0.24193265749805143,-0.1596793675038048,-0.21767043135011427,-0.18394159365174195,joint_six_dimensions,mod__age_under18_pct,package_by_moderator
34.061726848307316,-0.20535923285658414,-0.2475718179319601,-0.1631466477812082,-0.22266895300195072,-0.18804951271121756,joint_six_dimensions,mod__age_under18_pct,package_by_moderator
34.26588754270674,-0.20994811025299015,-0.2533094359832943,-0.166586784522686,-0.227728883739935,-0.1921673367660453,joint_six_dimensions,mod__age_under18_pct,package_by_moderator
34.47004823710617,-0.2145721696715158,-0.25914692514855225,-0.16999741419447933,-0.23285052295118105,-0.19629381639185053,joint_six_dimensions,mod__age_under18_pct,package_by_moderator
34.6742089315056,-0.21923093609353092,-0.265085583565323,-0.17337628862173884,-0.2380341227186536,-0.20042774946840825,joint_six_dimensions,mod__age_under18_pct,package_by_moderator
34.87836962590503,-0.22392393450040465,-0.27112659530966665,-0.17672127369114263,-0.24327988835317188,-0.20456798064763743,joint_six_dimensions,mod__age_under18_pct,package_by_moderator
35.08253032030446,-0.2286506898735067,-0.2772710333826899,-0.18003034636432352,-0.24858797961808782,-0.20871340012892559,joint_six_dimensions,mod__age_under18_pct,package_by_moderator
35.28669101470389,-0.23341072719420683,-0.28351986412992164,-0.18330159025849202,-0.2539585125414976,-0.21286294184691607,joint_six_dimensions,mod__age_under18_pct,package_by_moderator
35.49085170910332,-0.23820357144387422,-0.28987395282189976,-0.18653319006584868,-0.25939156170462035,-0.21701558118312808,joint_six_dimensions,mod__age_under18_pct,package_by_moderator
35.69501240350275,-0.24302874760387871,-0.29633407012319724,-0.1897234250845602,-0.26488716289449193,-0.22117033231326547,joint_six_dimensions,mod__age_under18_pct,package_by_moderator
35.89917309790218,-0.24788578065558955,-0.3029008991877809,-0.1928706621233982,-0.27044531601349187,-0.22532624529768724,joint_six_dimensions,mod__age_under18_pct,package_by_moderator
36.103333792301605,-0.25277419558037645,-0.3095750431385287,-0.19597334802222421,-0.27606598814639915,-0.22948240301435374,joint_six_dimensions,mod__age_under18_pct,package_by_moderator
36.30749448670104,-0.2576935173596091,-0.31635703271516147,-0.19903000200405674,-0.2817491166965086,-0.23363791802270964,joint_six_dimensions,mod__age_under18_pct,package_by_moderator
36.511655181100465,-0.2626432709746568,-0.3232473339052083,-0.20203920804410522,-0.2874946125147884,-0.23779192943452512,joint_six_dimensions,mod__age_under18_pct,package_by_moderator
36.7158158754999,-0.2676229814068893,-0.33024635540457814,-0.2049996074092004,-0.29330236295916834,-0.2419435998546102,joint_six_dimensions,mod__age_under18_pct,package_by_moderator
36.919976569899326,-0.27263217363767583,-0.3373544557859606,-0.20790989148939104,-0.29917223483401767,-0.24609211244133397,joint_six_dimensions,mod__age_under18_pct,package_by_moderator
37.12413726429875,-0.2776703726483861,-0.34457195028319787,-0.21076879501357434,-0.30510407717214993,-0.2502366681246223,joint_six_dimensions,mod__age_under18_pct,package_by_moderator
37.32829795869819,-0.28273710342038993,-0.3518991171269068,-0.2135750897138731,-0.3110977238328121,-0.2543764830079678,joint_six_dimensions,mod__age_under18_pct,package_by_moderator
37.53245865309761,-0.2878318909350564,-0.35933620339042593,-0.21632757847968684,-0.3171529958988768,-0.258510785971236,joint_six_dimensions,mod__age_under18_pct,package_by_moderator
37.73661934749704,-0.2929542601737554,-0.3668834303253191,-0.21902509002219173,-0.3232697038647234,-0.2626388164827874,joint_six_dimensions,mod__age_under18_pct,package_by_moderator
37.940780041896474,-0.29810373611785645,-0.3745409981821674,-0.2216664740535455,-0.3294476496130544,-0.2667598226226585,joint_six_dimensions,mod__age_under18_pct,package_by_moderator
38.1449407362959,-0.30327984374872874,-0.38230909052545287,-0.2242505969720046,-0.33568662818425943,-0.27087305931319805,joint_six_dimensions,mod__age_under18_pct,package_by_moderator
38.34910143069533,-0.3084821080477421,-0.3901878780612369,-0.22677633803424732,-0.34198642934599616,-0.2749777867494881,joint_six_dimensions,mod__age_under18_pct,package_by_moderator
38.55326212509476,-0.3137100539962662,-0.3981775220034792,-0.22924258598905325,-0.3483468389735847,-0.27907326901894774,joint_six_dimensions,mod__age_under18_pct,package_by_moderator
38.75742281949419,-0.31896320657567034,-0.40627817700963764,-0.23164823614170307,-0.35476764025378166,-0.28315877289755903,joint_six_dimensions,mod__age_under18_pct,package_by_moderator
38.96158351389362,-0.3242410907673243,-0.4144899937190345,-0.23399218781561412,-0.36124861472566455,-0.2872335668089841,joint_six_dimensions,mod__age_under18_pct,package_by_moderator
39.16574420829305,-0.32954323155259724,-0.4228131209287487,-0.23627334217644577,-0.36778954317287893,-0.29129691993231555,joint_six_dimensions,mod__age_under18_pct,package_by_moderator
39.369904902692475,-0.334869153912859,-0.4312477074418787,-0.2384906003838393,-0.37439020638153925,-0.2953481014441787,joint_six_dimensions,mod__age_under18_pct,package_by_moderator
39.57406559709191,-0.34021838282947914,-0.4397939036221618,-0.24064286203679647,-0.3810503857777164,-0.2993863798812419,joint_six_dimensions,mod__age_under18_pct,package_by_moderator
39.778226291491336,-0.345590443283827,-0.4484518626874529,-0.24272902388020107,-0.3877698639578423,-0.3034110226098117,joint_six_dimensions,mod__age_under18_pct,package_by_moderator
2.110850525125579,-0.15180501137276983,-0.19996229056617623,-0.10364773217936343,-0.1715524166622509,-0.13205760608328876,joint_six_dimensions,mod__age_65plus_pct,package_by_moderator
2.2879968069462864,-0.153158269573269,-0.19921326656364322,-0.10710327258289479,-0.17204361165254647,-0.13427292749399153,joint_six_dimensions,mod__age_65plus_pct,package_by_moderator
2.465143088766993,-0.15436203198168497,-0.19840315503428907,-0.11032090892908085,-0.17242156360162664,-0.1363025003617433,joint_six_dimensions,mod__age_65plus_pct,package_by_moderator
2.6422893705877004,-0.1554186019064814,-0.1975345414829261,-0.11330266233003672,-0.1726886915355737,-0.1381485122773891,joint_six_dimensions,mod__age_65plus_pct,package_by_moderator
2.8194356524084077,-0.15633028265612206,-0.19661004840557506,-0.11605051690666907,-0.17284742964910904,-0.13981313566313508,joint_six_dimensions,mod__age_65plus_pct,package_by_moderator
2.9965819342291145,-0.15709937753907066,-0.19563232110901183,-0.1185664339691295,-0.17290022149074716,-0.14129853358739417,joint_six_dimensions,mod__age_65plus_pct,package_by_moderator
3.1737282160498217,-0.1577281898637909,-0.19460400855006627,-0.1208523711775155,-0.17284951210574603,-0.14260686762183575,joint_six_dimensions,mod__age_65plus_pct,package_by_moderator
3.350874497870529,-0.15821902293874646,-0.19352773839441123,-0.12291030748308168,-0.1726977378086979,-0.143740308068795,joint_six_dimensions,mod__age_65plus_pct,package_by_moderator
3.5280207796912357,-0.15857418007240115,-0.19240608559534333,-0.12474227454945896,-0.17244731329892377,-0.14470104684587853,joint_six_dimensions,mod__age_65plus_pct,package_by_moderator
3.705167061511943,-0.15879596457321857,-0.19124153401611518,-0.12635039513032195,-0.17210061592330164,-0.1454913132231355,joint_six_dimensions,mod__age_65plus_pct,package_by_moderator
3.88231334333265,-0.15888667974966247,-0.19003643099891135,-0.1277369285004136,-0.17165996704679157,-0.14611339245253338,joint_six_dimensions,mod__age_65plus_pct,package_by_moderator
4.059459625153357,-0.15884862891019666,-0.18879293534483974,-0.12890432247555358,-0.1711276107210768,-0.14656964709931652,joint_six_dimensions,mod__age_65plus_pct,package_by_moderator
4.236605906974065,-0.1586841153632847,-0.18751295991667968,-0.1298552708098897,-0.17050569014820915,-0.14686254057836023,joint_six_dimensions,mod__age_65plus_pct,package_by_moderator
4.4137521887947715,-0.15839544241739045,-0.18619811097862898,-0.13059277385615192,-0.16979622280622653,-0.14699466202855438,joint_six_dimensions,mod__age_65plus_pct,package_by_moderator
4.590898470615478,-0.15798491338097748,-0.18484962736548344,-0.13112019939647152,-0.16900107550482657,-0.14696875125712838,joint_six_dimensions,mod__age_65plus_pct,package_by_moderator
4.768044752436186,-0.15745483156250964,-0.1834683234935415,-0.13144133963147778,-0.1681219410163815,-0.14678772210863777,joint_six_dimensions,mod__age_65plus_pct,package_by_moderator
4.945191034256893,-0.15680750027045054,-0.18205454090645712,-0.13156045963444396,-0.16716031820679864,-0.14645468233410244,joint_six_dimensions,mod__age_65plus_pct,package_by_moderator
5.1223373160776,-0.15604522281326394,-0.1806081132920039,-0.13148233233452397,-0.1661174976902721,-0.1459729479362558,joint_six_dimensions,mod__age_65plus_pct,package_by_moderator
5.299483597898307,-0.15517030249941355,-0.17912834953974185,-0.13121225545908524,-0.1649945548818985,-0.1453460501169286,joint_six_dimensions,mod__age_65plus_pct,package_by_moderator
5.476629879719014,-0.15418504263736307,-0.17761403835082784,-0.1307560469238983,-0.16379235188797892,-0.14457773338674723,joint_six_dimensions,mod__age_65plus_pct,package_by_moderator
5.653776161539721,-0.15309174653557628,-0.17606347621100144,-0.13012001686015112,-0.16251154897663966,-0.1436719440945129,joint_six_dimensions,mod__age_65plus_pct,package_by_moderator
5.8309224433604285,-0.15189271750251676,-0.17447451840061215,-0.12931091660442137,-0.16115262549503712,-0.1426328095099964,joint_six_dimensions,mod__age_65plus_pct,package_by_moderator
6.008068725181135,-0.15059025884664837,-0.1728446504701048,-0.12833586722319193,-0.15971590917864217,-0.14146460851465456,joint_six_dimensions,mod__age_65plus_pct,package_by_moderator
6.185215007001842,-0.14918667387643475,-0.17117107563449846,-0.12720227211837104,-0.15820161198827695,-0.14017173576459255,joint_six_dimensions,mod__age_65plus_pct,package_by_moderator
6.36236128882255,-0.1476842659003396,-0.16945081216835528,-0.1259177196323239,-0.1566098700479593,-0.1387586617527199,joint_six_dimensions,mod__age_65plus_pct,package_by_moderator
6.5395075706432575,-0.14608533822682665,-0.16768079431394,-0.12448988213971328,-0.15494078502336844,-0.13722989143028486,joint_six_dimensions,mod__age_65plus_pct,package_by_moderator
6.716653852463963,-0.14439219416435964,-0.16585797047518003,-0.12292641785353925,-0.1531944643873242,-0.13558992394139507,joint_six_dimensions,mod__age_65plus_pct,package_by_moderator
6.893800134284671,-0.14260713702140226,-0.16397939342052112,-0.12123488062228341,-0.15137105840842888,-0.13384321563437565,joint_six_dimensions,mod__age_65plus_pct,package_by_moderator
7.070946416105379,-0.1407324701064182,-0.16204229861286584,-0.11942264159997057,-0.14947079227109267,-0.13199414794174374,joint_six_dimensions,mod__age_65plus_pct,package_by_moderator
7.248092697926085,-0.13877049672787126,-0.16004416834535462,-0.11749682511038789,-0.14749399237509406,-0.13004700108064846,joint_six_dimensions,mod__age_65plus_pct,package_by_moderator
7.425238979746792,-0.13672352019422507,-0.15798278084221684,-0.11546425954623331,-0.1454411064699067,-0.12800593391854342,joint_six_dimensions,mod__age_65plus_pct,package_by_moderator
7.6023852615675,-0.13459384381394335,-0.15585624471339082,-0.11333144291449586,-0.14331271778318339,-0.1258749698447033,joint_six_dimensions,mod__age_65plus_pct,package_by_moderator
7.779531543388206,-0.13238377089548986,-0.153663020045512,-0.11110452174546773,-0.14110955366934033,-0.12365798812163939,joint_six_dimensions,mod__age_65plus_pct,package_by_moderator
7.956677825208914,-0.13009560474732823,-0.15140192796059504,-0.10878928153406142,-0.1388324895291966,-0.12135871996545985,joint_six_dimensions,mod__age_65plus_pct,package_by_moderator
8.133824107029621,-0.12773164867792228,-0.14907215071930954,-0.106391146636535,-0.13648254885232358,-0.11898074850352096,joint_six_dimensions,mod__age_65plus_pct,package_by_moderator
8.310970388850327,-0.1252942059957357,-0.14667322445665298,-0.10391518753481845,-0.1340609002382301,-0.1165275117532413,joint_six_dimensions,mod__age_65plus_pct,package_by_moderator
8.488116670671035,-0.12278558000923215,-0.14420502648851438,-0.10136613352994991,-0.13156885219128367,-0.11400230782718063,joint_six_dimensions,mod__age_65plus_pct,package_by_moderator
8.665262952491743,-0.12020807402687536,-0.1416677588851047,-0.09874838916864602,-0.12900784638482074,-0.11140830166893,joint_six_dimensions,mod__age_65plus_pct,package_by_moderator
8.842409234312449,-0.11756399135712908,-0.1390619297245271,-0.09606605298973107,-0.12637944997397343,-0.10874853274028473,joint_six_dimensions,mod__age_65plus_pct,package_by_moderator
9.019555516133156,-0.114855635308457,-0.13638833315438323,-0.09332293746253077,-0.1236853474197189,-0.10602592319719509,joint_six_dimensions,mod__age_65plus_pct,package_by_moderator
9.196701797953864,-0.1120853091893228,-0.13364802912478843,-0.09052258925385716,-0.12092733217818621,-0.10324328620045939,joint_six_dimensions,mod__age_65plus_pct,package_by_moderator
9.37384807977457,-0.1092553163081903,-0.1308423234249708,-0.0876683091914098,-0.1181072985144513,-0.1004033341019293,joint_six_dimensions,mod__age_65plus_pct,package_by_moderator
9.550994361595277,-0.10636795997352308,-0.1279727484623245,-0.08476317148472165,-0.11522723362078287,-0.09750868632626329,joint_six_dimensions,mod__age_65plus_pct,package_by_moderator
9.728140643415985,-0.10342554349378491,-0.12504104506684338,-0.08181004192072643,-0.11228921015535671,-0.09456187683221311,joint_six_dimensions,mod__age_65plus_pct,package_by_moderator
9.905286925236691,-0.10043037017743958,-0.12204914548181553,-0.07881159487306363,-0.10929537926740887,-0.09156536108747029,joint_six_dimensions,mod__age_65plus_pct,package_by_moderator
10.082433207057399,-0.09738474333295066,-0.11899915760871999,-0.07577032905718134,-0.1062479641366875,-0.08852152252921383,joint_six_dimensions,mod__age_65plus_pct,package_by_moderator
10.259579488878106,-0.09429096626878197,-0.11589335050527089,-0.07268858203229306,-0.10314925402677166,-0.08543267851079228,joint_six_dimensions,mod__age_65plus_pct,package_by_moderator
10.436725770698814,-0.09115134229339719,-0.11273414108562556,-0.06956854350116883,-0.10000159883134985,-0.08230108575544454,joint_six_dimensions,mod__age_65plus_pct,package_by_moderator
10.61387205251952,-0.08796817471526006,-0.1095240819366097,-0.06641226749391041,-0.09680740407813332,-0.07912894535238679,joint_six_dimensions,mod__age_65plus_pct,package_by_moderator
10.791018334340228,-0.08474376684283424,-0.10626585013980816,-0.06322168354586033,-0.09356912634523541,-0.07591840734043308,joint_six_dimensions,mod__age_65plus_pct,package_by_moderator
10.968164616160935,-0.08148042198458348,-0.1029622369736466,-0.05999860699552036,-0.09028926903840045,-0.07267157493076651,joint_six_dimensions,mod__age_65plus_pct,package_by_moderator
11.145310897981641,-0.07818044344897151,-0.0996161383599255,-0.05674474853801753,-0.08697037847350322,-0.0693905084244398,joint_six_dimensions,mod__age_65plus_pct,package_by_moderator
11.322457179802349,-0.07484613454446201,-0.09623054591404424,-0.05346172317487978,-0.08361504020659806,-0.06607722888232596,joint_six_dimensions,mod__age_65plus_pct,package_by_moderator
11.499603461623057,-0.0714797985795187,-0.0928085384562516,-0.050151058702785786,-0.0802258755530166,-0.06273372160602078,joint_six_dimensions,mod__age_65plus_pct,package_by_moderator
11.676749743443763,-0.06808373886260533,-0.08935327384199451,-0.046814203883216145,-0.07680553823731545,-0.0593619394878952,joint_six_dimensions,mod__age_65plus_pct,package_by_moderator
11.85389602526447,-0.06466025870218554,-0.08586798097248526,-0.04345253643188583,-0.07335671111712395,-0.055963806287247134,joint_six_dimensions,mod__age_65plus_pct,package_by_moderator
12.031042307085178,-0.0612116614067231,-0.08235595185192704,-0.04006737096151916,-0.0698821029261251,-0.052541219887321106,joint_six_dimensions,mod__age_65plus_pct,package_by_moderator
12.208188588905884,-0.05774025028468174,-0.07882053356561877,-0.036659967003744715,-0.06638444498459187,-0.04909605558477162,joint_six_dimensions,mod__age_65plus_pct,package_by_moderator
12.385334870726592,-0.05424832864452512,-0.07526512006375795,-0.03323153722529229,-0.06286648783024805,-0.04563016945880219,joint_six_dimensions,mod__age_65plus_pct,package_by_moderator
12.5624811525473,-0.05073819979471698,-0.0716931436496202,-0.02978325593981375,-0.059330997727905704,-0.04214540186152825,joint_six_dimensions,mod__age_65plus_pct,package_by_moderator
12.739627434368005,-0.04721216704372107,-0.06810806608838273,-0.02631626799905941,-0.055780753023543454,-0.03864358106389868,joint_six_dimensions,mod__age_65plus_pct,package_by_moderator
12.916773716188713,-0.04367253370000102,-0.06451336927457793,-0.02283169812542411,-0.05221854031739635,-0.03512652708260569,joint_six_dimensions,mod__age_65plus_pct,package_by_moderator
13.09391999800942,-0.040121603072020603,-0.060912545422245626,-0.01933066072179558,-0.04864715044132348,-0.03159605570271773,joint_six_dimensions,mod__age_65plus_pct,package_by_moderator
13.271066279830126,-0.036561678468243555,-0.05730908677226497,-0.015814270164222145,-0.04506937423818964,-0.028053982698297474,joint_six_dimensions,mod__age_65plus_pct,package_by_moderator
13.448212561650834,-0.03299506319713352,-0.05370647484569953,-0.012283651548567514,-0.04148799815508504,-0.024502128239182006,joint_six_dimensions,mod__age_65plus_pct,package_by_moderator
13.625358843471542,-0.029424060567154242,-0.05010816930942964,-0.008739951824878838,-0.03790579967755931,-0.020942321456749173,joint_six_dimensions,mod__age_65plus_pct,package_by_moderator
13.802505125292248,-0.025850973886769487,-0.04651759655952786,-0.005184351214011108,-0.034325542648112974,-0.017376405125426,joint_six_dimensions,mod__age_65plus_pct,package_by_moderator
13.979651407112955,-0.022278106464442886,-0.04293813816690038,-0.001618074761985392,-0.030749972528209546,-0.013806240400676224,joint_six_dimensions,mod__age_65plus_pct,package_by_moderator
14.156797688933663,-0.0187077616086382,-0.0393731193663588,0.0019575961490824016,-0.027181811678096968,-0.010233711539179432,joint_six_dimensions,mod__age_65plus_pct,package_by_moderator
14.333943970754369,-0.015142242627819158,-0.035825797801878556,0.00554131254624024,-0.023623754741680818,-0.006660730513957498,joint_six_dimensions,mod__age_65plus_pct,package_by_moderator
14.511090252575077,-0.01158385283044941,-0.03229935276461818,0.00913164710371936,-0.020078464233459475,-0.003089241427439344,joint_six_dimensions,mod__age_65plus_pct,package_by_moderator
14.688236534395784,-0.00803489552499271,-0.028796875173752023,0.012727084123766604,-0.016548566430057962,0.0004787753800725419,joint_six_dimensions,mod__age_65plus_pct,package_by_moderator
14.86538281621649,-0.004497674019912815,-0.025321358551229023,0.016326010511403394,-0.013036647669331566,0.004041299629505937,joint_six_dimensions,mod__age_65plus_pct,package_by_moderator
15.042529098037198,-0.0009744916236733639,-0.021875691228914727,0.019926707981568,-0.009545251154821363,0.007596267907474636,joint_six_dimensions,mod__age_65plus_pct,package_by_moderator
15.219675379857906,0.002532348355261907,-0.018462649999939563,0.023527346710463377,-0.006076874352422084,0.011141571062945898,joint_six_dimensions,mod__age_65plus_pct,package_by_moderator
15.396821661678612,0.006020542608429241,-0.015084895386381855,0.027125980603240337,-0.002633967049845058,0.01467505226670354,joint_six_dimensions,mod__age_65plus_pct,package_by_moderator
15.57396794349932,0.00948778782736498,-0.011744968644775762,0.03072054429950572,0.0007810698713051935,0.018194505783424766,joint_six_dimensions,mod__age_65plus_pct,package_by_moderator
15.751114225320027,0.012931780703605393,-0.00844529057250486,0.03430885197971564,0.004165884924981909,0.021697676482228877,joint_six_dimensions,mod__age_65plus_pct,package_by_moderator
15.928260507140733,0.016350217928686725,-0.005188162115829079,0.03788859797320253,0.0075181757713681675,0.025182260086005284,joint_six_dimensions,mod__age_65plus_pct,package_by_moderator
16.10540678896144,0.019740796194145302,-0.001975766718358505,0.041457359106649105,0.010835688253860273,0.02864590413443033,joint_six_dimensions,mod__age_65plus_pct,package_by_moderator
16.282553070782146,0.023101212191517465,0.0011898257086105958,0.04501259867442434,0.014116214770989129,0.0320862096120458,joint_six_dimensions,mod__age_65plus_pct,package_by_moderator
16.459699352602854,0.026429162612339414,0.004306653361706613,0.04855167186297221,0.017357592052091593,0.035500733172587236,joint_six_dimensions,mod__age_65plus_pct,package_by_moderator
16.636845634423562,0.029722344148147464,0.007372855873141116,0.052071832423153816,0.020557698421245937,0.03888698987504899,joint_six_dimensions,mod__age_65plus_pct,package_by_moderator
16.81399191624427,0.032978453490477885,0.010386666622201567,0.0555702403587542,0.02371445064451743,0.04224245633643834,joint_six_dimensions,mod__age_65plus_pct,package_by_moderator
16.991138198064974,0.036195187330866935,0.013346404274939033,0.05904397038679483,0.02682580046071721,0.04556457420101666,joint_six_dimensions,mod__age_65plus_pct,package_by_moderator
17.16828447988568,0.039370242360851,0.016250463796441895,0.06249002092526011,0.02988973089588945,0.048850753825812554,joint_six_dimensions,mod__age_65plus_pct,package_by_moderator
17.34543076170639,0.0425013152719663,0.0190973071690395,0.0659053233748931,0.03290425245721172,0.05209837808672088,joint_six_dimensions,mod__age_65plus_pct,package_by_moderator
17.522577043527097,0.045586102755749126,0.021885454029747484,0.06928675148175077,0.03586739929377989,0.05530480621771836,joint_six_dimensions,mod__age_65plus_pct,package_by_moderator
17.699723325347804,0.048622301503735796,0.02461347241367292,0.07263113059379867,0.038777225400842726,0.058467377606628866,joint_six_dimensions,mod__age_65plus_pct,package_by_moderator
17.876869607168512,0.05160760820746255,0.02727996975943779,0.07593524665548732,0.04163180093147999,0.06158341548344512,joint_six_dimensions,mod__age_65plus_pct,package_by_moderator
18.054015888989216,0.05453971955846562,0.029883584300277172,0.07919585481665407,0.044429208666430506,0.06465023045050074,joint_six_dimensions,mod__age_65plus_pct,package_by_moderator
18.231162170809924,0.057416332248281444,0.03242297693232281,0.08240968756424008,0.04716754067959543,0.06766512381696746,joint_six_dimensions,mod__age_65plus_pct,package_by_moderator
18.40830845263063,0.06023514296844621,0.03489682362127354,0.08557346231561888,0.049844895224312284,0.07062539071258013,joint_six_dimensions,mod__age_65plus_pct,package_by_moderator
18.58545473445134,0.06299384841049623,0.037303808381310796,0.08868388843968165,0.05245937385428465,0.0735283229667078,joint_six_dimensions,mod__age_65plus_pct,package_by_moderator
18.762601016272047,0.06569014526596778,0.03964261683642784,0.09173767369550773,0.05500907878333658,0.07637121174859898,joint_six_dimensions,mod__age_65plus_pct,package_by_moderator
18.93974729809275,0.06832173022639709,0.04191193035463085,0.09473153009816333,0.05749211048007929,0.07915134997271489,joint_six_dimensions,mod__age_65plus_pct,package_by_moderator
19.11689357991346,0.07088629998332058,0.04411042072973834,0.09766217923690282,0.05990656548712643,0.08186603447951472,joint_six_dimensions,mod__age_65plus_pct,package_by_moderator
19.294039861734166,0.07338155122827446,0.04623674537353656,0.10052635708301236,0.06225053444958606,0.08451256800696286,joint_six_dimensions,mod__age_65plus_pct,package_by_moderator
19.471186143554874,0.07580518065279498,0.048289542972472566,0.1033208183331174,0.06452210033404143,0.08708826097154854,joint_six_dimensions,mod__age_65plus_pct,package_by_moderator
19.648332425375582,0.07815488494841849,0.050267429557417614,0.10604234033941937,0.06671933681691566,0.08959043307992132,joint_six_dimensions,mod__age_65plus_pct,package_by_moderator
19.82547870719629,0.08042836080668121,0.052168994931826106,0.10868772668153631,0.0688403068198002,0.09201641479356222,joint_six_dimensions,mod__age_65plus_pct,package_by_moderator
20.002624989016994,0.08262330491911947,0.05399279940236071,0.11125381043587823,0.07088306116881288,0.09436354866942606,joint_six_dimensions,mod__age_65plus_pct,package_by_moderator
20.1797712708377,0.08473741397726955,0.055737370756299295,0.11373745719823981,0.07284563735515139,0.09662919059938772,joint_six_dimensions,mod__age_65plus_pct,package_by_moderator
20.35691755265841,0.08676838467266776,0.0574012014313902,0.11613556791394532,0.0747260583745623,0.09881071097077322,joint_six_dimensions,mod__age_65plus_pct,package_by_moderator
20.534063834479117,0.08871391369685036,0.058982745825931736,0.11844508156776898,0.07652233162431053,0.10090549576939019,joint_six_dimensions,mod__age_65plus_pct,package_by_moderator
20.711210116299824,0.09057169774135365,0.060480417699449146,0.12066297778325816,0.07823244783729924,0.10291094764540806,joint_six_dimensions,mod__age_65plus_pct,package_by_moderator
20.888356398120532,0.0923394334977139,0.06189258761720397,0.12278627937822383,0.0798543800341636,0.10482448696126419,joint_six_dimensions,mod__age_65plus_pct,package_by_moderator
21.065502679941236,0.09401481765746733,0.06321758039473953,0.12481205492019513,0.08138608247537955,0.10664355283955511,joint_six_dimensions,mod__age_65plus_pct,package_by_moderator
21.242648961761944,0.09559554691215039,0.064453672501627,0.1267374213226738,0.0828254895966423,0.10836560422765848,joint_six_dimensions,mod__age_65plus_pct,package_by_moderator
21.41979524358265,0.09707931795329922,0.06559908938646036,0.12855954652013807,0.08417051491195168,0.10998812099464675,joint_six_dimensions,mod__age_65plus_pct,package_by_moderator
21.59694152540336,0.0984638274724502,0.06665200268792884,0.13027565225697155,0.0854190498699831,0.11150860507491729,joint_six_dimensions,mod__age_65plus_pct,package_by_moderator
21.774087807224067,0.09974677216113953,0.06761052729946529,0.13188301702281377,0.08656896265041504,0.11292458167186402,joint_six_dimensions,mod__age_65plus_pct,package_by_moderator
21.951234089044775,0.10092584871090357,0.06847271825756833,0.1333789791642388,0.08761809688795262,0.11423360053385452,joint_six_dimensions,mod__age_65plus_pct,package_by_moderator
22.12838037086548,0.10199875381327854,0.06923656742647089,0.1347609402000862,0.0885642703128404,0.11543323731371667,joint_six_dimensions,mod__age_65plus_pct,package_by_moderator
22.305526652686186,0.10296318415980081,0.06989999995446247,0.13602636836513915,0.08940527329773987,0.11652109502186175,joint_six_dimensions,mod__age_65plus_pct,package_by_moderator
22.482672934506894,0.10381683644200662,0.07046087047996162,0.1371728024040516,0.09013886730198872,0.11749480558202452,joint_six_dimensions,mod__age_65plus_pct,package_by_moderator
22.6598192163276,0.10455740735143218,0.07091695906850307,0.1381978556343613,0.09076278320551937,0.118352031497345,joint_six_dimensions,mod__age_65plus_pct,package_by_moderator
22.83696549814831,0.10518259357961394,0.0712659668652878,0.1390992202939401,0.09127471952614079,0.1190904676330871,joint_six_dimensions,mod__age_65plus_pct,package_by_moderator
23.014111779969017,0.10569009181808803,0.07150551145200665,0.1398746721841694,0.09167234051555444,0.11970784312062162,joint_six_dimensions,mod__age_65plus_pct,package_by_moderator
23.19125806178972,0.10607759875839087,0.07163312190147446,0.14052207561530727,0.09195327413145452,0.12020192338532723,joint_six_dimensions,mod__age_65plus_pct,package_by_moderator
23.36840434361043,0.10634281109205865,0.07164623352939276,0.14103938865472454,0.09211510988543212,0.12057051229868518,joint_six_dimensions,mod__age_65plus_pct,package_by_moderator
23.545550625431137,0.10648342551062767,0.0715421823495283,0.14142466867172704,0.09215539656926232,0.12081145445199303,joint_six_dimensions,mod__age_65plus_pct,package_by_moderator
23.722696907251844,0.10649713870563426,0.07131819924696645,0.14167607816430208,0.0920716398655846,0.12092263754568393,joint_six_dimensions,mod__age_65plus_pct,package_by_moderator
23.899843189072552,0.10638164736861465,0.07097140389412579,0.1417918908431035,0.09186129985309978,0.12090199488412952,joint_six_dimensions,mod__age_65plus_pct,package_by_moderator
24.07698947089326,0.10613464819110516,0.07049879844612747,0.14177049793608285,0.09152178842128916,0.12074750796092115,joint_six_dimensions,mod__age_65plus_pct,package_by_moderator
24.254135752713964,0.1057538378646421,0.06989726106611643,0.14161041466316776,0.09105046661540345,0.12045720911388075,joint_six_dimensions,mod__age_65plus_pct,package_by_moderator
24.43128203453467,0.10523691308076165,0.06916353934740807,0.14131028681411523,0.09044464193914391,0.12002918422237939,joint_six_dimensions,mod__age_65plus_pct,package_by_moderator
24.60842831635538,0.10458157053100026,0.06829424371798568,0.14086889734401484,0.08970156565010645,0.11946157541189406,joint_six_dimensions,mod__age_65plus_pct,package_by_moderator
24.785574598176087,0.10378550690689405,0.06728584093389633,0.14028517287989176,0.08881843009167907,0.11875258372210902,joint_six_dimensions,mod__age_65plus_pct,package_by_moderator
24.962720879996795,0.10284641889997945,0.06613464779134605,0.13955819000861286,0.08779236611461971,0.11790047168533918,joint_six_dimensions,mod__age_65plus_pct,package_by_moderator
25.139867161817502,0.10176200320179263,0.0648368252124083,0.13868718119117696,0.08662044065183785,0.1169035657517474,joint_six_dimensions,mod__age_65plus_pct,package_by_moderator
25.31701344363821,0.10052995650386995,0.06338837288563579,0.1376715401221041,0.08529965452072046,0.11576025848701944,joint_six_dimensions,mod__age_65plus_pct,package_by_moderator
25.494159725458914,0.09914797549774768,0.06178512466955151,0.13651082632594386,0.08382694053828438,0.11446901045721097,joint_six_dimensions,mod__age_65plus_pct,package_by_moderator
25.67130600727962,0.09761375687496211,0.060022744992687456,0.13520476875723678,0.08219916204497399,0.11302835170495024,joint_six_dimensions,mod__age_65plus_pct,package_by_moderator
25.84845228910033,0.09592499732704947,0.058096726506797085,0.13375326814730185,0.08041311194233583,0.11143688271176311,joint_six_dimensions,mod__age_65plus_pct,package_by_moderator
26.025598570921037,0.0940793935455461,0.05600238926792443,0.1321563978231678,0.07846551235720746,0.10969327473388475,joint_six_dimensions,mod__age_65plus_pct,package_by_moderator
26.202744852741745,0.09207464222198827,0.05373488173058869,0.13041440271338786,0.07635301504939326,0.10779626939458328,joint_six_dimensions,mod__age_65plus_pct,package_by_moderator
26.379891134562452,0.08990844004791229,0.05128918384055121,0.12852769625527338,0.07407220267988662,0.10574467741593796,joint_six_dimensions,mod__age_65plus_pct,package_by_moderator
26.557037416383157,0.08757848371485444,0.0486601124984115,0.12649685493129736,0.07161959105127555,0.10353737637843333,joint_six_dimensions,mod__age_65plus_pct,package_by_moderator
26.734183698203864,0.08508246991435098,0.04584232963669911,0.12432261019200284,0.06899163241984031,0.10117330740886164,joint_six_dimensions,mod__age_65plus_pct,package_by_moderator
26.911329980024572,0.08241809533793824,0.042830353104680356,0.12200583757119612,0.06618471995898438,0.0986514707168921,joint_six_dimensions,mod__age_65plus_pct,package_by_moderator
27.08847626184528,0.07958305667715244,0.03961857048617205,0.11954754286813284,0.06319519342537606,0.09597091992892882,joint_six_dimensions,mod__age_65plus_pct,package_by_moderator
27.265622543665987,0.07657505062352987,0.03620125588596733,0.11694884536109242,0.0600193460424013,0.09313075520465844,joint_six_dimensions,mod__age_65plus_pct,package_by_moderator
27.442768825486695,0.07339177386860686,0.03257258961156611,0.1142109581256476,0.056653432570866864,0.09013011516634686,joint_six_dimensions,mod__age_65plus_pct,package_by_moderator
27.6199151073074,0.07003092310391985,0.028726680552452047,0.11133516565538766,0.053093678485861315,0.08696816772197839,joint_six_dimensions,mod__age_65plus_pct,package_by_moderator
27.797061389128107,0.06649019502100474,0.024657590925193054,0.10832279911681643,0.04933629012374664,0.08364409991826284,joint_six_dimensions,mod__age_65plus_pct,package_by_moderator
27.974207670948815,0.06276728631139813,0.020359362917420513,0.10517520970537575,0.04537746560780648,0.08015710701498979,joint_six_dimensions,mod__age_65plus_pct,package_by_moderator
28.151353952769522,0.0588598936666362,0.015826046637228065,0.10189374069604434,0.04121340630919414,0.07650638102407827,joint_six_dimensions,mod__age_65plus_pct,package_by_moderator
28.32850023459023,0.054765713778255246,0.011051728667674662,0.09847969888883583,0.03684032855601102,0.07269109900049947,joint_six_dimensions,mod__age_65plus_pct,package_by_moderator
28.505646516410938,0.05048244333779155,0.006030560449496888,0.0949343262260862,0.032254475271940114,0.06871041140364298,joint_six_dimensions,mod__age_65plus_pct,package_by_moderator
28.68279279823164,0.04600777903678151,0.0007567856779459731,0.09125877239561704,0.02745212721061084,0.06456343086295217,joint_six_dimensions,mod__age_65plus_pct,package_by_moderator
28.85993908005235,0.041339417566761266,-0.00477523409198434,0.08745406922550687,0.022429613455295302,0.06024922167822723,joint_six_dimensions,mod__age_65plus_pct,package_by_moderator
29.037085361873057,0.03647505561926696,-0.010570996381568047,0.08352110762010198,0.017183320876543097,0.05576679036199083,joint_six_dimensions,mod__age_65plus_pct,package_by_moderator
29.214231643693765,0.03141238988583517,-0.016635837913750354,0.07946061768542069,0.01170970228197156,0.051115077489698776,joint_six_dimensions,mod__age_65plus_pct,package_by_moderator
29.391377925514472,0.026149117058002186,-0.022974918436139725,0.07527315255214409,0.006005283049819787,0.046292951066184584,joint_six_dimensions,mod__age_65plus_pct,package_by_moderator
29.56852420733518,0.020682933827304073,-0.029593208582074558,0.07095907623668271,6.666610664756226e-05,0.04129920154796059,joint_six_dimensions,mod__age_65plus_pct,package_by_moderator
29.745670489155884,0.015011536885277316,-0.03649548192808302,0.06651855569863765,-0.006109464815741067,0.0361325385862957,joint_six_dimensions,mod__age_65plus_pct,package_by_moderator
29.922816770976592,0.009132622923457998,-0.04368631122366791,0.061951557070583904,-0.01252634363428137,0.030791589481197364,joint_six_dimensions,mod__age_65plus_pct,package_by_moderator
30.0999630527973,0.0030438886333826465,-0.05117006860019851,0.0572578458669638,-0.019187122000305815,0.025274899267071108,joint_six_dimensions,mod__age_65plus_pct,package_by_moderator
30.277109334618007,-0.0032569692934127925,-0.058950929421054676,0.05243699083422909,-0.026094870878337215,0.01958093229151163,joint_six_dimensions,mod__age_65plus_pct,package_by_moderator
30.454255616438715,-0.009772254165391708,-0.06703287932293467,0.047488370992151245,-0.03325258343345129,0.013708075102667878,joint_six_dimensions,mod__age_65plus_pct,package_by_moderator
30.631401898259423,-0.016504269291017823,-0.07541972392260732,0.04241118534057167,-0.04066317901163442,0.007654640429598774,joint_six_dimensions,mod__age_65plus_pct,package_by_moderator
30.808548180080127,-0.023455317978754914,-0.08411510062472669,0.03720446466721686,-0.048329507981703546,0.001418872024193718,joint_six_dimensions,mod__age_65plus_pct,package_by_moderator
30.985694461900835,-0.030627703537066883,-0.09312249196188505,0.03186708488775128,-0.05625435720553716,-0.005001049868596608,joint_six_dimensions,mod__age_65plus_pct,package_by_moderator
31.162840743721542,-0.038023729274417314,-0.10244523992267615,0.026397781373841522,-0.0644404559134499,-0.01160700263538473,joint_six_dimensions,mod__age_65plus_pct,package_by_moderator
31.33998702554225,-0.04564569849926979,-0.11208656077061559,0.020795163772076006,-0.07289048178084895,-0.01840091521769064,joint_six_dimensions,mod__age_65plus_pct,package_by_moderator
31.517133307362958,-0.05349591452008838,-0.12204955991926175,0.01505773087908499,-0.08160706702793605,-0.025384762012240714,joint_six_dimensions,mod__age_65plus_pct,package_by_moderator
31.694279589183665,-0.061576680645336376,-0.13233724650001913,0.009183885209346376,-0.09059280439338976,-0.03256055689728299,joint_six_dimensions,mod__age_65plus_pct,package_by_moderator
31.87142587100437,-0.06989030018347747,-0.14295254733297302,0.00317194696601808,-0.09985025286325566,-0.03993034750369928,joint_six_dimensions,mod__age_65plus_pct,package_by_moderator
32.04857215282508,-0.07843907644297599,-0.15389832008289223,-0.0029798328030597315,-0.10938194306570555,-0.047496209820246424,joint_six_dimensions,mod__age_65plus_pct,package_by_moderator
32.225718434645785,-0.08722531273229492,-0.16517736544878966,-0.009273260015800172,-0.11919038226949547,-0.05526024319509438,joint_six_dimensions,mod__age_65plus_pct,package_by_moderator
32.402864716466496,-0.09625131235989869,-0.17679243829387406,-0.01571018642592331,-0.12927805894792255,-0.06322456577187482,joint_six_dimensions,mod__age_65plus_pct,package_by_moderator
32.5800109982872,-0.10551937863425008,-0.1887462576721649,-0.022292499596335252,-0.1396474468903435,-0.07139131037815666,joint_six_dimensions,mod__age_65plus_pct,package_by_moderator
32.75715728010791,-0.11503181486381382,-0.2010415157482338,-0.029022113979393818,-0.15030100885981168,-0.07976262086781596,joint_six_dimensions,mod__age_65plus_pct,package_by_moderator
32.934303561928616,-0.12479092435705272,-0.21368088563773663,-0.035900963076368794,-0.16124119980816842,-0.08834064890593701,joint_six_dimensions,mod__age_65plus_pct,package_by_moderator
33.11144984374932,-0.13479901042243103,-0.22666702821950352,-0.04293099262535856,-0.17247046966941526,-0.0971275511754468,joint_six_dimensions,mod__age_65plus_pct,package_by_moderator
33.28859612557003,-0.1450583763684125,-0.24000259798586865,-0.050114154750956375,-0.18399126575870275,-0.10612548697812227,joint_six_dimensions,mod__age_65plus_pct,package_by_moderator
33.465742407390735,-0.15557132550346048,-0.2536902480078947,-0.05745240299902625,-0.19580603480837364,-0.11533661619854732,joint_six_dimensions,mod__age_65plus_pct,package_by_moderator
33.642888689211446,-0.16634016113603944,-0.26773263409724124,-0.06494768817483763,-0.20791722467458226,-0.12476309759749662,joint_six_dimensions,mod__age_65plus_pct,package_by_moderator
33.82003497103215,-0.17736718657461198,-0.282132418247728,-0.07260195490149596,-0.22032728574854255,-0.1344070874006814,joint_six_dimensions,mod__age_65plus_pct,package_by_moderator
0.703795831287996,-0.027253294834701583,-0.055837179061606776,0.0013305893922036134,-0.03897442102850837,-0.015532168640894791,joint_six_dimensions,ses__unemployment_pct,package_by_moderator
0.9171123697955068,-0.030578954362396944,-0.05763732631568369,-0.003520582409110202,-0.0416745279991285,-0.01948338072566539,joint_six_dimensions,ses__unemployment_pct,package_by_moderator
1.1304289083030177,-0.03381280278658318,-0.05943217614236577,-0.008193429430800599,-0.0443182997206467,-0.023307305852519666,joint_six_dimensions,ses__unemployment_pct,package_by_moderator
1.3437454468105283,-0.036955510589799234,-0.06122466954842986,-0.012686351631168609,-0.04690733772825057,-0.027003683451347897,joint_six_dimensions,ses__unemployment_pct,package_by_moderator
1.5570619853180392,-0.040007748254584065,-0.06301793157247276,-0.01699756493669536,-0.04944331902133575,-0.030572177487832378,joint_six_dimensions,ses__unemployment_pct,package_by_moderator
1.77037852382555,-0.04297018626347658,-0.06481520684685932,-0.021125165680093837,-0.05192796963999632,-0.034012402886956845,joint_six_dimensions,ses__unemployment_pct,package_by_moderator
1.983695062333061,-0.045843495099015696,-0.06661976029762201,-0.02506722990040939,-0.0543630239459609,-0.03732396625207049,joint_six_dimensions,ses__unemployment_pct,package_by_moderator
2.197011600840572,-0.04862834524374037,-0.0684347369658726,-0.028821953521608136,-0.05675016714086949,-0.040506523346611256,joint_six_dimensions,ses__unemployment_pct,package_by_moderator
2.4103281393480827,-0.05132540718018952,-0.07026297843407786,-0.03238783592630118,-0.05909095998991226,-0.04355985437046678,joint_six_dimensions,ses__unemployment_pct,package_by_moderator
2.6236446778555935,-0.05393535139090208,-0.07210679973502213,-0.035763903046782036,-0.061386747340973526,-0.046483955440830636,joint_six_dimensions,ses__unemployment_pct,package_by_moderator
2.8369612163631044,-0.05645884835841701,-0.07396773988728673,-0.038949956829547286,-0.0636385558290478,-0.049279140887786226,joint_six_dimensions,ses__unemployment_pct,package_by_moderator
3.0502777548706153,-0.05889656856527323,-0.07584631005775566,-0.04194682707279079,-0.06584699060759269,-0.051946146522953755,joint_six_dimensions,ses__unemployment_pct,package_by_moderator
3.2635942933781257,-0.06124918249400963,-0.07774177292857094,-0.04475659205944832,-0.06801214487559895,-0.05448622011242032,joint_six_dimensions,ses__unemployment_pct,package_by_moderator
3.4769108318856365,-0.06351736062716518,-0.07965199113410068,-0.04738273012022967,-0.07013353772755472,-0.05690118352677563,joint_six_dimensions,ses__unemployment_pct,package_by_moderator
3.6902273703931474,-0.06570177344727882,-0.08157337802185641,-0.049830168872701225,-0.0722100939624353,-0.059193452932122324,joint_six_dimensions,ses__unemployment_pct,package_by_moderator
3.9035439089006583,-0.06780309143688946,-0.08350096943700538,-0.052105213436773545,-0.07424017351970699,-0.06136600935407194,joint_six_dimensions,ses__unemployment_pct,package_by_moderator
4.116860447408169,-0.06982198507853604,-0.08542861373227391,-0.054215356424798175,-0.07622164939491186,-0.06342232076216023,joint_six_dimensions,ses__unemployment_pct,package_by_moderator
4.33017698591568,-0.07175912485475751,-0.08734925519125798,-0.056168994518257034,-0.07815202386041523,-0.06536622584909979,joint_six_dimensions,ses__unemployment_pct,package_by_moderator
4.543493524423191,-0.07361518124809276,-0.08925527056689418,-0.05797509192929133,-0.08002856646659037,-0.06720179602959514,joint_six_dimensions,ses__unemployment_pct,package_by_moderator
4.756810062930701,-0.07539082474108075,-0.0911388137718088,-0.0596428357103527,-0.08184845538576775,-0.06893319409639374,joint_six_dimensions,ses__unemployment_pct,package_by_moderator
4.970126601438213,-0.07708672581626044,-0.09299212973382198,-0.06118132189869891,-0.0836089061120275,-0.07056454552049339,joint_six_dimensions,ses__unemployment_pct,package_by_moderator
5.183443139945723,-0.0787035549561707,-0.09480781122200316,-0.06259929869033823,-0.08530727677545905,-0.07209983313688234,joint_six_dimensions,ses__unemployment_pct,package_by_moderator
5.396759678453234,-0.0802419826433505,-0.09657898700139346,-0.06390497828530754,-0.0869411452970094,-0.0735428199896916,joint_six_dimensions,ses__unemployment_pct,package_by_moderator
5.610076216960745,-0.08170267936033879,-0.09829944197414626,-0.06510591674653131,-0.08850835865363735,-0.07489700006704023,joint_six_dimensions,ses__unemployment_pct,package_by_moderator
5.823392755468255,-0.08308631558967446,-0.09996367806733455,-0.06620895311201436,-0.09000705784600747,-0.07616557333334144,joint_six_dimensions,ses__unemployment_pct,package_by_moderator
6.0367092939757665,-0.08439356181389646,-0.10156692845697293,-0.06722019517081998,-0.09143568373120194,-0.07735143989659098,joint_six_dimensions,ses__unemployment_pct,package_by_moderator
6.250025832483277,-0.08562508851554372,-0.10310513827064066,-0.06814503876044678,-0.09279296910962545,-0.07845720792146199,joint_six_dimensions,ses__unemployment_pct,package_by_moderator
6.463342370990788,-0.0867815661771552,-0.10457492347786831,-0.06898820887644208,-0.0940779218675705,-0.0794852104867399,joint_six_dimensions,ses__unemployment_pct,package_by_moderator
6.676658909498299,-0.08786366528126979,-0.10597351736369323,-0.06975381319884635,-0.09528980302812849,-0.0804375275344111,joint_six_dimensions,ses__unemployment_pct,package_by_moderator
6.88997544800581,-0.08887205631042644,-0.1072987115338486,-0.07044540108700428,-0.09642810255973931,-0.08131601006111357,joint_six_dimensions,ses__unemployment_pct,package_by_moderator
7.10329198651332,-0.0898074097471641,-0.10854879622668641,-0.07106602326764179,-0.0974925149004594,-0.0821223045938688,joint_six_dimensions,ses__unemployment_pct,package_by_moderator
7.316608525020832,-0.09067039607402166,-0.1097225029672648,-0.07161828918077853,-0.09848291544265952,-0.0828578767053838,joint_six_dimensions,ses__unemployment_pct,package_by_moderator
7.529925063528342,-0.0914616857735381,-0.11081895130606464,-0.07210442024101155,-0.09939933869266818,-0.08352403285440801,joint_six_dimensions,ses__unemployment_pct,package_by_moderator
7.7432416020358525,-0.09218194932825231,-0.11183760048026967,-0.07252629817623496,-0.10024195844896458,-0.08412194020754005,joint_six_dimensions,ses__unemployment_pct,package_by_moderator
7.956558140543364,-0.09283185722070325,-0.11277820623758661,-0.0728855082038199,-0.10101107009732624,-0.08465264434408026,joint_six_dimensions,ses__unemployment_pct,package_by_moderator
8.169874679050874,-0.09341207993342984,-0.11364078269107318,-0.0731833771757865,-0.1017070749689949,-0.08511708489786478,joint_six_dimensions,ses__unemployment_pct,package_by_moderator
8.383191217558386,-0.09392328794897103,-0.11442556886083236,-0.07342100703710971,-0.10233046662074181,-0.08551610927720026,joint_six_dimensions,ses__unemployment_pct,package_by_moderator
8.596507756065895,-0.09436615174986572,-0.11513299945244179,-0.07359930404728965,-0.1028818188522515,-0.08585048464747994,joint_six_dimensions,ses__unemployment_pct,package_by_moderator
8.809824294573406,-0.09474134181865289,-0.11576367938443116,-0.07371900425287461,-0.10336177526084259,-0.08612090837646319,joint_six_dimensions,ses__unemployment_pct,package_by_moderator
9.023140833080918,-0.09504952863787143,-0.11631836158129792,-0.07378069569444494,-0.10377104013525719,-0.08632801714048567,joint_six_dimensions,ses__unemployment_pct,package_by_moderator
9.236457371588429,-0.09529138269006028,-0.1167979275764879,-0.07378483780363267,-0.10411037050170667,-0.08647239487841389,joint_six_dimensions,ses__unemployment_pct,package_by_moderator
9.449773910095939,-0.09546757445775837,-0.11720337050976666,-0.07373177840575008,-0.10438056915176258,-0.08655457976375416,joint_six_dimensions,ses__unemployment_pct,package_by_moderator
9.66309044860345,-0.09557877442350465,-0.1175357801481609,-0.0736217686988484,-0.10458247850003417,-0.08657507034697513,joint_six_dimensions,ses__unemployment_pct,package_by_moderator
9.876406987110961,-0.09562565306983806,-0.11779632960479595,-0.07345497653488016,-0.10471697513808619,-0.08653433100158993,joint_six_dimensions,ses__unemployment_pct,package_by_moderator
10.089723525618473,-0.09560888087929749,-0.11798626347307248,-0.0732314982855225,-0.10478496496873163,-0.08643279678986335,joint_six_dimensions,ses__unemployment_pct,package_by_moderator
10.303040064125982,-0.09552912833442191,-0.11810688713352048,-0.07295136953532334,-0.10478737882119343,-0.08627087784765039,joint_six_dimensions,ses__unemployment_pct,package_by_moderator
10.516356602633493,-0.09538706591775023,-0.11815955702690484,-0.07261457480859562,-0.1047251684624877,-0.08604896337301277,joint_six_dimensions,ses__unemployment_pct,package_by_moderator
10.729673141141005,-0.09518336411182139,-0.11814567171973617,-0.07222105650390662,-0.10459930293374123,-0.08576742528990156,joint_six_dimensions,ses__unemployment_pct,package_by_moderator
10.942989679648514,-0.09491869339917433,-0.11806666361749724,-0.07177072318085143,-0.10441076515211188,-0.08542662164623678,joint_six_dimensions,ses__unemployment_pct,package_by_moderator
11.156306218156026,-0.09459372426234798,-0.11792399120696713,-0.07126345731772883,-0.10416054872967083,-0.08502689979502513,joint_six_dimensions,ses__unemployment_pct,package_by_moderator
11.369622756663537,-0.09420912718388126,-0.11771913173237061,-0.07069912263539191,-0.10384965497017963,-0.08456859939758289,joint_six_dimensions,ses__unemployment_pct,package_by_moderator
11.582939295171048,-0.09376557264631312,-0.1174535742310287,-0.07007757106159754,-0.10347909001328462,-0.08405205527934162,joint_six_dimensions,ses__unemployment_pct,package_by_moderator
11.796255833678558,-0.09326373113218248,-0.11712881287301477,-0.06939864939135018,-0.10304986210337189,-0.08347760016099307,joint_six_dimensions,ses__unemployment_pct,package_by_moderator
12.009572372186069,-0.09270427312402826,-0.11674634056623674,-0.06866220568181979,-0.10256297896726313,-0.0828455672807934,joint_six_dimensions,ses__unemployment_pct,package_by_moderator
12.22288891069358,-0.09208786910438943,-0.11630764280350789,-0.06786809540527097,-0.10201944529114151,-0.08215629291763735,joint_six_dimensions,ses__unemployment_pct,package_by_moderator
12.436205449201092,-0.0914151895558049,-0.11581419174160859,-0.0670161873700012,-0.10142026029260785,-0.08141011881900194,joint_six_dimensions,ses__unemployment_pct,package_by_moderator
12.649521987708601,-0.0906869049608136,-0.11526744051409324,-0.06610636940753395,-0.10076641538858652,-0.08060739453304067,joint_six_dimensions,ses__unemployment_pct,package_by_moderator
12.862838526216112,-0.08990368580195444,-0.11466881778963117,-0.06513855381427772,-0.10005889196391518,-0.07974847963999371,joint_six_dimensions,ses__unemployment_pct,package_by_moderator
13.076155064723624,-0.0890662025617664,-0.11401972259592912,-0.06411268252760367,-0.09929865924883907,-0.07883374587469372,joint_six_dimensions,ses__unemployment_pct,package_by_moderator
13.289471603231133,-0.08817512572278839,-0.11332151943569717,-0.06302873200987961,-0.09848667231626078,-0.077863579129316,joint_six_dimensions,ses__unemployment_pct,package_by_moderator
13.502788141738645,-0.08723112576755933,-0.11257553372562676,-0.0618867178094919,-0.09762387021144461,-0.07683838132367404,joint_six_dimensions,ses__unemployment_pct,package_by_moderator
13.716104680246156,-0.08623487317861817,-0.11178304759191146,-0.06068669876532486,-0.09671117422792516,-0.07575857212931117,joint_six_dimensions,ses__unemployment_pct,package_by_moderator
13.929421218753667,-0.08518703843850382,-0.11094529605645993,-0.059428780820547714,-0.09574948634362317,-0.07462459053338448,joint_six_dimensions,ses__unemployment_pct,package_by_moderator
14.142737757261177,-0.08408829202975525,-0.11006346364668099,-0.058113120412829504,-0.09473968783065194,-0.07343689622885856,joint_six_dimensions,ses__unemployment_pct,package_by_moderator
14.356054295768688,-0.08293930443491136,-0.10913868145867786,-0.056739927411144864,-0.09368263805104873,-0.07219597081877399,joint_six_dimensions,ses__unemployment_pct,package_by_moderator
14.5693708342762,-0.08174074613651108,-0.10817202469904919,-0.05530946757397298,-0.09257917344876417,-0.070902318824258,joint_six_dimensions,ses__unemployment_pct,package_by_moderator
14.782687372783709,-0.08049328761709339,-0.10716451072449992,-0.053822064509686844,-0.09143010674578377,-0.06955646848840301,joint_six_dimensions,ses__unemployment_pct,package_by_moderator
14.99600391129122,-0.07919759935919717,-0.10611709759140414,-0.05227810112699019,-0.09023622634736067,-0.06815897237103366,joint_six_dimensions,ses__unemployment_pct,package_by_moderator
15.209320449798732,-0.07785435184536137,-0.10503068311966854,-0.0506780205710542,-0.08899829595814301,-0.06671040773257972,joint_six_dimensions,ses__unemployment_pct,package_by_moderator
15.422636988306243,-0.07646421555812491,-0.10390610446707224,-0.049022326649177585,-0.08771705440762734,-0.06521137670862248,joint_six_dimensions,ses__unemployment_pct,package_by_moderator
15.635953526813752,-0.07502786098002674,-0.10274413820206685,-0.047311583757986636,-0.08639321568001107,-0.06366250628004241,joint_six_dimensions,ses__unemployment_pct,package_by_moderator
15.849270065321264,-0.07354595859360578,-0.10154550085515289,-0.04554641633205868,-0.08502746914029026,-0.06206444804692131,joint_six_dimensions,ses__unemployment_pct,package_by_moderator
16.062586603828773,-0.072019178881401,-0.10031084992171893,-0.04372750784108307,-0.08362047994548452,-0.06041787781731747,joint_six_dimensions,ses__unemployment_pct,package_by_moderator
16.275903142336283,-0.07044819232595129,-0.09904078528289896,-0.04185559936900361,-0.08217288962727466,-0.05872349502462792,joint_six_dimensions,ses__unemployment_pct,package_by_moderator
16.489219680843796,-0.06883366940979556,-0.09773585100577792,-0.0399314878138132,-0.08068531683019613,-0.05698202198939499,joint_six_dimensions,ses__unemployment_pct,package_by_moderator
16.702536219351305,-0.06717628061547282,-0.09639653748028985,-0.03795602375065578,-0.07915835818789699,-0.055194203043048645,joint_six_dimensions,ses__unemployment_pct,package_by_moderator
16.915852757858815,-0.06547669642552192,-0.09502328384747892,-0.03593010900356493,-0.07759258931887202,-0.05336080353217183,joint_six_dimensions,ses__unemployment_pct,package_by_moderator
17.129169296366328,-0.06373558732248184,-0.09361648067243286,-0.03385469397253083,-0.07598856592252771,-0.05148260872243598,joint_six_dimensions,ses__unemployment_pct,package_by_moderator
17.342485834873838,-0.061953623788891514,-0.09217647281509381,-0.03173077476268922,-0.07434682495638877,-0.04956042262139426,joint_six_dimensions,ses__unemployment_pct,package_by_moderator
17.555802373381347,-0.06013147630728986,-0.0907035624532015,-0.029559390161378225,-0.07266788587568813,-0.04759506673889159,joint_six_dimensions,ses__unemployment_pct,package_by_moderator
17.76911891188886,-0.0582698153602158,-0.08919801221367978,-0.02734161850675182,-0.07095225191742541,-0.045587378803006194,joint_six_dimensions,ses__unemployment_pct,package_by_moderator
17.98243545039637,-0.05636931143020828,-0.08766004837167635,-0.025078574488740207,-0.0692004114121672,-0.043538211448249355,joint_six_dimensions,ses__unemployment_pct,package_by_moderator
18.19575198890388,-0.05443063499980626,-0.08608986408002074,-0.022771405919591772,-0.06741283910832077,-0.04144843089129175,joint_six_dimensions,ses__unemployment_pct,package_by_moderator
18.409068527411392,-0.052454456551548595,-0.08448762259589553,-0.020421290507201664,-0.0655899974952648,-0.039318915607832385,joint_six_dimensions,ses__unemployment_pct,package_by_moderator
18.622385065918902,-0.050441446567974314,-0.08285346047584347,-0.018029432660105163,-0.06373233811349635,-0.03715055502245227,joint_six_dimensions,ses__unemployment_pct,package_by_moderator
18.835701604426415,-0.048392275531622245,-0.0811874907146937,-0.015597060348550795,-0.061840302841780714,-0.034944248221463775,joint_six_dimensions,ses__unemployment_pct,package_by_moderator
19.049018142933924,-0.04630761392503143,-0.07948980580844678,-0.01312542204161609,-0.059914325153120285,-0.03270090269694258,joint_six_dimensions,ses__unemployment_pct,package_by_moderator
19.262334681441434,-0.04418813223074074,-0.07776048072548386,-0.01061578373599762,-0.05795483133313032,-0.030421433128351154,joint_six_dimensions,ses__unemployment_pct,package_by_moderator
19.475651219948947,-0.04203450093128908,-0.07599957577457567,-0.008069426088002506,-0.05596224165609673,-0.028106760206481438,joint_six_dimensions,ses__unemployment_pct,package_by_moderator
19.688967758456457,-0.03984739050921546,-0.07420713936198044,-0.005487641656450479,-0.05393697151555341,-0.025757809502877503,joint_six_dimensions,ses__unemployment_pct,package_by_moderator
19.902284296963966,-0.037627471447058754,-0.07238321063339895,-0.0028717322607185597,-0.051879432507643986,-0.023375510386473522,joint_six_dimensions,ses__unemployment_pct,package_by_moderator
20.11560083547148,-0.035375414227357876,-0.07052782199966645,-0.00022300645504929467,-0.049790033466808735,-0.020960794987907018,joint_six_dimensions,ses__unemployment_pct,package_by_moderator
20.32891737397899,-0.03309188933265183,-0.06864100154779781,0.002457222882494149,-0.04766918145445939,-0.018514597210844266,joint_six_dimensions,ses__unemployment_pct,package_by_moderator
20.5422339124865,-0.03077756724547953,-0.06672277534136822,0.005167640850409154,-0.045517282702274654,-0.016037851788684408,joint_six_dimensions,ses__unemployment_pct,package_by_moderator
20.75555045099401,-0.028433118448379834,-0.06477316961622592,0.007906932719466249,-0.043334743512575574,-0.013531493384184091,joint_six_dimensions,ses__unemployment_pct,package_by_moderator
20.96886698950152,-0.026059213423891767,-0.06279221287921645,0.010673786031432916,-0.04112197111892995,-0.010996455728853586,joint_six_dimensions,ses__unemployment_pct,package_by_moderator
21.18218352800903,-0.02365652265455423,-0.060779937918983284,0.013466892609874825,-0.038879374510702336,-0.008433670798406127,joint_six_dimensions,ses__unemployment_pct,package_by_moderator
21.395500066516544,-0.021225716622906093,-0.05873638373903217,0.016284950493219985,-0.03660736522572775,-0.005844068020084433,joint_six_dimensions,ses__unemployment_pct,package_by_moderator
21.608816605024053,-0.0187674658114864,-0.056661597424138774,0.01912666580116597,-0.03430635811565214,-0.003228573507320656,joint_six_dimensions,ses__unemployment_pct,package_by_moderator
21.822133143531566,-0.016282440702833995,-0.05455563595187779,0.0219907545462098,-0.03197677208876894,-0.0005881093168990555,joint_six_dimensions,ses__unemployment_pct,package_by_moderator
22.035449682039076,-0.013771311779487865,-0.052418567961595,0.02487594440261927,-0.029619030835405093,0.0020764072764293644,joint_six_dimensions,ses__unemployment_pct,package_by_moderator
22.248766220546585,-0.011234749523986929,-0.05025047549355535,0.027780976445581498,-0.0272335635410772,0.004764064493103341,joint_six_dimensions,ses__unemployment_pct,package_by_moderator
22.4620827590541,-0.008673424418870052,-0.04805145571131986,0.030704606873579756,-0.02482080559277043,0.007473956755030327,joint_six_dimensions,ses__unemployment_pct,package_by_moderator
22.675399297561608,-0.006088006946676279,-0.0458216226206502,0.03364560872729764,-0.022381199283793857,0.0102051853904413,joint_six_dimensions,ses__unemployment_pct,package_by_moderator
22.888715836069117,-0.003479167589944491,-0.04356110879843854,0.03660277361854955,-0.019915194522746326,0.012956859342857344,joint_six_dimensions,ses__unemployment_pct,package_by_moderator
23.10203237457663,-0.0008475768312135694,-0.041270067145333975,0.03957491348290683,-0.01742324955219969,0.015728095889772552,joint_six_dimensions,ses__unemployment_pct,package_by_moderator
23.31534891308414,0.0018060948469774789,-0.038948672675894705,0.042560862369849656,-0.01490583168276986,0.018518021376724817,joint_six_dimensions,ses__unemployment_pct,package_by_moderator
23.52866545159165,0.004481176962089727,-0.03659712436025661,0.04555947828443606,-0.012363418048312487,0.02132577197249194,joint_six_dimensions,ses__unemployment_pct,package_by_moderator
23.741981990099163,0.0071769990315843114,-0.03421564703147917,0.0485696450946478,-0.009796496388050496,0.02415049445121912,joint_six_dimensions,ses__unemployment_pct,package_by_moderator
23.955298528606672,0.009892890572922218,-0.03180449337291473,0.051590274518759166,-0.00720556586151614,0.026991347007360576,joint_six_dimensions,ses__unemployment_pct,package_by_moderator
24.168615067114185,0.012628181103564569,-0.02936394600014776,0.054620308207276896,-0.004591137902272207,0.029847500109401345,joint_six_dimensions,ses__unemployment_pct,package_by_moderator
24.381931605621695,0.015382200140972392,-0.026894319652268503,0.05765871993421329,-0.001953737116467253,0.032718137398412034,joint_six_dimensions,ses__unemployment_pct,package_by_moderator
24.595248144129204,0.018154277202606785,-0.024395963507466183,0.06070451791267975,0.0007060977676308436,0.03560245663758273,joint_six_dimensions,ses__unemployment_pct,package_by_moderator
24.808564682636717,0.02094374180592883,-0.02186926363814873,0.0637567472500064,0.003387812892886824,0.038499670718970834,joint_six_dimensions,ses__unemployment_pct,package_by_moderator
25.021881221144227,0.023749923468399534,-0.019314645620994136,0.0668144925577932,0.006090838203018655,0.04140900873378041,joint_six_dimensions,ses__unemployment_pct,package_by_moderator
25.235197759651737,0.02657215170748001,-0.016732577317496142,0.06987688073245617,0.00881458630240527,0.04432971711255475,joint_six_dimensions,ses__unemployment_pct,package_by_moderator
25.44851429815925,0.029409756040631334,-0.01412357184065309,0.07294308392191576,0.011558451239564112,0.04726106084169855,joint_six_dimensions,ses__unemployment_pct,package_by_moderator
25.66183083666676,0.032262065985314545,-0.011488190723425537,0.07601232269405463,0.014321807207891338,0.050202324762737754,joint_six_dimensions,ses__unemployment_pct,package_by_moderator
25.87514737517427,0.035128411058990686,-0.008827047304411882,0.07908386942239326,0.017104007157329498,0.05315281496065187,joint_six_dimensions,ses__unemployment_pct,package_by_moderator
26.08846391368178,0.03800812077912095,-0.006140810345802654,0.08215705190404454,0.019904381310786923,0.05611186024745497,joint_six_dimensions,ses__unemployment_pct,package_by_moderator
26.30178045218929,0.040900524663166266,-0.0034302078980082487,0.08523125722434077,0.02272223557940571,0.05907881374692682,joint_six_dimensions,ses__unemployment_pct,package_by_moderator
26.5150969906968,0.043804952228587726,-0.0006960314243234025,0.08830593588149885,0.025556849871199373,0.062053054585976083,joint_six_dimensions,ses__unemployment_pct,package_by_moderator
26.728413529204314,0.04672073299284647,0.002060859802495228,0.09138060618319771,0.02840747628818931,0.06503398969750364,joint_six_dimensions,ses__unemployment_pct,package_by_moderator
26.941730067711823,0.049647196473403474,0.004839534021927626,0.09445485892487931,0.03127333720801734,0.06802105573878961,joint_six_dimensions,ses__unemployment_pct,package_by_moderator
27.155046606219337,0.05258367218771989,0.007638982018628969,0.09752836235681081,0.034153623247149455,0.07101372112829032,joint_six_dimensions,ses__unemployment_pct,package_by_moderator
27.368363144726846,0.05552948965325678,0.010458111863207144,0.10060086744330643,0.03704749110427544,0.07401148820223813,joint_six_dimensions,ses__unemployment_pct,package_by_moderator
27.581679683234356,0.05848397838747507,0.013295743362116079,0.10367221341283406,0.039954061284428535,0.07701389549052161,joint_six_dimensions,ses__unemployment_pct,package_by_moderator
27.79499622174187,0.06144646790783601,0.016150602223846768,0.10674233359182525,0.04287241570677014,0.08002052010890189,joint_six_dimensions,ses__unemployment_pct,package_by_moderator
28.008312760249378,0.06441628773180064,0.01902131395594623,0.10981126150765505,0.04580159520199716,0.0830309802616041,joint_six_dimensions,ses__unemployment_pct,package_by_moderator
28.221629298756888,0.06739276737682985,0.021906397516410193,0.11287913723724952,0.04874059690902799,0.08604493784463171,joint_six_dimensions,ses__unemployment_pct,package_by_moderator
28.4349458372644,0.07037523636038491,0.02480425875389928,0.11594621396687055,0.05168837158509354,0.08906210113567628,joint_six_dimensions,ses__unemployment_pct,package_by_moderator
28.64826237577191,0.07336302419992691,0.027713183684240722,0.11901286471561309,0.05464382084869489,0.09208222755115893,joint_six_dimensions,ses__unemployment_pct,package_by_moderator
28.86157891427942,0.0763554604129166,0.030631331665993966,0.12207958915983924,0.05760579438117115,0.09510512644466206,joint_six_dimensions,ses__unemployment_pct,package_by_moderator
29.074895452786933,0.07935187451681552,0.03355672855561315,0.1251470204780179,0.060573087119901586,0.09813066191372946,joint_six_dimensions,ses__unemployment_pct,package_by_moderator
29.288211991294443,0.08235159602908436,0.03648725994298483,0.1282159321151839,0.06354443648446484,0.10115875557370388,joint_six_dimensions,ses__unemployment_pct,package_by_moderator
29.501528529801956,0.08535395446718433,0.03942066459081242,0.13128724434355624,0.06651851968638949,0.10418938924797917,joint_six_dimensions,ses__unemployment_pct,package_by_moderator
29.714845068309465,0.0883582793485765,0.04235452822618293,0.13436203047097006,0.0694939511833194,0.1072226075138336,joint_six_dimensions,ses__unemployment_pct,package_by_moderator
29.928161606816975,0.09136390019072195,0.04528627785925712,0.13744152252218678,0.07246928034933224,0.11025852003211166,joint_six_dimensions,ses__unemployment_pct,package_by_moderator
30.141478145324488,0.09437014651108173,0.04821317683158374,0.14052711619057973,0.07544298944444798,0.11329730357771549,joint_six_dimensions,ses__unemployment_pct,package_by_moderator
30.354794683831997,0.09737634782711674,0.05113232082395187,0.14362037483028162,0.07841349197760608,0.1163392036766274,joint_six_dimensions,ses__unemployment_pct,package_by_moderator
30.568111222339507,0.10038183365628837,0.05404063507943548,0.14672303223314126,0.08137913156794585,0.1193845357446309,joint_six_dimensions,ses__unemployment_pct,package_by_moderator
30.78142776084702,0.1033859335160575,0.05693487311937491,0.14983699391274008,0.08433818141828017,0.12243368561383483,joint_six_dimensions,ses__unemployment_pct,package_by_moderator
30.99474429935453,0.1063879769238851,0.059811617246066665,0.15296433660170355,0.0872888445212294,0.1254871093265408,joint_six_dimensions,ses__unemployment_pct,package_by_moderator
31.20806083786204,0.10938729339723258,0.06266728113304303,0.1561073056614221,0.09022925472139313,0.128545332073072,joint_six_dimensions,ses__unemployment_pct,package_by_moderator
31.421377376369552,0.11238321245356062,0.065498114798888,0.15926831010823322,0.09315747875491583,0.13160894615220542,joint_six_dimensions,ses__unemployment_pct,package_by_moderator
31.63469391487706,0.11537506361033047,0.06830021224032216,0.16244991498033878,0.09607151937951525,0.1346786078411457,joint_six_dimensions,ses__unemployment_pct,package_by_moderator
31.84801045338457,0.11836217638500321,0.07106952196171981,0.1656548308082866,0.09896931969222278,0.13775503307778364,joint_six_dimensions,ses__unemployment_pct,package_by_moderator
32.06132699189209,0.12134388029503998,0.0738018605788558,0.16888590001122417,0.10184876870774473,0.14083899188233523,joint_six_dimensions,ses__unemployment_pct,package_by_moderator
32.274643530399594,0.12431950485790157,0.0764929295930696,0.17214608012273352,0.10470770823688688,0.14393130147891625,joint_six_dimensions,ses__unemployment_pct,package_by_moderator
32.48796006890711,0.1272883795910493,0.07913833532833277,0.17543842385376585,0.1075439410619618,0.1470328181201368,joint_six_dimensions,ses__unemployment_pct,package_by_moderator
32.70127660741462,0.13024983401194426,0.081733611900079,0.17876605612380952,0.1103552403554018,0.15014442766848674,joint_six_dimensions,ses__unemployment_pct,package_by_moderator
32.91459314592213,0.13320319763804736,0.08427424694569385,0.18213214833040087,0.11313936023082038,0.15326703504527434,joint_six_dimensions,ses__unemployment_pct,package_by_moderator
33.12790968442964,0.1361477999868196,0.08675570969937181,0.18553989027426743,0.1158940472554066,0.15640155271823264,joint_six_dimensions,ses__unemployment_pct,package_by_moderator
33.34122622293715,0.13908297057572236,0.08917348084810606,0.18899246030333866,0.1186170526926918,0.15954888845875292,joint_six_dimensions,ses__unemployment_pct,package_by_moderator
33.554542761444665,0.14200803892221645,0.09152308347213985,0.19249299437229306,0.12130614519001076,0.16270993265442213,joint_six_dimensions,ses__unemployment_pct,package_by_moderator
33.76785929995217,0.14492233454376297,0.09380011426431412,0.19604455482321181,0.12395912358032822,0.16588554550719772,joint_six_dimensions,ses__unemployment_pct,package_by_moderator
33.981175838459684,0.14782518695782315,0.09600027414991757,0.19965009976572873,0.12657382943823442,0.16907654447741188,joint_six_dimensions,ses__unemployment_pct,package_by_moderator
34.1944923769672,0.15071592568185782,0.0981193974014119,0.20331245396230374,0.12914815901874807,0.17228369234496757,joint_six_dimensions,ses__unemployment_pct,package_by_moderator
34.4078089154747,0.15359388023332818,0.10015347836680474,0.2070342820998516,0.13168007421757075,0.1755076862490856,joint_six_dimensions,ses__unemployment_pct,package_by_moderator
34.621125453982216,0.1564583801296953,0.10209869500797436,0.21081806525141622,0.13416761222322737,0.1787491480361632,joint_six_dimensions,ses__unemployment_pct,package_by_moderator
34.83444199248973,0.15930875488842028,0.10395142857223608,0.21466608120460448,0.1366088935836018,0.18200861619323877,joint_six_dimensions,ses__unemployment_pct,package_by_moderator
35.047758530997235,0.16214433402696407,0.10570827888823522,0.21858038916569292,0.13900212847818028,0.18528653957574787,joint_six_dimensions,ses__unemployment_pct,package_by_moderator
35.26107506950475,0.16496444706278784,0.10736607497306017,0.22256281915251552,0.1413456210676116,0.1885832730579641,joint_six_dimensions,ses__unemployment_pct,package_by_moderator
35.47439160801226,0.1677684235133527,0.10892188084591875,0.22661496618078664,0.1436377718776667,0.1918990751490387,joint_six_dimensions,ses__unemployment_pct,package_by_moderator
35.68770814651977,0.17055559289611946,0.11037299664867922,0.2307381891435597,0.14587707825872845,0.19523410753351048,joint_six_dimensions,ses__unemployment_pct,package_by_moderator
35.90102468502728,0.17332528472854952,0.1117169553600674,0.23493361409703165,0.1480621330384135,0.19858843641868554,joint_six_dimensions,ses__unemployment_pct,package_by_moderator
36.114341223534794,0.17607682852810372,0.11295151554616367,0.23920214151004376,0.15019162154883592,0.20196203550737152,joint_six_dimensions,ses__unemployment_pct,package_by_moderator
36.32765776204231,0.17880955381224328,0.11407465070682048,0.24354445691766607,0.1522643172579925,0.20535479036649407,joint_six_dimensions,ses__unemployment_pct,package_by_moderator
36.54097430054981,0.18152279009842906,0.11508453585183849,0.24796104434501964,0.15427907626518064,0.20876650393167748,joint_six_dimensions,ses__unemployment_pct,package_by_moderator
36.754290839057326,0.18421586690412242,0.1159795319725861,0.25245220183565875,0.15623483093342083,0.212196902874824,joint_six_dimensions,ses__unemployment_pct,package_by_moderator
36.96760737756484,0.18688811374678427,0.11675816906812873,0.2570180584254398,0.1581305829291397,0.21564564456442883,joint_six_dimensions,ses__unemployment_pct,package_by_moderator
37.180923916072345,0.1895388601438755,0.11741912834633242,0.2616585919414186,0.15996539592354317,0.21911232436420783,joint_six_dimensions,ses__unemployment_pct,package_by_moderator
37.39424045457986,0.19216743561285748,0.11796122415771994,0.26637364706799505,0.16173838818440203,0.22259648304131294,joint_six_dimensions,ses__unemployment_pct,package_by_moderator
37.60755699308737,0.19477316967119115,0.118383386141364,0.2711629532010183,0.16344872525478474,0.22609761408759757,joint_six_dimensions,ses__unemployment_pct,package_by_moderator
37.82087353159488,0.19735539183633755,0.11868464197559923,0.27602614169707584,0.1650956128798035,0.22961517079287158,joint_six_dimensions,ses__unemployment_pct,package_by_moderator
38.03419007010239,0.19991343162575778,0.11886410103850516,0.2809627622130104,0.16667829030642112,0.23314857294509445,joint_six_dimensions,ses__unemployment_pct,package_by_moderator
38.2475066086099,0.2024466185569129,0.11892093919925455,0.28597229791457124,0.16819602404698142,0.23669721306684438,joint_six_dimensions,ses__unemployment_pct,package_by_moderator
38.46082314711741,0.20495428214726402,0.11885438488525761,0.2910541794092704,0.16964810216589335,0.2402604621286347,joint_six_dimensions,ses__unemployment_pct,package_by_moderator
38.67413968562492,0.2074357519142721,0.11866370650390373,0.2962077973246405,0.17103382912178214,0.24383767470676207,joint_six_dimensions,ses__unemployment_pct,package_by_moderator
38.887456224132436,0.20989035737539835,0.11834820124265903,0.30143251350813766,0.17235252117485012,0.2474281935759466,joint_six_dimensions,ses__unemployment_pct,package_by_moderator
2.9435834499680684,-0.09517171097312709,-0.20244491674009607,0.012101494793841913,-0.13916023163839505,-0.051183190307859124,joint_six_dimensions,mod__population,package_by_moderator
2.9489747521431764,-0.09536555361692368,-0.19888420455366146,0.008153097319814076,-0.13781447908171557,-0.05291662815213181,joint_six_dimensions,mod__population,package_by_moderator
2.9543660543182844,-0.09551694898671709,-0.19538811991510774,0.004354221941673564,-0.13647018642227388,-0.0545637115511603,joint_six_dimensions,mod__population,package_by_moderator
2.9597573564933928,-0.09562665999214795,-0.19195691775607493,0.0007035977717790437,-0.13512790826792062,-0.05612541171637527,joint_six_dimensions,mod__population,package_by_moderator
2.9651486586685007,-0.09569544954285679,-0.18859087581638317,-0.002800023269330404,-0.13378820857924362,-0.05760269050646996,joint_six_dimensions,mod__population,package_by_moderator
2.9705399608436087,-0.09572408054848427,-0.18529029380416911,-0.006157867292799421,-0.13245166032517292,-0.058996500771795635,joint_six_dimensions,mod__population,package_by_moderator
2.9759312630187167,-0.09571331591867102,-0.1820554920489763,-0.009371139788365734,-0.1311188449306661,-0.060307786906675924,joint_six_dimensions,mod__population,package_by_moderator
2.981322565193825,-0.09566391856305753,-0.17888680954139885,-0.012441027584716227,-0.1297903514728433,-0.06153748565327179,joint_six_dimensions,mod__population,package_by_moderator
2.986713867368933,-0.09557665139128449,-0.17578460123889922,-0.015368701543669747,-0.12846677557620906,-0.06268652720635992,joint_six_dimensions,mod__population,package_by_moderator
2.992105169544041,-0.0954522773129925,-0.17274923450365515,-0.018155320122329843,-0.12714871795195365,-0.06375583667403135,joint_six_dimensions,mod__population,package_by_moderator
2.997496471719149,-0.09529155923782207,-0.16978108452567575,-0.020802033949968365,-0.12583678252115282,-0.06474633595449131,joint_six_dimensions,mod__population,package_by_moderator
3.0028877738942574,-0.09509526007541388,-0.166880528574191,-0.023309991576636768,-0.12453157405748914,-0.06565894609333862,joint_six_dimensions,mod__population,package_by_moderator
3.0082790760693654,-0.0948641427354085,-0.16404793891413624,-0.02568034655668075,-0.12323369528258078,-0.06649459018823621,joint_six_dimensions,mod__population,package_by_moderator
3.0136703782444734,-0.09459897012744656,-0.1612836742245085,-0.027914266030384605,-0.12194374334698721,-0.0672541969079059,joint_six_dimensions,mod__population,package_by_moderator
3.0190616804195813,-0.09430050516116861,-0.15858806936400388,-0.030012940958333345,-0.12066230563349976,-0.06793870468883746,joint_six_dimensions,mod__population,package_by_moderator
3.0244529825946893,-0.09396951074621532,-0.15596142334957946,-0.03197759814285116,-0.11938995482762295,-0.06854906666480769,joint_six_dimensions,mod__population,package_by_moderator
3.0298442847697977,-0.09360674979222718,-0.15340398544863282,-0.03380951413582153,-0.11812724321452438,-0.06908625636992997,joint_six_dimensions,mod__population,package_by_moderator
3.0352355869449057,-0.09321298520884487,-0.15091593933855355,-0.035510031079136195,-0.1168746961834904,-0.06955127423419934,joint_six_dimensions,mod__population,package_by_moderator
3.0406268891200137,-0.09278897990570897,-0.1484973853613169,-0.037080574450101045,-0.11563280495123297,-0.06994515486018497,joint_six_dimensions,mod__population,package_by_moderator
3.0460181912951216,-0.09233549679246011,-0.14614832099749936,-0.038522672587420856,-0.11440201855505183,-0.0702689750298684,joint_six_dimensions,mod__population,package_by_moderator
3.05140949347023,-0.0918532987787388,-0.14386861980389212,-0.03983797775358546,-0.11318273521597853,-0.07052386234149906,joint_six_dimensions,mod__population,package_by_moderator
3.056800795645338,-0.09134314877418571,-0.14165800919971422,-0.04102828834865722,-0.11197529322977663,-0.0707110043185948,joint_six_dimensions,mod__population,package_by_moderator
3.062192097820446,-0.09080580968844146,-0.1395160476429957,-0.042095571733887234,-0.1107799616078744,-0.07083165776900852,joint_six_dimensions,mod__population,package_by_moderator
3.067583399995554,-0.09024204443114661,-0.13744210190195472,-0.04304198696033852,-0.10959693075725087,-0.07088715810504236,joint_six_dimensions,mod__population,package_by_moderator
3.0729747021706624,-0.08965261591194172,-0.1354353252829761,-0.043869906540907326,-0.10842630355258663,-0.07087892827129681,joint_six_dimensions,mod__population,package_by_moderator
3.0783660043457703,-0.08903828704046747,-0.13349463781034163,-0.04458193627059332,-0.10726808720875106,-0.07080848687218388,joint_six_dimensions,mod__population,package_by_moderator
3.0837573065208783,-0.08839982072636442,-0.13161870944387777,-0.045180932008851066,-0.10612218639902002,-0.07067745505370882,joint_six_dimensions,mod__population,package_by_moderator
3.0891486086959863,-0.08773797987927318,-0.1298059474496176,-0.04567001230892874,-0.1049883980762813,-0.07048756168226505,joint_six_dimensions,mod__population,package_by_moderator
3.0945399108710947,-0.08705352740883426,-0.12805448898841917,-0.04605256582924935,-0.10386640843391848,-0.07024064638375005,joint_six_dimensions,mod__population,package_by_moderator
3.0999312130462027,-0.0863472262246884,-0.12636219984731473,-0.04633225260206208,-0.10275579238558748,-0.06993866006378933,joint_six_dimensions,mod__population,package_by_moderator
3.1053225152213106,-0.08561983923647615,-0.12472668000641242,-0.046512998466539876,-0.1016560158479835,-0.06958366262496879,joint_six_dimensions,mod__population,package_by_moderator
3.1107138173964186,-0.0848721293538381,-0.12314527642016337,-0.04659898228751283,-0.10056644098193608,-0.06917781772574012,joint_six_dimensions,mod__population,package_by_moderator
3.116105119571527,-0.08410485948641477,-0.12161510301739731,-0.04659461595543224,-0.09948633439363642,-0.06872338457919312,joint_six_dimensions,mod__population,package_by_moderator
3.121496421746635,-0.08331879254384691,-0.1201330675216937,-0.04650451756600014,-0.09841487813261664,-0.06822270695507719,joint_six_dimensions,mod__population,package_by_moderator
3.126887723921743,-0.08251469143577503,-0.11869590430073382,-0.046333478570816246,-0.09735118316197608,-0.06767819970957398,joint_six_dimensions,mod__population,package_by_moderator
3.132279026096851,-0.08169331907183972,-0.11730021210957592,-0.04608642603410351,-0.09629430483541358,-0.06709233330826585,joint_six_dimensions,mod__population,package_by_moderator
3.137670328271959,-0.08085543836168163,-0.1159424953325,-0.045768381390863255,-0.0952432598088852,-0.06646761691447806,joint_six_dimensions,mod__population,package_by_moderator
3.1430616304470673,-0.08000181221494126,-0.11461920717510429,-0.045384417254778237,-0.09419704375198326,-0.06580658067789927,joint_six_dimensions,mod__population,package_by_moderator
3.1484529326221753,-0.07913320354125933,-0.11332679322294434,-0.04493961385957432,-0.09315464920962059,-0.06511175787289807,joint_six_dimensions,mod__population,package_by_moderator
3.1538442347972833,-0.0782503752502764,-0.11206173386101065,-0.04443901663954213,-0.0921150829965889,-0.06438566750396389,joint_six_dimensions,mod__population,package_by_moderator
3.1592355369723912,-0.07735409025163305,-0.11082058422289914,-0.04388759628036695,-0.09107738257914172,-0.06363079792412438,joint_six_dimensions,mod__population,package_by_moderator
3.1646268391474996,-0.07644511145496982,-0.10960001058381419,-0.04329021232612545,-0.09004063099833298,-0.06284959191160666,joint_six_dimensions,mod__population,package_by_moderator
3.1700181413226076,-0.07552420176992744,-0.10839682239748966,-0.042651581142365225,-0.08900397000709785,-0.06204443353275703,joint_six_dimensions,mod__population,package_by_moderator
3.1754094434977156,-0.07459212410614642,-0.10720799947397691,-0.04197624873831593,-0.0879666112147939,-0.061217636997498937,joint_six_dimensions,mod__population,package_by_moderator
3.1808007456728236,-0.0736496413732674,-0.10603071407737563,-0.041268568669159185,-0.08692784514861128,-0.06037143759792352,joint_six_dimensions,mod__population,package_by_moderator
3.186192047847932,-0.0726975164809309,-0.10486234797069646,-0.04053268499116534,-0.08588704824300002,-0.059507984718861776,joint_six_dimensions,mod__population,package_by_moderator
3.19158335002304,-0.07173651233877762,-0.10370050463717861,-0.03977252004037663,-0.08484368785115166,-0.058629336826403575,joint_six_dimensions,mod__population,package_by_moderator
3.196974652198148,-0.07076739185644813,-0.10254301705847332,-0.03899176665442294,-0.08379732543452609,-0.05773745827837018,joint_six_dimensions,mod__population,package_by_moderator
3.202365954373256,-0.06979091794358303,-0.10138795153085094,-0.038193884356315114,-0.08274761812772792,-0.05683421775943813,joint_six_dimensions,mod__population,package_by_moderator
3.207757256548364,-0.06880785350982288,-0.10023360805580736,-0.037382098963838394,-0.08169431889867891,-0.05592138812096685,joint_six_dimensions,mod__population,package_by_moderator
3.2131485587234723,-0.06781896146480826,-0.09907851785846933,-0.036559405071147195,-0.0806372755310135,-0.05500064739860301,joint_six_dimensions,mod__population,package_by_moderator
3.2185398608985802,-0.06682500471817987,-0.09792143857439141,-0.03572857086196833,-0.07957642865037387,-0.05407358078598587,joint_six_dimensions,mod__population,package_by_moderator
3.223931163073688,-0.06582674617957825,-0.09676134761101994,-0.03489214474813655,-0.07851180900220717,-0.053141683356949326,joint_six_dimensions,mod__population,package_by_moderator
3.229322465248796,-0.064824948758644,-0.09559743414178819,-0.03405246337549982,-0.07744353416885925,-0.05220636334842874,joint_six_dimensions,mod__population,package_by_moderator
3.2347137674239046,-0.06382037536501764,-0.09442909013480982,-0.033211660595225456,-0.07637180489079473,-0.05126894583924055,joint_six_dimensions,mod__population,package_by_moderator
3.2401050695990126,-0.06281378890833993,-0.09325590075941577,-0.032371677057264084,-0.07529690113269538,-0.05033067668398447,joint_six_dimensions,mod__population,package_by_moderator
3.2454963717741205,-0.0618059522982514,-0.09207763445596334,-0.03153427014053946,-0.07421917801147937,-0.04939272658502342,joint_six_dimensions,mod__population,package_by_moderator
3.2508876739492285,-0.06079762844439262,-0.09089423289991463,-0.030701023988870604,-0.07313906168096487,-0.048456195207820366,joint_six_dimensions,mod__population,package_by_moderator
3.256278976124337,-0.059789580256404115,-0.08970580104162125,-0.029873359471186977,-0.07205704524757761,-0.04752211526523062,joint_six_dimensions,mod__population,package_by_moderator
3.261670278299445,-0.05878257064392667,-0.08851259735931975,-0.029052543928533583,-0.070973684773488,-0.046591456514365324,joint_six_dimensions,mod__population,package_by_moderator
3.267061580474553,-0.05777736251660079,-0.08731502442471957,-0.028239700608482004,-0.06988959540792974,-0.045665129625271826,joint_six_dimensions,mod__population,package_by_moderator
3.272452882649661,-0.05677471878406706,-0.08611361984806955,-0.027435817720064575,-0.068805447674128,-0.044743989894006124,joint_six_dimensions,mod__population,package_by_moderator
3.277844184824769,-0.055775402355966106,-0.08490904764227704,-0.026641757069655176,-0.0677219639280645,-0.04382884078386772,joint_six_dimensions,mod__population,package_by_moderator
3.283235486999877,-0.05478017614193842,-0.08370209002297051,-0.025858262260906335,-0.06663991499600573,-0.04292043728787111,joint_six_dimensions,mod__population,package_by_moderator
3.288626789174985,-0.05378980305162477,-0.08249363964271875,-0.025085966460530795,-0.06556011699006212,-0.04201948911318743,joint_six_dimensions,mod__population,package_by_moderator
3.294018091350093,-0.05280504599466568,-0.08128469224232876,-0.024325399747002593,-0.064483428294774,-0.04112666369455736,joint_six_dimensions,mod__population,package_by_moderator
3.2994093935252016,-0.05182666788070167,-0.08007633968967574,-0.023576996071727595,-0.06341074671261002,-0.040242589048793326,joint_six_dimensions,mod__population,package_by_moderator
3.3048006957003095,-0.05085543161937349,-0.07886976336634821,-0.02284109987239877,-0.062343006752090514,-0.039367856486656465,joint_six_dimensions,mod__population,package_by_moderator
3.3101919978754175,-0.049892100120321664,-0.0776662278540994,-0.022117972386543918,-0.061281177038849506,-0.03850302320179382,joint_six_dimensions,mod__population,package_by_moderator
3.3155833000505255,-0.04893743629318679,-0.07646707486633596,-0.021407797720037616,-0.06022625782717707,-0.03764861475919651,joint_six_dimensions,mod__population,package_by_moderator
3.3209746022256335,-0.04799220304760947,-0.07527371736438804,-0.020710688730830897,-0.05917927858733328,-0.03680512750788566,joint_six_dimensions,mod__population,package_by_moderator
3.326365904400742,-0.04705716329323022,-0.0740876337939401,-0.020026692792520347,-0.05814129564213511,-0.03597303094432532,joint_six_dimensions,mod__population,package_by_moderator
3.33175720657585,-0.04613307993968979,-0.0729103623736855,-0.019355797505694078,-0.05711338982495871,-0.03515277005442087,joint_six_dimensions,mod__population,package_by_moderator
3.337148508750958,-0.04522071589662871,-0.07174349536602503,-0.01869793642723239,-0.05609666413037795,-0.03434476766287947,joint_six_dimensions,mod__population,package_by_moderator
3.342539810926066,-0.04432083407368759,-0.07058867325857866,-0.018052994888796515,-0.055092241328231546,-0.03354942681914363,joint_six_dimensions,mod__population,package_by_moderator
3.347931113101174,-0.043434197380506925,-0.06944757878561007,-0.017420815975403778,-0.05410126151204443,-0.03276713324896942,joint_six_dimensions,mod__population,package_by_moderator
3.353322415276282,-0.042561568726727485,-0.06832193072045688,-0.016801206732998092,-0.05312487955354782,-0.03199825789990715,joint_six_dimensions,mod__population,package_by_moderator
3.35871371745139,-0.04170371102198979,-0.06721347737404343,-0.016193944669936143,-0.05216426243667485,-0.03124315960730473,joint_six_dimensions,mod__population,package_by_moderator
3.364105019626498,-0.04086138717593444,-0.06612398974091557,-0.015598784610953306,-0.05122058644701932,-0.030502187904849556,joint_six_dimensions,mod__population,package_by_moderator
3.3694963218016065,-0.04003536009820195,-0.06505525424335433,-0.015015465953049575,-0.05029503419648214,-0.029775685999921767,joint_six_dimensions,mod__population,package_by_moderator
3.3748876239767145,-0.039226392698433074,-0.06400906503637714,-0.014443720360489003,-0.04938879146785525,-0.0290639939290109,joint_six_dimensions,mod__population,package_by_moderator
3.3802789261518225,-0.03843524788626834,-0.06298721585209784,-0.013883279920438852,-0.048503043870514365,-0.02836745190202232,joint_six_dimensions,mod__population,package_by_moderator
3.3856702283269304,-0.03766268857134834,-0.061991491381157844,-0.013333885761538843,-0.04763897330628316,-0.027686403836413527,joint_six_dimensions,mod__population,package_by_moderator
3.3910615305020384,-0.03690947766331368,-0.06102365821170626,-0.012795297114921098,-0.046797754253865516,-0.02702120107276184,joint_six_dimensions,mod__population,package_by_moderator
3.396452832677147,-0.03617637807180489,-0.06008545537239904,-0.012267300771210743,-0.04598054989090155,-0.02637220625270823,joint_six_dimensions,mod__population,package_by_moderator
3.401844134852255,-0.0354641527064627,-0.059178584554471864,-0.011749720858453536,-0.04518850808442461,-0.025739797328500787,joint_six_dimensions,mod__population,package_by_moderator
3.4072354370273628,-0.03477356447692764,-0.05830470011812013,-0.011242428835735153,-0.04442275729287071,-0.02512437166098458,joint_six_dimensions,mod__population,package_by_moderator
3.4126267392024707,-0.03410537629284031,-0.057465399018826066,-0.010745353566854549,-0.04368440243526178,-0.024526350150418836,joint_six_dimensions,mod__population,package_by_moderator
3.418018041377579,-0.03346035106384126,-0.05666221081817362,-0.0102584913095089,-0.042974520795033916,-0.0239461813326486,joint_six_dimensions,mod__population,package_by_moderator
3.423409343552687,-0.03283925169957119,-0.055896587969102116,-0.00978191543004027,-0.04229415803640221,-0.023384345362740172,joint_six_dimensions,mod__population,package_by_moderator
3.428800645727795,-0.03224284110967065,-0.05516989658533082,-0.009315785634010476,-0.04164432441926484,-0.022841357800076456,joint_six_dimensions,mod__population,package_by_moderator
3.434191947902903,-0.03167188220378024,-0.05448340791675929,-0.008860356490801191,-0.04102599130360026,-0.02231777310396022,joint_six_dimensions,mod__population,package_by_moderator
3.4395832500780115,-0.031127137891540507,-0.053838290755187874,-0.00841598502789314,-0.040440088035351984,-0.02181418774772903,joint_six_dimensions,mod__population,package_by_moderator
3.4449745522531194,-0.030609371082592148,-0.053235604986400294,-0.007983137178784003,-0.03988749930239144,-0.021331242862792858,joint_six_dimensions,mod__population,package_by_moderator
3.4503658544282274,-0.030119344686575705,-0.05267629648489687,-0.007562392888254544,-0.03936906304104881,-0.020869626332102598,joint_six_dimensions,mod__population,package_by_moderator
3.4557571566033354,-0.029657821613131793,-0.052161193516646664,-0.007154449709616921,-0.038885568961023353,-0.02043007426524023,joint_six_dimensions,mod__population,package_by_moderator
3.4611484587784433,-0.029225564771900997,-0.05169100477435441,-0.006760124769447581,-0.038437757739723605,-0.02001337180407839,joint_six_dimensions,mod__population,package_by_moderator
3.4665397609535518,-0.028823337072523887,-0.05126631912105807,-0.0063803550239897,-0.03802632091712684,-0.019620353227920932,joint_six_dimensions,mod__population,package_by_moderator
3.4719310631286597,-0.028451901424641136,-0.05088760706427258,-0.006016195785009691,-0.037651901500267496,-0.019251901349014777,joint_six_dimensions,mod__population,package_by_moderator
3.4773223653037677,-0.0281120207378933,-0.05055522392777077,-0.00566881754801583,-0.03731509526385959,-0.018908946211927007,joint_six_dimensions,mod__population,package_by_moderator
3.482713667478876,-0.027804457921920954,-0.05026941463500993,-0.0053395012088319725,-0.03701645271179183,-0.018592463132050076,joint_six_dimensions,mod__population,package_by_moderator
3.488104969653984,-0.02752997588636475,-0.0500303199705506,-0.005029631802178899,-0.036756481644689074,-0.01830347012804043,joint_six_dimensions,mod__population,package_by_moderator
3.493496271829092,-0.027289337540865263,-0.049837984146444615,-0.00474069093528591,-0.036535650262590286,-0.01804302481914024,joint_six_dimensions,mod__population,package_by_moderator
3.4988875740042,-0.027083305795063087,-0.04969236347158987,-0.004474248118536306,-0.03635439071990987,-0.017812220870216302,joint_six_dimensions,mod__population,package_by_moderator
3.504278876179308,-0.026912643558598823,-0.049593335904627,-0.00423195121257065,-0.03621310304270467,-0.017612184074492974,joint_six_dimensions,mod__population,package_by_moderator
3.5096701783544164,-0.02677811374111306,-0.049540711265300505,-0.00401551621692561,-0.036112159315951374,-0.017444068166274744,joint_six_dimensions,mod__population,package_by_moderator
3.5150614805295244,-0.026680479252246418,-0.04953424188464094,-0.0038267166198519,-0.03605190805076716,-0.017309050453725675,joint_six_dimensions,mod__population,package_by_moderator
3.5204527827046324,-0.026620503001639487,-0.049573633489444144,-0.003667372513834831,-0.03603267864770637,-0.0172083273555726,joint_six_dimensions,mod__population,package_by_moderator
3.5258440848797403,-0.026598947898932863,-0.04965855613942535,-0.0035393396584403707,-0.036054785881657,-0.017143109916208724,joint_six_dimensions,mod__population,package_by_moderator
3.5312353870548483,-0.026616576853767143,-0.04978865506394395,-0.0034444986435903414,-0.03611853434555515,-0.017114619361979135,joint_six_dimensions,mod__population,package_by_moderator
3.5366266892299567,-0.026674152775782934,-0.04996356127713415,-0.003384744274431712,-0.03622422280323245,-0.017124082748333415,joint_six_dimensions,mod__population,package_by_moderator
3.5420179914050647,-0.026772438574620826,-0.050182901883594574,-0.0033619752656470735,-0.036372148415373784,-0.017172728733867867,joint_six_dimensions,mod__population,package_by_moderator
3.5474092935801727,-0.02691219715992142,-0.050446310019737026,-0.003378084300105808,-0.03656261081607329,-0.017261783503769546,joint_six_dimensions,mod__population,package_by_moderator
3.552800595755281,-0.027094191441325334,-0.05075343440709279,-0.0034349484755578745,-0.03679591603026938,-0.017392466852381286,joint_six_dimensions,mod__population,package_by_moderator
3.558191897930389,-0.027319184328473134,-0.0511039485223409,-0.0035344201346053615,-0.03707238023401244,-0.017565988422933825,joint_six_dimensions,mod__population,package_by_moderator
3.563583200105497,-0.027587938731005433,-0.05149755941395416,-0.003678318048056708,-0.037392333369824525,-0.01778354409218634,joint_six_dimensions,mod__population,package_by_moderator
3.568974502280605,-0.027901217558562827,-0.0519340162168796,-0.00386841890024606,-0.03775612263823472,-0.018046312478890932,joint_six_dimensions,mod__population,package_by_moderator
3.574365804455713,-0.02825978372078592,-0.05241311843457353,-0.00410644900699831,-0.03816411589391587,-0.01835545154765597,joint_six_dimensions,mod__population,package_by_moderator
3.5797571066308214,-0.02866440012731535,-0.05293472407217002,-0.004394076182460675,-0.03861670498077692,-0.018712095273853778,joint_six_dimensions,mod__population,package_by_moderator
3.5851484088059293,-0.029115829687791632,-0.05349875771586668,-0.004732901659716581,-0.03911430904500108,-0.019117350330582185,joint_six_dimensions,mod__population,package_by_moderator
3.5905397109810373,-0.02961483531185542,-0.054105218662093925,-0.005124451961616913,-0.03965737786849836,-0.01957229275521248,joint_six_dimensions,mod__population,package_by_moderator
3.5959310131561453,-0.030162179909147283,-0.0547541892059985,-0.005570170612296067,-0.040246395267686454,-0.02007796455060811,joint_six_dimensions,mod__population,package_by_moderator
3.6013223153312532,-0.030758626389307854,-0.05544584320246091,-0.006071409576154797,-0.04088188260402718,-0.02063537017458853,joint_six_dimensions,mod__population,package_by_moderator
3.6067136175063617,-0.03140493766197776,-0.05618045501438061,-0.006629420309574908,-0.041564402453366095,-0.02124547287058942,joint_six_dimensions,mod__population,package_by_moderator
3.6121049196814696,-0.032101876636797505,-0.056958408962255985,-0.007245344311339021,-0.042294562480833374,-0.021909190792761636,joint_six_dimensions,mod__population,package_by_moderator
3.6174962218565776,-0.032850206223407744,-0.05778020938588999,-0.007920203060925494,-0.0430730195667535,-0.022627392880061985,joint_six_dimensions,mod__population,package_by_moderator
3.622887524031686,-0.03365068933144912,-0.058646491422859395,-0.008654887240038853,-0.04390048422647136,-0.023400894436426886,joint_six_dimensions,mod__population,package_by_moderator
3.628278826206794,-0.03450408887056213,-0.05955803259840334,-0.009450145142720922,-0.04477772536290934,-0.024230452378214924,joint_six_dimensions,mod__population,package_by_moderator
3.633670128381902,-0.03541116775038743,-0.06051576530648994,-0.01030657019428493,-0.04570557538456187,-0.025116760116213,joint_six_dimensions,mod__population,package_by_moderator
3.63906143055701,-0.03637268888056561,-0.0615207902405215,-0.011224587520609716,-0.04668493571289899,-0.026060442048232227,joint_six_dimensions,mod__population,package_by_moderator
3.644452732732118,-0.03738941517073727,-0.06257439080257339,-0.012204439538901147,-0.0477167826910283,-0.027062047650446227,joint_six_dimensions,mod__population,package_by_moderator
3.6498440349072263,-0.03846210953054309,-0.06367804847995373,-0.01324617058113245,-0.04880217388901711,-0.028122045172069073,joint_six_dimensions,mod__population,package_by_moderator
3.6552353370823343,-0.03959153486962351,-0.06483345912460983,-0.01434961061463718,-0.04994225477943615,-0.029240814959810867,joint_six_dimensions,mod__population,package_by_moderator
3.6606266392574422,-0.040778454097619224,-0.06604255000162593,-0.01551435819361252,-0.05113826572827812,-0.030418642466960327,joint_six_dimensions,mod__population,package_by_moderator
3.6660179414325507,-0.0420236301241709,-0.06730749738485116,-0.016739762863490645,-0.05239154921023208,-0.03165571103810973,joint_six_dimensions,mod__population,package_by_moderator
3.6714092436076586,-0.04332782585891896,-0.06863074436800766,-0.01802490734983025,-0.05370355711231793,-0.03295209460551998,joint_six_dimensions,mod__population,package_by_moderator
3.6768005457827666,-0.0446918042115041,-0.0700150184267774,-0.0193685899962308,-0.05507585793540756,-0.03430775048760064,joint_six_dimensions,mod__population,package_by_moderator
3.6821918479578746,-0.0461163280915669,-0.07146334811140341,-0.02076930807173039,-0.05651014363920347,-0.03572251254393033,joint_six_dimensions,mod__population,package_by_moderator
3.6875831501329825,-0.047602160408747984,-0.07297907807315059,-0.02222524274434538,-0.058008235803999206,-0.03719608501349676,joint_six_dimensions,mod__population,package_by_moderator
3.692974452308091,-0.04915006407268807,-0.0745658814386058,-0.02373424670677034,-0.059572090704892985,-0.03872803744048316,joint_six_dimensions,mod__population,package_by_moderator
3.698365754483199,-0.050760801993027495,-0.07622776835604039,-0.0252938356300146,-0.061203802816314344,-0.040317801169740645,joint_six_dimensions,mod__population,package_by_moderator
3.703757056658307,-0.05243513707940699,-0.07796908936779569,-0.026901184791018287,-0.06290560619490725,-0.041964667963906736,joint_six_dimensions,mod__population,package_by_moderator
3.709148358833415,-0.05417383224146716,-0.07979453213973697,-0.028553132343197334,-0.06467987313840748,-0.043667791344526835,joint_six_dimensions,mod__population,package_by_moderator
3.714539661008523,-0.05597765038884857,-0.08170911003874978,-0.030246190738947354,-0.06652910950172346,-0.04542619127597368,joint_six_dimensions,mod__population,package_by_moderator
3.7199309631836313,-0.05784735443119203,-0.08371814113274607,-0.031976567729637986,-0.06845594608566519,-0.047238762776718866,joint_six_dimensions,mod__population,package_by_moderator
3.7253222653587392,-0.059783707278137796,-0.0858272164355556,-0.03374019812071999,-0.07046312561542328,-0.0491042889408523,joint_six_dimensions,mod__population,package_by_moderator
3.730713567533847,-0.061787471839326626,-0.08804215666400322,-0.035532787014650034,-0.07255348500834852,-0.051021458670304734,joint_six_dimensions,mod__population,package_by_moderator
3.7361048697089556,-0.06385941102439929,-0.09036895742967836,-0.037349864619120224,-0.07472993289925281,-0.05298888914954578,joint_six_dimensions,mod__population,package_by_moderator
3.7414961718840636,-0.06600028774299604,-0.09281372363532372,-0.039186851850668364,-0.07699542273894928,-0.055005152747042804,joint_six_dimensions,mod__population,package_by_moderator
3.7468874740591716,-0.06821086490475767,-0.09538259482626557,-0.04103913498324976,-0.07935292218381182,-0.057068807625703516,joint_six_dimensions,mod__population,package_by_moderator
3.7522787762342795,-0.07049190541932474,-0.09808166425779864,-0.04290214658085083,-0.08180537990849363,-0.059178430930155845,joint_six_dimensions,mod__population,package_by_moderator
3.7576700784093875,-0.07284417219633788,-0.10091689534101228,-0.04477144905166348,-0.0843556913436485,-0.061332653049027255,joint_six_dimensions,mod__population,package_by_moderator
3.763061380584496,-0.07526842814543788,-0.10389403976844103,-0.04664281652243473,-0.08700666510248177,-0.063530191188394,joint_six_dimensions,mod__population,package_by_moderator
3.768452682759604,-0.07776543617626491,-0.10701856186036907,-0.048512310492160766,-0.0897609919581461,-0.06576988039438372,joint_six_dimensions,mod__population,package_by_moderator
3.773843984934712,-0.08033595919845983,-0.11029557342790122,-0.05037634496901844,-0.09262121813365083,-0.06805070026326883,joint_six_dimensions,mod__population,package_by_moderator
3.77923528710982,-0.0829807601216632,-0.11372978271505385,-0.05223173752827254,-0.09558972436502175,-0.07037179587830464,joint_six_dimensions,mod__population,package_by_moderator
3.784626589284928,-0.08570060185551562,-0.11732545984365611,-0.054075743867375126,-0.0986687117316151,-0.07273249197941614,joint_six_dimensions,mod__population,package_by_moderator
3.790017891460036,-0.08849624730965791,-0.12108641980201426,-0.05590607481730156,-0.10186019468043826,-0.07513229993887756,joint_six_dimensions,mod__population,package_by_moderator
3.795409193635144,-0.09136845939373021,-0.1250160225926683,-0.05772089619479211,-0.10516600108673838,-0.07757091770072205,joint_six_dimensions,mod__population,package_by_moderator
3.800800495810252,-0.09431800101737338,-0.12911718888422674,-0.05951881315052003,-0.10858777867220473,-0.08004822336254203,joint_six_dimensions,mod__population,package_by_moderator
3.8061917979853606,-0.09734563509022824,-0.1333924285505321,-0.06129884162992438,-0.11212700670775723,-0.08256426347269925,joint_six_dimensions,mod__population,package_by_moderator
3.8115831001604685,-0.1004521245219349,-0.13784387891011454,-0.06306037013375526,-0.11578501169404107,-0.08511923734982874,joint_six_dimensions,mod__population,package_by_moderator
3.8169744023355765,-0.10363823222213424,-0.14247334930702715,-0.06480311513724132,-0.11956298564227416,-0.08771347880199432,joint_six_dimensions,mod__population,package_by_moderator
3.8223657045106845,-0.10690472110046677,-0.14728236884518484,-0.0665270733557487,-0.12346200564822049,-0.09034743655271305,joint_six_dimensions,mod__population,package_by_moderator
3.8277570066857924,-0.11025235406657316,-0.1522722345082912,-0.06823247362485511,-0.12748305362427903,-0.09302165450886729,joint_six_dimensions,mod__population,package_by_moderator
3.833148308860901,-0.11368189403009428,-0.15744405746004647,-0.06991973060014209,-0.13162703528537717,-0.09573675277481139,joint_six_dimensions,mod__population,package_by_moderator
3.838539611036009,-0.1171941039006702,-0.16279880592740983,-0.07158940187393056,-0.13589479773370866,-0.09849341006763172,joint_six_dimensions,mod__population,package_by_moderator
3.843930913211117,-0.1207897465879417,-0.16833734364805344,-0.07324214952782995,-0.14028714522452257,-0.10129234795136084,joint_six_dimensions,mod__population,package_by_moderator
3.849322215386225,-0.12446958500154975,-0.1740604633631969,-0.07487870663990262,-0.14480485290021639,-0.10413431710288312,joint_six_dimensions,mod__population,package_by_moderator
3.8547135175613327,-0.12823438205113405,-0.17996891523508105,-0.07649984886718705,-0.14944867844322315,-0.10702008565904494,joint_six_dimensions,mod__population,package_by_moderator
3.860104819736441,-0.1320849006463364,-0.18606343036018624,-0.07810637093248657,-0.154219371717859,-0.10995042957481384,joint_six_dimensions,mod__population,package_by_moderator
3.865496121911549,-0.1360219036967965,-0.1923447397436871,-0.07969906764990592,-0.15911768255099779,-0.11292612484259522,joint_six_dimensions,mod__population,package_by_moderator
3.870887424086657,-0.14004615411215518,-0.19881358921350706,-0.0812787190108033,-0.16414436684774025,-0.11594794137657011,joint_six_dimensions,mod__population,package_by_moderator
3.8762787262617655,-0.14415841480205346,-0.20547075080179358,-0.08284607880231334,-0.16930019125850834,-0.11901663834559859,joint_six_dimensions,mod__population,package_by_moderator
3.8816700284368735,-0.14835944867613127,-0.21231703112545525,-0.0844018662268073,-0.17458593661557303,-0.1221329607366895,joint_six_dimensions,mod__population,package_by_moderator
3.8870613306119814,-0.1526500186440295,-0.21935327727076254,-0.08594676001729647,-0.1800024003460988,-0.1252976369419602,joint_six_dimensions,mod__population,package_by_moderator
3.8924526327870894,-0.15703088761538872,-0.22658038064216174,-0.08748139458861569,-0.18555039805039003,-0.1285113771803874,joint_six_dimensions,mod__population,package_by_moderator
3.8978439349621974,-0.16150281849984954,-0.23399927918160676,-0.08900635781809232,-0.19123076441195175,-0.13177487258774734,joint_six_dimensions,mod__population,package_by_moderator
3.903235237137306,-0.16606657420705304,-0.24161095830827384,-0.09052219010583225,-0.19704435358283,-0.13508879483127606,joint_six_dimensions,mod__population,package_by_moderator
3.9086265393124138,-0.170722917646639,-0.2494164508737547,-0.09202938441952328,-0.20299203916523736,-0.13845379612804062,joint_six_dimensions,mod__population,package_by_moderator
14.85,0.054672305321159645,0.04113217409607539,0.0682124365462439,0.04912003028708533,0.06022458035523396,D1_green_water_plus_1sd,mod__median_household_income,strategy_by_income
15.736353296089385,0.05335731081766042,0.04039186681454096,0.06632275482077987,0.0480406924003407,0.05867392923498013,D1_green_water_plus_1sd,mod__median_household_income,strategy_by_income
16.62270659217877,0.05206190504132921,0.03965069152062204,0.06447311856203637,0.04697255473681182,0.0571512553458466,D1_green_water_plus_1sd,mod__median_household_income,strategy_by_income
17.509059888268155,0.05078595094759572,0.03890850336724106,0.06266339852795039,0.04591547705242716,0.05565642484276428,D1_green_water_plus_1sd,mod__median_household_income,strategy_by_income
18.39541318435754,0.04952931149188965,0.03816514530150685,0.06089347768227244,0.04486931409799133,0.05418930888578796,D1_green_water_plus_1sd,mod__median_household_income,strategy_by_income
19.281766480446926,0.048291849629640754,0.03742044865070287,0.05916325060857864,0.04383391585947581,0.0527497833998057,D1_green_water_plus_1sd,mod__median_household_income,strategy_by_income
20.168119776536308,0.04707342831627872,0.036674234189286455,0.05747262244327098,0.042809127995553274,0.051337728637004164,D1_green_water_plus_1sd,mod__median_household_income,strategy_by_income
21.054473072625694,0.04587391050723325,0.03592631381563818,0.05582150719882832,0.04179479252516659,0.04995302848929992,D1_green_water_plus_1sd,mod__median_household_income,strategy_by_income
21.94082636871508,0.04469315915793408,0.03517649298500135,0.05420982533086681,0.04079074882518155,0.04859556949068661,D1_green_water_plus_1sd,mod__median_household_income,strategy_by_income
22.827179664804465,0.0435310372238109,0.03442457405899433,0.052637500388627474,0.03979683500389011,0.04726523944373169,D1_green_water_plus_1sd,mod__median_household_income,strategy_by_income
23.71353296089385,0.04238740766029346,0.033670360738519006,0.051104454582067915,0.0388128897187717,0.04596192560181522,D1_green_water_plus_1sd,mod__median_household_income,strategy_by_income
24.599886256983233,0.04126213342281143,0.032913663740839004,0.04961060310478386,0.03783875450443958,0.04468551234118328,D1_green_water_plus_1sd,mod__median_household_income,strategy_by_income
25.486239553072622,0.040155077466794545,0.032154307856929555,0.048155847076659535,0.0368742766665824,0.04343587826700669,D1_green_water_plus_1sd,mod__median_household_income,strategy_by_income
26.372592849162004,0.039066102747672526,0.03139214047507805,0.046740065020267,0.035919312777157354,0.0422128927181877,D1_green_water_plus_1sd,mod__median_household_income,strategy_by_income
27.25894614525139,0.03799507222087506,0.03062704157462656,0.045363102867123556,0.034973732772430724,0.041016411669319394,D1_green_water_plus_1sd,mod__median_household_income,strategy_by_income
28.145299441340775,0.036941848841831895,0.029858935075151145,0.044024762608512645,0.03403742460682984,0.03984627307683395,D1_green_water_plus_1sd,mod__median_household_income,strategy_by_income
29.031652737430157,0.035906295565972725,0.029087801271042067,0.04272478986090338,0.033110299351875025,0.038702291780070425,D1_green_water_plus_1sd,mod__median_household_income,strategy_by_income
29.918006033519546,0.03488827534872725,0.028313689896198854,0.04146286080125565,0.03219229655349704,0.03758425414395746,D1_green_water_plus_1sd,mod__median_household_income,strategy_by_income
30.80435932960893,0.03388765114552521,0.02753673316467358,0.040238569126376834,0.03128338957949177,0.03649191271155865,D1_green_water_plus_1sd,mod__median_household_income,strategy_by_income
31.69071262569831,0.0329042859117963,0.02675715794739655,0.03905141387619604,0.030383590612716255,0.03542498121087634,D1_green_water_plus_1sd,mod__median_household_income,strategy_by_income
32.5770659217877,0.031938042602970236,0.025975296108278294,0.037900789097662174,0.02949295488951743,0.03438313031642304,D1_green_water_plus_1sd,mod__median_household_income,strategy_by_income
33.46341921787708,0.030988784174476737,0.025191591974188073,0.0367859763747654,0.028611583762876383,0.03336598458607709,D1_green_water_plus_1sd,mod__median_household_income,strategy_by_income
34.34977251396647,0.030056373581745507,0.02440660598623824,0.03570614117725277,0.02773962619965639,0.03237312096383462,D1_green_water_plus_1sd,mod__median_household_income,strategy_by_income
35.23612581005585,0.029140673780206273,0.02362101379165407,0.03466033376875848,0.026877278408214477,0.03140406915219807,D1_green_water_plus_1sd,mod__median_household_income,strategy_by_income
36.12247910614524,0.028241547725288738,0.02283560037752823,0.03364749507304925,0.02602478143288494,0.030458314017692535,D1_green_water_plus_1sd,mod__median_household_income,strategy_by_income
37.008832402234624,0.02735885837242262,0.02205124928142671,0.03266646746341853,0.025182416729673394,0.029535300015171847,D1_green_water_plus_1sd,mod__median_household_income,strategy_by_income
37.895185698324006,0.02649246867703763,0.021268927375684,0.03171600997839125,0.024350499926894933,0.028634437427180325,D1_green_water_plus_1sd,mod__median_household_income,strategy_by_income
38.781538994413395,0.025642241594563478,0.020489666137421227,0.03079481705170573,0.02352937314474556,0.027755110044381397,D1_green_water_plus_1sd,mod__median_household_income,strategy_by_income
39.66789229050278,0.02480804008042988,0.01971454061687495,0.029901539543984813,0.022719396371041388,0.026896683789818375,D1_green_water_plus_1sd,mod__median_household_income,strategy_by_income
40.55424558659217,0.023989727090066547,0.0189446474584672,0.029034806721665894,0.021920938448524295,0.0260585157316088,D1_green_water_plus_1sd,mod__median_household_income,strategy_by_income
41.44059888268155,0.023187165578903206,0.018181083301670356,0.028193247856136056,0.021134368217906516,0.025239962939899895,D1_green_water_plus_1sd,mod__median_household_income,strategy_by_income
42.32695217877093,0.022400218502369555,0.017424924714636518,0.027375512290102592,0.020360046289441592,0.02444039071529752,D1_green_water_plus_1sd,mod__median_household_income,strategy_by_income
43.21330547486032,0.021628748815895306,0.01667721053879985,0.026580287092990762,0.019598317803140523,0.02365917982865009,D1_green_water_plus_1sd,mod__median_household_income,strategy_by_income
44.0996587709497,0.020872619474910183,0.01593892720267527,0.025806311747145094,0.018849506406538513,0.022895732543281852,D1_green_water_plus_1sd,mod__median_household_income,strategy_by_income
44.98601206703909,0.020131693434843886,0.015210997249230307,0.025052389620457464,0.01811390955022153,0.022149477319466242,D1_green_water_plus_1sd,mod__median_household_income,strategy_by_income
45.87236536312847,0.019405833651126143,0.014494271051566114,0.02431739625068617,0.017391795090753136,0.02141987221149915,D1_green_water_plus_1sd,mod__median_household_income,strategy_by_income
46.758718659217855,0.01869490307918666,0.013789521487414132,0.023600284670959187,0.016683399106895074,0.020706407051478245,D1_green_water_plus_1sd,mod__median_household_income,strategy_by_income
47.645071955307245,0.017998764674455145,0.013097441209712648,0.022900088139197642,0.015988924780378118,0.020008604568532172,D1_green_water_plus_1sd,mod__median_household_income,strategy_by_income
48.53142525139663,0.017317281392361324,0.012418642082299165,0.022215920702423484,0.015308542164501743,0.019326020620220905,D1_green_water_plus_1sd,mod__median_household_income,strategy_by_income
49.417778547486016,0.016650316188334895,0.011753656333942545,0.021546976042727244,0.01464238865735726,0.01865824371931253,D1_green_water_plus_1sd,mod__median_household_income,strategy_by_income
50.3041318435754,0.015997732017805584,0.011102939005646158,0.02089252502996501,0.013990570005370576,0.01800489403024059,D1_green_water_plus_1sd,mod__median_household_income,strategy_by_income
51.19048513966479,0.015359391836203098,0.010466871311233172,0.020251912361173026,0.013353161681345966,0.01736562199106023,D1_green_water_plus_1sd,mod__median_household_income,strategy_by_income
52.07683843575417,0.014735158598957153,0.009845764587975887,0.01962455260993842,0.012730210504463716,0.01674010669345059,D1_green_water_plus_1sd,mod__median_household_income,strategy_by_income
52.96319173184355,0.014124895261497463,0.009239864573788798,0.019009925949206127,0.012121736394188707,0.01612805412880622,D1_green_water_plus_1sd,mod__median_household_income,strategy_by_income
53.84954502793294,0.013528464779253731,0.008649355804529359,0.018407573753978106,0.011527734173430412,0.015529195385077051,D1_green_water_plus_1sd,mod__median_household_income,strategy_by_income
54.73589832402232,0.012945730107655685,0.008074365975927084,0.01781709423938429,0.01094817535719842,0.014943284858112952,D1_green_water_plus_1sd,mod__median_household_income,strategy_by_income
55.62225162011171,0.012376554202133027,0.007514970158093189,0.017238138246172867,0.010383009880806964,0.01437009852345909,D1_green_water_plus_1sd,mod__median_household_income,strategy_by_income
56.508604916201094,0.011820800018115477,0.006971194786186116,0.016670405250044838,0.009832167736289862,0.013809432299941093,D1_green_water_plus_1sd,mod__median_household_income,strategy_by_income
57.39495821229048,0.011278330511032744,0.006443021379113808,0.016113639642951677,0.009295560497293975,0.013261100524771512,D1_green_water_plus_1sd,mod__median_household_income,strategy_by_income
58.281311508379865,0.010749008636314545,0.005930389960033444,0.015567627312595648,0.008773082721691566,0.012724934550937525,D1_green_water_plus_1sd,mod__median_household_income,strategy_by_income
59.16766480446925,0.010232697349390594,0.005433202168909114,0.015032192529872073,0.008264613227917723,0.012200781470863464,D1_green_water_plus_1sd,mod__median_household_income,strategy_by_income
60.054018100558636,0.009729259605690595,0.004951324069559024,0.014507195141822166,0.007770016246029972,0.011688502965351219,D1_green_water_plus_1sd,mod__median_household_income,strategy_by_income
60.94037139664802,0.009238558360644272,0.0044845886624337175,0.013992528058854828,0.007289142448099745,0.0111879742731888,D1_green_water_plus_1sd,mod__median_household_income,strategy_by_income
61.82672469273741,0.008760456569681331,0.004032798120662675,0.013488115018699988,0.006821829865127111,0.01069908327423555,D1_green_water_plus_1sd,mod__median_household_income,strategy_by_income
62.71307798882679,0.008294817188231492,0.003595725771401613,0.012993908605061371,0.006367904699513342,0.010221729676949643,D1_green_water_plus_1sd,mod__median_household_income,strategy_by_income
63.59943128491617,0.007841503171724462,0.003173117847790178,0.012509888495658747,0.005927182043469816,0.009755824299979109,D1_green_water_plus_1sd,mod__median_household_income,strategy_by_income
64.48578458100556,0.007400377475589954,0.0027646950393580673,0.012036059911821842,0.005499466514778573,0.009301288436401337,D1_green_water_plus_1sd,mod__median_household_income,strategy_by_income
65.37213787709494,0.006971303055257689,0.002370153870860002,0.011572452239655376,0.005084552822198282,0.008858053288317095,D1_green_water_plus_1sd,mod__median_household_income,strategy_by_income
66.25849117318432,0.006554142866157374,0.0019891679415523014,0.011119117790762446,0.004682226273642791,0.008426059458671956,D1_green_water_plus_1sd,mod__median_household_income,strategy_by_income
67.1448444692737,0.006148759863718722,0.0016213890590394912,0.010676130668397952,0.004292263241127015,0.008005256486310428,D1_green_water_plus_1sd,mod__median_household_income,strategy_by_income
68.03119776536309,0.005755017003371448,0.0012664483041371641,0.010243585702605734,0.003914431597425292,0.007595602409317605,D1_green_water_plus_1sd,mod__median_household_income,strategy_by_income
68.91755106145249,0.0053727772405452595,0.0009239570657606612,0.009821597415329859,0.0035484911404385045,0.0071970633406520145,D1_green_water_plus_1sd,mod__median_household_income,strategy_by_income
69.80390435754187,0.00500190353066988,0.000593508087620721,0.009410298973719039,0.0031941940224027975,0.006809613038936962,D1_green_water_plus_1sd,mod__median_household_income,strategy_by_income
70.69025765363125,0.0046422588291750175,0.0002746765713609982,0.009009841086989037,0.002851285202242845,0.00643323245610719,D1_green_water_plus_1sd,mod__median_household_income,strategy_by_income
71.57661094972063,0.004293706091490386,-3.297861651757692e-05,0.008620390799498348,0.002519502940484053,0.006067909242496719,D1_green_water_plus_1sd,mod__median_household_income,strategy_by_income
72.46296424581001,0.003956108273045696,-0.00032991358437371894,0.008242130130465111,0.0021985793570511204,0.005713637189040272,D1_green_water_plus_1sd,mod__median_household_income,strategy_by_income
73.34931754189941,0.0036293283292706587,-0.000616597850926554,0.007875254509467872,0.0018882410728076175,0.0053704155857337,D1_green_water_plus_1sd,mod__median_household_income,strategy_by_income
74.23567083798879,0.003313229215594996,-0.0008935125259179923,0.007519970957107984,0.0015882099555947645,0.005038248475595227,D1_green_water_plus_1sd,mod__median_household_income,strategy_by_income
75.12202413407817,0.0030076738874484175,-0.0011611481877541689,0.007176495962651004,0.0012982039905271516,0.004717143784369684,D1_green_water_plus_1sd,mod__median_household_income,strategy_by_income
76.00837743016756,0.0027125253002606344,-0.0014200024153372551,0.006845053015858524,0.0010179382920914026,0.004407112308429866,D1_green_water_plus_1sd,mod__median_household_income,strategy_by_income
76.89473072625694,0.002427646409461361,-0.0016705769403957717,0.006525869759318494,0.0007471262718634648,0.004108166547059257,D1_green_water_plus_1sd,mod__median_household_income,strategy_by_income
77.78108402234633,0.002152900170480306,-0.0019133744000647355,0.006219174741025348,0.00048548097014770365,0.003820319370812909,D1_green_water_plus_1sd,mod__median_household_income,strategy_by_income
78.66743731843572,0.0018881495387471931,-0.0021488946876580383,0.0059251937651524245,0.00023271655238157212,0.0035435825251128143,D1_green_water_plus_1sd,mod__median_household_income,strategy_by_income
79.5537906145251,0.0016332574696917256,-0.002377630922510584,0.005644145861894035,-1.1450038255249751e-05,0.003277964977638701,D1_green_water_plus_1sd,mod__median_household_income,strategy_by_income
80.44014391061448,0.001388086918743623,-0.0026000650868691242,0.00537623892435637,-0.0002472972917014478,0.003023471129188694,D1_green_water_plus_1sd,mod__median_household_income,strategy_by_income
81.32649720670386,0.0011525008413325964,-0.00281666340779019,0.005121665090455383,-0.00047509723731214287,0.0027800989199773356,D1_green_water_plus_1sd,mod__median_household_income,strategy_by_income
82.21285050279324,0.0009263621928883563,-0.0030278715927949734,0.004880595978571686,-0.0006951134901884226,0.0025478378759651353,D1_green_water_plus_1sd,mod__median_household_income,strategy_by_income
83.09920379888264,0.0007095339288406173,-0.003234110056851834,0.004653177914533069,-0.0009075992939506759,0.0023266671516319103,D1_green_water_plus_1sd,mod__median_household_income,strategy_by_income
83.98555709497202,0.0005018790046190953,-0.003435769301820363,0.0044395273110585535,-0.0011127956260304141,0.0021165536352686044,D1_green_water_plus_1sd,mod__median_household_income,strategy_by_income
84.8719103910614,0.00030326037565350447,-0.003633205624393316,0.004239726375700325,-0.0013109294376661474,0.0019174501889731564,D1_green_water_plus_1sd,mod__median_household_income,strategy_by_income
85.75826368715079,0.00011354099737355232,-0.0038267373318130633,0.004053819326560168,-0.001502212102117606,0.0017292940968647106,D1_green_water_plus_1sd,mod__median_household_income,strategy_by_income
86.64461698324017,-6.741617479104171e-05,-0.004016641634193592,0.003881809284611509,-0.0016868381403292673,0.0015520057907471838,D1_green_water_plus_1sd,mod__median_household_income,strategy_by_income
87.53097027932957,-0.000239748185410572,-0.004203152357609138,0.0037236559867879944,-0.0018649842831580028,0.0013854879123368588,D1_green_water_plus_1sd,mod__median_household_income,strategy_by_income
88.41732357541895,-0.0004035920790553191,-0.004386458584468557,0.003579274426357919,-0.0020368089138440917,0.0012296247557334536,D1_green_water_plus_1sd,mod__median_household_income,strategy_by_income
89.30367687150833,-0.0005590849002955721,-0.004566704280125811,0.003448534479534667,-0.002202451914898886,0.0010842821143077417,D1_green_water_plus_1sd,mod__median_household_income,strategy_by_income
90.19003016759771,-0.0007063636937016185,-0.004743988911667559,0.0033312615242643224,-0.0023620349218452484,0.0009493075344420112,D1_green_water_plus_1sd,mod__median_household_income,strategy_by_income
91.0763834636871,-0.0008455655038437371,-0.00491836901165144,0.0032272380039639658,-0.0025156619644450843,0.0008245309567576104,D1_green_water_plus_1sd,mod__median_household_income,strategy_by_income
91.96273675977649,-0.0009768273752922274,-0.005089860591501962,0.003136205840917507,-0.0026634204563380564,0.0007097657057536018,D1_green_water_plus_1sd,mod__median_household_income,strategy_by_income
92.84909005586587,-0.0011002863526173717,-0.005258442270737232,0.003057869565502488,-0.002805382478214308,0.0006048097729795642,D1_green_water_plus_1sd,mod__median_household_income,strategy_by_income
93.73544335195525,-0.0012160794803894523,-0.005424058962184604,0.0029919000014057,-0.002941606288976406,0.0005094473281975014,D1_green_water_plus_1sd,mod__median_household_income,strategy_by_income
94.62179664804464,-0.0013243438031787583,-0.005586625941071539,0.0029379383347140223,-0.0030721379943133955,0.00042345038795587914,D1_green_water_plus_1sd,mod__median_household_income,strategy_by_income
95.50814994413402,-0.0014252163655555788,-0.005746033126842317,0.0028956003957311596,-0.003197013302505347,0.0003465805713941893,D1_green_water_plus_1sd,mod__median_household_income,strategy_by_income
96.39450324022341,-0.0015188342120901928,-0.00590214941882768,0.002864480994647294,-0.0033162593023108675,0.00027859087813048174,D1_green_water_plus_1sd,mod__median_household_income,strategy_by_income
97.2808565363128,-0.0016053343873529032,-0.006054826947639553,0.0028441581729337466,-0.003429896206296814,0.0002192274315910073,D1_green_water_plus_1sd,mod__median_household_income,strategy_by_income
98.16720983240218,-0.0016848539359139818,-0.006203905130161754,0.0028341972583337902,-0.0035379390136303897,0.00016823114180242616,D1_green_water_plus_1sd,mod__median_household_income,strategy_by_income
99.05356312849156,-0.0017575299023437213,-0.00634921444416194,0.002834154639474497,-0.0036403990578990145,0.00012533925321157207,D1_green_water_plus_1sd,mod__median_household_income,strategy_by_income
99.93991642458096,-0.001823499331212411,-0.006490579866230016,0.0028435812038051945,-0.003737285416873571,9.02867544487491e-05,D1_green_water_plus_1sd,mod__median_household_income,strategy_by_income
100.82626972067034,-0.001882899267090326,-0.006627823941992246,0.002862025407811594,-0.0038286061714823977,6.280763730174567e-05,D1_green_water_plus_1sd,mod__median_household_income,strategy_by_income
101.71262301675972,-0.001935866754547766,-0.006760769479110038,0.002889035970014506,-0.003914369510104151,4.263600100861851e-05,D1_green_water_plus_1sd,mod__median_household_income,strategy_by_income
102.5989763128491,-0.001982538838155013,-0.006889241870854919,0.002924164194544893,-0.003994584681374445,2.9507005064419167e-05,D1_green_water_plus_1sd,mod__median_household_income,strategy_by_income
103.48532960893849,-0.0020230525624823567,-0.007013071070993132,0.002966965946028418,-0.004069262804008337,2.3157679043623626e-05,D1_green_water_plus_1sd,mod__median_household_income,strategy_by_income
104.37168290502788,-0.0020575449721000755,-0.00713209324962507,0.0030170033054249187,-0.004138417545794908,2.3327601594757153e-05,D1_green_water_plus_1sd,mod__median_household_income,strategy_by_income
105.25803620111726,-0.0020861531115784655,-0.007246152165049076,0.0030738459418921445,-0.004202065686144646,2.9759462987715302e-05,D1_green_water_plus_1sd,mod__median_household_income,strategy_by_income
106.14438949720665,-0.0021090140254878056,-0.0073551002893017395,0.0031370722383261282,-0.004260227577629214,4.2199526653602815e-05,D1_green_water_plus_1sd,mod__median_household_income,strategy_by_income
107.03074279329603,-0.002126264758398392,-0.00745879972542791,0.003206270208631126,-0.004312927522117807,6.039800532102327e-05,D1_green_water_plus_1sd,mod__median_household_income,strategy_by_income
107.91709608938541,-0.0021380423548805066,-0.007557122953363233,0.00328103824360222,-0.004360194076634216,8.410936687320257e-05,D1_green_water_plus_1sd,mod__median_household_income,strategy_by_income
108.8034493854748,-0.0021444838595044285,-0.0076499534390972465,0.0033609857200883895,-0.004402060303150646,0.00011309258414178873,D1_green_water_plus_1sd,mod__median_household_income,strategy_by_income
109.68980268156419,-0.0021457263168404607,-0.007737186138955428,0.0034457335052745066,-0.0044385639753739626,0.00014711134169304117,D1_green_water_plus_1sd,mod__median_household_income,strategy_by_income
110.57615597765357,-0.002141906771458875,-0.007818727927724926,0.0035349143848071767,-0.004469747754303172,0.00018593421138542177,D1_green_water_plus_1sd,mod__median_household_income,strategy_by_income
111.46250927374295,-0.002133162267929964,-0.007894497976195401,0.003628173440335473,-0.004495659343044093,0.0002293348071841653,D1_green_water_plus_1sd,mod__median_household_income,strategy_by_income
112.34886256983233,-0.0021196298508240168,-0.007964428100659088,0.0037251683990110534,-0.004516351630125573,0.0002770919284775402,D1_green_water_plus_1sd,mod__median_household_income,strategy_by_income
113.23521586592173,-0.0021014465647113192,-0.008028463104120358,0.0038255699746977193,-0.004531882829416099,0.0003289896999934612,D1_green_water_plus_1sd,mod__median_household_income,strategy_by_income
114.12156916201111,-0.002078749454162157,-0.008086561126462215,0.0039290622181379015,-0.004542316623713301,0.0003848177153889863,D1_green_water_plus_1sd,mod__median_household_income,strategy_by_income
115.0079224581005,-0.002051675563746816,-0.008138694018628531,0.0040353428911348984,-0.004547722318181358,0.00044437119068772585,D1_green_water_plus_1sd,mod__median_household_income,strategy_by_income
115.89427575418988,-0.002020361938035585,-0.008184847754003821,0.0041441238779326515,-0.0045481750090416734,0.0005074511329705039,D1_green_water_plus_1sd,mod__median_household_income,strategy_by_income
116.78062905027926,-0.0019849456215987465,-0.008225022888586613,0.0042551316453891186,-0.004543755772271847,0.0005738645290743545,D1_green_water_plus_1sd,mod__median_household_income,strategy_by_income
117.66698234636866,-0.0019455636590065897,-0.0082592350802249,0.004368107762211721,-0.0045345518765237194,0.0006434245585105404,D1_green_water_plus_1sd,mod__median_household_income,strategy_by_income
118.55333564245804,-0.0019023530948294037,-0.00828751567607296,0.004482809486414154,-0.004520657024016286,0.0007159508343574793,D1_green_water_plus_1sd,mod__median_household_income,strategy_by_income
119.43968893854742,-0.0018554509736374708,-0.00830991237649066,0.004599010429215718,-0.0045021716227746835,0.0007912696754997415,D1_green_water_plus_1sd,mod__median_household_income,strategy_by_income
120.3260422346368,-0.0018049943400010801,-0.008326489982789578,0.004716501302787417,-0.004479203093251453,0.0008692144132492921,D1_green_water_plus_1sd,mod__median_household_income,strategy_by_income
121.21239553072618,-0.0017511202384905278,-0.008337331235479879,0.004835090758498823,-0.004451866212058603,0.0009496257350775474,D1_green_water_plus_1sd,mod__median_household_income,strategy_by_income
122.09874882681558,-0.0016939657136760891,-0.008342537748930016,0.004954606321577838,-0.0044202834952347635,0.0010323520678825848,D1_green_water_plus_1sd,mod__median_household_income,strategy_by_income
122.98510212290496,-0.0016336678101280533,-0.00834223104755446,0.005074895427298354,-0.004384585623145011,0.0011172500028889046,D1_green_water_plus_1sd,mod__median_household_income,strategy_by_income
123.87145541899434,-0.0015703635724167095,-0.008336553707724799,0.005195826562891381,-0.004344911908733682,0.0012041847639002634,D1_green_water_plus_1sd,mod__median_household_income,strategy_by_income
124.75780871508373,-0.001504190045112333,-0.00832567060848015,0.005317290518255484,-0.004301410810391485,0.0012930307201668191,D1_green_water_plus_1sd,mod__median_household_income,strategy_by_income
125.64416201117311,-0.00143528427278522,-0.00830977029271257,0.005439201747142131,-0.004254240490124097,0.0013836719445536575,D1_green_water_plus_1sd,mod__median_household_income,strategy_by_income
126.5305153072625,-0.0013637833000056734,-0.008289066438727396,0.005561499838716049,-0.00420356941698115,0.0014760028169698036,D1_green_water_plus_1sd,mod__median_household_income,strategy_by_income
127.41686860335189,-0.0012898241713439479,-0.008263799439830796,0.0056841510971429,-0.0041495770147828995,0.0015699286720950037,D1_green_water_plus_1sd,mod__median_household_income,strategy_by_income
128.30322189944127,-0.0012135439313703533,-0.008234238086765723,0.005807150224025016,-0.004092454352021066,0.0016653664892803594,D1_green_water_plus_1sd,mod__median_household_income,strategy_by_income
129.18957519553067,-0.001135079624655165,-0.008200681344292363,0.005930522094982032,-0.004032404870364521,0.0017622456210541907,D1_green_water_plus_1sd,mod__median_household_income,strategy_by_income
130.07592849162003,-0.0010545682957686792,-0.008163460208875355,0.006054323617337997,-0.003969645146423749,0.001860508554886391,D1_green_water_plus_1sd,mod__median_household_income,strategy_by_income
130.96228178770943,-0.0009721469892811779,-0.008122939629189823,0.006178645650627467,-0.0039044056792747876,0.0019601117007124317,D1_green_water_plus_1sd,mod__median_household_income,strategy_by_income
131.84863508379883,-0.0008879527497629436,-0.008079520464901988,0.006303614965376101,-0.0038369316936780837,0.0020610261941521966,D1_green_water_plus_1sd,mod__median_household_income,strategy_by_income
132.7349883798882,-0.0008021226217842653,-0.008033641451859364,0.006429396208290832,-0.0037674839459256723,0.0021632387023571417,D1_green_water_plus_1sd,mod__median_household_income,strategy_by_income
133.6213416759776,-0.0007147936499154392,-0.007985781133435732,0.0065561938336048545,-0.003696339515809759,0.0022667522159788805,D1_green_water_plus_1sd,mod__median_household_income,strategy_by_income
134.50769497206696,-0.0006261028787267336,-0.007936459708388707,0.00668425395093524,-0.003623792564356369,0.002371586806902902,D1_green_water_plus_1sd,mod__median_household_income,strategy_by_income
135.39404826815635,-0.0005361873527884517,-0.007886240735387134,0.006813866029810231,-0.003550155032785009,0.0024777803272081054,D1_green_water_plus_1sd,mod__median_household_income,strategy_by_income
136.28040156424575,-0.0004451841166708756,-0.007835732623672723,0.006945364390330971,-0.0034757572537703067,0.0025853890204285556,D1_green_water_plus_1sd,mod__median_household_income,strategy_by_income
137.16675486033512,-0.0003532302149442945,-0.007785589828645049,0.00707912939875646,-0.0034009484417043996,0.0026944880118158106,D1_green_water_plus_1sd,mod__median_household_income,strategy_by_income
138.0531081564245,-0.00026046269217898377,-0.007736513661210963,0.007215588276852996,-0.003326097024579263,0.0028051716402212956,D1_green_water_plus_1sd,mod__median_household_income,strategy_by_income
138.93946145251388,-0.00016701859294523946,-0.007689252611468799,0.00735521542557832,-0.003251590776716891,0.002917553590826412,D1_green_water_plus_1sd,mod__median_household_income,strategy_by_income
139.82581474860328,-7.303496181335078e-05,-0.007644602081878885,0.0074985321582521835,-0.003177836709353004,0.0030317667857263026,D1_green_water_plus_1sd,mod__median_household_income,strategy_by_income
140.71216804469267,2.1351156646406966e-05,-0.007603403423877114,0.007646105737169928,-0.003105260675590181,0.003147962988882995,D1_green_water_plus_1sd,mod__median_household_income,strategy_by_income
141.59852134078204,0.00011600271786372379,-0.007566542176408495,0.007798547612135943,-0.0030343066480898032,0.003266312083817251,D1_green_water_plus_1sd,mod__median_household_income,strategy_by_income
142.48487463687144,0.00021078267726833133,-0.00753494541655906,0.007956510771095722,-0.002965435632670407,0.00338700098720707,D1_green_water_plus_1sd,mod__median_household_income,strategy_by_income
143.3712279329608,0.00030555399028994734,-0.007509578152603388,0.008120686133183282,-0.0028991241892384312,0.003510232169818326,D1_green_water_plus_1sd,mod__median_household_income,strategy_by_income
144.2575812290502,0.0004001796123582896,-0.00749143871914845,0.00829179794386503,-0.0028358625435178928,0.003636221768234472,D1_green_water_plus_1sd,mod__median_household_income,strategy_by_income
145.14393452513957,0.0004945224989030411,-0.007481553172686206,0.008470598170492288,-0.002776152288887055,0.003765197286693137,D1_green_water_plus_1sd,mod__median_household_income,strategy_by_income
146.03028782122897,0.0005884456053539405,-0.0074809687328024396,0.00865785994351032,-0.0027205036968761917,0.0038973949075840728,D1_green_water_plus_1sd,mod__median_household_income,strategy_by_income
146.91664111731836,0.0006818118871406847,-0.007490746367348842,0.008854370141630211,-0.002669432676638482,0.004033056450919852,D1_green_water_plus_1sd,mod__median_household_income,strategy_by_income
147.80299441340773,0.0007744842996929985,-0.007511952675633772,0.009060921275019769,-0.0026234574465658755,0.004172426045951872,D1_green_water_plus_1sd,mod__median_household_income,strategy_by_income
148.68934770949713,0.0008663257984405925,-0.007545651277566767,0.009278302874447952,-0.0025830950033161114,0.004315746600197297,D1_green_water_plus_1sd,mod__median_household_income,strategy_by_income
149.5757010055865,0.0009571993388131916,-0.00759289396341906,0.009507292641045443,-0.002548857492677726,0.00446325617030411,D1_green_water_plus_1sd,mod__median_household_income,strategy_by_income
150.4620543016759,0.0010469678762404927,-0.007654711893045315,0.0097486476455263,-0.0025212486007172106,0.004615184353198196,D1_green_water_plus_1sd,mod__median_household_income,strategy_by_income
151.3484075977653,0.0011354943661522066,-0.007732107150316119,0.010003095882620532,-0.002500760090584068,0.004771748822888481,D1_green_water_plus_1sd,mod__median_household_income,strategy_by_income
152.23476089385466,0.001222641763978044,-0.007826044954880977,0.010271328482837065,-0.002487868608861281,0.00493315213681737,D1_green_water_plus_1sd,mod__median_household_income,strategy_by_income
153.12111418994405,0.0013082730251477437,-0.007937446808086,0.010553992858381487,-0.0024830328749758357,0.0050995789252713235,D1_green_water_plus_1sd,mod__median_household_income,strategy_by_income
154.00746748603342,0.0013922511050910025,-0.008067184804281837,0.010851687014463842,-0.0024866913484899865,0.005271193558671991,D1_green_water_plus_1sd,mod__median_household_income,strategy_by_income
154.89382078212282,0.0014744389592375312,-0.008216077276689927,0.011164955195164989,-0.002499260443642297,0.0054481383621173595,D1_green_water_plus_1sd,mod__median_household_income,strategy_by_income
155.7801740782122,0.0015546995430170546,-0.008384885874237297,0.011494284960271406,-0.0025211333306726204,0.00563053241670673,D1_green_water_plus_1sd,mod__median_household_income,strategy_by_income
156.66652737430158,0.0016328958118592696,-0.008574314089240666,0.011840105712959206,-0.0025526793320833014,0.0058184709558018405,D1_green_water_plus_1sd,mod__median_household_income,strategy_by_income
157.55288067039098,0.001708890721193887,-0.008785007182568328,0.012202788624956102,-0.002594243891950985,0.006012025334338759,D1_green_water_plus_1sd,mod__median_household_income,strategy_by_income
158.43923396648034,0.0017825472264506315,-0.009017553389130939,0.012582647842032202,-0.0026461490702509574,0.00621124352315222,D1_green_water_plus_1sd,mod__median_household_income,strategy_by_income
159.32558726256974,0.0018537282830592278,-0.009272486236815074,0.01297994280293353,-0.0027086944937605604,0.006416151059879016,D1_green_water_plus_1sd,mod__median_household_income,strategy_by_income
160.21194055865914,0.0019222968464493728,-0.00955028777881777,0.013394881471716516,-0.0027821586815124106,0.006626752374411156,D1_green_water_plus_1sd,mod__median_household_income,strategy_by_income
161.0982938547485,0.0019881158720507774,-0.009851392523203202,0.013827624267304757,-0.002866800656150955,0.00684303240025251,D1_green_water_plus_1sd,mod__median_household_income,strategy_by_income
161.9846471508379,0.00205104831529318,-0.01017619184303145,0.01427828847361781,-0.002962861752352731,0.0070649583829390915,D1_green_water_plus_1sd,mod__median_household_income,strategy_by_income
162.87100044692727,0.0021109571316062364,-0.010525038662935419,0.014746952926147892,-0.003070567538607223,0.007292481801819696,D1_green_water_plus_1sd,mod__median_household_income,strategy_by_income
163.75735374301667,0.0021677052764197263,-0.010898252240149398,0.01523366279298885,-0.003190129777728425,0.007525540330567878,D1_green_water_plus_1sd,mod__median_household_income,strategy_by_income
164.64370703910606,0.002221155705163347,-0.011296122886159766,0.01573843429648646,-0.003321748363018128,0.007764059773344822,D1_green_water_plus_1sd,mod__median_household_income,strategy_by_income
165.53006033519543,0.0022711713732667532,-0.011718916506047596,0.016261259252581102,-0.0034656131796716822,0.00800795592620519,D1_green_water_plus_1sd,mod__median_household_income,strategy_by_income
166.41641363128483,0.0023176152361597258,-0.01216687886347876,0.01680210933579821,-0.003621905853682522,0.008257136326001974,D1_green_water_plus_1sd,mod__median_household_income,strategy_by_income
167.3027669273742,0.0023603502492719614,-0.012640239508114527,0.01736094000665845,-0.0037908013623188345,0.008511501860862757,D1_green_water_plus_1sd,mod__median_household_income,strategy_by_income
168.1891202234636,0.0023992393680331986,-0.013139215327615287,0.017937694063681682,-0.003972469490660453,0.00877094822672685,D1_green_water_plus_1sd,mod__median_household_income,strategy_by_income
169.075473519553,0.002434145547873065,-0.013664013707682734,0.018532304803428865,-0.0041670761274079015,0.009035367223154032,D1_green_water_plus_1sd,mod__median_household_income,strategy_by_income
169.96182681564235,0.0024649317442213547,-0.014214835300525974,0.019144698788968684,-0.004374784400121244,0.009304647888563954,D1_green_water_plus_1sd,mod__median_household_income,strategy_by_income
170.84818011173175,0.002491460912507737,-0.014791876414924646,0.01977479823994012,-0.004595755655291101,0.009578677480306575,D1_green_water_plus_1sd,mod__median_household_income,strategy_by_income
171.73453340782112,0.002513596008161978,-0.015395331050102413,0.02042252306642637,-0.00483015029235001,0.009857342308673966,D1_green_water_plus_1sd,mod__median_household_income,strategy_by_income
172.62088670391051,0.002531199986613719,-0.01602539260147463,0.021087792574702068,-0.005078128463132549,0.010140528436359987,D1_green_water_plus_1sd,mod__median_household_income,strategy_by_income
173.5072399999999,0.002544135803292741,-0.016682255269571962,0.021770526876157444,-0.005339850649619329,0.01042812225620481,D1_green_water_plus_1sd,mod__median_household_income,strategy_by_income
14.85,-0.17532477686617426,-0.1884847619879353,-0.16216479174441323,-0.1807211689413839,-0.16992838479096462,D5_clean_maintenance_minus_1sd,mod__median_household_income,strategy_by_income
15.736353296089385,-0.17284838132700675,-0.18542117145177187,-0.16027559120224164,-0.1780039878390814,-0.1676927748149321,D5_clean_maintenance_minus_1sd,mod__median_household_income,strategy_by_income
16.62270659217877,-0.17040026636022482,-0.18240722567114917,-0.15839330704930046,-0.17532384792003178,-0.16547668480041786,D5_clean_maintenance_minus_1sd,mod__median_household_income,strategy_by_income
17.509059888268155,-0.16798023039062848,-0.17944274732397905,-0.1565177134572779,-0.17268055755428197,-0.163279903226975,D5_clean_maintenance_minus_1sd,mod__median_household_income,strategy_by_income
18.39541318435754,-0.16558807184301766,-0.17652757604762898,-0.15464856763840634,-0.17007393206628418,-0.16110221161975113,D5_clean_maintenance_minus_1sd,mod__median_household_income,strategy_by_income
19.281766480446926,-0.16322358914219243,-0.1736615682857787,-0.15278560999860616,-0.16750379367209806,-0.1589433846122868,D5_clean_maintenance_minus_1sd,mod__median_household_income,strategy_by_income
20.168119776536308,-0.16088658071295264,-0.17084459658831433,-0.15092856483759096,-0.1649699711923047,-0.1568031902336006,D5_clean_maintenance_minus_1sd,mod__median_household_income,strategy_by_income
21.054473072625694,-0.15857684498009839,-0.16807654818324097,-0.1490771417769558,-0.16247229946640424,-0.15468139049379254,D5_clean_maintenance_minus_1sd,mod__median_household_income,strategy_by_income
21.94082636871508,-0.15629418036842957,-0.16535732260559233,-0.1472310381312668,-0.160010618380525,-0.15257774235633415,D5_clean_maintenance_minus_1sd,mod__median_household_income,strategy_by_income
22.827179664804465,-0.15403838530274616,-0.16268682813678614,-0.14538994246870618,-0.1575847714073432,-0.15049199919814912,D5_clean_maintenance_minus_1sd,mod__median_household_income,strategy_by_income
23.71353296089385,-0.15180925820784819,-0.16006497678452808,-0.1435535396311683,-0.15519460354753917,-0.1484239128681572,D5_clean_maintenance_minus_1sd,mod__median_household_income,strategy_by_income
24.599886256983233,-0.14960659750853555,-0.15749167752654056,-0.14172151749053055,-0.15283995855931629,-0.14637323645775482,D5_clean_maintenance_minus_1sd,mod__median_household_income,strategy_by_income
25.486239553072622,-0.1474302016296083,-0.15496682756219884,-0.13989357569701774,-0.15052067537104127,-0.1443397278881753,D5_clean_maintenance_minus_1sd,mod__median_household_income,strategy_by_income
26.372592849162004,-0.14527986899586637,-0.15249030137801114,-0.1380694366137216,-0.14823658359742772,-0.142323154394305,D5_clean_maintenance_minus_1sd,mod__median_household_income,strategy_by_income
27.25894614525139,-0.1431553980321097,-0.15006193754992198,-0.1362488585142974,-0.14598749812768008,-0.1403232979365393,D5_clean_maintenance_minus_1sd,mod__median_household_income,strategy_by_income
28.145299441340775,-0.14105658716313832,-0.14768152338932458,-0.13443165093695206,-0.14377321282942757,-0.13833996149684907,D5_clean_maintenance_minus_1sd,mod__median_household_income,strategy_by_income
29.031652737430157,-0.13898323481375224,-0.14534877779472088,-0.1326176918327836,-0.14159349351686457,-0.13637297611063992,D5_clean_maintenance_minus_1sd,mod__median_household_income,strategy_by_income
29.918006033519546,-0.13693513940875132,-0.14306333298774085,-0.1308069458297618,-0.13944807046141078,-0.13442220835609187,D5_clean_maintenance_minus_1sd,mod__median_household_income,strategy_by_income
30.80435932960893,-0.13491209937293563,-0.140824716161445,-0.12899948258442626,-0.13733663086640238,-0.1324875678794689,D5_clean_maintenance_minus_1sd,mod__median_household_income,strategy_by_income
31.69071262569831,-0.13291391313110512,-0.13863233239811606,-0.12719549386409418,-0.1352588118623504,-0.13056901439985985,D5_clean_maintenance_minus_1sd,mod__median_household_income,strategy_by_income
32.5770659217877,-0.13094037910805972,-0.13648545045088814,-0.1253953077652313,-0.13321419467654624,-0.1286665635395732,D5_clean_maintenance_minus_1sd,mod__median_household_income,strategy_by_income
33.46341921787708,-0.12899129572859944,-0.13438319304902818,-0.12359939840817069,-0.13120230065763935,-0.12678029079955952,D5_clean_maintenance_minus_1sd,mod__median_household_income,strategy_by_income
34.34977251396647,-0.12706646141752426,-0.13232453321531792,-0.12180838961973059,-0.1292225897655402,-0.12491033306950831,D5_clean_maintenance_minus_1sd,mod__median_household_income,strategy_by_income
35.23612581005585,-0.12516567459963415,-0.1303082976507256,-0.1200230515485427,-0.12727446195934103,-0.12305688723992728,D5_clean_maintenance_minus_1sd,mod__median_household_income,strategy_by_income
36.12247910614524,-0.12328873369972909,-0.12833317758138102,-0.11824428981807716,-0.1253572616452336,-0.12122020575422458,D5_clean_maintenance_minus_1sd,mod__median_household_income,strategy_by_income
37.008832402234624,-0.12143543714260904,-0.1263977466740087,-0.1164731276112094,-0.12347028502292327,-0.11940058926229481,D5_clean_maintenance_minus_1sd,mod__median_household_income,strategy_by_income
37.895185698324006,-0.11960558335307397,-0.1245004848504725,-0.11471068185567544,-0.12161278985103682,-0.11759837685511113,D5_clean_maintenance_minus_1sd,mod__median_household_income,strategy_by_income
38.781538994413395,-0.11779897075592388,-0.12263980621775453,-0.11295813529409324,-0.11978400690010768,-0.11581393461174008,D5_clean_maintenance_minus_1sd,mod__median_household_income,strategy_by_income
39.66789229050278,-0.11601539777595872,-0.12081408898735992,-0.11121670656455752,-0.11798315222134659,-0.11404764333057085,D5_clean_maintenance_minus_1sd,mod__median_household_income,strategy_by_income
40.55424558659217,-0.11425466283797846,-0.11902170523139043,-0.10948762044456649,-0.11620943934843657,-0.11229988632752035,D5_clean_maintenance_minus_1sd,mod__median_household_income,strategy_by_income
41.44059888268155,-0.1125165643667831,-0.11726104858137637,-0.10777208015218984,-0.11446209065573397,-0.11057103807783224,D5_clean_maintenance_minus_1sd,mod__median_household_income,strategy_by_income
42.32695217877093,-0.11080090078717261,-0.11553055843457558,-0.10607124313976965,-0.11274034728431916,-0.10886145429002607,D5_clean_maintenance_minus_1sd,mod__median_household_income,strategy_by_income
43.21330547486032,-0.10910747052394693,-0.1138287397807628,-0.10438620126713105,-0.11104347727218272,-0.10717146377571113,D5_clean_maintenance_minus_1sd,mod__median_household_income,strategy_by_income
44.0996587709497,-0.1074360720019061,-0.11215417829792114,-0.10271796570589105,-0.10937078174437465,-0.10550136225943754,D5_clean_maintenance_minus_1sd,mod__median_household_income,strategy_by_income
44.98601206703909,-0.10578650364584999,-0.1105055508138871,-0.10106745647781287,-0.10772159920291306,-0.10385140808878691,D5_clean_maintenance_minus_1sd,mod__median_household_income,strategy_by_income
45.87236536312847,-0.10415856388057869,-0.10888163155530875,-0.09943549620584863,-0.10609530808923638,-0.102221819671921,D5_clean_maintenance_minus_1sd,mod__median_household_income,strategy_by_income
46.758718659217855,-0.10255205113089211,-0.10728129479986155,-0.09782280746192266,-0.10449132787177241,-0.1006127743900118,D5_clean_maintenance_minus_1sd,mod__median_household_income,strategy_by_income
47.645071955307245,-0.10096676382159023,-0.1057035146292039,-0.09623001301397656,-0.10290911894463528,-0.09902440869854517,D5_clean_maintenance_minus_1sd,mod__median_household_income,strategy_by_income
48.53142525139663,-0.09940250037747303,-0.10414736247616234,-0.09465763827878372,-0.10134818162182258,-0.09745681913312348,D5_clean_maintenance_minus_1sd,mod__median_household_income,strategy_by_income
49.417778547486016,-0.09785905922334048,-0.10261200309956382,-0.09310611534711714,-0.09980805448665242,-0.09591006396002855,D5_clean_maintenance_minus_1sd,mod__median_household_income,strategy_by_income
50.3041318435754,-0.09633623878399257,-0.1010966895297269,-0.09157578803825824,-0.09828831231910831,-0.09438416524887683,D5_clean_maintenance_minus_1sd,mod__median_household_income,strategy_by_income
51.19048513966479,-0.09483383748422924,-0.0996007574264878,-0.09006691754197069,-0.09678856378228759,-0.0928791111861709,D5_clean_maintenance_minus_1sd,mod__median_household_income,strategy_by_income
52.07683843575417,-0.09335165374885052,-0.09812361919292538,-0.08857968830477565,-0.09530844900867175,-0.09139485848902928,D5_clean_maintenance_minus_1sd,mod__median_household_income,strategy_by_income
52.96319173184355,-0.09188948600265634,-0.09666475809929899,-0.08711421390601369,-0.09384763719058441,-0.08993133481472827,D5_clean_maintenance_minus_1sd,mod__median_household_income,strategy_by_income
53.84954502793294,-0.09044713267044668,-0.09522372259662375,-0.08567054274426962,-0.09240582424841244,-0.08848844109248093,D5_clean_maintenance_minus_1sd,mod__median_household_income,strategy_by_income
54.73589832402232,-0.08902439217702153,-0.09380012093850026,-0.0842486634155428,-0.0909827306252299,-0.08706605372881317,D5_clean_maintenance_minus_1sd,mod__median_household_income,strategy_by_income
55.62225162011171,-0.08762106294718082,-0.09239361618235672,-0.08284850971200491,-0.089578099237004,-0.08566402665735764,D5_clean_maintenance_minus_1sd,mod__median_household_income,strategy_by_income
56.508604916201094,-0.0862369434057246,-0.09100392160538763,-0.08146996520606158,-0.08819169359285219,-0.08428219321859702,D5_clean_maintenance_minus_1sd,mod__median_household_income,strategy_by_income
57.39495821229048,-0.08487183197745278,-0.08963079654413063,-0.08011286741077493,-0.0868232960890161,-0.08292036786588947,D5_clean_maintenance_minus_1sd,mod__median_household_income,strategy_by_income
58.281311508379865,-0.08352552708716536,-0.08827404264780224,-0.07877701152652848,-0.08547270647250203,-0.08157834770182869,D5_clean_maintenance_minus_1sd,mod__median_household_income,strategy_by_income
59.16766480446925,-0.08219782715966233,-0.08693350052240385,-0.0774621537969208,-0.08413974046496095,-0.0802559138543637,D5_clean_maintenance_minus_1sd,mod__median_household_income,strategy_by_income
60.054018100558636,-0.0808885306197436,-0.08560904673369574,-0.07616801450579147,-0.08282422853372588,-0.07895283270576132,D5_clean_maintenance_minus_1sd,mod__median_household_income,strategy_by_income
60.94037139664802,-0.07959743589220923,-0.08430059113117867,-0.07489428065323979,-0.08152601479448227,-0.0776688569899362,D5_clean_maintenance_minus_1sd,mod__median_household_income,strategy_by_income
61.82672469273741,-0.07832434140185913,-0.08300807445126229,-0.07364060835245598,-0.08024495602842145,-0.07640372677529682,D5_clean_maintenance_minus_1sd,mod__median_household_income,strategy_by_income
62.71307798882679,-0.07706904557349332,-0.08173146615511549,-0.07240662499187116,-0.07898092079562832,-0.07515717035135833,D5_clean_maintenance_minus_1sd,mod__median_household_income,strategy_by_income
63.59943128491617,-0.07583134683191174,-0.08047076245476417,-0.07119193120905931,-0.0777337886256616,-0.07392890503816188,D5_clean_maintenance_minus_1sd,mod__median_household_income,strategy_by_income
64.48578458100556,-0.07461104360191437,-0.07922598447949109,-0.06999610272433765,-0.07650344926566663,-0.0727186379381621,D5_clean_maintenance_minus_1sd,mod__median_household_income,strategy_by_income
65.37213787709494,-0.07340793430830121,-0.07799717653330362,-0.0688186920832988,-0.07528980196583139,-0.07152606665077103,D5_clean_maintenance_minus_1sd,mod__median_household_income,strategy_by_income
66.25849117318432,-0.0722218173758722,-0.07678440439311802,-0.06765923035862638,-0.07409275478153889,-0.07035087997020552,D5_clean_maintenance_minus_1sd,mod__median_household_income,strategy_by_income
67.1448444692737,-0.07105249122942733,-0.07558775359642889,-0.06651722886242578,-0.07291222387120776,-0.06919275858764691,D5_clean_maintenance_minus_1sd,mod__median_household_income,strategy_by_income
68.03119776536309,-0.06989975429376658,-0.0744073276667762,-0.06539218092075695,-0.07174813276862613,-0.06805137581890702,D5_clean_maintenance_minus_1sd,mod__median_household_income,strategy_by_income
68.91755106145249,-0.06876340499368988,-0.0732432462255858,-0.06428356376179396,-0.0706004116086917,-0.06692639837868807,D5_clean_maintenance_minus_1sd,mod__median_household_income,strategy_by_income
69.80390435754187,-0.06764324175399729,-0.07209564294033714,-0.06319084056765743,-0.06946899628603609,-0.06581748722195849,D5_clean_maintenance_minus_1sd,mod__median_household_income,strategy_by_income
70.69025765363125,-0.06653906299948871,-0.07096466326198156,-0.06211346273699586,-0.06835382752722902,-0.0647242984717484,D5_clean_maintenance_minus_1sd,mod__median_household_income,strategy_by_income
71.57661094972063,-0.06545066715496414,-0.06985046190962618,-0.061050872400302096,-0.06725484985934625,-0.06364648445058203,D5_clean_maintenance_minus_1sd,mod__median_household_income,strategy_by_income
72.46296424581001,-0.06437785264522358,-0.0687532000682382,-0.06000250522220897,-0.06617201046085835,-0.06258369482958881,D5_clean_maintenance_minus_1sd,mod__median_household_income,strategy_by_income
73.34931754189941,-0.06332041789506694,-0.06767304227598005,-0.05896779351415383,-0.06510525788524929,-0.0615355779048846,D5_clean_maintenance_minus_1sd,mod__median_household_income,strategy_by_income
74.23567083798879,-0.06227816132929424,-0.06661015299206305,-0.057946169666525445,-0.06405454065362827,-0.06050178200496021,D5_clean_maintenance_minus_1sd,mod__median_household_income,strategy_by_income
75.12202413407817,-0.061250881372705464,-0.06556469285374622,-0.05693706989166471,-0.06301980571987233,-0.05948195702553861,D5_clean_maintenance_minus_1sd,mod__median_household_income,strategy_by_income
76.00837743016756,-0.060238376450100564,-0.06453681465199071,-0.05593993824821042,-0.06200099682040037,-0.05847575607980076,D5_clean_maintenance_minus_1sd,mod__median_household_income,strategy_by_income
76.89473072625694,-0.05924044498627953,-0.063526659078508,-0.05495423089405105,-0.060998052730205185,-0.05748283724235387,D5_clean_maintenance_minus_1sd,mod__median_household_income,strategy_by_income
77.78108402234633,-0.05825688540604229,-0.06253435032121103,-0.05397942049087355,-0.060010905456721116,-0.05650286535536347,D5_clean_maintenance_minus_1sd,mod__median_household_income,strategy_by_income
78.66743731843572,-0.057287496134188876,-0.06155999160857684,-0.05301500065980091,-0.05903947841274262,-0.055535513855635134,D5_clean_maintenance_minus_1sd,mod__median_household_income,strategy_by_income
79.5537906145251,-0.05633207559551924,-0.06060366082395244,-0.05206049036708604,-0.05808368461802357,-0.05458046657301491,D5_clean_maintenance_minus_1sd,mod__median_household_income,strategy_by_income
80.44014391061448,-0.055390422214833354,-0.059665406325994604,-0.051115438103672105,-0.05714342498540416,-0.05363741944426255,D5_clean_maintenance_minus_1sd,mod__median_household_income,strategy_by_income
81.32649720670386,-0.0544623344169312,-0.05874524311895805,-0.05017942571490435,-0.0562185867503967,-0.0527060820834657,D5_clean_maintenance_minus_1sd,mod__median_household_income,strategy_by_income
82.21285050279324,-0.05354761062661275,-0.0578431495146471,-0.0492520717385784,-0.0553090421023834,-0.0517861791508421,D5_clean_maintenance_minus_1sd,mod__median_household_income,strategy_by_income
83.09920379888264,-0.052646049268677955,-0.05695906441556772,-0.04833303412178819,-0.054414647070543894,-0.05087745146681202,D5_clean_maintenance_minus_1sd,mod__median_household_income,strategy_by_income
83.98555709497202,-0.05175744876792682,-0.0560928853263058,-0.04742201220954784,-0.053535240708399746,-0.04997965682745389,D5_clean_maintenance_minus_1sd,mod__median_household_income,strategy_by_income
84.8719103910614,-0.05088160754915931,-0.05524446716877953,-0.04651874792953909,-0.05267064460799606,-0.04909257049032256,D5_clean_maintenance_minus_1sd,mod__median_household_income,strategy_by_income
85.75826368715079,-0.050018324037175384,-0.054413621939264085,-0.04562302613508668,-0.051820662759260734,-0.04821598531509003,D5_clean_maintenance_minus_1sd,mod__median_household_income,strategy_by_income
86.64461698324017,-0.049167396656775046,-0.053600119204294625,-0.04473467410925547,-0.05098508175335491,-0.047349711560195185,D5_clean_maintenance_minus_1sd,mod__median_household_income,strategy_by_income
87.53097027932957,-0.04832862383275824,-0.05280368739243417,-0.04385356027308231,-0.050163671312375986,-0.04649357635314049,D5_clean_maintenance_minus_1sd,mod__median_household_income,strategy_by_income
88.41732357541895,-0.047501803989924964,-0.05202401580301812,-0.04297959217683181,-0.04935618511306484,-0.04564742286678509,D5_clean_maintenance_minus_1sd,mod__median_household_income,strategy_by_income
89.30367687150833,-0.046686735553075176,-0.05126075722429646,-0.04211271388185389,-0.048562361860402845,-0.04481110924574751,D5_clean_maintenance_minus_1sd,mod__median_household_income,strategy_by_income
90.19003016759771,-0.04588321694700886,-0.05051353103383761,-0.04125290286018011,-0.04778192655896551,-0.04398450733505221,D5_clean_maintenance_minus_1sd,mod__median_household_income,strategy_by_income
91.0763834636871,-0.045091046596525984,-0.04978192664441451,-0.040400166548637456,-0.04701459192594481,-0.04316750126710716,D5_clean_maintenance_minus_1sd,mod__median_household_income,strategy_by_income
91.96273675977649,-0.04431002292642651,-0.04906550715851903,-0.039554538694333986,-0.04626005988972168,-0.04235998596313134,D5_clean_maintenance_minus_1sd,mod__median_household_income,strategy_by_income
92.84909005586587,-0.043539944361510444,-0.0483638131028617,-0.03871607562015919,-0.04551802312123748,-0.041561865601783404,D5_clean_maintenance_minus_1sd,mod__median_household_income,strategy_by_income
93.73544335195525,-0.04278060932657774,-0.04767636612881179,-0.03788485252434369,-0.044788166551398834,-0.04077305210175665,D5_clean_maintenance_minus_1sd,mod__median_household_income,strategy_by_income
94.62179664804464,-0.042031816246428384,-0.04700267258353567,-0.037060959909321095,-0.04407016883546093,-0.03999346365739584,D5_clean_maintenance_minus_1sd,mod__median_household_income,strategy_by_income
95.50814994413402,-0.041293363545862334,-0.046342226877446636,-0.03624450021427803,-0.043363703733886205,-0.03922302335783846,D5_clean_maintenance_minus_1sd,mod__median_household_income,strategy_by_income
96.39450324022341,-0.040565049649679566,-0.04569451459460549,-0.035435584704753643,-0.042668441387797254,-0.03846165791156188,D5_clean_maintenance_minus_1sd,mod__median_household_income,strategy_by_income
97.2808565363128,-0.03984667298268007,-0.04505901531242862,-0.03463433065293152,-0.04198404947522817,-0.037709296490131966,D5_clean_maintenance_minus_1sd,mod__median_household_income,strategy_by_income
98.16720983240218,-0.0391380319696638,-0.044435205114458066,-0.03384085882486953,-0.04131019424151262,-0.03696586969781498,D5_clean_maintenance_minus_1sd,mod__median_household_income,strategy_by_income
99.05356312849156,-0.03843892503543074,-0.04382255879445422,-0.03305529127640726,-0.04064654140309558,-0.0362313086677659,D5_clean_maintenance_minus_1sd,mod__median_household_income,strategy_by_income
99.93991642458096,-0.037749150604780866,-0.043220551761493156,-0.03227774944806858,-0.03999275692873878,-0.035505544280822955,D5_clean_maintenance_minus_1sd,mod__median_household_income,strategy_by_income
100.82626972067034,-0.03706850710251416,-0.04262866166418304,-0.031508352540845275,-0.03934850770554793,-0.034788506499480384,D5_clean_maintenance_minus_1sd,mod__median_household_income,strategy_by_income
101.71262301675972,-0.03639679295343058,-0.04204636975784574,-0.03074721614901543,-0.03871346209960013,-0.03408012380726103,D5_clean_maintenance_minus_1sd,mod__median_household_income,strategy_by_income
102.5989763128491,-0.03573380658233011,-0.04147316204194111,-0.029994451122719104,-0.03808729042235678,-0.03338032274230344,D5_clean_maintenance_minus_1sd,mod__median_household_income,strategy_by_income
103.48532960893849,-0.035079346414012724,-0.04090853019658524,-0.02925016263144021,-0.03746966531469287,-0.03268902751333258,D5_clean_maintenance_minus_1sd,mod__median_household_income,strategy_by_income
104.37168290502788,-0.03443321087327837,-0.04035197234716485,-0.028514449399391895,-0.03686026206043526,-0.032006159686121485,D5_clean_maintenance_minus_1sd,mod__median_household_income,strategy_by_income
105.25803620111726,-0.033795198384927075,-0.03980299368517823,-0.027787403084675925,-0.03625875884094518,-0.03133163792890897,D5_clean_maintenance_minus_1sd,mod__median_household_income,strategy_by_income
106.14438949720665,-0.03316510737375877,-0.03926110697187665,-0.027069107775640897,-0.035664836941641624,-0.030665377805875926,D5_clean_maintenance_minus_1sd,mod__median_household_income,strategy_by_income
107.03074279329603,-0.03254273626457346,-0.03872583294932435,-0.026359639579822576,-0.03507818092056101,-0.030007291608585916,D5_clean_maintenance_minus_1sd,mod__median_household_income,strategy_by_income
107.91709608938541,-0.0319278834821711,-0.03819670068135405,-0.025659066282988148,-0.03449847874816953,-0.029357288216172665,D5_clean_maintenance_minus_1sd,mod__median_household_income,strategy_by_income
108.8034493854748,-0.03132034745135162,-0.03767324784473816,-0.02496744705796508,-0.03392542192676103,-0.02871527297594221,D5_clean_maintenance_minus_1sd,mod__median_household_income,strategy_by_income
109.68980268156419,-0.03071992659691508,-0.03715502098883746,-0.024284832204992703,-0.033358705596928794,-0.02808114759690137,D5_clean_maintenance_minus_1sd,mod__median_household_income,strategy_by_income
110.57615597765357,-0.030126419343661434,-0.036641575780110354,-0.023611262907212514,-0.032798028637829026,-0.027454810049493843,D5_clean_maintenance_minus_1sd,mod__median_household_income,strategy_by_income
111.46250927374295,-0.029539624116390606,-0.03613247724621818,-0.02294677098656303,-0.03224309376727891,-0.0268361544655023,D5_clean_maintenance_minus_1sd,mod__median_household_income,strategy_by_income
112.34886256983233,-0.028959339339902607,-0.035627300033070075,-0.022291378646735138,-0.03169360764716063,-0.026225071032644584,D5_clean_maintenance_minus_1sd,mod__median_household_income,strategy_by_income
113.23521586592173,-0.028385363438997405,-0.035125628687029294,-0.021645098190965516,-0.03114928099914301,-0.0256214458788518,D5_clean_maintenance_minus_1sd,mod__median_household_income,strategy_by_income
114.12156916201111,-0.027817494838474968,-0.03462705797365302,-0.021007931703296914,-0.030609828735384204,-0.025025160941565733,D5_clean_maintenance_minus_1sd,mod__median_household_income,strategy_by_income
115.0079224581005,-0.027255531963135293,-0.034131193243751835,-0.02037987068251875,-0.030074970108638282,-0.024436093817632305,D5_clean_maintenance_minus_1sd,mod__median_household_income,strategy_by_income
115.89427575418988,-0.026699273237778348,-0.03363765085722603,-0.019760895618330665,-0.029544428886053804,-0.023854117589502892,D5_clean_maintenance_minus_1sd,mod__median_household_income,strategy_by_income
116.78062905027926,-0.026148517087204087,-0.03314605867505173,-0.019150975499356446,-0.02901793355091797,-0.023279100623490204,D5_clean_maintenance_minus_1sd,mod__median_household_income,strategy_by_income
117.66698234636866,-0.025603061936212465,-0.03265605662993798,-0.01855006724248695,-0.02849521753666065,-0.02271090633576428,D5_clean_maintenance_minus_1sd,mod__median_household_income,strategy_by_income
118.55333564245804,-0.025062706209603533,-0.03216729738654532,-0.01795811503266175,-0.027976019497584097,-0.02214939292162297,D5_clean_maintenance_minus_1sd,mod__median_household_income,strategy_by_income
119.43968893854742,-0.02452724833217719,-0.031679447102733835,-0.017375049561620545,-0.027460083621020676,-0.021594413043333704,D5_clean_maintenance_minus_1sd,mod__median_household_income,strategy_by_income
120.3260422346368,-0.023996486728733432,-0.03119218630408376,-0.016800787153383106,-0.026947159985939485,-0.02104581347152738,D5_clean_maintenance_minus_1sd,mod__median_household_income,strategy_by_income
121.21239553072618,-0.02347021982407227,-0.030705210884885804,-0.016235228763258735,-0.026437004973413086,-0.020503434674731452,D5_clean_maintenance_minus_1sd,mod__median_household_income,strategy_by_income
122.09874882681558,-0.022948246042993614,-0.030218233249918788,-0.01567825883606844,-0.025929381734815474,-0.019967110351171755,D5_clean_maintenance_minus_1sd,mod__median_household_income,strategy_by_income
122.98510212290496,-0.02243036381029749,-0.02973098361259178,-0.015129744008003203,-0.025424060724139247,-0.019436666896455734,D5_clean_maintenance_minus_1sd,mod__median_household_income,strategy_by_income
123.87145541899434,-0.021916371550783867,-0.02924321146639334,-0.014589531635174395,-0.024920820301378932,-0.018911922800188802,D5_clean_maintenance_minus_1sd,mod__median_household_income,strategy_by_income
124.75780871508373,-0.021406067689252697,-0.02875468724801917,-0.014057448130486226,-0.024419447414514215,-0.01839268796399118,D5_clean_maintenance_minus_1sd,mod__median_household_income,strategy_by_income
125.64416201117311,-0.020899250650503923,-0.028265204211970117,-0.01353329708903773,-0.023919738368208817,-0.01787876293279903,D5_clean_maintenance_minus_1sd,mod__median_household_income,strategy_by_income
126.5305153072625,-0.020395718859337608,-0.027774580537736012,-0.013016857180939204,-0.023421499687883766,-0.01736993803079145,D5_clean_maintenance_minus_1sd,mod__median_household_income,strategy_by_income
127.41686860335189,-0.01989527074055368,-0.027282661691775012,-0.01250787978933235,-0.022924549088272017,-0.016865992392835344,D5_clean_maintenance_minus_1sd,mod__median_household_income,strategy_by_income
128.30322189944127,-0.019397704718952066,-0.026789323067186968,-0.012006086370717164,-0.022428716555844726,-0.016366692882059407,D5_clean_maintenance_minus_1sd,mod__median_household_income,strategy_by_income
129.18957519553067,-0.018902819219332845,-0.026294472924017806,-0.011511165514647884,-0.021933845554514456,-0.015871792884151234,D5_clean_maintenance_minus_1sd,mod__median_household_income,strategy_by_income
130.07592849162003,-0.0184104126664959,-0.02579805565219814,-0.011022769680793663,-0.021439794363637726,-0.015381030969354077,D5_clean_maintenance_minus_1sd,mod__median_household_income,strategy_by_income
130.96228178770943,-0.017920283485241217,-0.025300055376791204,-0.01054051159369123,-0.020946437556385488,-0.014894129414096947,D5_clean_maintenance_minus_1sd,mod__median_household_income,strategy_by_income
131.84863508379883,-0.017432230100368817,-0.02480049992094493,-0.010063960279792703,-0.020453667624793802,-0.014410792575943833,D5_clean_maintenance_minus_1sd,mod__median_household_income,strategy_by_income
132.7349883798882,-0.01694605093667864,-0.02429946513502526,-0.009592636738332022,-0.019961396754970995,-0.013930705118386288,D5_clean_maintenance_minus_1sd,mod__median_household_income,strategy_by_income
133.6213416759776,-0.016461544418970686,-0.023797079589985275,-0.0091260092479561,-0.01946955875166375,-0.013453530086277622,D5_clean_maintenance_minus_1sd,mod__median_household_income,strategy_by_income
134.50769497206696,-0.01597850897204489,-0.023293529618066567,-0.008663488326023216,-0.01897811110525033,-0.012978906838839453,D5_clean_maintenance_minus_1sd,mod__median_household_income,strategy_by_income
135.39404826815635,-0.015496743020701254,-0.02278906466324654,-0.00820442137815597,-0.018487037185748536,-0.01250644885565397,D5_clean_maintenance_minus_1sd,mod__median_household_income,strategy_by_income
136.28040156424575,-0.015016044989739713,-0.02228400287613113,-0.007748087103348298,-0.01799634853706102,-0.012035741442418407,D5_clean_maintenance_minus_1sd,mod__median_household_income,strategy_by_income
137.16675486033512,-0.014536213303960321,-0.021778736851941774,-0.007293689755978868,-0.01750608722989803,-0.011566339378022612,D5_clean_maintenance_minus_1sd,mod__median_household_income,strategy_by_income
138.0531081564245,-0.014057046388162991,-0.021273739364730246,-0.006840353411595738,-0.01701632821315317,-0.011097764563172815,D5_clean_maintenance_minus_1sd,mod__median_household_income,strategy_by_income
138.93946145251388,-0.01357834266714772,-0.020769568895338226,-0.006387116438957213,-0.0165271815807022,-0.010629503753593238,D5_clean_maintenance_minus_1sd,mod__median_household_income,strategy_by_income
139.82581474860328,-0.013099900565714445,-0.02026687468519213,-0.005932926446236763,-0.01603879464376538,-0.01016100648766351,D5_clean_maintenance_minus_1sd,mod__median_household_income,strategy_by_income
140.71216804469267,-0.012621518508663193,-0.019766400974621817,-0.005476636042704569,-0.015551353668875278,-0.009691683348451108,D5_clean_maintenance_minus_1sd,mod__median_household_income,strategy_by_income
141.59852134078204,-0.012142994920793876,-0.01926899000713278,-0.005016999834454973,-0.015065085109810455,-0.009220904731777297,D5_clean_maintenance_minus_1sd,mod__median_household_income,strategy_by_income
142.48487463687144,-0.011664128226906545,-0.01877558330715365,-0.004552673146659439,-0.0145802561315496,-0.008748000322263489,D5_clean_maintenance_minus_1sd,mod__median_household_income,strategy_by_income
143.3712279329608,-0.011184716851801113,-0.018287220679198395,-0.004082213024403832,-0.014097174199867162,-0.008272259503735065,D5_clean_maintenance_minus_1sd,mod__median_household_income,strategy_by_income
144.2575812290502,-0.010704559220277604,-0.017805036346125635,-0.0036040820944295733,-0.013616185497785593,-0.007792932942769615,D5_clean_maintenance_minus_1sd,mod__median_household_income,strategy_by_income
145.14393452513957,-0.010223453757135958,-0.017330251661622095,-0.00311665585264982,-0.013137671937251454,-0.0073092355770204625,D5_clean_maintenance_minus_1sd,mod__median_household_income,strategy_by_income
146.03028782122897,-0.009741198887176117,-0.016864163916953258,-0.002618233857398975,-0.012662046569224334,-0.0068203512051279,D5_clean_maintenance_minus_1sd,mod__median_household_income,strategy_by_income
146.91664111731836,-0.009257593035198103,-0.01640813093178746,-0.002107055138608747,-0.012189747264980191,-0.0063254388054160135,D5_clean_maintenance_minus_1sd,mod__median_household_income,strategy_by_income
147.80299441340773,-0.00877243462600194,-0.015963551382946528,-0.0015813178690573526,-0.011721228649705978,-0.005823640602297902,D5_clean_maintenance_minus_1sd,mod__median_household_income,strategy_by_income
148.68934770949713,-0.008285522084387487,-0.01553184117821161,-0.0010392029905633643,-0.011256952414326947,-0.005314091754448027,D5_clean_maintenance_minus_1sd,mod__median_household_income,strategy_by_income
149.5757010055865,-0.007796653835154793,-0.015114406599412874,-0.00047890107089671244,-0.010797376302544737,-0.00479593136776485,D5_clean_maintenance_minus_1sd,mod__median_household_income,strategy_by_income
150.4620543016759,-0.007305628303103828,-0.01471261537172084,0.00010135876551318253,-0.010342942247491957,-0.0042683143587157,D5_clean_maintenance_minus_1sd,mod__median_household_income,strategy_by_income
151.3484075977653,-0.006812243913034505,-0.014327767196847849,0.0007032793707788402,-0.009894064288557592,-0.003730423537511417,D5_clean_maintenance_minus_1sd,mod__median_household_income,strategy_by_income
152.23476089385466,-0.006316299089746874,-0.013961065541225014,0.0013284673617312672,-0.009451117002828573,-0.003181481176665175,D5_clean_maintenance_minus_1sd,mod__median_household_income,strategy_by_income
153.12111418994405,-0.005817592258040877,-0.013613592530261499,0.001978408014179745,-0.009014425210213227,-0.002620759305868527,D5_clean_maintenance_minus_1sd,mod__median_household_income,strategy_by_income
154.00746748603342,-0.005315921842716509,-0.013286288629872856,0.0026544449444398377,-0.008584255641635648,-0.0020475880437973693,D5_clean_maintenance_minus_1sd,mod__median_household_income,strategy_by_income
154.89382078212282,-0.004811086268573711,-0.012979938403868792,0.0033577658667213704,-0.008160811098700777,-0.0014613614384466453,D5_clean_maintenance_minus_1sd,mod__median_household_income,strategy_by_income
155.7801740782122,-0.004302883960412451,-0.012695163074900331,0.004089395154075429,-0.007744227403231588,-0.0008615405175933142,D5_clean_maintenance_minus_1sd,mod__median_household_income,strategy_by_income
156.66652737430158,-0.0037911133430327815,-0.012432419977972271,0.004850193291906708,-0.007334573173176097,-0.00024765351288946616,D5_clean_maintenance_minus_1sd,mod__median_household_income,strategy_by_income
157.55288067039098,-0.0032755728412345586,-0.0121920083833161,0.005640862700846983,-0.006931852210338247,0.00038070652786913054,D5_clean_maintenance_minus_1sd,mod__median_household_income,strategy_by_income
158.43923396648034,-0.002756060879817862,-0.011974080671906862,0.006461958912271137,-0.006536008083017894,0.00102388632338217,D5_clean_maintenance_minus_1sd,mod__median_household_income,strategy_by_income
159.32558726256974,-0.0022323758835826046,-0.011778657531698416,0.007313905764533207,-0.006146930357388703,0.0016821785902234937,D5_clean_maintenance_minus_1sd,mod__median_household_income,strategy_by_income
160.21194055865914,-0.0017043162773287546,-0.011605645723766015,0.008197013169108506,-0.005764461882694286,0.002355829328036777,D5_clean_maintenance_minus_1sd,mod__median_household_income,strategy_by_income
161.0982938547485,-0.0011716804858563634,-0.011454857024932421,0.009111496053219694,-0.00538840655887383,0.0030450455871611033,D5_clean_maintenance_minus_1sd,mod__median_household_income,strategy_by_income
161.9846471508379,-0.0006342669339652884,-0.011326027141499837,0.01005749327356926,-0.005018537092339169,0.0037500032244085924,D5_clean_maintenance_minus_1sd,mod__median_household_income,strategy_by_income
162.87100044692727,-9.187404645560893e-05,-0.011218833651816877,0.01103508555890566,-0.0046546023535157435,0.004470854260604526,D5_clean_maintenance_minus_1sd,mod__median_household_income,strategy_by_income
163.75735374301667,0.0004556997518727346,-0.011132912321477078,0.012044311825222547,-0.004296334067063311,0.00520773357080878,D5_clean_maintenance_minus_1sd,mod__median_household_income,strategy_by_income
164.64370703910606,0.0010086560362198294,-0.011067871403918286,0.013085183476357945,-0.003943452675989126,0.0059607647484287846,D5_clean_maintenance_minus_1sd,mod__median_household_income,strategy_by_income
165.53006033519543,0.0015671963817856238,-0.011023303766045722,0.01415769652961697,-0.003595672313888922,0.00673006507746017,D5_clean_maintenance_minus_1sd,mod__median_household_income,strategy_by_income
166.41641363128483,0.0021315223637701497,-0.010998796852265751,0.01526184157980605,-0.003252704890804978,0.007515749618345277,D5_clean_maintenance_minus_1sd,mod__median_household_income,strategy_by_income
167.3027669273742,0.0027018355573734387,-0.010993940620606029,0.016397611735352906,-0.00291426334751675,0.008317934462263627,D5_clean_maintenance_minus_1sd,mod__median_household_income,strategy_by_income
168.1891202234636,0.0032783375377955504,-0.01100833365773605,0.01756500873332715,-0.002580064163070177,0.009136739238661278,D5_clean_maintenance_minus_1sd,mod__median_household_income,strategy_by_income
169.075473519553,0.003861229880236461,-0.011041587715137118,0.01876404747561004,-0.0022498292148825563,0.009972288975355478,D5_clean_maintenance_minus_1sd,mod__median_household_income,strategy_by_income
169.96182681564235,0.004450714159896257,-0.011093330916495036,0.019994759236287553,-0.0019232870939679646,0.01082471541376048,D5_clean_maintenance_minus_1sd,mod__median_household_income,strategy_by_income
170.84818011173175,0.005046991951974944,-0.011163209875719914,0.0212571937796698,-0.0016001739734539597,0.011694157877403848,D5_clean_maintenance_minus_1sd,mod__median_household_income,strategy_by_income
171.73453340782112,0.005650264831672497,-0.011250890943295365,0.02255142060664036,-0.0012802341196603067,0.012580763783005301,D5_clean_maintenance_minus_1sd,mod__median_household_income,strategy_by_income
172.62088670391051,0.006260734374189059,-0.011356060771521861,0.02387752951989998,-0.0009632201238829246,0.013484688872261043,D5_clean_maintenance_minus_1sd,mod__median_household_income,strategy_by_income
173.5072399999999,0.006878602154724467,-0.011478426360550627,0.02523563066999956,-0.0006488929212708511,0.014406097230719785,D5_clean_maintenance_minus_1sd,mod__median_household_income,strategy_by_income
14.85,0.13689510450495235,0.09050851455069697,0.18328169445920772,0.11787378919881122,0.15591641981109347,D7_heat_mitigation_minus_1sd,mod__median_household_income,strategy_by_income
15.736353296089385,0.1323640805114812,0.0879112368120942,0.17681692421086823,0.1141357184548071,0.15059244256815532,D7_heat_mitigation_minus_1sd,mod__median_household_income,strategy_by_income
16.62270659217877,0.12791765470333827,0.08533530419672031,0.17050000520995623,0.11045630830426559,0.14537900110241095,D7_heat_mitigation_minus_1sd,mod__median_household_income,strategy_by_income
17.509059888268155,0.12355513020729778,0.08278015548866727,0.16433010492592828,0.10683491750168903,0.14027534291290653,D7_heat_mitigation_minus_1sd,mod__median_household_income,strategy_by_income
18.39541318435754,0.11927581015013414,0.08024519674712038,0.1583064235531479,0.10327089138238334,0.13528072891788492,D7_heat_mitigation_minus_1sd,mod__median_household_income,strategy_by_income
19.281766480446926,0.11507899765862172,0.07772980105445529,0.15242819426278814,0.09976356175916233,0.1303944335580811,D7_heat_mitigation_minus_1sd,mod__median_household_income,strategy_by_income
20.168119776536308,0.11096399585953481,0.0752333089490752,0.14669468276999442,0.09631224709983723,0.1256157446192324,D7_heat_mitigation_minus_1sd,mod__median_household_income,strategy_by_income
21.054473072625694,0.10693010787964768,0.07275502976855082,0.14110518599074456,0.09291625307798553,0.12094396268130984,D7_heat_mitigation_minus_1sd,mod__median_household_income,strategy_by_income
21.94082636871508,0.10297663684573469,0.07029424417528535,0.13565902951618403,0.08957487360862691,0.11637840008284246,D7_heat_mitigation_minus_1sd,mod__median_household_income,strategy_by_income
22.827179664804465,0.09910288588457017,0.06785020818636103,0.1303555635827793,0.08628739250070469,0.11191837926843565,D7_heat_mitigation_minus_1sd,mod__median_household_income,strategy_by_income
23.71353296089385,0.09530815812292848,0.06542215907807156,0.1251941571677854,0.08305308587830218,0.10756323036755477,D7_heat_mitigation_minus_1sd,mod__median_household_income,strategy_by_income
24.599886256983233,0.09159175668758388,0.06300932357847588,0.12017418979669187,0.07987122554008669,0.10331228783508106,D7_heat_mitigation_minus_1sd,mod__median_household_income,strategy_by_income
25.486239553072622,0.08795298470531071,0.060610928790062,0.11529504062055942,0.07674108343826412,0.0991648859723573,D7_heat_mitigation_minus_1sd,mod__median_household_income,strategy_by_income
26.372592849162004,0.08439114530288333,0.058226216288148766,0.1105560743176179,0.07366193745977889,0.09512035314598777,D7_heat_mitigation_minus_1sd,mod__median_household_income,strategy_by_income
27.25894614525139,0.080905541607076,0.05585445980466067,0.10595662340949133,0.070633078677734,0.091178004536418,D7_heat_mitigation_minus_1sd,mod__median_household_income,strategy_by_income
28.145299441340775,0.07749547674466312,0.05349498681443671,0.10149596667488953,0.0676538202030871,0.08733713328623913,D7_heat_mitigation_minus_1sd,mod__median_household_income,strategy_by_income
29.031652737430157,0.07416025384241898,0.05114720417435237,0.09717330351048559,0.06472350769824538,0.08359699998659258,D7_heat_mitigation_minus_1sd,mod__median_household_income,strategy_by_income
29.918006033519546,0.07089917602711786,0.048810627708481644,0.09298772434575407,0.06184153150877643,0.07995682054545929,D7_heat_mitigation_minus_1sd,mod__median_household_income,strategy_by_income
30.80435932960893,0.06771154642553416,0.04648491527660764,0.08893817757446068,0.05900734022350339,0.07641575262756493,D7_heat_mitigation_minus_1sd,mod__median_household_income,strategy_by_income
31.69071262569831,0.06459666816444216,0.04416990241344493,0.0850234339154394,0.05622045528874749,0.07297288104013684,D7_heat_mitigation_minus_1sd,mod__median_household_income,strategy_by_income
32.5770659217877,0.06155384437061619,0.04186563910735142,0.08124204963388096,0.05348048608983075,0.06962720265140163,D7_heat_mitigation_minus_1sd,mod__median_household_income,strategy_by_income
33.46341921787708,0.05858237817083057,0.039572425751546854,0.07759233059011428,0.050787144693256,0.06637761164840514,D7_heat_mitigation_minus_1sd,mod__median_household_income,strategy_by_income
34.34977251396647,0.05568157269185961,0.03729084582649993,0.07407229955721929,0.048140259248467855,0.06322288613525137,D7_heat_mitigation_minus_1sd,mod__median_household_income,strategy_by_income
35.23612581005585,0.05285073106047769,0.03502179255816129,0.07067966956279409,0.04553978491934517,0.06016167720161021,D7_heat_mitigation_minus_1sd,mod__median_household_income,strategy_by_income
36.12247910614524,0.05008915640345908,0.03276648674593602,0.06741182606098214,0.04298581119475092,0.05719250161216724,D7_heat_mitigation_minus_1sd,mod__median_household_income,strategy_by_income
37.008832402234624,0.04739615184757814,0.030526483248136727,0.06426582044701955,0.04047856454796146,0.05431373914719481,D7_heat_mitigation_minus_1sd,mod__median_household_income,strategy_by_income
37.895185698324006,0.04477102051960917,0.028303664282619295,0.061238376756599044,0.03801840568952078,0.05152363534969756,D7_heat_mitigation_minus_1sd,mod__median_household_income,strategy_by_income
38.781538994413395,0.042213065546326485,0.026100218705589852,0.05832591238706312,0.03560582107029457,0.0488203100223584,D7_heat_mitigation_minus_1sd,mod__median_household_income,strategy_by_income
39.66789229050278,0.03972159005450444,0.02391860765341516,0.05552457245559371,0.03324140879252869,0.046201771316480185,D7_heat_mitigation_minus_1sd,mod__median_household_income,strategy_by_income
40.55424558659217,0.03729589717091732,0.021761518191340538,0.05283027615049411,0.03092585960301212,0.04366593473882253,D7_heat_mitigation_minus_1sd,mod__median_household_income,strategy_by_income
41.44059888268155,0.034935290022339506,0.019631807708077053,0.050238772336601956,0.028659934091485262,0.04121064595319375,D7_heat_mitigation_minus_1sd,mod__median_household_income,strategy_by_income
42.32695217877093,0.03263907173554527,0.01753244255183901,0.047745700919251524,0.026444437527693362,0.038833705943397176,D7_heat_mitigation_minus_1sd,mod__median_household_income,strategy_by_income
43.21330547486032,0.030406545437308953,0.01546643471640882,0.045346656158209084,0.024280193898833104,0.0365328969757848,D7_heat_mitigation_minus_1sd,mod__median_household_income,strategy_by_income
44.0996587709497,0.028237014254404887,0.013436780240861203,0.04303724826794857,0.02216802064970334,0.03430600785910644,D7_heat_mitigation_minus_1sd,mod__median_household_income,strategy_by_income
44.98601206703909,0.026129781313607374,0.011446402455135021,0.04081316017207973,0.020108705409947265,0.03215085721726749,D7_heat_mitigation_minus_1sd,mod__median_household_income,strategy_by_income
45.87236536312847,0.02408414974169077,0.009498102415542638,0.038670197067838905,0.018102985669605144,0.030065313813776397,D7_heat_mitigation_minus_1sd,mod__median_household_income,strategy_by_income
46.758718659217855,0.022099422665429382,0.007594517980100272,0.03660432735075849,0.01615153199751754,0.028047313333341223,D7_heat_mitigation_minus_1sd,mod__median_household_income,strategy_by_income
47.645071955307245,0.02017490321159752,0.0057380921095898044,0.03461171431360524,0.014254935042838097,0.026094871380356946,D7_heat_mitigation_minus_1sd,mod__median_household_income,strategy_by_income
48.53142525139663,0.018309894506969532,0.003931050245669015,0.032688738768270054,0.01241369625868669,0.024206092755252373,D7_heat_mitigation_minus_1sd,mod__median_household_income,strategy_by_income
49.417778547486016,0.016503699678319723,0.0021753860658597114,0.030832013290779735,0.010628222060830545,0.022379177295808902,D7_heat_mitigation_minus_1sd,mod__median_household_income,strategy_by_income
50.3041318435754,0.01475562185242244,0.00047285455919385787,0.029038389145651024,0.008898820988279207,0.020612422716565673,D7_heat_mitigation_minus_1sd,mod__median_household_income,strategy_by_income
51.19048513966479,0.013064964156051979,-0.0011750288122215381,0.027304957124325496,0.007225703359475256,0.018904224952628702,D7_heat_mitigation_minus_1sd,mod__median_household_income,strategy_by_income
52.07683843575417,0.011431029715982692,-0.0027669841365014665,0.02562904356846685,0.0056089829029837635,0.01725307652898162,D7_heat_mitigation_minus_1sd,mod__median_household_income,strategy_by_income
52.96319173184355,0.009853121658988889,-0.004301959465284546,0.024008202783262322,0.004048679868498715,0.015657563449479064,D7_heat_mitigation_minus_1sd,mod__median_household_income,strategy_by_income
53.84954502793294,0.00833054311184488,-0.005779120693398174,0.022440206917087934,0.002544725176794142,0.014116361046895617,D7_heat_mitigation_minus_1sd,mod__median_household_income,strategy_by_income
54.73589832402232,0.006862597201325016,-0.007197839821163162,0.020923034223813194,0.001096965232891157,0.012628229169758875,D7_heat_mitigation_minus_1sd,mod__median_household_income,strategy_by_income
55.62225162011171,0.005448587054203597,-0.00855768234782732,0.019454856456234515,-0.0002948329044852689,0.011192007012892462,D7_heat_mitigation_minus_1sd,mod__median_household_income,strategy_by_income
56.508604916201094,0.0040878157972549685,-0.009858394384811257,0.018034025979321196,-0.0016309762385554134,0.009806607833065351,D7_heat_mitigation_minus_1sd,mod__median_household_income,strategy_by_income
57.39495821229048,0.002779586557253434,-0.011099889934713898,0.016659063049220765,-0.0029118406181055725,0.00847101373261244,D7_heat_mitigation_minus_1sd,mod__median_household_income,strategy_by_income
58.281311508379865,0.0015232024609733383,-0.012282238660497317,0.015328643582443995,-0.0041378657221119745,0.007184270644058651,D7_heat_mitigation_minus_1sd,mod__median_household_income,strategy_by_income
59.16766480446925,0.00031796663518899367,-0.013405654369707871,0.014041587640085857,-0.005309550337573031,0.005945483607951018,D7_heat_mitigation_minus_1sd,mod__median_household_income,strategy_by_income
60.054018100558636,-0.0008368177933252836,-0.014470484359656576,0.012796848773006008,-0.006427447990387046,0.00475381240373648,D7_heat_mitigation_minus_1sd,mod__median_household_income,strategy_by_income
60.94037139664802,-0.001941847697795152,-0.015477199708721802,0.0115935043131315,-0.007492162964197451,0.0036084675686071477,D7_heat_mitigation_minus_1sd,mod__median_household_income,strategy_by_income
61.82672469273741,-0.002997819951446304,-0.016426386553436857,0.010430746650544248,-0.008504346723469693,0.002508706820577084,D7_heat_mitigation_minus_1sd,mod__median_household_income,strategy_by_income
62.71307798882679,-0.004005431427504401,-0.01731873835782866,0.009307875502819855,-0.009464694743451175,0.0014538318884423727,D7_heat_mitigation_minus_1sd,mod__median_household_income,strategy_by_income
63.59943128491617,-0.004965378999195125,-0.018155049157819073,0.008224291159428822,-0.010373943739966095,0.00044318574157584546,D7_heat_mitigation_minus_1sd,mod__median_household_income,strategy_by_income
64.48578458100556,-0.0058783595397441605,-0.01893620774691864,0.007179488667430321,-0.01123286928519722,-0.0005238497942911006,D7_heat_mitigation_minus_1sd,mod__median_household_income,strategy_by_income
65.37213787709494,-0.00674506992237717,-0.019663192757788207,0.0061730529130338664,-0.012042283790827817,-0.0014478560539265212,D7_heat_mitigation_minus_1sd,mod__median_household_income,strategy_by_income
66.25849117318432,-0.0075662070203198345,-0.020337068585666675,0.005204654545027004,-0.012803034836399826,-0.0023293792042398433,D7_heat_mitigation_minus_1sd,mod__median_household_income,strategy_by_income
67.1448444692737,-0.008342467706797831,-0.02095898209255795,0.004274046678962284,-0.01351600381783057,-0.003168931595765094,D7_heat_mitigation_minus_1sd,mod__median_household_income,strategy_by_income
68.03119776536309,-0.009074548855036836,-0.021530160024025143,0.0033810623139514714,-0.014182104888141724,-0.003966992821931949,D7_heat_mitigation_minus_1sd,mod__median_household_income,strategy_by_income
68.91755106145249,-0.009763147338262536,-0.02205190706217234,0.002525612385647266,-0.014802284159063752,-0.004724010517461319,D7_heat_mitigation_minus_1sd,mod__median_household_income,strategy_by_income
69.80390435754187,-0.010408960029700584,-0.022525604427712675,0.0017076843683115055,-0.015377519127799007,-0.005440400931602161,D7_heat_mitigation_minus_1sd,mod__median_household_income,strategy_by_income
70.69025765363125,-0.011012683802576669,-0.022952708929796936,0.0009273413246435967,-0.01590881828739386,-0.006116549317759477,D7_heat_mitigation_minus_1sd,mod__median_household_income,strategy_by_income
71.57661094972063,-0.011575015530116466,-0.023334752343442944,0.00018472128321001327,-0.01639722087144697,-0.006752810188785961,D7_heat_mitigation_minus_1sd,mod__median_household_income,strategy_by_income
72.46296424581001,-0.012096652085545652,-0.023673340970005466,-0.0005199632010858372,-0.01684379667387529,-0.007349507497216015,D7_heat_mitigation_minus_1sd,mod__median_household_income,strategy_by_income
73.34931754189941,-0.01257829034208991,-0.023970155205400346,-0.0011864254787794723,-0.017249645871859773,-0.007906934812320045,D7_heat_mitigation_minus_1sd,mod__median_household_income,strategy_by_income
74.23567083798879,-0.0130206271729749,-0.02422694890335836,-0.0018143054425914414,-0.017615898764740835,-0.008425355581208965,D7_heat_mitigation_minus_1sd,mod__median_household_income,strategy_by_income
75.12202413407817,-0.013424359451426306,-0.02444554827707189,-0.0024031706257807203,-0.017943715323626874,-0.008905003579225738,D7_heat_mitigation_minus_1sd,mod__median_household_income,strategy_by_income
76.00837743016756,-0.013790184050669799,-0.024627850033437537,-0.002952518067902062,-0.01823428442632058,-0.00934608367501902,D7_heat_mitigation_minus_1sd,mod__median_household_income,strategy_by_income
76.89473072625694,-0.014118797843931066,-0.02477581838236747,-0.0034617773054946652,-0.0184888226309552,-0.009748773056906933,D7_heat_mitigation_minus_1sd,mod__median_household_income,strategy_by_income
77.78108402234633,-0.01441089770443578,-0.024891480514010023,-0.0039303148948615346,-0.01870857232138067,-0.01011322308749089,D7_heat_mitigation_minus_1sd,mod__median_household_income,strategy_by_income
78.66743731843572,-0.014667180505409607,-0.02497692009637829,-0.004357440914440923,-0.01889479904079694,-0.010439561970022276,D7_heat_mitigation_minus_1sd,mod__median_household_income,strategy_by_income
79.5537906145251,-0.01488834312007823,-0.02503426832493344,-0.004742417915223019,-0.0190487878215403,-0.01072789841861616,D7_heat_mitigation_minus_1sd,mod__median_household_income,strategy_by_income
80.44014391061448,-0.015075082421667328,-0.025065692067096447,-0.0050844727762382105,-0.019171838323614132,-0.010978326519720524,D7_heat_mitigation_minus_1sd,mod__median_household_income,strategy_by_income
81.32649720670386,-0.015228095283402576,-0.025073378703604023,-0.005382811863201128,-0.019265258618725432,-0.011190931948079722,D7_heat_mitigation_minus_1sd,mod__median_household_income,strategy_by_income
82.21285050279324,-0.015348078578509646,-0.0250595173905327,-0.0056366397664865935,-0.01933035750657819,-0.011365799650441105,D7_heat_mitigation_minus_1sd,mod__median_household_income,strategy_by_income
83.09920379888264,-0.015435729180214212,-0.025026276663239935,-0.005845181697188489,-0.019368435331130904,-0.011503023029297522,D7_heat_mitigation_minus_1sd,mod__median_household_income,strategy_by_income
83.98555709497202,-0.015491743961741966,-0.02497577858148978,-0.006007709341994152,-0.019380773378529954,-0.011602714544953976,D7_heat_mitigation_minus_1sd,mod__median_household_income,strategy_by_income
84.8719103910614,-0.01551681979631856,-0.024910069965864437,-0.006123569626772686,-0.01936862208229377,-0.011665017510343349,D7_heat_mitigation_minus_1sd,mod__median_household_income,strategy_by_income
85.75826368715079,-0.015511653557169682,-0.024831091673727115,-0.006192215440612249,-0.01933318842459416,-0.011690118689745205,D7_heat_mitigation_minus_1sd,mod__median_household_income,strategy_by_income
86.64461698324017,-0.015476942117521018,-0.02474064726303987,-0.006213236972002167,-0.019275623086521008,-0.011678261148521028,D7_heat_mitigation_minus_1sd,mod__median_household_income,strategy_by_income
87.53097027932957,-0.01541338235059822,-0.024640372731487763,-0.006186391969708677,-0.01919700803928781,-0.011629756661908628,D7_heat_mitigation_minus_1sd,mod__median_household_income,strategy_by_income
88.41732357541895,-0.015321671129626985,-0.024531709225739037,-0.00611163303351493,-0.01909834535337315,-0.01154499690588082,D7_heat_mitigation_minus_1sd,mod__median_household_income,strategy_by_income
89.30367687150833,-0.015202505327832985,-0.024415880627659585,-0.005989130028006386,-0.018980548007509146,-0.011424462648156823,D7_heat_mitigation_minus_1sd,mod__median_household_income,strategy_by_income
90.19003016759771,-0.015056581818441894,-0.02429387770288603,-0.005819285933997758,-0.018844433388635035,-0.011268730248248753,D7_heat_mitigation_minus_1sd,mod__median_household_income,strategy_by_income
91.0763834636871,-0.014884597474679385,-0.024166450045460086,-0.005602744903898687,-0.018690719988708675,-0.011078474960650096,D7_heat_mitigation_minus_1sd,mod__median_household_income,strategy_by_income
91.96273675977649,-0.014687249169771134,-0.024034106420775345,-0.0053403919187669235,-0.018520027545335528,-0.01085447079420674,D7_heat_mitigation_minus_1sd,mod__median_household_income,strategy_by_income
92.84909005586587,-0.014465233776942813,-0.023897123388739144,-0.005033344165146484,-0.018332880577788035,-0.010597586976097589,D7_heat_mitigation_minus_1sd,mod__median_household_income,strategy_by_income
93.73544335195525,-0.014219248169420107,-0.023755561391192743,-0.004682934947647471,-0.01812971498382364,-0.010308781355016576,D7_heat_mitigation_minus_1sd,mod__median_household_income,strategy_by_income
94.62179664804464,-0.013949989220428692,-0.023609286917657894,-0.004290691523199488,-0.017910887128985226,-0.009989091311872159,D7_heat_mitigation_minus_1sd,mod__median_household_income,strategy_by_income
95.50814994413402,-0.01365815380319424,-0.023457998996416245,-0.0038583086099722337,-0.01767668470955044,-0.009639622896838038,D7_heat_mitigation_minus_1sd,mod__median_household_income,strategy_by_income
96.39450324022341,-0.013344438790942423,-0.02330125812410163,-0.0033876194577832173,-0.017427338615419147,-0.009261538966465699,D7_heat_mitigation_minus_1sd,mod__median_household_income,strategy_by_income
97.2808565363128,-0.013009541056898936,-0.02313851583123956,-0.0028805662825583094,-0.017163035053777836,-0.008856047060020038,D7_heat_mitigation_minus_1sd,mod__median_household_income,strategy_by_income
98.16720983240218,-0.012654157474289433,-0.022969143333871293,-0.002339171614707574,-0.016883927298003202,-0.008424387650575665,D7_heat_mitigation_minus_1sd,mod__median_household_income,strategy_by_income
99.05356312849156,-0.012278984916339601,-0.022792458075683992,-0.0017655117569952104,-0.016590146571545422,-0.00796782326113378,D7_heat_mitigation_minus_1sd,mod__median_household_income,strategy_by_income
99.93991642458096,-0.0118847202562751,-0.022607747353984596,-0.0011616931585656035,-0.016281811736010322,-0.007487628776539879,D7_heat_mitigation_minus_1sd,mod__median_household_income,strategy_by_income
100.82626972067034,-0.011472060367321624,-0.022414288591852353,-0.0005298321427908946,-0.0159590376039715,-0.0069850831306717456,D7_heat_mitigation_minus_1sd,mod__median_household_income,strategy_by_income
101.71262301675972,-0.011041702122704847,-0.022211366131757077,0.00012796188634738373,-0.015621941825372368,-0.006461462420037326,D7_heat_mitigation_minus_1sd,mod__median_household_income,strategy_by_income
102.5989763128491,-0.010594342395650456,-0.0219982846653957,0.0008095998740947873,-0.015270650394573657,-0.005918034396727256,D7_heat_mitigation_minus_1sd,mod__median_household_income,strategy_by_income
103.48532960893849,-0.010130678059384099,-0.021774379578229502,0.0015130234594613063,-0.014905301892241098,-0.0053560542265271,D7_heat_mitigation_minus_1sd,mod__median_household_income,strategy_by_income
104.37168290502788,-0.009651405987131455,-0.02153902458310942,0.0022362126088465092,-0.014526050615594817,-0.004776761358668093,D7_heat_mitigation_minus_1sd,mod__median_household_income,strategy_by_income
105.25803620111726,-0.00915722305211824,-0.021291637058632795,0.0029771909543963183,-0.014133068767459393,-0.004181377336777085,D7_heat_mitigation_minus_1sd,mod__median_household_income,strategy_by_income
106.14438949720665,-0.008648826127570078,-0.02103168150909151,0.003734029253951351,-0.013726547875052357,-0.0035711043800877983,D7_heat_mitigation_minus_1sd,mod__median_household_income,strategy_by_income
107.03074279329603,-0.008126912086712679,-0.020758671537606715,0.00450484736418136,-0.013306699599089231,-0.002947124574336127,D7_heat_mitigation_minus_1sd,mod__median_household_income,strategy_by_income
107.91709608938541,-0.007592177802771702,-0.020472170683519572,0.00528781507797617,-0.01287375607716441,-0.002310599528378994,D7_heat_mitigation_minus_1sd,mod__median_household_income,strategy_by_income
108.8034493854748,-0.007045320148972828,-0.020171792427804994,0.006081152129859338,-0.012427969925971196,-0.0016626703719744597,D7_heat_mitigation_minus_1sd,mod__median_household_income,strategy_by_income
109.68980268156419,-0.006487035998541751,-0.019857199622099482,0.006883127625015981,-0.011969614007168564,-0.0010044579899149385,D7_heat_mitigation_minus_1sd,mod__median_household_income,strategy_by_income
110.57615597765357,-0.005918022224704111,-0.019528103551625292,0.007692059102217071,-0.011498981043123191,-0.00033706340628503195,D7_heat_mitigation_minus_1sd,mod__median_household_income,strategy_by_income
111.46250927374295,-0.0053389757006856026,-0.01918426280194272,0.008506311400571518,-0.011016383152209226,0.00033843175083802125,D7_heat_mitigation_minus_1sd,mod__median_household_income,strategy_by_income
112.34886256983233,-0.004750593299711919,-0.018825482064989213,0.009324295465565374,-0.010522151359211885,0.001020964759788046,D7_heat_mitigation_minus_1sd,mod__median_household_income,strategy_by_income
113.23521586592173,-0.004153571895008687,-0.018451610991419266,0.010144467201401894,-0.010016635124717153,0.0017094913346997788,D7_heat_mitigation_minus_1sd,mod__median_household_income,strategy_by_income
114.12156916201111,-0.003548608359801614,-0.018062543173530638,0.01096532645392741,-0.009500201928049934,0.002402985208446706,D7_heat_mitigation_minus_1sd,mod__median_household_income,strategy_by_income
115.0079224581005,-0.002936399567316436,-0.017658215325498185,0.011785416190865313,-0.008973236931120177,0.003100437796487305,D7_heat_mitigation_minus_1sd,mod__median_household_income,strategy_by_income
115.89427575418988,-0.0023176423907787236,-0.017238606714593506,0.012603321933036059,-0.008436142745188311,0.0038008579636308647,D7_heat_mitigation_minus_1sd,mod__median_household_income,strategy_by_income
116.78062905027926,-0.0016930337034142123,-0.01680373888790041,0.013417671481071985,-0.007889339318802216,0.004503271911973791,D7_heat_mitigation_minus_1sd,mod__median_household_income,strategy_by_income
117.66698234636866,-0.0010632703784485414,-0.01635367573314979,0.014227134976252708,-0.0073332639627430455,0.005206723205845963,D7_heat_mitigation_minus_1sd,mod__median_household_income,strategy_by_income
118.55333564245804,-0.00042904928910743323,-0.015888523909184233,0.015030425330969367,-0.006768371526541937,0.005910272948327071,D7_heat_mitigation_minus_1sd,mod__median_household_income,strategy_by_income
119.43968893854742,0.00020893269138345938,-0.015408433680790973,0.01582629906355789,-0.006195134740812071,0.00661300012357899,D7_heat_mitigation_minus_1sd,mod__median_household_income,strategy_by_income
120.3260422346368,0.0008499786897984835,-0.014913600193875373,0.01661355757347234,-0.005614044740147173,0.00731400211974414,D7_heat_mitigation_minus_1sd,mod__median_household_income,strategy_by_income
121.21239553072618,0.0014933918329119028,-0.014404265229916377,0.017391048895740183,-0.00502561178255471,0.008012395448378517,D7_heat_mitigation_minus_1sd,mod__median_household_income,strategy_by_income
122.09874882681558,0.0021384752474980923,-0.013880719483151623,0.018157669978147807,-0.004430366183239796,0.008707316678235981,D7_heat_mitigation_minus_1sd,mod__median_household_income,strategy_by_income
122.98510212290496,0.002784532060331371,-0.013343305409823775,0.018912369530486518,-0.003828859482969087,0.00939792360363183,D7_heat_mitigation_minus_1sd,mod__median_household_income,strategy_by_income
123.87145541899434,0.0034308653981860587,-0.012792420705958544,0.01965415150233066,-0.0032216658741706693,0.010083396670542786,D7_heat_mitigation_minus_1sd,mod__median_household_income,strategy_by_income
124.75780871508373,0.0040767783878364605,-0.012228522478415955,0.020382079254088876,-0.0026093839113180833,0.010762940686991004,D7_heat_mitigation_minus_1sd,mod__median_household_income,strategy_by_income
125.64416201117311,0.0047215741560569235,-0.011652132183224598,0.021095280495338445,-0.001992638535946836,0.011435786848060684,D7_heat_mitigation_minus_1sd,mod__median_household_income,strategy_by_income
126.5305153072625,0.005364555829621753,-0.011063841415282584,0.02179295307452609,-0.001372083450783006,0.012101195110026513,D7_heat_mitigation_minus_1sd,mod__median_household_income,strategy_by_income
127.41686860335189,0.006005026535305269,-0.010464318644100221,0.02247437171471076,-0.0007484038818062347,0.012758456952416772,D7_heat_mitigation_minus_1sd,mod__median_household_income,strategy_by_income
128.30322189944127,0.006642289399881873,-0.00985431700092837,0.023138895800692116,-0.0001223197714446244,0.013406898571208371,D7_heat_mitigation_minus_1sd,mod__median_household_income,strategy_by_income
129.18957519553067,0.0072756475501257745,-0.009234683232692296,0.023785978332943845,0.0005054105497691568,0.014045884550482392,D7_heat_mitigation_minus_1sd,mod__median_household_income,strategy_by_income
130.07592849162003,0.00790440411281132,-0.008606367946619762,0.0244151761722424,0.0011339861622791962,0.014674822063343442,D7_heat_mitigation_minus_1sd,mod__median_household_income,strategy_by_income
130.96228178770943,0.008527862214712884,-0.007970437274853633,0.0250261617042794,0.001762558774307625,0.015293165655118141,D7_heat_mitigation_minus_1sd,mod__median_household_income,strategy_by_income
131.84863508379883,0.009145324982604813,-0.00732808608854852,0.025618736053758147,0.0023902273032735026,0.015900422661936125,D7_heat_mitigation_minus_1sd,mod__median_household_income,strategy_by_income
132.7349883798882,0.009756095543261317,-0.0066806528830202945,0.02619284396954293,0.003016031771978644,0.01649615931454399,D7_heat_mitigation_minus_1sd,mod__median_household_income,strategy_by_income
133.6213416759776,0.010359477023456853,-0.006029636435392307,0.026748590482306014,0.0036389464779625806,0.017080007568951127,D7_heat_mitigation_minus_1sd,mod__median_household_income,strategy_by_income
134.50769497206696,0.010954772549965658,-0.005376714298443573,0.02728625939837489,0.004257872409902847,0.01765167269002847,D7_heat_mitigation_minus_1sd,mod__median_household_income,strategy_by_income
135.39404826815635,0.01154128524956205,-0.004723763131982257,0.027806333631106357,0.0048716289105189,0.0182109415886052,D7_heat_mitigation_minus_1sd,mod__median_household_income,strategy_by_income
136.28040156424575,0.012118318249020404,-0.004072880777241505,0.028309517275282314,0.005478944624730959,0.018757691873309848,D7_heat_mitigation_minus_1sd,mod__median_household_income,strategy_by_income
137.16675486033512,0.012685174675115013,-0.003426409839998,0.028796759190228026,0.006078447829150959,0.01929190152107907,D7_heat_mitigation_minus_1sd,mod__median_household_income,strategy_by_income
138.0531081564245,0.01324115765462025,-0.002786962352639609,0.02926927766188011,0.006668656319139126,0.019813658990101374,D7_heat_mitigation_minus_1sd,mod__median_household_income,strategy_by_income
138.93946145251388,0.013785570314310325,-0.0021574448226067654,0.029728585451227415,0.007247967137423623,0.020323173491197027,D7_heat_mitigation_minus_1sd,mod__median_household_income,strategy_by_income
139.82581474860328,0.014317715780959667,-0.0015410826353960821,0.030176514197315416,0.00781464656738922,0.020820784994530113,D7_heat_mitigation_minus_1sd,mod__median_household_income,strategy_by_income
140.71216804469267,0.014836897181342623,-0.0009414423622089857,0.030615236724894232,0.008366820985588178,0.02130697337709707,D7_heat_mitigation_minus_1sd,mod__median_household_income,strategy_by_income
141.59852134078204,0.015342417642233402,-0.0003624500358497748,0.03104728532031658,0.00890246936751354,0.021782365916953265,D7_heat_mitigation_minus_1sd,mod__median_household_income,strategy_by_income
142.48487463687144,0.015833580290406407,0.00019159706462721499,0.0314755635161856,0.009419418455179246,0.022247742125633567,D7_heat_mitigation_minus_1sd,mod__median_household_income,strategy_by_income
143.3712279329608,0.016309688252635957,0.0007160280771409972,0.03190334842813092,0.009915341798899812,0.0227040347063721,D7_heat_mitigation_minus_1sd,mod__median_household_income,strategy_by_income
144.2575812290502,0.016770044655696315,0.0012058089937540886,0.03233428031763854,0.010387764037163152,0.023152325274229477,D7_heat_mitigation_minus_1sd,mod__median_household_income,strategy_by_income
145.14393452513957,0.01721395262636191,0.0016555692966409505,0.03277233595608287,0.010834071818993284,0.02359383343373054,D7_heat_mitigation_minus_1sd,mod__median_household_income,strategy_by_income
146.03028782122897,0.017640715291406955,0.0020596478724720715,0.03322178271034184,0.011251532631632359,0.02402989795118155,D7_heat_mitigation_minus_1sd,mod__median_household_income,strategy_by_income
146.91664111731836,0.018049635777605877,0.0024121603236811236,0.033687111231530634,0.011637322402243,0.024461949152968752,D7_heat_mitigation_minus_1sd,mod__median_household_income,strategy_by_income
147.80299441340773,0.01844001721173294,0.0027070881043495046,0.034172946319116375,0.011988562049026968,0.02489147237443891,D7_heat_mitigation_minus_1sd,mod__median_household_income,strategy_by_income
148.68934770949713,0.01881116272056249,0.0029383875084144882,0.03468393793271049,0.01230236217300099,0.025319963268123993,D7_heat_mitigation_minus_1sd,mod__median_household_income,strategy_by_income
149.5757010055865,0.019162375430868767,0.0031001136550129205,0.03522463720672461,0.012575873899507454,0.025748876962230077,D7_heat_mitigation_minus_1sd,mod__median_household_income,strategy_by_income
150.4620543016759,0.019492958469426225,0.003186551712119231,0.035799365226733215,0.012806342687865147,0.026179574250987304,D7_heat_mitigation_minus_1sd,mod__median_household_income,strategy_by_income
151.3484075977653,0.0198022149630091,0.003192345317842727,0.03641208460817548,0.012991160991889837,0.026613268934128367,D7_heat_mitigation_minus_1sd,mod__median_household_income,strategy_by_income
152.23476089385466,0.0200894480383918,0.0031126111637548616,0.03706628491302874,0.013127915246008369,0.02705098083077523,D7_heat_mitigation_minus_1sd,mod__median_household_income,strategy_by_income
153.12111418994405,0.020353960822348582,0.0029430294561174145,0.03776489218857975,0.013214422959848645,0.02749349868484852,D7_heat_mitigation_minus_1sd,mod__median_household_income,strategy_by_income
154.00746748603342,0.02059505644165377,0.002679902515689628,0.03851021036761791,0.01324875674771486,0.02794135613559268,D7_heat_mitigation_minus_1sd,mod__median_household_income,strategy_by_income
154.89382078212282,0.02081203802308168,0.002320177669701811,0.039303898376461546,0.013229253715685074,0.028394822330478287,D7_heat_mitigation_minus_1sd,mod__median_household_income,strategy_by_income
155.7801740782122,0.021004208693406745,0.0018614350039119973,0.04014698238290149,0.013154510439211651,0.02885390694760184,D7_heat_mitigation_minus_1sd,mod__median_household_income,strategy_by_income
156.66652737430158,0.021170871579403117,0.0013018445362981725,0.041039898622508064,0.013023365401737359,0.029318377757068873,D7_heat_mitigation_minus_1sd,mod__median_household_income,strategy_by_income
157.55288067039098,0.02131132980784517,0.0006401001923241993,0.041982559423366136,0.012834871920550175,0.029787787695140164,D7_heat_mitigation_minus_1sd,mod__median_household_income,strategy_by_income
158.43923396648034,0.021424886505507335,-0.00012466075733529036,0.04297443376834996,0.012588265111364159,0.03026150789965051,D7_heat_mitigation_minus_1sd,mod__median_household_income,strategy_by_income
159.32558726256974,0.021510844799163986,-0.0009929443264306524,0.04401463392475863,0.012282926364914494,0.03073876323341348,D7_heat_mitigation_minus_1sd,mod__median_household_income,strategy_by_income
160.21194055865914,0.021568507815589166,-0.001964985323979127,0.045102000955157456,0.011918348282325771,0.031218667348852563,D7_heat_mitigation_minus_1sd,mod__median_household_income,strategy_by_income
161.0982938547485,0.02159717868155736,-0.00304082643013711,0.04623518379325183,0.011494102249208727,0.03170025511390599,D7_heat_mitigation_minus_1sd,mod__median_household_income,strategy_by_income
161.9846471508379,0.02159616052384289,-0.004220387506544562,0.04741270855423034,0.011009810014214891,0.03218251103347089,D7_heat_mitigation_minus_1sd,mod__median_household_income,strategy_by_income
162.87100044692727,0.021564756469220014,-0.005503523576357753,0.04863303651479778,0.010465119913706633,0.032664393024733396,D7_heat_mitigation_minus_1sd,mod__median_household_income,strategy_by_income
163.75735374301667,0.02150226964446328,-0.006890071279255689,0.04989461056818224,0.009859687822387154,0.03314485146653941,D7_heat_mitigation_minus_1sd,mod__median_household_income,strategy_by_income
164.64370703910606,0.02140800317634678,-0.008379884538785128,0.05119589089147869,0.00919316252752532,0.03362284382516824,D7_heat_mitigation_minus_1sd,mod__median_household_income,strategy_by_income
165.53006033519543,0.02128126019164489,-0.009972860718098511,0.05253538110138829,0.008465175003517145,0.03409734537977264,D7_heat_mitigation_minus_1sd,mod__median_household_income,strategy_by_income
166.41641363128483,0.021121343817131988,-0.011668958771368323,0.0539116464056323,0.007675330968704831,0.03456735666555914,D7_heat_mitigation_minus_1sd,mod__median_household_income,strategy_by_income
167.3027669273742,0.02092755717958239,-0.013468210915780827,0.05532332527494561,0.006823206099151361,0.03503190826001342,D7_heat_mitigation_minus_1sd,mod__median_household_income,strategy_by_income
168.1891202234636,0.02069920340577036,-0.015370729235814166,0.05676913604735489,0.0059083433204859415,0.03549006349105478,D7_heat_mitigation_minus_1sd,mod__median_household_income,strategy_by_income
169.075473519553,0.020435585622470276,-0.017376708451124885,0.05824787969606544,0.004930251672902725,0.03594091957203783,D7_heat_mitigation_minus_1sd,mod__median_household_income,strategy_by_income
169.96182681564235,0.020136006956456454,-0.01948642587599165,0.059758439788904556,0.0038884063277912703,0.03638360758512164,D7_heat_mitigation_minus_1sd,mod__median_household_income,strategy_by_income
170.84818011173175,0.01979977053450316,-0.02170023939930584,0.06129978046831216,0.0027822494160628965,0.036817291652943424,D7_heat_mitigation_minus_1sd,mod__median_household_income,strategy_by_income
171.73453340782112,0.01942617948338471,-0.02401858413461122,0.06287094310138064,0.0016111914018376722,0.037241167564931746,D7_heat_mitigation_minus_1sd,mod__median_household_income,strategy_by_income
172.62088670391051,0.019014536929875592,-0.02644196823616607,0.06447104209591725,0.0003746127981127771,0.0376544610616384,D7_heat_mitigation_minus_1sd,mod__median_household_income,strategy_by_income
173.5072399999999,0.01856414600075007,-0.028970968250619886,0.06609926025212003,-0.0009281339271432591,0.0380564259286434,D7_heat_mitigation_minus_1sd,mod__median_household_income,strategy_by_income
14.85,-0.2065728633517849,-0.22576371261717657,-0.18738201408639324,-0.21444227550796247,-0.19870345119560734,D8_air_pollution_minus_1sd,mod__median_household_income,strategy_by_income
15.736353296089385,-0.19832328015905992,-0.21634118322333726,-0.1803053770947826,-0.20571171323161572,-0.19093484708650413,D8_air_pollution_minus_1sd,mod__median_household_income,strategy_by_income
16.62270659217877,-0.1902239211115183,-0.20712969617813182,-0.1733181460449048,-0.19715631425259364,-0.18329152797044299,D8_air_pollution_minus_1sd,mod__median_household_income,strategy_by_income
17.509059888268155,-0.18227361527387703,-0.19813039914054598,-0.1664168314072081,-0.18877585839989006,-0.175771372147864,D8_air_pollution_minus_1sd,mod__median_household_income,strategy_by_income
18.39541318435754,-0.17447119171085307,-0.18934481332515685,-0.1595975700965493,-0.18057027868294798,-0.16837210473875816,D8_air_pollution_minus_1sd,mod__median_household_income,strategy_by_income
19.281766480446926,-0.16681547948716352,-0.18077483462013488,-0.15285612435419216,-0.17253966175010846,-0.16109129722421858,D8_air_pollution_minus_1sd,mod__median_household_income,strategy_by_income
20.168119776536308,-0.15930530766752535,-0.17242270080985378,-0.14618791452519692,-0.16468423444789224,-0.15392638088715846,D8_air_pollution_minus_1sd,mod__median_household_income,strategy_by_income
21.054473072625694,-0.1519395053166554,-0.16429090679996597,-0.13958810383334483,-0.15700432905813927,-0.14687468157517153,D8_air_pollution_minus_1sd,mod__median_household_income,strategy_by_income
21.94082636871508,-0.1447169014992707,-0.15638204729990257,-0.1330517556986388,-0.149500318788292,-0.13993348421024937,D8_air_pollution_minus_1sd,mod__median_household_income,strategy_by_income
22.827179664804465,-0.1376363252800883,-0.14869856878480098,-0.1265740817753756,-0.14217251606074188,-0.1331001344994347,D8_air_pollution_minus_1sd,mod__median_household_income,strategy_by_income
23.71353296089385,-0.13069660572382513,-0.1412424237892348,-0.12015078765841547,-0.1350210307522908,-0.12637218069535947,D8_air_pollution_minus_1sd,mod__median_household_income,strategy_by_income
24.599886256983233,-0.12389657189519815,-0.13401464384789671,-0.1137784999424996,-0.1280455950739293,-0.11974754871646702,D8_air_pollution_minus_1sd,mod__median_household_income,strategy_by_income
25.486239553072622,-0.11723505285892435,-0.12701488122742516,-0.10745522449042355,-0.1212453756530907,-0.11322473006475801,D8_air_pollution_minus_1sd,mod__median_household_income,strategy_by_income
26.372592849162004,-0.11071087767972079,-0.12024100389395594,-0.10118075146548565,-0.11461880744578151,-0.10680294791366007,D8_air_pollution_minus_1sd,mod__median_household_income,strategy_by_income
27.25894614525139,-0.10432287542230426,-0.1136888445449136,-0.09495690629969492,-0.108163490824394,-0.10048226002021451,D8_air_pollution_minus_1sd,mod__median_household_income,strategy_by_income
28.145299441340775,-0.09806987515139193,-0.10735218543454975,-0.08878756486823411,-0.10187618535525686,-0.094263564947527,D8_air_pollution_minus_1sd,mod__median_household_income,strategy_by_income
29.031652737430157,-0.09195070593170074,-0.10122300430448714,-0.08267840755891434,-0.09575291064507414,-0.08814850121832733,D8_air_pollution_minus_1sd,mod__median_household_income,strategy_by_income
29.918006033519546,-0.08596419682794754,-0.09529193447038713,-0.07663645918550795,-0.08978913500436395,-0.08213925865153113,D8_air_pollution_minus_1sd,mod__median_household_income,strategy_by_income
30.80435932960893,-0.08010917690484948,-0.08954883771987969,-0.07066951608981926,-0.08398001037035717,-0.07623834343934179,D8_air_pollution_minus_1sd,mod__median_household_income,strategy_by_income
31.69071262569831,-0.07438447522712341,-0.08398337512930541,-0.0647855753249414,-0.07832060637648249,-0.07044834407776433,D8_air_pollution_minus_1sd,mod__median_household_income,strategy_by_income
32.5770659217877,-0.06878892085948635,-0.07858548647512865,-0.058992355243844045,-0.07280610694012296,-0.06477173477884973,D8_air_pollution_minus_1sd,mod__median_household_income,strategy_by_income
33.46341921787708,-0.06332134286665528,-0.07334573331637323,-0.05329695241693733,-0.06743195094722325,-0.059210734786087314,D8_air_pollution_minus_1sd,mod__median_household_income,strategy_by_income
34.34977251396647,-0.05798057031334716,-0.06825550206959682,-0.047705638557097495,-0.062193915525345825,-0.0537672251013485,D8_air_pollution_minus_1sd,mod__median_household_income,strategy_by_income
35.23612581005585,-0.05276543226427906,-0.06330708952650638,-0.042223775002051746,-0.05708815111108024,-0.04844271341747788,D8_air_pollution_minus_1sd,mod__median_household_income,strategy_by_income
36.12247910614524,-0.04767475778416781,-0.05849370332667375,-0.03685581224166187,-0.052111181643884986,-0.04323833392445064,D8_air_pollution_minus_1sd,mod__median_household_income,strategy_by_income
37.008832402234624,-0.04270737593773053,-0.05380940885361287,-0.03160534302184819,-0.047259882790258556,-0.038154869085202506,D8_air_pollution_minus_1sd,mod__median_household_income,strategy_by_income
37.895185698324006,-0.03786211578968411,-0.04924904767156782,-0.026475183907800404,-0.04253144849787538,-0.033192783081492844,D8_air_pollution_minus_1sd,mod__median_household_income,strategy_by_income
38.781538994413395,-0.03313780640474554,-0.04480814510450554,-0.021467467704985546,-0.03792335309736746,-0.02835225971212362,D8_air_pollution_minus_1sd,mod__median_household_income,strategy_by_income
39.66789229050278,-0.02853327684763182,-0.0404828180082709,-0.016583735686992736,-0.0334333134833142,-0.02363324021194944,D8_air_pollution_minus_1sd,mod__median_household_income,strategy_by_income
40.55424558659217,-0.024047356183059882,-0.03626968889769248,-0.011825023468427289,-0.029059253901147324,-0.01903545846497244,D8_air_pollution_minus_1sd,mod__median_household_income,strategy_by_income
41.44059888268155,-0.019678873475746796,-0.03216580930342654,-0.00719193764806705,-0.02479927451880854,-0.01455847243268505,D8_air_pollution_minus_1sd,mod__median_household_income,strategy_by_income
42.32695217877093,-0.01542665779040946,-0.02816859320642195,-0.002684722374396969,-0.020651624130842636,-0.010201691449976283,D8_air_pollution_minus_1sd,mod__median_household_income,strategy_by_income
43.21330547486032,-0.01128953819176487,-0.02427576025472524,0.0016966838711955038,-0.016614676873843725,-0.005964399509686015,D8_air_pollution_minus_1sd,mod__median_household_income,strategy_by_income
44.0996587709497,-0.0072663437445300225,-0.020485287896217237,0.005952600407157194,-0.012686912597973974,-0.0018457748910860718,D8_air_pollution_minus_1sd,mod__median_household_income,strategy_by_income
44.98601206703909,-0.003355903513421854,-0.016795371335911604,0.010083564309067896,-0.008866900447027318,0.0021550934201836104,D8_air_pollution_minus_1sd,mod__median_household_income,strategy_by_income
45.87236536312847,0.00044295343684259275,-0.013204390196927342,0.014090297070612528,-0.005153285187406216,0.0060391920610914016,D8_air_pollution_minus_1sd,mod__median_household_income,strategy_by_income
46.758718659217855,0.004131398041546379,-0.009710880835510048,0.017973676918602806,-0.0015447758556010908,0.00980757193869385,D8_air_pollution_minus_1sd,mod__median_household_income,strategy_by_income
47.645071955307245,0.0077106012359725445,-0.006313513376107527,0.021734715848052616,0.0019598636588214462,0.013461338813123643,D8_air_pollution_minus_1sd,mod__median_household_income,strategy_by_income
48.53142525139663,0.011181733955404071,-0.0030110726606749332,0.025374540571483077,0.005361822425158924,0.017001645485649218,D8_air_pollution_minus_1sd,mod__median_household_income,strategy_by_income
49.417778547486016,0.01454596713512402,0.00019755756963273606,0.0288943767006153,0.008662248958038583,0.020429685312209456,D8_air_pollution_minus_1sd,mod__median_household_income,strategy_by_income
50.3041318435754,0.017804471710415364,0.003313407830259742,0.03229553559057099,0.011862256612092826,0.023746686808737903,D8_air_pollution_minus_1sd,mod__median_household_income,strategy_by_income
51.19048513966479,0.020958418616561177,0.006337433859296663,0.03557940337382569,0.014962928078703726,0.02695390915441863,D8_air_pollution_minus_1sd,mod__median_household_income,strategy_by_income
52.07683843575417,0.024008978788844428,0.009270525784395151,0.03874743179329371,0.01796531914499396,0.030052638432694893,D8_air_pollution_minus_1sd,mod__median_household_income,strategy_by_income
52.96319173184355,0.02695732316254817,0.012113515812875876,0.041801130512220466,0.020870461847237586,0.03304418447785876,D8_air_pollution_minus_1sd,mod__median_household_income,strategy_by_income
53.84954502793294,0.02980462267295545,0.014867184711221051,0.04474206063468985,0.0236793671278449,0.035929878218066,D8_air_pollution_minus_1sd,mod__median_household_income,strategy_by_income
54.73589832402232,0.032552048255349235,0.017532267294385645,0.047571829216312825,0.02639302708631297,0.0387110694243855,D8_air_pollution_minus_1sd,mod__median_household_income,strategy_by_income
55.62225162011171,0.035200770845012594,0.02010945710828231,0.05029208458174288,0.02901241689932852,0.04138912479069667,D8_air_pollution_minus_1sd,mod__median_household_income,strategy_by_income
56.508604916201094,0.03775196137722851,0.02259941045888167,0.05290451229557536,0.03153849647294333,0.043965426281513696,D8_air_pollution_minus_1sd,mod__median_household_income,strategy_by_income
57.39495821229048,0.04020679078728004,0.025002749917320648,0.05541083165723943,0.03397221187988132,0.046441369694678755,D8_air_pollution_minus_1sd,mod__median_household_income,strategy_by_income
58.281311508379865,0.04256643001045017,0.02732006741111855,0.057812792609781796,0.03631449662712459,0.04881836339377575,D8_air_pollution_minus_1sd,mod__median_household_income,strategy_by_income
59.16766480446925,0.04483204998202195,0.02955192699614371,0.06011217296790019,0.03856627279258788,0.051097827171456014,D8_air_pollution_minus_1sd,mod__median_household_income,strategy_by_income
60.054018100558636,0.0470048216372784,0.03169886739157523,0.06231077588298157,0.04072845206460665,0.053281191209950146,D8_air_pollution_minus_1sd,mod__median_household_income,strategy_by_income
60.94037139664802,0.04908591591150252,0.03376140435011937,0.06441042747288567,0.04280193671386949,0.05536989510913555,D8_air_pollution_minus_1sd,mod__median_household_income,strategy_by_income
61.82672469273741,0.051076503739977366,0.03574003292761557,0.06641297455233916,0.04478762052409436,0.057365386955860374,D8_air_pollution_minus_1sd,mod__median_household_income,strategy_by_income
62.71307798882679,0.05297775605798592,0.03763522970943156,0.06832028240654028,0.04668638970498548,0.059269122410986363,D8_air_pollution_minus_1sd,mod__median_household_income,strategy_by_income
63.59943128491617,0.05479084380081123,0.03944745504528969,0.07013423255633276,0.04849912380864781,0.06108256379297465,D8_air_pollution_minus_1sd,mod__median_household_income,strategy_by_income
64.48578458100556,0.056516937903736325,0.04117715533901786,0.07185672046845479,0.05022669666852372,0.06280717913894893,D8_air_pollution_minus_1sd,mod__median_household_income,strategy_by_income
65.37213787709494,0.0581572093020442,0.04282476543485399,0.0734896531692344,0.05186997737792255,0.06444444122616584,D8_air_pollution_minus_1sd,mod__median_household_income,strategy_by_income
66.25849117318432,0.05971282893101788,0.0443907111370525,0.07503494672498326,0.05342983132321217,0.06599582653882359,D8_air_pollution_minus_1sd,mod__median_household_income,strategy_by_income
67.1448444692737,0.06118496772594041,0.04587541189438022,0.07649452355750061,0.05490712128462503,0.06746281416725579,D8_air_pollution_minus_1sd,mod__median_household_income,strategy_by_income
68.03119776536309,0.0625747966220948,0.047279283675413994,0.0778703095687756,0.056302708615304606,0.06884688462888498,D8_air_pollution_minus_1sd,mod__median_household_income,strategy_by_income
68.91755106145249,0.06388348655476409,0.04860274205417037,0.0791642310553578,0.05761745450660076,0.07014951860292741,D8_air_pollution_minus_1sd,mod__median_household_income,strategy_by_income
69.80390435754187,0.06511220845923125,0.049846205518363905,0.08037821140009861,0.058852221344656196,0.07137219557380632,D8_air_pollution_minus_1sd,mod__median_household_income,strategy_by_income
70.69025765363125,0.06626213327077934,0.05101009900442492,0.08151416753713377,0.06000787415997825,0.07251639238158045,D8_air_pollution_minus_1sd,mod__median_household_income,strategy_by_income
71.57661094972063,0.06733443192469139,0.05209485765430069,0.0825740061950821,0.06108528216795518,0.0735835816814276,D8_air_pollution_minus_1sd,mod__median_household_income,strategy_by_income
72.46296424581001,0.0683302753562504,0.05310093077910075,0.08355961993340005,0.062085320394191165,0.07457523031830963,D8_air_pollution_minus_1sd,mod__median_household_income,strategy_by_income
73.34931754189941,0.06925083450073942,0.05402878600400788,0.08447288299747095,0.06300887137417119,0.07549279762730765,D8_air_pollution_minus_1sd,mod__median_household_income,strategy_by_income
74.23567083798879,0.07009728029344142,0.05487891355784936,0.08531564702903349,0.0638568269122454,0.07633773367463745,D8_air_pollution_minus_1sd,mod__median_household_income,strategy_by_income
75.12202413407817,0.07087078366963948,0.05565183065970393,0.08608973667957502,0.0646300898804041,0.07711147745887485,D8_air_pollution_minus_1sd,mod__median_household_income,strategy_by_income
76.00837743016756,0.07157251556461658,0.05634808594439447,0.08679694518483869,0.06532957603299806,0.0778154550962351,D8_air_pollution_minus_1sd,mod__median_household_income,strategy_by_income
76.89473072625694,0.07220364691365577,0.056968263859249475,0.08743902996806208,0.06595621580967749,0.07845107801763405,D8_air_pollution_minus_1sd,mod__median_household_income,strategy_by_income
77.78108402234633,0.07276534865204004,0.05751298895670651,0.08801770834737357,0.06651095609561969,0.07901974120846039,D8_air_pollution_minus_1sd,mod__median_household_income,strategy_by_income
78.66743731843572,0.07325879171505245,0.05798293000177743,0.08853465342832748,0.06699476190583907,0.07952282152426583,D8_air_pollution_minus_1sd,mod__median_household_income,strategy_by_income
79.5537906145251,0.07368514703797599,0.05837880381063538,0.0889914902653166,0.0674086179592405,0.07996167611671148,D8_air_pollution_minus_1sd,mod__median_household_income,strategy_by_income
80.44014391061448,0.07404558555609371,0.05870137873704933,0.0893897923751381,0.067753530108269,0.08033764100391842,D8_air_pollution_minus_1sd,mod__median_household_income,strategy_by_income
81.32649720670386,0.07434127820468861,0.058951477727340246,0.08973107868203697,0.068030526591627,0.08065202981775021,D8_air_pollution_minus_1sd,mod__median_household_income,strategy_by_income
82.21285050279324,0.07457339591904372,0.05912998087202609,0.09001681096606134,0.06824065908060366,0.08090613275748378,D8_air_pollution_minus_1sd,mod__median_household_income,strategy_by_income
83.09920379888264,0.07474310963444206,0.05923782739317536,0.09024839187570875,0.06838500349401024,0.08110121577487388,D8_air_pollution_minus_1sd,mod__median_household_income,strategy_by_income
83.98555709497202,0.07485159028616664,0.05927601702028805,0.09042716355204523,0.06846466056237477,0.08123852000995851,D8_air_pollution_minus_1sd,mod__median_household_income,strategy_by_income
84.8719103910614,0.07490000880950051,0.059245610723628835,0.0905544068953722,0.06848075612865323,0.0813192614903478,D8_air_pollution_minus_1sd,mod__median_household_income,strategy_by_income
85.75826368715079,0.07488953613972665,0.05914773079153712,0.09063134148791618,0.06843444117993121,0.0813446310995221,D8_air_pollution_minus_1sd,mod__median_household_income,strategy_by_income
86.64461698324017,0.07482134321212815,0.05898356025640649,0.0906591261678498,0.06832689161204081,0.08131579481221549,D8_air_pollution_minus_1sd,mod__median_household_income,strategy_by_income
87.53097027932957,0.07469660096198796,0.05875434169179536,0.09063886023218057,0.0681593077363029,0.08123389418767303,D8_air_pollution_minus_1sd,mod__median_household_income,strategy_by_income
88.41732357541895,0.07451648032458913,0.05846137541958294,0.09057158522959532,0.06793291354435246,0.0811000471048258,D8_air_pollution_minus_1sd,mod__median_household_income,strategy_by_income
89.30367687150833,0.0742821522352147,0.05810601718040832,0.09045828729002107,0.06764895575287729,0.08091534871755211,D8_air_pollution_minus_1sd,mod__median_household_income,strategy_by_income
90.19003016759771,0.07399478762914767,0.057689675332201096,0.09029989992609425,0.06730870265484556,0.08068087260344978,D8_air_pollution_minus_1sd,mod__median_household_income,strategy_by_income
91.0763834636871,0.07365555744167107,0.05721380765001104,0.09009730723333109,0.066913442807242,0.08039767207610014,D8_air_pollution_minus_1sd,mod__median_household_income,strategy_by_income
91.96273675977649,0.0732656326080679,0.05667991780539009,0.08985134741074571,0.06646448358740087,0.08006678162873493,D8_air_pollution_minus_1sd,mod__median_household_income,strategy_by_income
92.84909005586587,0.07282618406362122,0.05608955160531482,0.08956281652192763,0.06596314965073619,0.07968921847650626,D8_air_pollution_minus_1sd,mod__median_household_income,strategy_by_income
93.73544335195525,0.07233838274361402,0.055444293069299606,0.08923247241792845,0.06541078132212005,0.079265984165108,D8_air_pollution_minus_1sd,mod__median_household_income,strategy_by_income
94.62179664804464,0.07180339958332935,0.05474576041933692,0.08886103874732178,0.06480873295151507,0.07879806621514363,D8_air_pollution_minus_1sd,mod__median_household_income,strategy_by_income
95.50814994413402,0.07122240551805019,0.05399560205111047,0.08844920898498991,0.0641583712619273,0.07828643977417307,D8_air_pollution_minus_1sd,mod__median_household_income,strategy_by_income
96.39450324022341,0.0705965714830596,0.053195492547118785,0.08799765041900043,0.06346107371454522,0.07773206925157398,D8_air_pollution_minus_1sd,mod__median_household_income,strategy_by_income
97.2808565363128,0.0699270684136406,0.052347128783481606,0.0875070080437996,0.06271822691229408,0.07713590991498713,D8_air_pollution_minus_1sd,mod__median_household_income,strategy_by_income
98.16720983240218,0.0692150672450762,0.05145222617281228,0.08697790831734012,0.06193122505918579,0.07649890943096661,D8_air_pollution_minus_1sd,mod__median_household_income,strategy_by_income
99.05356312849156,0.06846173891264942,0.05051251507609231,0.08641096274920654,0.06110146848896987,0.07582200933632897,D8_air_pollution_minus_1sd,mod__median_household_income,strategy_by_income
99.93991642458096,0.06766825435164328,0.049529737407367325,0.08580677129591924,0.06023036227285284,0.07510614643043373,D8_air_pollution_minus_1sd,mod__median_household_income,strategy_by_income
100.82626972067034,0.06683578449734079,0.04850564344659417,0.08516592554808741,0.05931931491257221,0.07435225408210937,D8_air_pollution_minus_1sd,mod__median_household_income,strategy_by_income
101.71262301675972,0.06596550028502501,0.047441988868311746,0.08448901170173828,0.058369737121971355,0.07356126344807867,D8_air_pollution_minus_1sd,mod__median_household_income,strategy_by_income
102.5989763128491,0.06505857264997895,0.04634053198710972,0.08377661331284819,0.05738304069747456,0.07273410460248335,D8_air_pollution_minus_1sd,mod__median_household_income,strategy_by_income
103.48532960893849,0.06411617252748562,0.04520303121517891,0.08302931383979234,0.056360637475528504,0.07187170757944275,D8_air_pollution_minus_1sd,mod__median_household_income,strategy_by_income
104.37168290502788,0.06313947085282802,0.04403124272253692,0.08224769898311912,0.05530393837315284,0.0709750033325032,D8_air_pollution_minus_1sd,mod__median_household_income,strategy_by_income
105.25803620111726,0.062129638561289224,0.04282691828678145,0.081432358835797,0.054214352506208714,0.07004492461636974,D8_air_pollution_minus_1sd,mod__median_household_income,strategy_by_income
106.14438949720665,0.06108784658815221,0.041591803316344655,0.08058388985995976,0.053093286378813026,0.06908240679749139,D8_air_pollution_minus_1sd,mod__median_household_income,strategy_by_income
107.03074279329603,0.06001526586870003,0.04032763502910326,0.07970289670829679,0.05194214313645823,0.06808838860094182,D8_air_pollution_minus_1sd,mod__median_household_income,strategy_by_income
107.91709608938541,0.058913067338215705,0.03903614076672353,0.07878999390970788,0.05076232187479147,0.06706381280163994,D8_air_pollution_minus_1sd,mod__median_household_income,strategy_by_income
108.8034493854748,0.0577824219319822,0.037719036424174776,0.07784580743978962,0.04955521699561982,0.06600962686834458,D8_air_pollution_minus_1sd,mod__median_household_income,strategy_by_income
109.68980268156419,0.05662450058528261,0.03637802497331545,0.07687097619724977,0.0483222176014912,0.06492678356907401,D8_air_pollution_minus_1sd,mod__median_household_income,strategy_by_income
110.57615597765357,0.055440474233399914,0.035014795059237415,0.07586615340756242,0.0470647069201102,0.06381624154668963,D8_air_pollution_minus_1sd,mod__median_household_income,strategy_by_income
111.46250927374295,0.05423151381161713,0.03363101964805601,0.07483200797517825,0.045784061749850107,0.06267896587338415,D8_air_pollution_minus_1sd,mod__median_household_income,strategy_by_income
112.34886256983233,0.05299879025521735,0.03222835470496831,0.0737692258054664,0.044481651917676626,0.061515928592758076,D8_air_pollution_minus_1sd,mod__median_household_income,strategy_by_income
113.23521586592173,0.05174347449948348,0.030808437881603753,0.0726785111173632,0.04315883974088188,0.06032810925808508,D8_air_pollution_minus_1sd,mod__median_household_income,strategy_by_income
114.12156916201111,0.05046673747969861,0.029372887191900714,0.0715605877674965,0.04181697948411369,0.05911649547528353,D8_air_pollution_minus_1sd,mod__median_household_income,strategy_by_income
115.0079224581005,0.04916975013114584,0.02792329965590659,0.0704162006063851,0.04045741680325129,0.0578820834590404,D8_air_pollution_minus_1sd,mod__median_household_income,strategy_by_income
115.89427575418988,0.04785368338910803,0.02646124989098895,0.06924611688722712,0.039081488167716255,0.05662587861049981,D8_air_pollution_minus_1sd,mod__median_household_income,strategy_by_income
116.78062905027926,0.04651970818886836,0.024988288629925637,0.06805112774781108,0.03769052025279995,0.055348896124936764,D8_air_pollution_minus_1sd,mod__median_household_income,strategy_by_income
117.66698234636866,0.04516899546570963,0.02350594114519227,0.06683204978622698,0.03628582929352537,0.054052161637893885,D8_air_pollution_minus_1sd,mod__median_household_income,strategy_by_income
118.55333564245804,0.043802716154915156,0.022015705558484852,0.06558972675134546,0.03486872039144945,0.05273671191838086,D8_air_pollution_minus_1sd,mod__median_household_income,strategy_by_income
119.43968893854742,0.042422041191767706,0.02051905101408015,0.06432503136945526,0.03344048676562936,0.051403595617906056,D8_air_pollution_minus_1sd,mod__median_household_income,strategy_by_income
120.3260422346368,0.0410281415115504,0.019017415694077396,0.06303886732902342,0.03200240893875181,0.050053874084349,D8_air_pollution_minus_1sd,mod__median_household_income,strategy_by_income
121.21239553072618,0.03962218804954634,0.01751220465286539,0.061732171446227294,0.030555753849132943,0.04868862224995974,D8_air_pollution_minus_1sd,mod__median_household_income,strategy_by_income
122.09874882681558,0.038205351741038396,0.016004787447369696,0.060405916034707095,0.029101773878975883,0.04730892960310091,D8_air_pollution_minus_1sd,mod__median_household_income,strategy_by_income
122.98510212290496,0.03677880352130969,0.014496495538773024,0.05906111150384635,0.027641705788918745,0.04591590125370063,D8_air_pollution_minus_1sd,mod__median_household_income,strategy_by_income
123.87145541899434,0.03534371432564326,0.0129886194405236,0.057698809210762925,0.02617676954854492,0.0445106591027416,D8_air_pollution_minus_1sd,mod__median_household_income,strategy_by_income
124.75780871508373,0.03390125508932207,0.011482405586624899,0.056320104592019235,0.024708167052191893,0.043094343126452245,D8_air_pollution_minus_1sd,mod__median_household_income,strategy_by_income
125.64416201117311,0.03245259674762907,0.009979052893520822,0.05492614060173732,0.02323708070911571,0.04166811278614243,D8_air_pollution_minus_1sd,mod__median_household_income,strategy_by_income
126.5305153072625,0.030998910235847443,0.00847970898847868,0.05351811148321621,0.021764671896899387,0.0402331485747955,D8_air_pollution_minus_1sd,mod__median_household_income,strategy_by_income
127.41686860335189,0.0295413664892602,0.006985466077382634,0.052097266901137765,0.020292079266997328,0.03879065371152307,D8_air_pollution_minus_1sd,mod__median_household_income,strategy_by_income
128.30322189944127,0.028081136443150162,0.0054973564254898605,0.050664916460810464,0.018820416891571268,0.037341855994729056,D8_air_pollution_minus_1sd,mod__median_household_income,strategy_by_income
129.18957519553067,0.026619391032800532,0.004016347426217832,0.049222434639383236,0.0173507722413943,0.035888009824206764,D8_air_pollution_minus_1sd,mod__median_household_income,strategy_by_income
130.07592849162003,0.025157301193494408,0.0025433362357470506,0.04777126615124176,0.015884203985712306,0.03443039840127651,D8_air_pollution_minus_1sd,mod__median_household_income,strategy_by_income
130.96228178770943,0.023696037860514607,0.0010791439555395688,0.046312931765489646,0.014421739606723568,0.032970336114305644,D8_air_pollution_minus_1sd,mod__median_household_income,strategy_by_income
131.84863508379883,0.022236771969144198,-0.00037549064873962715,0.04484903458702802,0.012964372823955928,0.03150917111433247,D8_air_pollution_minus_1sd,mod__median_household_income,strategy_by_income
132.7349883798882,0.02078067445466636,-0.0018199178943751441,0.043381266803707866,0.011513060827524924,0.030048288081807796,D8_air_pollution_minus_1sd,mod__median_household_income,strategy_by_income
133.6213416759776,0.01932891625236388,-0.0032535843849439416,0.041911416889671704,0.010068721324326077,0.028589111180401687,D8_air_pollution_minus_1sd,mod__median_household_income,strategy_by_income
134.50769497206696,0.017882668297519944,-0.004676040643516649,0.040441377238556536,0.00863222940795984,0.02713310718708005,D8_air_pollution_minus_1sd,mod__median_household_income,strategy_by_income
135.39404826815635,0.016443101525417447,-0.006086949128015273,0.03897315217885017,0.007204414271948395,0.0256817887788865,D8_air_pollution_minus_1sd,mod__median_household_income,strategy_by_income
136.28040156424575,0.015011386871339572,-0.007486092553835325,0.03750886629651447,0.0057860557969561435,0.024236717945722998,D8_air_pollution_minus_1sd,mod__median_household_income,strategy_by_income
137.16675486033512,0.013588695270569329,-0.008873382414996526,0.03605077295613518,0.004377881056600809,0.02279950948453785,D8_air_pollution_minus_1sd,mod__median_household_income,strategy_by_income
138.0531081564245,0.01217619765838951,-0.010248867553847355,0.03460126287062637,0.002980560803354791,0.021371834513424226,D8_air_pollution_minus_1sd,mod__median_household_income,strategy_by_income
138.93946145251388,0.010775064970083403,-0.011612742580290169,0.03316287252045698,0.00159470601615265,0.019955423924014157,D8_air_pollution_minus_1sd,mod__median_household_income,strategy_by_income
139.82581474860328,0.009386468140933912,-0.012965355884670834,0.03173829216653866,0.00022086461461983016,0.018552071667247996,D8_air_pollution_minus_1sd,mod__median_household_income,strategy_by_income
140.71216804469267,0.008011578106224049,-0.014307216924722966,0.030330373137171063,-0.0011404815290161456,0.017163637741464243,D8_air_pollution_minus_1sd,mod__median_household_income,strategy_by_income
141.59852134078204,0.006651565801236881,-0.015639002398245526,0.028942134000719287,-0.0024889191210979017,0.015792050723571663,D8_air_pollution_minus_1sd,mod__median_household_income,strategy_by_income
142.48487463687144,0.005307602161255365,-0.016961560842971766,0.027576765165482495,-0.003824105332763568,0.014439309655274297,D8_air_pollution_minus_1sd,mod__median_household_income,strategy_by_income
143.3712279329608,0.003980858121562569,-0.018275915138707615,0.026237631381832754,-0.005145768825975155,0.013107485069100294,D8_air_pollution_minus_1sd,mod__median_household_income,strategy_by_income
144.2575812290502,0.002672504617441618,-0.019583262331801563,0.024928271566684798,-0.006453709681540572,0.011798718916423808,D8_air_pollution_minus_1sd,mod__median_household_income,strategy_by_income
145.14393452513957,0.0013837125841753561,-0.020884970168132337,0.02365239533648305,-0.007747797977428519,0.010515223145779231,D8_air_pollution_minus_1sd,mod__median_household_income,strategy_by_income
146.03028782122897,0.00011565295704679679,-0.022182569719847358,0.02241387563394095,-0.009027970765283763,0.009259276679377357,D8_air_pollution_minus_1sd,mod__median_household_income,strategy_by_income
146.91664111731836,-0.0011305033286608812,-0.023477743535982233,0.02121673687866047,-0.010294227211462463,0.008033220554140701,D8_air_pollution_minus_1sd,mod__median_household_income,strategy_by_income
147.80299441340773,-0.0023535853376647764,-0.02477230885042714,0.02006513817509759,-0.011546621711280182,0.0068394510359506295,D8_air_pollution_minus_1sd,mod__median_household_income,strategy_by_income
148.68934770949713,-0.0035524221346818208,-0.026068195552410623,0.01896335128304698,-0.012785254855573846,0.005680410586210204,D8_air_pollution_minus_1sd,mod__median_household_income,strategy_by_income
149.5757010055865,-0.004725842784428946,-0.027367418869129585,0.017915733300271693,-0.014010262228923301,0.0045585766600654085,D8_air_pollution_minus_1sd,mod__median_household_income,strategy_by_income
150.4620543016759,-0.005872676351623252,-0.028672047022963533,0.01692669431971703,-0.015221801147147607,0.0034764484439011034,D8_air_pollution_minus_1sd,mod__median_household_income,strategy_by_income
151.3484075977653,-0.006991751900981613,-0.029984164491016384,0.016000660689053158,-0.01642003559148858,0.0024365317895253535,D8_air_pollution_minus_1sd,mod__median_household_income,strategy_by_income
152.23476089385466,-0.008081898497221018,-0.03130583188382222,0.015142034889380186,-0.017605119756446918,0.0014413227620048812,D8_air_pollution_minus_1sd,mod__median_household_income,strategy_by_income
153.12111418994405,-0.0091419452050584,-0.03263904383244734,0.014355153422330538,-0.018777180780939727,0.0004932903708229283,D8_air_pollution_minus_1sd,mod__median_household_income,strategy_by_income
154.00746748603342,-0.01017072108921091,-0.033985686580797904,0.013644244402376084,-0.019936301358574732,-0.0004051408198470878,D8_air_pollution_minus_1sd,mod__median_household_income,strategy_by_income
154.89382078212282,-0.011167055214395427,-0.03534749717408317,0.013013386745292312,-0.021082503002444603,-0.0012516074263462535,D8_air_pollution_minus_1sd,mod__median_household_income,strategy_by_income
155.7801740782122,-0.012129776645328882,-0.03672602617523472,0.012466472884576953,-0.022215730756597732,-0.002043822534060033,D8_air_pollution_minus_1sd,mod__median_household_income,strategy_by_income
156.66652737430158,-0.01305771444672843,-0.038122605706718146,0.012007176813261286,-0.02333584009124281,-0.00277958880221405,D8_air_pollution_minus_1sd,mod__median_household_income,strategy_by_income
157.55288067039098,-0.01394969768331078,-0.03953832430836169,0.01163892894174013,-0.024442586592933246,-0.003456808773688312,D8_air_pollution_minus_1sd,mod__median_household_income,strategy_by_income
158.43923396648034,-0.01480455541979303,-0.04097400965187194,0.01136489881228588,-0.02553561887647072,-0.004073491963115343,D8_air_pollution_minus_1sd,mod__median_household_income,strategy_by_income
159.32558726256974,-0.01562111672089217,-0.04243021961155306,0.01118798616976872,-0.026614474923358167,-0.004627758518426171,D8_air_pollution_minus_1sd,mod__median_household_income,strategy_by_income
160.21194055865914,-0.016398210651325296,-0.043907241623756296,0.011110820321105705,-0.0276785818191354,-0.005117839483515194,D8_air_pollution_minus_1sd,mod__median_household_income,strategy_by_income
161.0982938547485,-0.017134666275809063,-0.04540509974144814,0.011135767189830021,-0.028727258646179546,-0.00554207390543858,D8_air_pollution_minus_1sd,mod__median_household_income,strategy_by_income
161.9846471508379,-0.017829312659060848,-0.04692356836107715,0.011264943042955458,-0.029759722112553733,-0.0058989032055679624,D8_air_pollution_minus_1sd,mod__median_household_income,strategy_by_income
162.87100044692727,-0.01848097886579725,-0.04846219130343292,0.011500233571838422,-0.030775094376315648,-0.006186863355278849,D8_air_pollution_minus_1sd,mod__median_household_income,strategy_by_income
163.75735374301667,-0.019088493960735753,-0.05002030478216139,0.01184331686068989,-0.03177241246400289,-0.006404575457468616,D8_air_pollution_minus_1sd,mod__median_household_income,strategy_by_income
164.64370703910606,-0.019650687008592738,-0.05159706278506157,0.012295688767876095,-0.032750638678502836,-0.0065507353386826395,D8_air_pollution_minus_1sd,mod__median_household_income,strategy_by_income
165.53006033519543,-0.020166387074085468,-0.053191463499944726,0.01285868935177379,-0.0337086714352589,-0.0066241027129120365,D8_air_pollution_minus_1sd,mod__median_household_income,strategy_by_income
166.41641363128483,-0.020634423221930986,-0.05480237560510871,0.013533529161246734,-0.03464535604295888,-0.006623490400903091,D8_air_pollution_minus_1sd,mod__median_household_income,strategy_by_income
167.3027669273742,-0.021053624516846225,-0.05642856347880695,0.014321314445114502,-0.03555949504094634,-0.006547753992746109,D8_air_pollution_minus_1sd,mod__median_household_income,strategy_by_income
168.1891202234636,-0.021422820023548117,-0.05806871063033883,0.015223070583242598,-0.036449857807388825,-0.006395782239707408,D8_air_pollution_minus_1sd,mod__median_household_income,strategy_by_income
169.075473519553,-0.021740838806753704,-0.05972144089240259,0.016239763278895182,-0.037315189249428005,-0.0061664883640794,D8_air_pollution_minus_1sd,mod__median_household_income,strategy_by_income
169.96182681564235,-0.02200650993117992,-0.061385337123180145,0.017372317260820308,-0.03815421747216862,-0.005858802390191216,D8_air_pollution_minus_1sd,mod__median_household_income,strategy_by_income
170.84818011173175,-0.02221866246154347,-0.06305895733812193,0.01862163241503499,-0.038965660393688595,-0.005471664529398342,D8_air_pollution_minus_1sd,mod__median_household_income,strategy_by_income
171.73453340782112,-0.02237612546256207,-0.06474084832286733,0.019988597397743196,-0.03974823132716285,-0.00500401959796129,D8_air_pollution_minus_1sd,mod__median_household_income,strategy_by_income
172.62088670391051,-0.02247772799895187,-0.06642955687204465,0.02147410087414091,-0.04050064358945134,-0.004454812408452403,D8_air_pollution_minus_1sd,mod__median_household_income,strategy_by_income
173.5072399999999,-0.022522299135430468,-0.06812363885860687,0.02307904058774593,-0.041221614220078626,-0.003822984050782307,D8_air_pollution_minus_1sd,mod__median_household_income,strategy_by_income
14.85,0.046310072204998984,0.04085196143419255,0.05176818297580542,0.04407191574534679,0.04854822866465118,D9_noise_mitigation_minus_1sd,mod__median_household_income,strategy_by_income
15.736353296089385,0.04619724155217205,0.041000174308382833,0.05139430879596127,0.044066128771327,0.048328354333017104,D9_noise_mitigation_minus_1sd,mod__median_household_income,strategy_by_income
16.62270659217877,0.046076482616233705,0.0411308672451972,0.05102209798727021,0.04404848035419733,0.04810448487827008,D9_noise_mitigation_minus_1sd,mod__median_household_income,strategy_by_income
17.509059888268155,0.045947909178910555,0.04124412597022284,0.05065169238759827,0.0440190727709656,0.04787674558685551,D9_noise_mitigation_minus_1sd,mod__median_household_income,strategy_by_income
18.39541318435754,0.04581163502192921,0.041340023896903846,0.05028324614695458,0.04397800324991418,0.04764526679394424,D9_noise_mitigation_minus_1sd,mod__median_household_income,strategy_by_income
19.281766480446926,0.045667773927016264,0.04141862144566895,0.04991692640836358,0.04392536369140108,0.04741018416263145,D9_noise_mitigation_minus_1sd,mod__median_household_income,strategy_by_income
20.168119776536308,0.04551643967589834,0.041479965570540525,0.04955291378125616,0.043861240473740966,0.04717163887805572,D9_noise_mitigation_minus_1sd,mod__median_household_income,strategy_by_income
21.054473072625694,0.04535774605030203,0.04152408961275159,0.04919140248785247,0.043785714393179215,0.04692977770742485,D9_noise_mitigation_minus_1sd,mod__median_household_income,strategy_by_income
21.94082636871508,0.045191806831953965,0.04155101363809551,0.04883260002581242,0.04369886080222579,0.04668475286168214,D9_noise_mitigation_minus_1sd,mod__median_household_income,strategy_by_income
22.827179664804465,0.04501873580258073,0.04156074545689931,0.04847672614826214,0.04360075002790612,0.046436721577255334,D9_noise_mitigation_minus_1sd,mod__median_household_income,strategy_by_income
23.71353296089385,0.04483864674390894,0.04155328256937613,0.04812401091844174,0.04349144816947362,0.04618584531834426,D9_noise_mitigation_minus_1sd,mod__median_household_income,strategy_by_income
24.599886256983233,0.0446516534376652,0.04152861531824461,0.047774691557085795,0.04337101839117484,0.045932288484155565,D9_noise_mitigation_minus_1sd,mod__median_household_income,strategy_by_income
25.486239553072622,0.04445786966557612,0.04148673155414831,0.04742900777700393,0.04323952283535441,0.045676216495797825,D9_noise_mitigation_minus_1sd,mod__median_household_income,strategy_by_income
26.372592849162004,0.044257409209368305,0.041427623111635274,0.047087195307101336,0.04309702527799943,0.04541779314073718,D9_noise_mitigation_minus_1sd,mod__median_household_income,strategy_by_income
27.25894614525139,0.04405038585076836,0.041351294333448516,0.04674947736808821,0.04294359462421557,0.045157177077321156,D9_noise_mitigation_minus_1sd,mod__median_household_income,strategy_by_income
28.145299441340775,0.0438369133715029,0.041257772745520185,0.04641605399748562,0.04277930928562215,0.044894517457383654,D9_noise_mitigation_minus_1sd,mod__median_household_income,strategy_by_income
29.031652737430157,0.04361710555329854,0.04114712175514856,0.04608708935144853,0.04260426238737488,0.044629948719222205,D9_noise_mitigation_minus_1sd,mod__median_household_income,strategy_by_income
29.918006033519546,0.04339107617788186,0.04101945491553264,0.045762697440231086,0.04241856761749016,0.044363584738273565,D9_noise_mitigation_minus_1sd,mod__median_household_income,strategy_by_income
30.80435932960893,0.043158939026979495,0.04087495089401654,0.04544292715994245,0.04222236536473323,0.04409551268922576,D9_noise_mitigation_minus_1sd,mod__median_household_income,strategy_by_income
31.69071262569831,0.04292080788231803,0.04071386786104461,0.04512774790359145,0.04201582861896236,0.0438257871456737,D9_noise_mitigation_minus_1sd,mod__median_household_income,strategy_by_income
32.5770659217877,0.04267679652562409,0.040536555684126084,0.044817037367122094,0.04179916797139406,0.04355442507985412,D9_noise_mitigation_minus_1sd,mod__median_household_income,strategy_by_income
33.46341921787708,0.04242701873862427,0.04034346419020231,0.04451057328704623,0.04157263500267468,0.04328140247457386,D9_noise_mitigation_minus_1sd,mod__median_household_income,strategy_by_income
34.34977251396647,0.042171588303045175,0.040135145956573845,0.044208030649516505,0.04133652342732983,0.04300665317876052,D9_noise_mitigation_minus_1sd,mod__median_household_income,strategy_by_income
35.23612581005585,0.04191061900061342,0.03991225264102115,0.043908985360205696,0.041091167588891295,0.04273007041233555,D9_noise_mitigation_minus_1sd,mod__median_household_income,strategy_by_income
36.12247910614524,0.04164422461305563,0.039675524694180474,0.04361292453193078,0.040836938241347175,0.04245151098476408,D9_noise_mitigation_minus_1sd,mod__median_household_income,strategy_by_income
37.008832402234624,0.041372518922098374,0.03942577523489134,0.04331926260930541,0.040574235937056315,0.04217080190714043,D9_noise_mitigation_minus_1sd,mod__median_household_income,strategy_by_income
37.895185698324006,0.04109561570946829,0.03916386968378821,0.04302736173514837,0.040303482675285746,0.04188774874365084,D9_noise_mitigation_minus_1sd,mod__median_household_income,strategy_by_income
38.781538994413395,0.04081362875689197,0.03889070324527138,0.04273655426851256,0.04002511266845287,0.04160214484533107,D9_noise_mitigation_minus_1sd,mod__median_household_income,strategy_by_income
39.66789229050278,0.04052667184609603,0.038607178409852505,0.04244616528233955,0.039739563116722686,0.04131378057546937,D9_noise_mitigation_minus_1sd,mod__median_household_income,strategy_by_income
40.55424558659217,0.04023485875880707,0.03831418435152738,0.042155533166086764,0.039447265759681015,0.04102245175793313,D9_noise_mitigation_minus_1sd,mod__median_household_income,strategy_by_income
41.44059888268155,0.0399383032767517,0.03801257954856857,0.04186402700493483,0.039148639749805404,0.040727966803697994,D9_noise_mitigation_minus_1sd,mod__median_household_income,strategy_by_income
42.32695217877093,0.03963711918165652,0.037703178326114466,0.04157106003719858,0.03884408613411044,0.040430152229202605,D9_noise_mitigation_minus_1sd,mod__median_household_income,strategy_by_income
43.21330547486032,0.039331420255248155,0.037386741446642224,0.041276099063854085,0.03853398399567092,0.04012885651482539,D9_noise_mitigation_minus_1sd,mod__median_household_income,strategy_by_income
44.0996587709497,0.039021320279253195,0.037063970445086705,0.040978670113419685,0.03821868813067707,0.03982395242782932,D9_noise_mitigation_minus_1sd,mod__median_household_income,strategy_by_income
44.98601206703909,0.03870693303539826,0.03673550514488245,0.04067836092591407,0.03789852802986105,0.03951533804093547,D9_noise_mitigation_minus_1sd,mod__median_household_income,strategy_by_income
45.87236536312847,0.03838837230540995,0.03640192368209591,0.04037482092872399,0.0375738078883927,0.0392029367224272,D9_noise_mitigation_minus_1sd,mod__median_household_income,strategy_by_income
46.758718659217855,0.03806575187101487,0.03606374436789336,0.04006775937413638,0.03724480736960426,0.038886696372425485,D9_noise_mitigation_minus_1sd,mod__median_household_income,strategy_by_income
47.645071955307245,0.037739185513939635,0.035721428791780405,0.039756942236098866,0.03691178287750687,0.0385665881503724,D9_noise_mitigation_minus_1sd,mod__median_household_income,strategy_by_income
48.53142525139663,0.03740878701591084,0.035375385672947984,0.0394421883588737,0.036574969136075955,0.03824260489574573,D9_noise_mitigation_minus_1sd,mod__median_household_income,strategy_by_income
49.417778547486016,0.03707467015865511,0.03502597507888256,0.03912336523842765,0.036234580919137324,0.03791475939817289,D9_noise_mitigation_minus_1sd,mod__median_household_income,strategy_by_income
50.3041318435754,0.036736948723899036,0.03467351273366855,0.03880038471412952,0.03589081481703243,0.037583082630765645,D9_noise_mitigation_minus_1sd,mod__median_household_income,strategy_by_income
51.19048513966479,0.03639573649336924,0.034318274225691336,0.03847319876104714,0.03554385096203181,0.03724762202470667,D9_noise_mitigation_minus_1sd,mod__median_household_income,strategy_by_income
52.07683843575417,0.03605114724879231,0.033960498993670304,0.03814179550391432,0.035193854662850424,0.0369084398347342,D9_noise_mitigation_minus_1sd,mod__median_household_income,strategy_by_income
52.96319173184355,0.03570329477189488,0.03360039402213847,0.037806195521651285,0.03484097792001843,0.036565611623771324,D9_noise_mitigation_minus_1sd,mod__median_household_income,strategy_by_income
53.84954502793294,0.03535229284440353,0.03323813721511937,0.037466448473687686,0.03448536080929328,0.036219224879513776,D9_noise_mitigation_minus_1sd,mod__median_household_income,strategy_by_income
54.73589832402232,0.03499825524804488,0.03287388044274684,0.037122630053342924,0.03412713273095869,0.03586937776513108,D9_noise_mitigation_minus_1sd,mod__median_household_income,strategy_by_income
55.62225162011171,0.03464129576454555,0.03250775227269898,0.03677483925639211,0.03376641352987816,0.03551617799921294,D9_noise_mitigation_minus_1sd,mod__median_household_income,strategy_by_income
56.508604916201094,0.03428152817563211,0.032139860408953065,0.03642319594231116,0.03340331449553244,0.035159741855731785,D9_noise_mitigation_minus_1sd,mod__median_household_income,strategy_by_income
57.39495821229048,0.033919066263031206,0.031770293866415264,0.03606783865964715,0.03303793925374962,0.03480019327231279,D9_noise_mitigation_minus_1sd,mod__median_household_income,strategy_by_income
58.281311508379865,0.03355402380846943,0.03139912491289156,0.035708922704047304,0.032670384563030966,0.0344376630539079,D9_noise_mitigation_minus_1sd,mod__median_household_income,strategy_by_income
59.16766480446925,0.03318651459367339,0.031026410810709414,0.03534661837663736,0.03230074102872142,0.034072288158625355,D9_noise_mitigation_minus_1sd,mod__median_household_income,strategy_by_income
60.054018100558636,0.03281665240036969,0.03065219538982486,0.03498110941091452,0.03192909374807898,0.0337042110526604,D9_noise_mitigation_minus_1sd,mod__median_household_income,strategy_by_income
60.94037139664802,0.032444551010284935,0.03027651048296745,0.03461259153760242,0.031555522898771095,0.033333579121798775,D9_noise_mitigation_minus_1sd,mod__median_household_income,strategy_by_income
61.82672469273741,0.032070324205145745,0.02989937725161266,0.03424127115867883,0.03118010428260386,0.032960544127687626,D9_noise_mitigation_minus_1sd,mod__median_household_income,strategy_by_income
62.71307798882679,0.03169408576667872,0.029520807429521467,0.033867364103835965,0.030802909835448578,0.03258526169790885,D9_noise_mitigation_minus_1sd,mod__median_household_income,strategy_by_income
63.59943128491617,0.03131594947661046,0.029140804508348026,0.0334910944448729,0.030424008113412872,0.03220789083980805,D9_noise_mitigation_minus_1sd,mod__median_household_income,strategy_by_income
64.48578458100556,0.030936029116667582,0.028759364887418225,0.03311269334591694,0.030043464764319613,0.03182859346901555,D9_noise_mitigation_minus_1sd,mod__median_household_income,strategy_by_income
65.37213787709494,0.030554438468576695,0.02837647900721253,0.032732397929940864,0.029661342992503642,0.03144753394464975,D9_noise_mitigation_minus_1sd,mod__median_household_income,strategy_by_income
66.25849117318432,0.030171291314064402,0.027992132483306092,0.03235045014482271,0.029277704023795977,0.031064878604332827,D9_noise_mitigation_minus_1sd,mod__median_household_income,strategy_by_income
67.1448444692737,0.029786701434857305,0.027606307254480638,0.031967095615233976,0.028892607576319316,0.030680795293395294,D9_noise_mitigation_minus_1sd,mod__median_household_income,strategy_by_income
68.03119776536309,0.029400782612682017,0.027218982755382266,0.03158258246998177,0.028506112341348887,0.030295452884015146,D9_noise_mitigation_minus_1sd,mod__median_household_income,strategy_by_income
68.91755106145249,0.029013648629265143,0.026830137120432564,0.031197160138097722,0.028118276476989,0.029909020781541285,D9_noise_mitigation_minus_1sd,mod__median_household_income,strategy_by_income
69.80390435754187,0.028625413266333295,0.02643974842171233,0.03081107811095426,0.02772915811578047,0.02952166841688612,D9_noise_mitigation_minus_1sd,mod__median_household_income,strategy_by_income
70.69025765363125,0.028236190305613078,0.026047795939274098,0.030424584671952058,0.02733881588560577,0.029133564725620384,D9_noise_mitigation_minus_1sd,mod__median_household_income,strategy_by_income
71.57661094972063,0.027846093528831092,0.02565426145789631,0.030037925599765876,0.026947309441436928,0.028744877616225257,D9_noise_mitigation_minus_1sd,mod__median_household_income,strategy_by_income
72.46296424581001,0.02745523671771396,0.025259130579815763,0.029651342855612155,0.026554700003635426,0.02835577343179249,D9_noise_mitigation_minus_1sd,mod__median_household_income,strategy_by_income
73.34931754189941,0.027063733653988266,0.02486239403866278,0.02926507326931375,0.026161050896745315,0.027966416411231217,D9_noise_mitigation_minus_1sd,mod__median_household_income,strategy_by_income
74.23567083798879,0.026671698119380638,0.02446404899591472,0.028879347242846555,0.0257664280811178,0.027576968157643475,D9_noise_mitigation_minus_1sd,mod__median_household_income,strategy_by_income
75.12202413407817,0.026279243895617685,0.024064100297939543,0.028494387493295827,0.02537090066837534,0.02718758712286003,D9_noise_mitigation_minus_1sd,mod__median_household_income,strategy_by_income
76.00837743016756,0.025886484764426,0.023662561669388,0.028110407859464,0.024974541410774792,0.026798428118077207,D9_noise_mitigation_minus_1sd,mod__median_household_income,strategy_by_income
76.89473072625694,0.025493534507532195,0.023259456817544634,0.027727612197519756,0.024577427154058362,0.026409641861006028,D9_noise_mitigation_minus_1sd,mod__median_household_income,strategy_by_income
77.78108402234633,0.02510050690666287,0.02285482042244264,0.0273461933908831,0.0241796392434607,0.026021374569865044,D9_noise_mitigation_minus_1sd,mod__median_household_income,strategy_by_income
78.66743731843572,0.024707515743544652,0.022448698989175956,0.02696633249791335,0.023781263873208586,0.02563376761388072,D9_noise_mitigation_minus_1sd,mod__median_household_income,strategy_by_income
79.5537906145251,0.024314674799904134,0.02204115154188548,0.02658819805792279,0.02338239237109734,0.02524695722871093,D9_noise_mitigation_minus_1sd,mod__median_household_income,strategy_by_income
80.44014391061448,0.023922097857467926,0.021632250143220205,0.026211945571715647,0.02298312141150142,0.024861074303434434,D9_noise_mitigation_minus_1sd,mod__median_household_income,strategy_by_income
81.32649720670386,0.023529898697962636,0.02122208022842886,0.025837717167496412,0.022583553152372236,0.024476244243553037,D9_noise_mitigation_minus_1sd,mod__median_household_income,strategy_by_income
82.21285050279324,0.023138191103114873,0.020810740749281523,0.025465641456948223,0.022183795294254762,0.024092586911974984,D9_noise_mitigation_minus_1sd,mod__median_household_income,strategy_by_income
83.09920379888264,0.022747088854651223,0.020398344129349162,0.025095833579953285,0.021783961061949405,0.023710216647353042,D9_noise_mitigation_minus_1sd,mod__median_household_income,strategy_by_income
83.98555709497202,0.022356705734298335,0.019985016038357926,0.024728395430238744,0.021384169111983636,0.023329242356613034,D9_noise_mitigation_minus_1sd,mod__median_household_income,strategy_by_income
84.8719103910614,0.021967155523782783,0.019570894998981195,0.02436341604858437,0.0209845433713728,0.022949767676192768,D9_noise_mitigation_minus_1sd,mod__median_household_income,strategy_by_income
85.75826368715079,0.021578552004831185,0.01915613184419818,0.02400097216546419,0.0205852128151043,0.02257189119455807,D9_noise_mitigation_minus_1sd,mod__median_household_income,strategy_by_income
86.64461698324017,0.021191008959170157,0.018740889046981634,0.02364112887135868,0.020186311191268867,0.022195706727071447,D9_noise_mitigation_minus_1sd,mod__median_household_income,strategy_by_income
87.53097027932957,0.020804640168526282,0.01832533994644406,0.023283940390608503,0.01978797670373358,0.021821303633318984,D9_noise_mitigation_minus_1sd,mod__median_household_income,strategy_by_income
88.41732357541895,0.02041955941462619,0.01790966789564194,0.022929450933610443,0.019390351662689917,0.021448767166562466,D9_noise_mitigation_minus_1sd,mod__median_household_income,strategy_by_income
89.30367687150833,0.020035880479196484,0.01749406535608586,0.02257769560230711,0.01899358211334798,0.02107817884504499,D9_noise_mitigation_minus_1sd,mod__median_household_income,strategy_by_income
90.19003016759771,0.019653717143963766,0.017078732962788192,0.02222870132513934,0.01859781745254933,0.0207096168353782,D9_noise_mitigation_minus_1sd,mod__median_household_income,strategy_by_income
91.0763834636871,0.019273183190654644,0.016663878581607564,0.021882487799701724,0.01820321004222107,0.020343156339088217,D9_noise_mitigation_minus_1sd,mod__median_household_income,strategy_by_income
91.96273675977649,0.018894392400995722,0.016249716377961177,0.021539068424030267,0.017809914827491388,0.019978869974500057,D9_noise_mitigation_minus_1sd,mod__median_household_income,strategy_by_income
92.84909005586587,0.018517458556713617,0.015836465912911775,0.02119845120051546,0.017418088966030407,0.019616828147396827,D9_noise_mitigation_minus_1sd,mod__median_household_income,strategy_by_income
93.73544335195525,0.01814249543953493,0.01542435127941789,0.02086063959965197,0.017027891473860378,0.019257099405209484,D9_noise_mitigation_minus_1sd,mod__median_household_income,strategy_by_income
94.62179664804464,0.017769616831186275,0.015013600288354143,0.020525633374018405,0.016639482891574665,0.018899750770797884,D9_noise_mitigation_minus_1sd,mod__median_household_income,strategy_by_income
95.50814994413402,0.017398936513394248,0.014604443710911071,0.020193429315877424,0.016253024973675683,0.018544848053112812,D9_noise_mitigation_minus_1sd,mod__median_household_income,strategy_by_income
96.39450324022341,0.017030568267885456,0.014197114581277497,0.019864021954493417,0.015868680402632413,0.0181924561331385,D9_noise_mitigation_minus_1sd,mod__median_household_income,strategy_by_income
97.2808565363128,0.01666462587638652,0.013791847561157783,0.01953740419161526,0.015486612528293926,0.017842639224479116,D9_noise_mitigation_minus_1sd,mod__median_household_income,strategy_by_income
98.16720983240218,0.016301223120624042,0.013388878365710621,0.019213567875537463,0.015106985132489445,0.01749546110875864,D9_noise_mitigation_minus_1sd,mod__median_household_income,strategy_by_income
99.05356312849156,0.01594047378232462,0.012988443248916235,0.018892504315733003,0.014729962217997704,0.017150985346651534,D9_noise_mitigation_minus_1sd,mod__median_household_income,strategy_by_income
99.93991642458096,0.015582491643214869,0.012590778545163267,0.01857420474126647,0.014355707820569778,0.01680927546585996,D9_noise_mitigation_minus_1sd,mod__median_household_income,strategy_by_income
100.82626972067034,0.0152273904850214,0.01219612026296028,0.01825866070708252,0.013984385842326134,0.016470395127716666,D9_noise_mitigation_minus_1sd,mod__median_household_income,strategy_by_income
101.71262301675972,0.01487528408947081,0.011804703726075566,0.017945864452866053,0.013616159904602198,0.016134408274339422,D9_noise_mitigation_minus_1sd,mod__median_household_income,strategy_by_income
102.5989763128491,0.014526286238289717,0.011416763257045048,0.017635809219534386,0.013251193218167406,0.01580137925841203,D9_noise_mitigation_minus_1sd,mod__median_household_income,strategy_by_income
103.48532960893849,0.014180510713204725,0.011032531897814356,0.017328489528595094,0.01288964846867149,0.015471372957737959,D9_noise_mitigation_minus_1sd,mod__median_household_income,strategy_by_income
104.37168290502788,0.01383807129594243,0.010652241162253563,0.0170239014296313,0.012531687715160535,0.015144454876724327,D9_noise_mitigation_minus_1sd,mod__median_household_income,strategy_by_income
105.25803620111726,0.013499081768229452,0.010276120815360704,0.0167220427210982,0.012177472299537011,0.014820691236921892,D9_noise_mitigation_minus_1sd,mod__median_household_income,strategy_by_income
106.14438949720665,0.013163655911792395,0.009904398674118539,0.01642291314946625,0.011827162764898987,0.014500149058685803,D9_noise_mitigation_minus_1sd,mod__median_household_income,strategy_by_income
107.03074279329603,0.01283190750835787,0.009537300425158542,0.016126514591557197,0.01148091878077128,0.014182896235944459,D9_noise_mitigation_minus_1sd,mod__median_household_income,strategy_by_income
107.91709608938541,0.012503950339652476,0.009175049454591732,0.015832851224713222,0.011138899073325798,0.013869001605979155,D9_noise_mitigation_minus_1sd,mod__median_household_income,strategy_by_income
108.8034493854748,0.012179898187402824,0.008817866685568266,0.015541929689237382,0.010801261358771111,0.013558535016034537,D9_noise_mitigation_minus_1sd,mod__median_household_income,strategy_by_income
109.68980268156419,0.011859864833335527,0.008465970419310518,0.015253759247360535,0.010468162278166378,0.013251567388504675,D9_noise_mitigation_minus_1sd,mod__median_household_income,strategy_by_income
110.57615597765357,0.011543964059177188,0.008119576175515012,0.014968351942839363,0.010139757331976449,0.012948170786377926,D9_noise_mitigation_minus_1sd,mod__median_household_income,strategy_by_income
111.46250927374295,0.011232309646654403,0.007778896528127418,0.014685722765181389,0.009816200812729657,0.01264841848057915,D9_noise_mitigation_minus_1sd,mod__median_household_income,strategy_by_income
112.34886256983233,0.010925015377493803,0.0074441409325531425,0.014405889822434464,0.0094976457341637,0.012352385020823907,D9_noise_mitigation_minus_1sd,mod__median_household_income,strategy_by_income
113.23521586592173,0.010622195033421974,0.007115515540367499,0.014128874526476449,0.009184243755245527,0.012060146311598421,D9_noise_mitigation_minus_1sd,mod__median_household_income,strategy_by_income
114.12156916201111,0.01032396239616553,0.006793222997528771,0.013854701794802289,0.008876145097426503,0.011771779694904557,D9_noise_mitigation_minus_1sd,mod__median_household_income,strategy_by_income
115.0079224581005,0.010030431247451087,0.006477462221967491,0.013583400272934682,0.008573498453440506,0.011487364041461667,D9_noise_mitigation_minus_1sd,mod__median_household_income,strategy_by_income
115.89427575418988,0.009741715369005241,0.00616842815622263,0.013315002581787852,0.008276450885869745,0.011206979852140737,D9_noise_mitigation_minus_1sd,mod__median_household_income,strategy_by_income
116.78062905027926,0.009457928542554606,0.005866311490512846,0.013049545594596366,0.007985147713587201,0.010930709371522011,D9_noise_mitigation_minus_1sd,mod__median_household_income,strategy_by_income
117.66698234636866,0.009179184549825775,0.005571298351262712,0.012787070748388838,0.0076997323840334655,0.010658636715618085,D9_noise_mitigation_minus_1sd,mod__median_household_income,strategy_by_income
118.55333564245804,0.008905597172545382,0.005283569949643755,0.01252762439544701,0.007420346329097291,0.010390848015993473,D9_noise_mitigation_minus_1sd,mod__median_household_income,strategy_by_income
119.43968893854742,0.008637280192440006,0.005003302184129365,0.012271258200750645,0.0071471288021389325,0.010127431582741079,D9_noise_mitigation_minus_1sd,mod__median_household_income,strategy_by_income
120.3260422346368,0.008374347391236277,0.004730665190395051,0.012018029592077503,0.0068802166934220236,0.009868478089050529,D9_noise_mitigation_minus_1sd,mod__median_household_income,strategy_by_income
121.21239553072618,0.008116912550660785,0.004465822831110616,0.011768002270210954,0.0066197443208973646,0.009614080780424205,D9_noise_mitigation_minus_1sd,mod__median_household_income,strategy_by_income
122.09874882681558,0.007865089452440147,0.004208932117262896,0.011521246787617397,0.006365843192910191,0.009364335711970102,D9_noise_mitigation_minus_1sd,mod__median_household_income,strategy_by_income
122.98510212290496,0.007618991878300976,0.003960142551607461,0.01127784120499449,0.006118641738975528,0.009119342017626424,D9_noise_mitigation_minus_1sd,mod__median_household_income,strategy_by_income
123.87145541899434,0.007378733609969861,0.0037195953836719683,0.011037871836267754,0.0058782650042843694,0.008879202215655352,D9_noise_mitigation_minus_1sd,mod__median_household_income,strategy_by_income
124.75780871508373,0.007144428429173427,0.003487422764421409,0.010801434093925446,0.0056448343030651976,0.008644022555281657,D9_noise_mitigation_minus_1sd,mod__median_household_income,strategy_by_income
125.64416201117311,0.006916190117638266,0.00326374678725176,0.010568633448024773,0.005418466825333169,0.008413913409943364,D9_noise_mitigation_minus_1sd,mod__median_household_income,strategy_by_income
126.5305153072625,0.0066941324570909955,0.003048678400422481,0.01033958651375951,0.005199275190921511,0.00818898972326048,D9_noise_mitigation_minus_1sd,mod__median_household_income,strategy_by_income
127.41686860335189,0.006478369229258228,0.0028423161744006273,0.01011442228411583,0.004987366944017829,0.007969371514498627,D9_noise_mitigation_minus_1sd,mod__median_household_income,strategy_by_income
128.30322189944127,0.00626901421586655,0.0026447449059298503,0.009893283525803251,0.00478284398074772,0.00775518445098538,D9_noise_mitigation_minus_1sd,mod__median_household_income,strategy_by_income
129.18957519553067,0.006066181198642592,0.0024560340390465205,0.009676328358238664,0.00458580190169565,0.007546560495589535,D9_noise_mitigation_minus_1sd,mod__median_household_income,strategy_by_income
130.07592849162003,0.005869983959312951,0.002276235881883366,0.009463732036742535,0.004396329280686253,0.007343638637939649,D9_noise_mitigation_minus_1sd,mod__median_household_income,strategy_by_income
130.96228178770943,0.005680536279604229,0.00210538359713812,0.009255688962070338,0.004214506840754616,0.007146565718453841,D9_noise_mitigation_minus_1sd,mod__median_household_income,strategy_by_income
131.84863508379883,0.005497951941243043,0.0019434889438381944,0.00905241493864789,0.0040404065281328325,0.006955497354353253,D9_noise_mitigation_minus_1sd,mod__median_household_income,strategy_by_income
132.7349883798882,0.005322344725955996,0.0017905397489274312,0.008854149702984562,0.0038740904754472026,0.00677059897646479,D9_noise_mitigation_minus_1sd,mod__median_household_income,strategy_by_income
133.6213416759776,0.0051538284154696926,0.0016464970898175382,0.008661159741121846,0.00371560984639345,0.006592046984545935,D9_noise_mitigation_minus_1sd,mod__median_household_income,strategy_by_income
134.50769497206696,0.004992516791510745,0.001511292174168192,0.008473741408853298,0.0035650035562573186,0.006420030026764171,D9_noise_mitigation_minus_1sd,mod__median_household_income,strategy_by_income
135.39404826815635,0.004838523635805753,0.0013848229118110628,0.008292224359800442,0.0034222968661954917,0.006254750405416013,D9_noise_mitigation_minus_1sd,mod__median_household_income,strategy_by_income
136.28040156424575,0.004691962730081337,0.0012669501872190282,0.008116975272943645,0.0032874998547219106,0.0060964256054407626,D9_noise_mitigation_minus_1sd,mod__median_household_income,strategy_by_income
137.16675486033512,0.004552947856064096,0.001157493860834402,0.00794840185129379,0.0031606057780097967,0.005945289934118396,D9_noise_mitigation_minus_1sd,mod__median_household_income,strategy_by_income
138.0531081564245,0.004421592795480631,0.0010562285557536078,0.007786957035207655,0.0030415893421768345,0.005801596248784428,D9_noise_mitigation_minus_1sd,mod__median_household_income,strategy_by_income
138.93946145251388,0.0042980113300575586,0.0009628793246842134,0.007633143335430904,0.00293040492647476,0.005665617733640357,D9_noise_mitigation_minus_1sd,mod__median_household_income,strategy_by_income
139.82581474860328,0.004182317241521488,0.0008771173425491429,0.0074875171404938335,0.0028269848169958237,0.005537649666047153,D9_noise_mitigation_minus_1sd,mod__median_household_income,strategy_by_income
140.71216804469267,0.004074624311599013,0.0007985558337580893,0.007350692789439936,0.0027312375366070436,0.005418011086590982,D9_noise_mitigation_minus_1sd,mod__median_household_income,strategy_by_income
141.59852134078204,0.0039750463220167565,0.0007267465196795584,0.0072233461243539545,0.0026430463881983064,0.0053070462558352065,D9_noise_mitigation_minus_1sd,mod__median_household_income,strategy_by_income
142.48487463687144,0.003883697054501322,0.0006611769582965167,0.007106217150706128,0.002562268363779799,0.005205125745222845,D9_noise_mitigation_minus_1sd,mod__median_household_income,strategy_by_income
143.3712279329608,0.003800690290779306,0.000601269237401668,0.007000111344156944,0.002488733608612818,0.005112646972945794,D9_noise_mitigation_minus_1sd,mod__median_household_income,strategy_by_income
144.2575812290502,0.0037261398125773247,0.0005463805623257397,0.00690589906282891,0.002422245662214031,0.0050300339629406185,D9_noise_mitigation_minus_1sd,mod__median_household_income,strategy_by_income
145.14393452513957,0.0036601594016219957,0.0004958063296392973,0.006824512473604694,0.0023625827187596354,0.004957736084484356,D9_noise_mitigation_minus_1sd,mod__median_household_income,strategy_by_income
146.03028782122897,0.003602862839639908,0.00044878627343116146,0.006756939405848655,0.0023095001474322707,0.004896225531847546,D9_noise_mitigation_minus_1sd,mod__median_household_income,strategy_by_income
146.91664111731836,0.0035543639083576682,0.0004045141805784926,0.006704213636136843,0.002262734476271033,0.004845993340444303,D9_noise_mitigation_minus_1sd,mod__median_household_income,strategy_by_income
147.80299441340773,0.0035147763895018933,0.00036215146824004245,0.0066674013107637445,0.0022220089597671973,0.004807543819236589,D9_noise_mitigation_minus_1sd,mod__median_household_income,strategy_by_income
148.68934770949713,0.003484214064799186,0.0003208445858577007,0.006647583543740672,0.0021870407147402994,0.004781387414858073,D9_noise_mitigation_minus_1sd,mod__median_household_income,strategy_by_income
149.5757010055865,0.003462790715976171,0.0002797457563524278,0.006645835675599914,0.0021575492254864792,0.004768032206465863,D9_noise_mitigation_minus_1sd,mod__median_household_income,strategy_by_income
150.4620543016759,0.0034506201247594334,0.0002380360550956846,0.006663204194423182,0.002133265807556507,0.00476797444196236,D9_noise_mitigation_minus_1sd,mod__median_household_income,strategy_by_income
151.3484075977653,0.0034478160728755834,0.0001949493283388195,0.006700682817412347,0.0021139434157625664,0.0047816887299886,D9_noise_mitigation_minus_1sd,mod__median_household_income,strategy_by_income
152.23476089385466,0.0034544923420512276,0.00014979508965209205,0.006759189594450363,0.0020993660331069413,0.004809618650995514,D9_noise_mitigation_minus_1sd,mod__median_household_income,strategy_by_income
153.12111418994405,0.0034707627140129864,0.00010197841528637556,0.006839547012739597,0.002089356829087014,0.004852168598938959,D9_noise_mitigation_minus_1sd,mod__median_household_income,strategy_by_income
154.00746748603342,0.003496740970487456,5.1015056712209756e-05,0.0069424668842627026,0.002083784356752854,0.004909697584222058,D9_noise_mitigation_minus_1sd,mod__median_household_income,strategy_by_income
154.89382078212282,0.0035325408932012498,-3.459504916613655e-06,0.007068541291319113,0.002082566265586481,0.004982515520816019,D9_noise_mitigation_minus_1sd,mod__median_household_income,strategy_by_income
155.7801740782122,0.0035782762638809675,-6.168761222053896e-05,0.007218240139982474,0.002085670304732665,0.00507088222302927,D9_noise_mitigation_minus_1sd,mod__median_household_income,strategy_by_income
156.66652737430158,0.0036340608642532156,-0.00012379334978786542,0.007391915078294297,0.0020931127163019083,0.005175009012204523,D9_noise_mitigation_minus_1sd,mod__median_household_income,strategy_by_income
157.55288067039098,0.0037000084760446146,-0.00018979188772200607,0.007589808839811235,0.0021049544039493714,0.005295062548139858,D9_noise_mitigation_minus_1sd,mod__median_household_income,strategy_by_income
158.43923396648034,0.003776232880981764,-0.0002596028380351476,0.007812068599998676,0.002121295455943365,0.005431170306020163,D9_noise_mitigation_minus_1sd,mod__median_household_income,strategy_by_income
159.32558726256974,0.0038628478607912638,-0.0003330660166483623,0.00805876173823089,0.0021422686817893248,0.005583427039793203,D9_noise_mitigation_minus_1sd,mod__median_household_income,strategy_by_income
160.21194055865914,0.0039599671971997305,-0.0004099580686099825,0.008329892463009443,0.0021680327948819383,0.005751901599517523,D9_noise_mitigation_minus_1sd,mod__median_household_income,strategy_by_income
161.0982938547485,0.004067704671933771,-0.0004900086673684956,0.008625418011236037,0.0021987657698207316,0.00593664357404681,D9_noise_mitigation_minus_1sd,mod__median_household_income,strategy_by_income
161.9846471508379,0.004186174066719995,-0.0005729153492558484,0.008945263482695838,0.0022346587593721845,0.006137689374067805,D9_noise_mitigation_minus_1sd,mod__median_household_income,strategy_by_income
162.87100044692727,0.004315489163285002,-0.000658356408801514,0.009289334735371519,0.002275910806608832,0.006355067519961172,D9_noise_mitigation_minus_1sd,mod__median_household_income,strategy_by_income
163.75735374301667,0.004455763743355393,-0.0007460016008389737,0.009657529087549759,0.0023227244563965143,0.006588803030314271,D9_noise_mitigation_minus_1sd,mod__median_household_income,strategy_by_income
164.64370703910606,0.004607111588657797,-0.0008355206416890077,0.0100497438190046,0.002375302269393631,0.0068389209079219625,D9_noise_mitigation_minus_1sd,mod__median_household_income,strategy_by_income
165.53006033519543,0.004769646480918807,-0.0009265896676417043,0.010465882629479319,0.0024338441736817627,0.007105448788155852,D9_noise_mitigation_minus_1sd,mod__median_household_income,strategy_by_income
166.41641363128483,0.004943482201865031,-0.0010188959032920763,0.010905860307022137,0.0024985455504649536,0.007388418853265108,D9_noise_mitigation_minus_1sd,mod__median_household_income,strategy_by_income
167.3027669273742,0.005128732533223074,-0.001112140830931094,0.011369605897377242,0.002569595934427153,0.007687869132018995,D9_noise_mitigation_minus_1sd,mod__median_household_income,strategy_by_income
168.1891202234636,0.0053255112567195464,-0.0012060421523238307,0.011857064665762924,0.0026471782092841916,0.008003844304154902,D9_noise_mitigation_minus_1sd,mod__median_household_income,strategy_by_income
169.075473519553,0.005533932154081059,-0.0013003348108810847,0.012368199119043202,0.0027314681886314164,0.0083363961195307,D9_noise_mitigation_minus_1sd,mod__median_household_income,strategy_by_income
169.96182681564235,0.005754109007034214,-0.0013947713070390673,0.012902989321107495,0.0028226344866188894,0.008685583527449539,D9_noise_mitigation_minus_1sd,mod__median_household_income,strategy_by_income
170.84818011173175,0.005986155597305632,-0.001489121500609058,0.013461432695220321,0.0029208385990000295,0.009051472595611235,D9_noise_mitigation_minus_1sd,mod__median_household_income,strategy_by_income
171.73453340782112,0.006230185706621892,-0.0015831720559355417,0.014043543469179326,0.0030262351306503924,0.009434136282593392,D9_noise_mitigation_minus_1sd,mod__median_household_income,strategy_by_income
172.62088670391051,0.006486313116709629,-0.0016767256516142647,0.014649351885033522,0.0031389721196312587,0.009833654113787999,D9_noise_mitigation_minus_1sd,mod__median_household_income,strategy_by_income
173.5072399999999,0.006754651609295434,-0.0017696000474320215,0.01527890326602289,0.0032591914198008562,0.010250111798790013,D9_noise_mitigation_minus_1sd,mod__median_household_income,strategy_by_income
14.85,0.07140434317915045,0.0483922913332039,0.09441639502509701,0.06196800620256567,0.08084068015573524,D10_traffic_pressure_minus_1sd,mod__median_household_income,strategy_by_income
15.736353296089385,0.06781584192268539,0.04580118719211496,0.08983049665325582,0.05878849825722165,0.07684318558814913,D10_traffic_pressure_minus_1sd,mod__median_household_income,strategy_by_income
16.62270659217877,0.06427537467665156,0.04322233543832328,0.08532841391497985,0.05564235168660815,0.07290839766669498,D10_traffic_pressure_minus_1sd,mod__median_household_income,strategy_by_income
17.509059888268155,0.060782658461884485,0.040655428038595565,0.0809098888851734,0.05252927323787292,0.06903604368589605,D10_traffic_pressure_minus_1sd,mod__median_household_income,strategy_by_income
18.39541318435754,0.057337410299219724,0.03810013310135442,0.07657468749708503,0.04944895987479557,0.06522586072364388,D10_traffic_pressure_minus_1sd,mod__median_household_income,strategy_by_income
19.281766480446926,0.053939347209492984,0.03555609564900454,0.07232259876998143,0.04640109909448828,0.06147759532449769,D10_traffic_pressure_minus_1sd,mod__median_household_income,strategy_by_income
20.168119776536308,0.05058818621353976,0.03302293926600969,0.06815343316106984,0.04338536960320706,0.057791002823872464,D10_traffic_pressure_minus_1sd,mod__median_household_income,strategy_by_income
21.054473072625694,0.04728364433219563,0.030500268876999612,0.06406701978739165,0.04040144245554428,0.054165846208846985,D10_traffic_pressure_minus_1sd,mod__median_household_income,strategy_by_income
21.94082636871508,0.0440254385862962,0.02798767494916883,0.06006320222342357,0.037448982777666985,0.05060189439492541,D10_traffic_pressure_minus_1sd,mod__median_household_income,strategy_by_income
22.827179664804465,0.04081328599667703,0.025484739447280164,0.0561418325460739,0.034527652209229556,0.047098919784124504,D10_traffic_pressure_minus_1sd,mod__median_household_income,strategy_by_income
23.71353296089385,0.037646903584173746,0.022991043890044048,0.052302763278303445,0.03163711220697785,0.043656694961369646,D10_traffic_pressure_minus_1sd,mod__median_household_income,strategy_by_income
24.599886256983233,0.03452600836962187,0.020506179852954744,0.048545836886288996,0.028777028351548994,0.04027498838769475,D10_traffic_pressure_minus_1sd,mod__median_household_income,strategy_by_income
25.486239553072622,0.03145031737385703,0.018029762221408514,0.04487087252630554,0.025947075782053797,0.03695355896566026,D10_traffic_pressure_minus_1sd,mod__median_household_income,strategy_by_income
26.372592849162004,0.028419547617714806,0.015561445403662158,0.04127764983176745,0.023146945844372987,0.03369214939105663,D10_traffic_pressure_minus_1sd,mod__median_household_income,strategy_by_income
27.25894614525139,0.025433416122030712,0.013100942550524098,0.03776588969353733,0.020376353972396236,0.03049047827166519,D10_traffic_pressure_minus_1sd,mod__median_household_income,strategy_by_income
28.145299441340775,0.022491639907640443,0.010648047585970618,0.034335232229310265,0.01763504872191119,0.027348231093369695,D10_traffic_pressure_minus_1sd,mod__median_household_income,strategy_by_income
29.031652737430157,0.01959393599537953,0.008202659527704407,0.03098521246305465,0.014922821743507331,0.024265050247251726,D10_traffic_pressure_minus_1sd,mod__median_household_income,strategy_by_income
29.918006033519546,0.016740021406083494,0.005764808182339189,0.0277152346298278,0.012239518319160229,0.021240524493006757,D10_traffic_pressure_minus_1sd,mod__median_household_income,strategy_by_income
30.80435932960893,0.013929613160588016,0.0033346798715799455,0.024524546449596084,0.009585047911525865,0.018274178409650167,D10_traffic_pressure_minus_1sd,mod__median_household_income,strategy_by_income
31.69071262569831,0.01116242827972861,0.0009126414434527802,0.02141221511600444,0.006959394010001013,0.015365462549456208,D10_traffic_pressure_minus_1sd,mod__median_household_income,strategy_by_income
32.5770659217877,0.008438183784340872,-0.0015007394725268207,0.018377107041208565,0.004362622436570871,0.012513745132110874,D10_traffic_pressure_minus_1sd,mod__median_household_income,strategy_by_income
33.46341921787708,0.005756596695260401,-0.0039046801058586697,0.01541787349637947,0.0017948872340730355,0.009718306156447766,D10_traffic_pressure_minus_1sd,mod__median_household_income,strategy_by_income
34.34977251396647,0.003117384033322748,-0.006298176046730209,0.012532944113375705,-0.0007435666690940586,0.006978334735739555,D10_traffic_pressure_minus_1sd,mod__median_household_income,strategy_by_income
35.23612581005585,0.0005202628193635497,-0.008680004091817205,0.009720529730544304,-0.00325240462592194,0.004292930264649039,D10_traffic_pressure_minus_1sd,mod__median_household_income,strategy_by_income
36.12247910614524,-0.0020350499257816776,-0.011048735152790671,0.006978635301227316,-0.005731207564062992,0.0016611077124996368,D10_traffic_pressure_minus_1sd,mod__median_household_income,strategy_by_income
37.008832402234624,-0.004548837181277285,-0.013402756996103165,0.0043050826335485955,-0.008179481310521883,-0.0009181930520326871,D10_traffic_pressure_minus_1sd,mod__median_household_income,strategy_by_income
37.895185698324006,-0.007021381926287748,-0.01574030559817561,0.001697541745600115,-0.010596669449184063,-0.0034460944033914333,D10_traffic_pressure_minus_1sd,mod__median_household_income,strategy_by_income
38.781538994413395,-0.009452967139977474,-0.018059503051988668,-0.0008464312279662812,-0.012982168864817213,-0.005923765415137735,D10_traffic_pressure_minus_1sd,mod__median_household_income,strategy_by_income
39.66789229050278,-0.01184387580151084,-0.020358399394830445,-0.0033293522081912375,-0.015335346894984751,-0.00835240470803693,D10_traffic_pressure_minus_1sd,mod__median_household_income,strategy_by_income
40.55424558659217,-0.014194390890052339,-0.022635015524769445,-0.005753766255335231,-0.01765555892840278,-0.010733222851701897,D10_traffic_pressure_minus_1sd,mod__median_household_income,strategy_by_income
41.44059888268155,-0.016504795384766298,-0.02488738453689026,-0.008122206232642338,-0.019942165355303673,-0.013067425414228924,D10_traffic_pressure_minus_1sd,mod__median_household_income,strategy_by_income
42.32695217877093,-0.018775372264817194,-0.027113589268558544,-0.010437155261075845,-0.02219454696327208,-0.01535619756636231,D10_traffic_pressure_minus_1sd,mod__median_household_income,strategy_by_income
43.21330547486032,-0.021006404509369445,-0.029311794480301794,-0.012701014538437099,-0.02441211813335775,-0.017600690885381142,D10_traffic_pressure_minus_1sd,mod__median_household_income,strategy_by_income
44.0996587709497,-0.02319817509758745,-0.031480272789648794,-0.014916077405526102,-0.026594337474522653,-0.019802012720652247,D10_traffic_pressure_minus_1sd,mod__median_household_income,strategy_by_income
44.98601206703909,-0.025350967008635643,-0.03361742411322116,-0.017084509904050128,-0.028740715796077752,-0.021961218221193533,D10_traffic_pressure_minus_1sd,mod__median_household_income,strategy_by_income
45.87236536312847,-0.027465063221678417,-0.03572178888743201,-0.019208337555924826,-0.030850821528971263,-0.02407930491438557,D10_traffic_pressure_minus_1sd,mod__median_household_income,strategy_by_income
46.758718659217855,-0.02954074671588021,-0.03779205569950257,-0.021289437732257846,-0.032924283854968345,-0.026157209576792073,D10_traffic_pressure_minus_1sd,mod__median_household_income,strategy_by_income
47.645071955307245,-0.031578300470405454,-0.039827064169820195,-0.023329536770990714,-0.03496079388859269,-0.02819580705221822,D10_traffic_pressure_minus_1sd,mod__median_household_income,strategy_by_income
48.53142525139663,-0.033578007464418524,-0.04182580400672184,-0.025330210922115206,-0.036960104289530366,-0.030195910639306683,D10_traffic_pressure_minus_1sd,mod__median_household_income,strategy_by_income
49.417778547486016,-0.03554015067708389,-0.043787411138095575,-0.0272928902160722,-0.03892202767635193,-0.032158273677815846,D10_traffic_pressure_minus_1sd,mod__median_household_income,strategy_by_income
50.3041318435754,-0.037465013087565925,-0.045711161744159325,-0.029218864430972526,-0.04084643417958965,-0.0340835919955422,D10_traffic_pressure_minus_1sd,mod__median_household_income,strategy_by_income
51.19048513966479,-0.03935287767502908,-0.04759646490133709,-0.031109290448721072,-0.042733248425280736,-0.03597250692477743,D10_traffic_pressure_minus_1sd,mod__median_household_income,strategy_by_income
52.07683843575417,-0.04120402741863775,-0.04944285442040931,-0.03296520041686618,-0.044582446188113814,-0.03782560864916168,D10_traffic_pressure_minus_1sd,mod__median_household_income,strategy_by_income
52.96319173184355,-0.04301874529755635,-0.05124998033812938,-0.034787510256983324,-0.04639405090247577,-0.039643439692636936,D10_traffic_pressure_minus_1sd,mod__median_household_income,strategy_by_income
53.84954502793294,-0.04479731429094934,-0.053017600409251214,-0.03657702817264746,-0.04816813017366699,-0.04142649840823169,D10_traffic_pressure_minus_1sd,mod__median_household_income,strategy_by_income
54.73589832402232,-0.04654001737798109,-0.054745571849750534,-0.03833446290621164,-0.049904792392121235,-0.04317524236384094,D10_traffic_pressure_minus_1sd,mod__median_household_income,strategy_by_income
55.62225162011171,-0.04824713753781604,-0.05643384350309126,-0.040060431572540814,-0.051604183521099856,-0.04489009155453222,D10_traffic_pressure_minus_1sd,mod__median_household_income,strategy_by_income
56.508604916201094,-0.0499189577496186,-0.05808244853885645,-0.04175546696038076,-0.05326648410268752,-0.046571431396549685,D10_traffic_pressure_minus_1sd,mod__median_household_income,strategy_by_income
57.39495821229048,-0.051555760992553205,-0.05969149774503551,-0.0434200242400709,-0.054891906507223226,-0.048219615477883185,D10_traffic_pressure_minus_1sd,mod__median_household_income,strategy_by_income
58.281311508379865,-0.05315783024578426,-0.06126117343940203,-0.045054487052166484,-0.056480692436595856,-0.04983496805497266,D10_traffic_pressure_minus_1sd,mod__median_household_income,strategy_by_income
59.16766480446925,-0.054725448488476165,-0.06279172399935451,-0.04665917297759782,-0.05803311068114714,-0.05141778629580519,D10_traffic_pressure_minus_1sd,mod__median_household_income,strategy_by_income
60.054018100558636,-0.056258898699793385,-0.06428345899112685,-0.04823433840845992,-0.05954945512235255,-0.052968342277234216,D10_traffic_pressure_minus_1sd,mod__median_household_income,strategy_by_income
60.94037139664802,-0.05775846385890029,-0.06573674486648434,-0.04978018285131623,-0.0610300429682056,-0.054486884749594976,D10_traffic_pressure_minus_1sd,mod__median_household_income,strategy_by_income
61.82672469273741,-0.059224426944961335,-0.06715200118629207,-0.0512968527036306,-0.06247521320465191,-0.05597364068527076,D10_traffic_pressure_minus_1sd,mod__median_household_income,strategy_by_income
62.71307798882679,-0.060657070937140914,-0.06852969732435367,-0.05278444454992816,-0.06388532524396312,-0.05742881663031871,D10_traffic_pressure_minus_1sd,mod__median_household_income,strategy_by_income
63.59943128491617,-0.06205667881460345,-0.06987034960061435,-0.05424300802859256,-0.06526075774917627,-0.05885259988003064,D10_traffic_pressure_minus_1sd,mod__median_household_income,strategy_by_income
64.48578458100556,-0.06342353355651338,-0.07117451878936254,-0.05567254832366422,-0.06660190761230539,-0.060245159500721374,D10_traffic_pressure_minus_1sd,mod__median_household_income,strategy_by_income
65.37213787709494,-0.06475791814203508,-0.07244280794480544,-0.05707302833926471,-0.0679091890626955,-0.061606647221374655,D10_traffic_pressure_minus_1sd,mod__median_household_income,strategy_by_income
66.25849117318432,-0.066060115550333,-0.07367586048283882,-0.05844437061782719,-0.06918303288043198,-0.06293719822023403,D10_traffic_pressure_minus_1sd,mod__median_household_income,strategy_by_income
67.1448444692737,-0.06733040876057157,-0.07487435845363202,-0.05978645906751112,-0.07042388568799562,-0.06423693183314752,D10_traffic_pressure_minus_1sd,mod__median_household_income,strategy_by_income
68.03119776536309,-0.06856908075191517,-0.07603902093458577,-0.06109914056924458,-0.07163220929127778,-0.06550595221255257,D10_traffic_pressure_minus_1sd,mod__median_household_income,strategy_by_income
68.91755106145249,-0.06977641450352828,-0.07717060246721275,-0.062382226539843814,-0.07280848003860678,-0.06674434896844979,D10_traffic_pressure_minus_1sd,mod__median_household_income,strategy_by_income
69.80390435754187,-0.07095269299457525,-0.07826989145461875,-0.06363549453453175,-0.07395318816361773,-0.06795219782553277,D10_traffic_pressure_minus_1sd,mod__median_household_income,strategy_by_income
70.69025765363125,-0.07209819920422053,-0.07933770842879458,-0.06485868997964649,-0.07506683707473741,-0.06912956133370365,D10_traffic_pressure_minus_1sd,mod__median_household_income,strategy_by_income
71.57661094972063,-0.07321321611162852,-0.08037490408935981,-0.06605152813389724,-0.07614994255095002,-0.07027648967230703,D10_traffic_pressure_minus_1sd,mod__median_household_income,strategy_by_income
72.46296424581001,-0.07429802669596366,-0.08138235700850319,-0.06721369638342414,-0.07720303180068372,-0.07139302159124361,D10_traffic_pressure_minus_1sd,mod__median_household_income,strategy_by_income
73.34931754189941,-0.07535291393639039,-0.08236097089171812,-0.06834485698106266,-0.07822664233854587,-0.07247918553423491,D10_traffic_pressure_minus_1sd,mod__median_household_income,strategy_by_income
74.23567083798879,-0.07637816081207306,-0.08331167128195334,-0.06944465034219278,-0.07922132063382505,-0.07353500099032108,D10_traffic_pressure_minus_1sd,mod__median_household_income,strategy_by_income
75.12202413407817,-0.07737405030217614,-0.08423540159771598,-0.07051269900663631,-0.08018762048587295,-0.07456048011847934,D10_traffic_pressure_minus_1sd,mod__median_household_income,strategy_by_income
76.00837743016756,-0.07834086538586403,-0.08513311840544537,-0.0715486123662827,-0.08112610108549091,-0.07555562968623715,D10_traffic_pressure_minus_1sd,mod__median_household_income,strategy_by_income
76.89473072625694,-0.07927888904230115,-0.08600578584516994,-0.07255199223943237,-0.08203732472911114,-0.07652045335549117,D10_traffic_pressure_minus_1sd,mod__median_household_income,strategy_by_income
77.78108402234633,-0.08018840425065195,-0.08685436915791728,-0.07352243934338662,-0.08292185416464232,-0.07745495433666158,D10_traffic_pressure_minus_1sd,mod__median_household_income,strategy_by_income
78.66743731843572,-0.0810696939900808,-0.08767982730485949,-0.0744595606753021,-0.08378024956487141,-0.07835913841529017,D10_traffic_pressure_minus_1sd,mod__median_household_income,strategy_by_income
79.5537906145251,-0.08192304123975212,-0.08848310472198757,-0.07536297775751667,-0.08461306514638024,-0.079233017333124,D10_traffic_pressure_minus_1sd,mod__median_household_income,strategy_by_income
80.44014391061448,-0.08274872897883036,-0.08926512231892249,-0.07623233563873823,-0.08542084547851196,-0.08007661247914875,D10_traffic_pressure_minus_1sd,mod__median_household_income,strategy_by_income
81.32649720670386,-0.08354704018647992,-0.09002676790301511,-0.07706731246994472,-0.08620412155667129,-0.08088995881628855,D10_traffic_pressure_minus_1sd,mod__median_household_income,strategy_by_income
82.21285050279324,-0.08431825784186522,-0.0907688862846883,-0.07786762939904215,-0.0869634067449146,-0.08167310893881585,D10_traffic_pressure_minus_1sd,mod__median_household_income,strategy_by_income
83.09920379888264,-0.0850626649241507,-0.09149226938951237,-0.07863306045878903,-0.08769919272130121,-0.08242613712700018,D10_traffic_pressure_minus_1sd,mod__median_household_income,strategy_by_income
83.98555709497202,-0.08578054441250074,-0.09219764675785765,-0.07936344206714384,-0.08841194558217465,-0.08314914324282684,D10_traffic_pressure_minus_1sd,mod__median_household_income,strategy_by_income
84.8719103910614,-0.08647217928607978,-0.09288567684497993,-0.08005868172717963,-0.08910210227467004,-0.08384225629748952,D10_traffic_pressure_minus_1sd,mod__median_household_income,strategy_by_income
85.75826368715079,-0.08713785252405223,-0.09355693953526888,-0.08071876551283559,-0.08977006752710197,-0.0845056375210025,D10_traffic_pressure_minus_1sd,mod__median_household_income,strategy_by_income
86.64461698324017,-0.08777784710558251,-0.09421193024938813,-0.08134376396177688,-0.09041621143253445,-0.08513948277863057,D10_traffic_pressure_minus_1sd,mod__median_household_income,strategy_by_income
87.53097027932957,-0.08839244600983506,-0.09485105595191343,-0.0819338360677567,-0.09104086781167049,-0.08574402420799963,D10_traffic_pressure_minus_1sd,mod__median_household_income,strategy_by_income
88.41732357541895,-0.08898193221597425,-0.09547463326477451,-0.082489231167174,-0.09164433343924877,-0.08631953099269973,D10_traffic_pressure_minus_1sd,mod__median_household_income,strategy_by_income
89.30367687150833,-0.08954658870316456,-0.096082888768149,-0.08301028863818014,-0.09222686816742844,-0.0868663092389007,D10_traffic_pressure_minus_1sd,mod__median_household_income,strategy_by_income
90.19003016759771,-0.09008669845057035,-0.09667596143873172,-0.08349743546240898,-0.09278869592562737,-0.08738470097551333,D10_traffic_pressure_minus_1sd,mod__median_household_income,strategy_by_income
91.0763834636871,-0.09060254443735608,-0.0972539070500843,-0.08395118182462785,-0.09333000652493244,-0.08787508234977971,D10_traffic_pressure_minus_1sd,mod__median_household_income,strategy_by_income
91.96273675977649,-0.09109440964268614,-0.09781670425438858,-0.0843721150309837,-0.09385095815198728,-0.088337861133385,D10_traffic_pressure_minus_1sd,mod__median_household_income,strategy_by_income
92.84909005586587,-0.09156257704572497,-0.09836426198932186,-0.08476089210212809,-0.09435168040626032,-0.08877347368518962,D10_traffic_pressure_minus_1sd,mod__median_household_income,strategy_by_income
93.73544335195525,-0.09200732962563697,-0.09889642781308951,-0.08511823143818444,-0.09483227771791378,-0.08918238153336017,D10_traffic_pressure_minus_1sd,mod__median_household_income,strategy_by_income
94.62179664804464,-0.09242895036158656,-0.0994129967649691,-0.08544490395820402,-0.09529283298116406,-0.08956506774200906,D10_traffic_pressure_minus_1sd,mod__median_household_income,strategy_by_income
95.50814994413402,-0.09282772223273818,-0.09991372037372243,-0.08574172409175393,-0.09573341124827717,-0.08992203321719919,D10_traffic_pressure_minus_1sd,mod__median_household_income,strategy_by_income
96.39450324022341,-0.09320392821825624,-0.10039831548459792,-0.08600954095191456,-0.09615406334917499,-0.09025379308733748,D10_traffic_pressure_minus_1sd,mod__median_household_income,strategy_by_income
97.2808565363128,-0.09355785129730512,-0.10086647263868762,-0.08624922995592263,-0.09655482932747989,-0.09056087326713036,D10_traffic_pressure_minus_1sd,mod__median_household_income,strategy_by_income
98.16720983240218,-0.09388977444904929,-0.10131786380758928,-0.0864616850905093,-0.0969357416121953,-0.09084380728590329,D10_traffic_pressure_minus_1sd,mod__median_household_income,strategy_by_income
99.05356312849156,-0.09419998065265314,-0.10175214935439854,-0.08664781195090775,-0.09729682787213476,-0.09110313343317153,D10_traffic_pressure_minus_1sd,mod__median_household_income,strategy_by_income
99.93991642458096,-0.09448875288728109,-0.10216898415366038,-0.0868085216209018,-0.09763811352547308,-0.0913393922490891,D10_traffic_pressure_minus_1sd,mod__median_household_income,strategy_by_income
100.82626972067034,-0.09475637413209756,-0.10256802285473547,-0.08694472540945965,-0.0979596238980459,-0.09155312436614922,D10_traffic_pressure_minus_1sd,mod__median_household_income,strategy_by_income
101.71262301675972,-0.09500312736626701,-0.102948924313642,-0.08705733041889202,-0.09826138604067358,-0.09174486869186044,D10_traffic_pressure_minus_1sd,mod__median_household_income,strategy_by_income
102.5989763128491,-0.09522929556895376,-0.10331135524783674,-0.08714723589007078,-0.09854343022784304,-0.09191516091006449,D10_traffic_pressure_minus_1sd,mod__median_household_income,strategy_by_income
103.48532960893849,-0.09543516171932234,-0.10365499318762601,-0.08721533025101867,-0.09880579116796544,-0.09206453227067925,D10_traffic_pressure_minus_1sd,mod__median_household_income,strategy_by_income
104.37168290502788,-0.09562100879653708,-0.10397952880853885,-0.08726248878453531,-0.09904850895979042,-0.09219350863328374,D10_traffic_pressure_minus_1sd,mod__median_household_income,strategy_by_income
105.25803620111726,-0.09578711977976245,-0.10428466773287148,-0.08728957182665342,-0.09927162983114883,-0.09230260972837608,D10_traffic_pressure_minus_1sd,mod__median_household_income,strategy_by_income
106.14438949720665,-0.09593377764816285,-0.10457013188749004,-0.08729742340883567,-0.09947520669573398,-0.09239234860059173,D10_traffic_pressure_minus_1sd,mod__median_household_income,strategy_by_income
107.03074279329603,-0.0960612653809027,-0.10483566050045759,-0.08728687026134782,-0.09965929956177934,-0.09246323120002607,D10_traffic_pressure_minus_1sd,mod__median_household_income,strategy_by_income
107.91709608938541,-0.09616986595714644,-0.10508101081244828,-0.0872587211018446,-0.09982397582378137,-0.0925157560905115,D10_traffic_pressure_minus_1sd,mod__median_household_income,strategy_by_income
108.8034493854748,-0.09625986235605843,-0.10530595857126612,-0.08721376614085075,-0.0999693104652823,-0.09255041424683456,D10_traffic_pressure_minus_1sd,mod__median_household_income,strategy_by_income
109.68980268156419,-0.09633153755680314,-0.10551029836987043,-0.08715277674373585,-0.100095386197481,-0.09256768891612528,D10_traffic_pressure_minus_1sd,mod__median_household_income,strategy_by_income
110.57615597765357,-0.09638517453854498,-0.10569384388065806,-0.0870765051964319,-0.10020229355530294,-0.09256805552178701,D10_traffic_pressure_minus_1sd,mod__median_household_income,strategy_by_income
111.46250927374295,-0.09642105628044835,-0.10585642803171935,-0.08698568452917735,-0.10029013096967582,-0.09255198159122088,D10_traffic_pressure_minus_1sd,mod__median_household_income,strategy_by_income
112.34886256983233,-0.0964394657616777,-0.1059979031645702,-0.0868810283587852,-0.10035900483220926,-0.09251992669114613,D10_traffic_pressure_minus_1sd,mod__median_household_income,strategy_by_income
113.23521586592173,-0.09644068596139739,-0.1061181412075707,-0.08676323071522409,-0.10040902956630697,-0.09247234235648781,D10_traffic_pressure_minus_1sd,mod__median_household_income,strategy_by_income
114.12156916201111,-0.09642499985877188,-0.10621703389489798,-0.08663296582264579,-0.10044032771695892,-0.09240967200058485,D10_traffic_pressure_minus_1sd,mod__median_household_income,strategy_by_income
115.0079224581005,-0.09639269043296561,-0.10629449305752567,-0.08649088780840555,-0.10045303007006054,-0.09233235079587068,D10_traffic_pressure_minus_1sd,mod__median_household_income,strategy_by_income
115.89427575418988,-0.09634404066314298,-0.1063504510101326,-0.08633763031615335,-0.10044727581106878,-0.09224080551521717,D10_traffic_pressure_minus_1sd,mod__median_household_income,strategy_by_income
116.78062905027926,-0.09627933352846837,-0.10638486105615517,-0.08617380600078157,-0.10042321273210415,-0.0921354543248326,D10_traffic_pressure_minus_1sd,mod__median_household_income,strategy_by_income
117.66698234636866,-0.09619885200810627,-0.10639769813224889,-0.08600000588396364,-0.10038099749621916,-0.09201670651999337,D10_traffic_pressure_minus_1sd,mod__median_household_income,strategy_by_income
118.55333564245804,-0.096102879081221,-0.10638895961317292,-0.08581679854926909,-0.10032079596744964,-0.09188496219499237,D10_traffic_pressure_minus_1sd,mod__median_household_income,strategy_by_income
119.43968893854742,-0.09599169772697708,-0.10635866629850028,-0.08562472915545387,-0.10024278361542593,-0.09174061183852822,D10_traffic_pressure_minus_1sd,mod__median_household_income,strategy_by_income
120.3260422346368,-0.09586559092453883,-0.106306863603531,-0.08542431824554667,-0.10014714600371936,-0.0915840358453583,D10_traffic_pressure_minus_1sd,mod__median_household_income,strategy_by_income
121.21239553072618,-0.09572484165307077,-0.10623362297830402,-0.08521606032783752,-0.10003407937172337,-0.09141560393441817,D10_traffic_pressure_minus_1sd,mod__median_household_income,strategy_by_income
122.09874882681558,-0.09556973289173726,-0.1061390435806148,-0.08500042220285972,-0.09990379132069199,-0.09123567446278252,D10_traffic_pressure_minus_1sd,mod__median_household_income,strategy_by_income
122.98510212290496,-0.09540054761970274,-0.10602325423140778,-0.08477784100799769,-0.0997565016155695,-0.09104459362383598,D10_traffic_pressure_minus_1sd,mod__median_household_income,strategy_by_income
123.87145541899434,-0.09521756881613158,-0.10588641568376315,-0.08454872194850001,-0.09959244311541254,-0.09084269451685062,D10_traffic_pressure_minus_1sd,mod__median_household_income,strategy_by_income
124.75780871508373,-0.09502107946018826,-0.10572872323986934,-0.08431343568050717,-0.09941186284650766,-0.09063029607386885,D10_traffic_pressure_minus_1sd,mod__median_household_income,strategy_by_income
125.64416201117311,-0.09481136253103714,-0.10555040975375565,-0.08407231530831863,-0.09921502323367365,-0.09040770182840063,D10_traffic_pressure_minus_1sd,mod__median_household_income,strategy_by_income
126.5305153072625,-0.0945887010078427,-0.10535174906101588,-0.08382565295466951,-0.09900220350665646,-0.09017519850902893,D10_traffic_pressure_minus_1sd,mod__median_household_income,strategy_by_income
127.41686860335189,-0.09435337786976933,-0.105133059880064,-0.08357369585947466,-0.09877370129988045,-0.08993305443965821,D10_traffic_pressure_minus_1sd,mod__median_household_income,strategy_by_income
128.30322189944127,-0.09410567609598144,-0.10489471023233513,-0.08331664195962776,-0.09852983446499897,-0.08968151772696392,D10_traffic_pressure_minus_1sd,mod__median_household_income,strategy_by_income
129.18957519553067,-0.09384587866564342,-0.10463712243085022,-0.08305463490043663,-0.09827094311650844,-0.0894208142147784,D10_traffic_pressure_minus_1sd,mod__median_household_income,strategy_by_income
130.07592849162003,-0.09357426855791975,-0.10436077868711538,-0.08278775842872413,-0.0979973919309172,-0.08915114518492231,D10_traffic_pressure_minus_1sd,mod__median_household_income,strategy_by_income
130.96228178770943,-0.09329112875197484,-0.10406622738462304,-0.08251603011932665,-0.09770957271926133,-0.08887268478468836,D10_traffic_pressure_minus_1sd,mod__median_household_income,strategy_by_income
131.84863508379883,-0.09299674222697307,-0.10375409006218504,-0.0822393943917611,-0.0974079072906949,-0.08858557716325124,D10_traffic_pressure_minus_1sd,mod__median_household_income,strategy_by_income
132.7349883798882,-0.0926913919620789,-0.10342506914053126,-0.08195771478362654,-0.09709285062086405,-0.08828993330329375,D10_traffic_pressure_minus_1sd,mod__median_household_income,strategy_by_income
133.6213416759776,-0.09237536093645671,-0.10307995640923102,-0.08167076546368239,-0.09676489433205937,-0.08798582754085404,D10_traffic_pressure_minus_1sd,mod__median_household_income,strategy_by_income
134.50769497206696,-0.0920489321292709,-0.10271964226573713,-0.08137822199280467,-0.09642457048178446,-0.08767329377675734,D10_traffic_pressure_minus_1sd,mod__median_household_income,strategy_by_income
135.39404826815635,-0.091712388519686,-0.1023451256614404,-0.08107965137793159,-0.09607245564124155,-0.08735232139813044,D10_traffic_pressure_minus_1sd,mod__median_household_income,strategy_by_income
136.28040156424575,-0.09136601308686626,-0.10195752465783449,-0.08077450151589803,-0.0957091752239991,-0.08702285094973342,D10_traffic_pressure_minus_1sd,mod__median_household_income,strategy_by_income
137.16675486033512,-0.09101008880997624,-0.10155808742573652,-0.08046209019421596,-0.09533540799633973,-0.08668476962361275,D10_traffic_pressure_minus_1sd,mod__median_household_income,strategy_by_income
138.0531081564245,-0.09064489866818029,-0.10114820342858014,-0.08014159390778045,-0.0949518906630883,-0.08633790667327228,D10_traffic_pressure_minus_1sd,mod__median_household_income,strategy_by_income
138.93946145251388,-0.09027072564064284,-0.10072941441444319,-0.07981203686684249,-0.09455942237501025,-0.08598202890627543,D10_traffic_pressure_minus_1sd,mod__median_household_income,strategy_by_income
139.82581474860328,-0.08988785270652835,-0.10030342469981074,-0.07947228071324597,-0.09415886894577795,-0.08561683646727876,D10_traffic_pressure_minus_1sd,mod__median_household_income,strategy_by_income
140.71216804469267,-0.08949656284500115,-0.09987211006356614,-0.07912101562643617,-0.09375116649904654,-0.08524195919095577,D10_traffic_pressure_minus_1sd,mod__median_household_income,strategy_by_income
141.59852134078204,-0.08909713903522573,-0.09943752439015542,-0.07875675368029604,-0.09333732419255433,-0.08485695387789713,D10_traffic_pressure_minus_1sd,mod__median_household_income,strategy_by_income
142.48487463687144,-0.08868986425636649,-0.0990019030218124,-0.07837782549092058,-0.09291842559273829,-0.0844613029199947,D10_traffic_pressure_minus_1sd,mod__median_household_income,strategy_by_income
143.3712279329608,-0.08827502148758784,-0.09856766162672087,-0.07798238134845481,-0.09249562821061197,-0.08405441476456371,D10_traffic_pressure_minus_1sd,mod__median_household_income,strategy_by_income
144.2575812290502,-0.08785289370805419,-0.09813738929987431,-0.07756839811623406,-0.09207016067269949,-0.08363562674340888,D10_traffic_pressure_minus_1sd,mod__median_household_income,strategy_by_income
145.14393452513957,-0.08742376389692999,-0.09771383463336085,-0.07713369316049913,-0.09164331700900762,-0.08320421078485236,D10_traffic_pressure_minus_1sd,mod__median_household_income,strategy_by_income
146.03028782122897,-0.08698791503337966,-0.09729988367533905,-0.07667594639142027,-0.09121644761486888,-0.08275938245189043,D10_traffic_pressure_minus_1sd,mod__median_household_income,strategy_by_income
146.91664111731836,-0.08654563009656757,-0.09689852908945744,-0.0761927311036777,-0.09079094660443308,-0.08230031358870206,D10_traffic_pressure_minus_1sd,mod__median_household_income,strategy_by_income
147.80299441340773,-0.08609719206565816,-0.09651283045497279,-0.07568155367634354,-0.09036823553130802,-0.08182614860000831,D10_traffic_pressure_minus_1sd,mod__median_household_income,strategy_by_income
148.68934770949713,-0.08564288391981584,-0.09614586649754454,-0.07513990134208713,-0.08994974380028777,-0.08133602403934391,D10_traffic_pressure_minus_1sd,mod__median_household_income,strategy_by_income
149.5757010055865,-0.08518298863820511,-0.09580068103864618,-0.07456529623776405,-0.08953688650333327,-0.08082909077307696,D10_traffic_pressure_minus_1sd,mod__median_household_income,strategy_by_income
150.4620543016759,-0.08471778919999026,-0.09548022546058772,-0.0739553529393928,-0.08913104082674173,-0.0803045375732388,D10_traffic_pressure_minus_1sd,mod__median_household_income,strategy_by_income
151.3484075977653,-0.08424756858433574,-0.09518730131702649,-0.07330783585164499,-0.08873352251797544,-0.07976161465069605,D10_traffic_pressure_minus_1sd,mod__median_household_income,strategy_by_income
152.23476089385466,-0.0837726097704061,-0.0949245071765922,-0.07262071236421999,-0.08834556408832409,-0.07919965545248811,D10_traffic_pressure_minus_1sd,mod__median_household_income,strategy_by_income
153.12111418994405,-0.08329319573736557,-0.09469419371535098,-0.07189219775938016,-0.08796829639809098,-0.07861809507664017,D10_traffic_pressure_minus_1sd,mod__median_household_income,strategy_by_income
154.00746748603342,-0.08280960946437871,-0.0944984304182416,-0.07112078851051581,-0.08760273500216269,-0.07801648392659473,D10_traffic_pressure_minus_1sd,mod__median_household_income,strategy_by_income
154.89382078212282,-0.08232213393060983,-0.09433898608879931,-0.07030528177242035,-0.08724977215781338,-0.07739449570340629,D10_traffic_pressure_minus_1sd,mod__median_household_income,strategy_by_income
155.7801740782122,-0.08183105211522337,-0.09421732390145524,-0.06944478032899151,-0.08691017479584763,-0.07675192943459912,D10_traffic_pressure_minus_1sd,mod__median_household_income,strategy_by_income
156.66652737430158,-0.08133664699738385,-0.09413461023237853,-0.06853868376238918,-0.08658458814178142,-0.07608870585298629,D10_traffic_pressure_minus_1sd,mod__median_household_income,strategy_by_income
157.55288067039098,-0.08083920155625562,-0.0940917352378269,-0.06758666787468434,-0.08627354415421366,-0.07540485895829759,D10_traffic_pressure_minus_1sd,mod__median_household_income,strategy_by_income
158.43923396648034,-0.08033899877100306,-0.09408934230165206,-0.06658865524035407,-0.0859774736000897,-0.07470052394191642,D10_traffic_pressure_minus_1sd,mod__median_household_income,strategy_by_income
159.32558726256974,-0.07983632162079057,-0.09412786311980126,-0.06554478012177989,-0.08569672044147485,-0.0739759228001063,D10_traffic_pressure_minus_1sd,mod__median_household_income,strategy_by_income
160.21194055865914,-0.07933145308478268,-0.09420755529096363,-0.06445535087860173,-0.08543155724999932,-0.07323134891956604,D10_traffic_pressure_minus_1sd,mod__median_household_income,strategy_by_income
161.0982938547485,-0.07882467614214375,-0.09432853972216172,-0.06332081256212578,-0.0851822005454194,-0.0724671517388681,D10_traffic_pressure_minus_1sd,mod__median_household_income,strategy_by_income
161.9846471508379,-0.0783162737720382,-0.0944908357876349,-0.062141711756441516,-0.08494882521289215,-0.07168372233118425,D10_traffic_pressure_minus_1sd,mod__median_household_income,strategy_by_income
162.87100044692727,-0.07780652895363047,-0.09469439285977937,-0.06091866504748156,-0.08473157743257324,-0.07088148047468769,D10_traffic_pressure_minus_1sd,mod__median_household_income,strategy_by_income
163.75735374301667,-0.07729572466608486,-0.094939117458107,-0.05965233187406273,-0.08453058581233655,-0.07006086351983318,D10_traffic_pressure_minus_1sd,mod__median_household_income,strategy_by_income
164.64370703910606,-0.07678414388856591,-0.09522489577506037,-0.05834339200207146,-0.0843459706247248,-0.06922231715240702,D10_traffic_pressure_minus_1sd,mod__median_household_income,strategy_by_income
165.53006033519543,-0.07627206960023808,-0.09555161171352763,-0.056992527486948524,-0.08417785120342455,-0.0683662879970516,D10_traffic_pressure_minus_1sd,mod__median_household_income,strategy_by_income
166.41641363128483,-0.07575978478026568,-0.0959191608151212,-0.05560040874541017,-0.0840263516547051,-0.06749321790582627,D10_traffic_pressure_minus_1sd,mod__median_household_income,strategy_by_income
167.3027669273742,-0.07524757240781316,-0.09632746059155423,-0.05416768422407209,-0.08389160509390962,-0.06660353972171669,D10_traffic_pressure_minus_1sd,mod__median_household_income,strategy_by_income
168.1891202234636,-0.07473571546204494,-0.09677645782063204,-0.05269497310345784,-0.08377375663725414,-0.06569767428683573,D10_traffic_pressure_minus_1sd,mod__median_household_income,strategy_by_income
169.075473519553,-0.07422449692212546,-0.0972661333598139,-0.05118286048443701,-0.0836729653756798,-0.06477602846857113,D10_traffic_pressure_minus_1sd,mod__median_household_income,strategy_by_income
169.96182681564235,-0.0737141997672191,-0.09779650498633224,-0.04963189454810596,-0.0835894055394739,-0.0638389939949643,D10_traffic_pressure_minus_1sd,mod__median_household_income,strategy_by_income
170.84818011173175,-0.0732051069764903,-0.09836762871058724,-0.048042585242393354,-0.08352326703684151,-0.06288694691613908,D10_traffic_pressure_minus_1sd,mod__median_household_income,strategy_by_income
171.73453340782112,-0.07269750152910348,-0.09897959894093024,-0.04641540411727672,-0.08347475552147657,-0.06192024753673039,D10_traffic_pressure_minus_1sd,mod__median_household_income,strategy_by_income
172.62088670391051,-0.07219166640422309,-0.0996325478107096,-0.04475078499773658,-0.08344409211660986,-0.060939240691836316,D10_traffic_pressure_minus_1sd,mod__median_household_income,strategy_by_income
173.5072399999999,-0.07168788458101344,-0.10032664391695274,-0.043049125245074135,-0.0834315128977921,-0.059944256264234774,D10_traffic_pressure_minus_1sd,mod__median_household_income,strategy_by_income
14.85,-0.072615814102293,-0.13821317846725445,-0.007018449737331539,-0.09951471208268425,-0.04571691612190173,joint_six_dimensions,mod__median_household_income,strategy_by_income
15.736353296089385,-0.07143718579453646,-0.13423206110740984,-0.008642310481663085,-0.09718689328788514,-0.04568747830118779,joint_six_dimensions,mod__median_household_income,strategy_by_income
16.62270659217877,-0.07029276956459898,-0.13038227335624106,-0.01020326577295691,-0.09493311064889834,-0.04565242848029963,joint_six_dimensions,mod__median_household_income,strategy_by_income
17.509059888268155,-0.06918219601722644,-0.1266633965407803,-0.011700995493672608,-0.09275297456361836,-0.04561141747083452,joint_six_dimensions,mod__median_household_income,strategy_by_income
18.39541318435754,-0.06810509575716471,-0.12307507306836599,-0.013135118445963427,-0.0906461204765699,-0.045564071037759515,joint_six_dimensions,mod__median_household_income,strategy_by_income
19.281766480446926,-0.06706109938915968,-0.11961700583996077,-0.014505192938358592,-0.08861220863833258,-0.04550999013998677,joint_six_dimensions,mod__median_household_income,strategy_by_income
20.168119776536308,-0.06604983751795722,-0.11628895592457578,-0.015810719111338654,-0.0866509231519139,-0.045448751884000535,joint_six_dimensions,mod__median_household_income,strategy_by_income
21.054473072625694,-0.0650709407483032,-0.11309073795400663,-0.017051143542599775,-0.0847619700843117,-0.04537991141229471,joint_six_dimensions,mod__median_household_income,strategy_by_income
21.94082636871508,-0.06412403968494353,-0.11002221259809111,-0.018225866771795933,-0.08294507438091336,-0.04530300498897369,joint_six_dimensions,mod__median_household_income,strategy_by_income
22.827179664804465,-0.06320876493262406,-0.10708327538515415,-0.019334254480093974,-0.08119997528120024,-0.04521755458404788,joint_six_dimensions,mod__median_household_income,strategy_by_income
23.71353296089385,-0.06232474709609069,-0.10427384105306664,-0.020375653139114748,-0.07952641990173263,-0.04512307429044875,joint_six_dimensions,mod__median_household_income,strategy_by_income
24.599886256983233,-0.06147161678008929,-0.10159382257229643,-0.021349410987882157,-0.07792415463432839,-0.04501907892585019,joint_six_dimensions,mod__median_household_income,strategy_by_income
25.486239553072622,-0.06064900458936574,-0.09904310399916888,-0.022254905179562613,-0.07639291401425322,-0.04490509516447826,joint_six_dimensions,mod__median_household_income,strategy_by_income
26.372592849162004,-0.05985654112866593,-0.0966215064275516,-0.023091575829780255,-0.07493240675834643,-0.04478067549898543,joint_six_dimensions,mod__median_household_income,strategy_by_income
27.25894614525139,-0.05909385700273572,-0.09432874654705126,-0.023858967458420186,-0.07354229877136798,-0.04464541523410346,joint_six_dimensions,mod__median_household_income,strategy_by_income
28.145299441340775,-0.05836058281632101,-0.09216438772168886,-0.024556777910953155,-0.07222219308528832,-0.0444989725473537,joint_six_dimensions,mod__median_household_income,strategy_by_income
29.031652737430157,-0.057656349174167676,-0.09012778410166923,-0.02518491424666612,-0.07097160694172404,-0.04434109140661131,joint_six_dimensions,mod__median_household_income,strategy_by_income
29.918006033519546,-0.05698078668102159,-0.08821801907699857,-0.025743554285044618,-0.06978994655418827,-0.04417162680785492,joint_six_dimensions,mod__median_household_income,strategy_by_income
30.80435932960893,-0.05633352594162864,-0.08643384034281837,-0.026233211540438915,-0.06867648048093912,-0.04399057140231816,joint_six_dimensions,mod__median_household_income,strategy_by_income
31.69071262569831,-0.055714197560734695,-0.08477359488861795,-0.026654800232851435,-0.06763031296661387,-0.043798082154855526,joint_six_dimensions,mod__median_household_income,strategy_by_income
32.5770659217877,-0.05512243214308564,-0.08323516820515292,-0.027009696081018365,-0.06665035901337825,-0.04359450527279303,joint_six_dimensions,mod__median_household_income,strategy_by_income
33.46341921787708,-0.05455786029342736,-0.08181593273222447,-0.027299787854630244,-0.06573532324138934,-0.04338039734546537,joint_six_dimensions,mod__median_household_income,strategy_by_income
34.34977251396647,-0.05402011261650573,-0.08051271083490802,-0.02752751439810345,-0.06488368470680364,-0.043156540526207814,joint_six_dimensions,mod__median_household_income,strategy_by_income
35.23612581005585,-0.053508819717066634,-0.07932175721197865,-0.027695882222154623,-0.06409368968816463,-0.04292394974596863,joint_six_dimensions,mod__median_household_income,strategy_by_income
36.12247910614524,-0.053023612199855935,-0.07823876451536915,-0.027808459884342714,-0.06336335399072134,-0.042683870408990535,joint_six_dimensions,mod__median_household_income,strategy_by_income
37.008832402234624,-0.05256412066961954,-0.07725889414421704,-0.027869347195022043,-0.06269047557385535,-0.04243776576538374,joint_six_dimensions,mod__median_household_income,strategy_by_income
37.895185698324006,-0.05212997573110331,-0.07637683188607998,-0.02788311957612664,-0.06207265736735388,-0.042187294094852744,joint_six_dimensions,mod__median_household_income,strategy_by_income
38.781538994413395,-0.05172080798905314,-0.07558686566069142,-0.027854750317414863,-0.061507339151064856,-0.04193427682704142,joint_six_dimensions,mod__median_household_income,strategy_by_income
39.66789229050278,-0.051336248048214884,-0.07488298048473639,-0.027789515611693374,-0.060991836496214785,-0.041680659600214984,joint_six_dimensions,mod__median_household_income,strategy_by_income
40.55424558659217,-0.05097592651333445,-0.07425896427977555,-0.027692888746893348,-0.060523384153075004,-0.041428468873593895,joint_six_dimensions,mod__median_household_income,strategy_by_income
41.44059888268155,-0.0506394739891577,-0.07370851751091886,-0.02757043046739653,-0.060099181009467706,-0.04117976696884769,joint_six_dimensions,mod__median_household_income,strategy_by_income
42.32695217877093,-0.05032652108043052,-0.07322535990502657,-0.027427682255834467,-0.05971643385170096,-0.040936608309160086,joint_six_dimensions,mod__median_household_income,strategy_by_income
43.21330547486032,-0.05003669839189879,-0.07280332851047977,-0.027270068273317814,-0.0593723975750221,-0.04070099920877548,joint_six_dimensions,mod__median_household_income,strategy_by_income
44.0996587709497,-0.049769636528308396,-0.07243646286327113,-0.027102810193345667,-0.05906441010688046,-0.04047486294973633,joint_six_dimensions,mod__median_household_income,strategy_by_income
44.98601206703909,-0.0495249660944052,-0.07211907471481235,-0.026930857473998048,-0.05878992099955748,-0.040260011189252924,joint_six_dimensions,mod__median_household_income,strategy_by_income
45.87236536312847,-0.049302317694935094,-0.07184580138777016,-0.02675883400210003,-0.0585465133092956,-0.04005812208057459,joint_six_dimensions,mod__median_household_income,strategy_by_income
46.758718659217855,-0.04910132193464397,-0.07161164316932059,-0.02659100069996735,-0.058331918929800504,-0.039870724939487436,joint_six_dimensions,mod__median_household_income,strategy_by_income
47.645071955307245,-0.04892160941827768,-0.0714119861317223,-0.02643123270483307,-0.058144027950060254,-0.03969919088649511,joint_six_dimensions,mod__median_household_income,strategy_by_income
48.53142525139663,-0.04876281075058213,-0.07124261237523485,-0.026283009125929402,-0.05798089285456306,-0.0395447286466012,joint_six_dimensions,mod__median_household_income,strategy_by_income
49.417778547486016,-0.048624556536303175,-0.07109969996230993,-0.026149413110296418,-0.05784072849631165,-0.0394083845762947,joint_six_dimensions,mod__median_household_income,strategy_by_income
50.3041318435754,-0.04850647738018672,-0.07097981482848861,-0.026033139931884837,-0.05772190877980061,-0.039291045980572835,joint_six_dimensions,mod__median_household_income,strategy_by_income
51.19048513966479,-0.048408203886978626,-0.07087989679551666,-0.025936510978440592,-0.057622960925545225,-0.03919344684841203,joint_six_dimensions,mod__median_household_income,strategy_by_income
52.07683843575417,-0.04832936666142479,-0.07079724154913897,-0.025861491773710606,-0.057542558079884204,-0.03911617524296537,joint_six_dimensions,mod__median_household_income,strategy_by_income
52.96319173184355,-0.04826959630827107,-0.07072948013607144,-0.025809712480470703,-0.05747951090749457,-0.039059681709047576,joint_six_dimensions,mod__median_household_income,strategy_by_income
53.84954502793294,-0.04822852343226336,-0.07067455722310753,-0.025782489641419184,-0.057432758676306726,-0.03902428818821999,joint_six_dimensions,mod__median_household_income,strategy_by_income
54.73589832402232,-0.04820577863814754,-0.07063070907221455,-0.025780848204080525,-0.0574013602259581,-0.03901019705033698,joint_six_dimensions,mod__median_household_income,strategy_by_income
55.62225162011171,-0.048200992530669486,-0.07059644193266343,-0.02580554312867555,-0.05738448510725577,-0.0390174999540832,joint_six_dimensions,mod__median_household_income,strategy_by_income
56.508604916201094,-0.04821379571457508,-0.07057051133983183,-0.02585708008931834,-0.05738140509343025,-0.039046186335719914,joint_six_dimensions,mod__median_household_income,strategy_by_income
57.39495821229048,-0.048243818794610205,-0.07055190263978378,-0.025935734949436625,-0.05739148619403181,-0.0390961513951886,joint_six_dimensions,mod__median_household_income,strategy_by_income
58.281311508379865,-0.048290692375520736,-0.07053981292526208,-0.026041571825779385,-0.05741418124759184,-0.039167203503449634,joint_six_dimensions,mod__median_household_income,strategy_by_income
59.16766480446925,-0.04835404706205255,-0.07053363446699944,-0.02617445965710566,-0.057449023127455444,-0.03925907099664965,joint_six_dimensions,mod__median_household_income,strategy_by_income
60.054018100558636,-0.048433513458951534,-0.0705329396485134,-0.026334087269389662,-0.057495618564133696,-0.03937140835376937,joint_six_dimensions,mod__median_household_income,strategy_by_income
60.94037139664802,-0.04852872217096356,-0.07053746735730765,-0.026519976984619463,-0.05755364256487068,-0.03950380177705644,joint_six_dimensions,mod__median_household_income,strategy_by_income
61.82672469273741,-0.048639303802834516,-0.07054711074577,-0.026731496859899027,-0.057622833394869455,-0.03965577421079958,joint_six_dimensions,mod__median_household_income,strategy_by_income
62.71307798882679,-0.048764888959310276,-0.07056190624688974,-0.026967871671730818,-0.05770298807306983,-0.03982678984555072,joint_six_dimensions,mod__median_household_income,strategy_by_income
63.59943128491617,-0.048905108245136726,-0.07058202370982776,-0.027228192780445696,-0.05779395832713395,-0.0400162581631395,joint_six_dimensions,mod__median_household_income,strategy_by_income
64.48578458100556,-0.04905959226505974,-0.0706077575056886,-0.027511427024430875,-0.05789564694627329,-0.04022353758384618,joint_six_dimensions,mod__median_household_income,strategy_by_income
65.37213787709494,-0.049227971623825195,-0.07063951844252951,-0.02781642480512088,-0.05800800446591203,-0.04044793878173836,joint_six_dimensions,mod__median_household_income,strategy_by_income
66.25849117318432,-0.04940987692617897,-0.07067782631923092,-0.02814192753312702,-0.058131026114322346,-0.0406887277380356,joint_six_dimensions,mod__median_household_income,strategy_by_income
67.1448444692737,-0.04960493877686697,-0.07072330293938411,-0.028486574614349815,-0.058264748947894615,-0.04094512860583932,joint_six_dimensions,mod__median_household_income,strategy_by_income
68.03119776536309,-0.04981278778063503,-0.07077666539832574,-0.02884891016294433,-0.058409249098414405,-0.04121632646285566,joint_six_dimensions,mod__median_household_income,strategy_by_income
68.91755106145249,-0.05003305454222908,-0.07083871944880715,-0.02922738963565101,-0.05856463905258457,-0.04150147003187359,joint_six_dimensions,mod__median_household_income,strategy_by_income
69.80390435754187,-0.050265369666394964,-0.07091035274390137,-0.029620386588888565,-0.0587310648812072,-0.04179967445158273,joint_six_dimensions,mod__median_household_income,strategy_by_income
70.69025765363125,-0.050509363757878574,-0.07099252775042848,-0.03002619976532867,-0.05890870333325829,-0.04211002418249886,joint_six_dimensions,mod__median_household_income,strategy_by_income
71.57661094972063,-0.05076466742142579,-0.0710862741236643,-0.030443060719187277,-0.05909775870905576,-0.04243157613379582,joint_six_dimensions,mod__median_household_income,strategy_by_income
72.46296424581001,-0.05103091126178248,-0.07119268033604687,-0.030869142187518107,-0.059298459427521405,-0.04276336309604356,joint_six_dimensions,mod__median_household_income,strategy_by_income
73.34931754189941,-0.05130772588369455,-0.07131288436104823,-0.03130256740634087,-0.05951105420600331,-0.04310439756138578,joint_six_dimensions,mod__median_household_income,strategy_by_income
74.23567083798879,-0.05159474189190786,-0.07144806323063844,-0.031741420553177274,-0.05973580777820267,-0.04345367600561305,joint_six_dimensions,mod__median_household_income,strategy_by_income
75.12202413407817,-0.05189158989116829,-0.07159942131323595,-0.032183758469100626,-0.059972996087422535,-0.04381018369491404,joint_six_dimensions,mod__median_household_income,strategy_by_income
76.00837743016756,-0.05219790048622172,-0.07176817720094006,-0.03262762377150339,-0.0602229009095378,-0.04417290006290564,joint_six_dimensions,mod__median_household_income,strategy_by_income
76.89473072625694,-0.052513304281814034,-0.07195554915186131,-0.03307105941176676,-0.06048580388346772,-0.04454080468016035,joint_six_dimensions,mod__median_household_income,strategy_by_income
77.78108402234633,-0.052837431882691126,-0.07216273910620082,-0.033512124659181436,-0.06076197995679897,-0.044912883808583284,joint_six_dimensions,mod__median_household_income,strategy_by_income
78.66743731843572,-0.05316991389359885,-0.07239091538258506,-0.03394891240461263,-0.061051690290233385,-0.04528813749696431,joint_six_dimensions,mod__median_household_income,strategy_by_income
79.5537906145251,-0.05351038091928309,-0.07264119426129308,-0.034379567577273104,-0.06135517470559419,-0.04566558713297199,joint_six_dimensions,mod__median_household_income,strategy_by_income
80.44014391061448,-0.05385846356448974,-0.07291462076838215,-0.034802306360597335,-0.06167264380615197,-0.04604428332282751,joint_six_dimensions,mod__median_household_income,strategy_by_income
81.32649720670386,-0.05421379243396468,-0.07321214908193643,-0.03521543578599293,-0.062004270941998264,-0.046423313925931096,joint_six_dimensions,mod__median_household_income,strategy_by_income
82.21285050279324,-0.05457599813245378,-0.07353462307929265,-0.035617373185614906,-0.06235018423322821,-0.046801812031679345,joint_six_dimensions,mod__median_household_income,strategy_by_income
83.09920379888264,-0.05494471126470292,-0.0738827576214348,-0.03600666490797104,-0.0627104588954073,-0.04717896363399854,joint_six_dimensions,mod__median_household_income,strategy_by_income
83.98555709497202,-0.055319562435457985,-0.0742571212170649,-0.03638200365385107,-0.06308511013078888,-0.04755401474012709,joint_six_dimensions,mod__median_household_income,strategy_by_income
84.8719103910614,-0.05570018224946485,-0.07465812071496984,-0.03674224378395986,-0.06347408685125615,-0.04792627764767356,joint_six_dimensions,mod__median_household_income,strategy_by_income
85.75826368715079,-0.056086201311469394,-0.07508598863326843,-0.03708641398967036,-0.06387726648254495,-0.048295136140393845,joint_six_dimensions,mod__median_household_income,strategy_by_income
86.64461698324017,-0.0564772502262175,-0.07554077364665801,-0.037413726805777,-0.06429445106343791,-0.048660049388997095,joint_six_dimensions,mod__median_household_income,strategy_by_income
87.53097027932957,-0.056872959598455064,-0.07602233462211382,-0.03772358457479631,-0.06472536480003944,-0.04902055439687068,joint_six_dimensions,mod__median_household_income,strategy_by_income
88.41732357541895,-0.05727296003292793,-0.07653033842932339,-0.03801558163653247,-0.06516965316792103,-0.049376266897934826,joint_six_dimensions,mod__median_household_income,strategy_by_income
89.30367687150833,-0.057676882134382004,-0.07706426156861496,-0.03828950270014905,-0.06562688357967063,-0.04972688068909338,joint_six_dimensions,mod__median_household_income,strategy_by_income
90.19003016759771,-0.05808435650756316,-0.07762339547300295,-0.03854531754212336,-0.06609654755905288,-0.050072165456073445,joint_six_dimensions,mod__median_household_income,strategy_by_income
91.0763834636871,-0.05849501375721728,-0.07820685516918942,-0.03878317234524514,-0.06657806429254501,-0.050411963221889546,joint_six_dimensions,mod__median_household_income,strategy_by_income
91.96273675977649,-0.058908484488090246,-0.07881359083971196,-0.039003378136468536,-0.06707078537051878,-0.050746183605661715,joint_six_dimensions,mod__median_household_income,strategy_by_income
92.84909005586587,-0.05932439930492792,-0.07944240172558964,-0.039206396884266206,-0.06757400048816842,-0.05107479812168743,joint_six_dimensions,mod__median_household_income,strategy_by_income
93.73544335195525,-0.0597423888124762,-0.08009195175121153,-0.039392825873740864,-0.06808694385266274,-0.051397833772289646,joint_six_dimensions,mod__median_household_income,strategy_by_income
94.62179664804464,-0.06016208361548096,-0.08076078624084493,-0.039563380990117,-0.06860880103792734,-0.05171536619303459,joint_six_dimensions,mod__median_household_income,strategy_by_income
95.50814994413402,-0.06058311431868809,-0.08144734912429745,-0.03971887951307873,-0.06913871604000954,-0.05202751259736664,joint_six_dimensions,mod__median_household_income,strategy_by_income
96.39450324022341,-0.06100511152684346,-0.08215000008982899,-0.039860222963857925,-0.06967579831081276,-0.052334424742874155,joint_six_dimensions,mod__median_household_income,strategy_by_income
97.2808565363128,-0.06142770584469293,-0.08286703122544427,-0.0399883804639416,-0.07021912958203567,-0.052636282107350184,joint_six_dimensions,mod__median_household_income,strategy_by_income
98.16720983240218,-0.06185052787698242,-0.08359668278498947,-0.04010437296897538,-0.0707677703302282,-0.05293328542373664,joint_six_dimensions,mod__median_household_income,strategy_by_income
99.05356312849156,-0.062273208228457784,-0.0843371578137701,-0.04020925864314547,-0.07132076577418175,-0.053225650682733806,joint_six_dimensions,mod__median_household_income,strategy_by_income
99.93991642458096,-0.0626953775038649,-0.08508663546221515,-0.04030411954551467,-0.07187715133433915,-0.053513603673390656,joint_six_dimensions,mod__median_household_income,strategy_by_income
100.82626972067034,-0.06311666630794968,-0.08584328290008289,-0.04039004971581647,-0.07243595751834156,-0.053797375097557804,joint_six_dimensions,mod__median_household_income,strategy_by_income
101.71262301675972,-0.06353670524545796,-0.08660526581463696,-0.040468144676278954,-0.0729962142259174,-0.054077196264998524,joint_six_dimensions,mod__median_household_income,strategy_by_income
102.5989763128491,-0.06395512492113564,-0.08737075753278839,-0.040539492309482894,-0.07355695448951391,-0.054353295352757375,joint_six_dimensions,mod__median_household_income,strategy_by_income
103.48532960893849,-0.0643715559397286,-0.08813794684956155,-0.04060516502989564,-0.07411721768444297,-0.05462589419501422,joint_six_dimensions,mod__median_household_income,strategy_by_income
104.37168290502788,-0.06478562890598272,-0.08890504467458539,-0.040666213137380045,-0.07467605225434562,-0.054895205557619814,joint_six_dimensions,mod__median_household_income,strategy_by_income
105.25803620111726,-0.06519697442464388,-0.08967028962644294,-0.04072365922284482,-0.07523251800521466,-0.055161430844073094,joint_six_dimensions,mod__median_household_income,strategy_by_income
106.14438949720665,-0.06560522310045797,-0.09043195271371147,-0.040778493487204456,-0.07578568802490504,-0.05542475817601089,joint_six_dimensions,mod__median_household_income,strategy_by_income
107.03074279329603,-0.06601000553817082,-0.09118834124348171,-0.04083166983285994,-0.07633465028586378,-0.05568536079047787,joint_six_dimensions,mod__median_household_income,strategy_by_income
107.91709608938541,-0.06641095234252839,-0.09193780209500209,-0.04088410259005469,-0.07687850898752271,-0.055943395697534065,joint_six_dimensions,mod__median_household_income,strategy_by_income
108.8034493854748,-0.0668076941182765,-0.09267872448952838,-0.04093666374702463,-0.07741638569210475,-0.05619900254444825,joint_six_dimensions,mod__median_household_income,strategy_by_income
109.68980268156419,-0.06719986147016105,-0.09340954237887145,-0.04099018056145065,-0.07794742030407341,-0.05645230263624868,joint_six_dimensions,mod__median_household_income,strategy_by_income
110.57615597765357,-0.06758708500292793,-0.0941287365656165,-0.04104543344023935,-0.07847077193955126,-0.05670339806630459,joint_six_dimensions,mod__median_household_income,strategy_by_income
111.46250927374295,-0.067968995321323,-0.09483483665836764,-0.04110315398427836,-0.07898561972808879,-0.05695237091455722,joint_six_dimensions,mod__median_household_income,strategy_by_income
112.34886256983233,-0.06834522303009213,-0.09552642295624622,-0.04116402310393805,-0.07949116358542296,-0.057199282474761304,joint_six_dimensions,mod__median_household_income,strategy_by_income
113.23521586592173,-0.06871539873398125,-0.09620212834864378,-0.04122866911931872,-0.07998662499249132,-0.05744417247547117,joint_six_dimensions,mod__median_household_income,strategy_by_income
114.12156916201111,-0.06907915303773618,-0.09686064030915023,-0.04129766576632213,-0.08047124781306328,-0.05768705826240909,joint_six_dimensions,mod__median_household_income,strategy_by_income
115.0079224581005,-0.06943611654610284,-0.09750070305678903,-0.041371530035416645,-0.08094429917997772,-0.057927933912227954,joint_six_dimensions,mod__median_household_income,strategy_by_income
115.89427575418988,-0.0697859198638271,-0.09812111995323511,-0.041450719774419074,-0.08140507047814778,-0.05816676924950641,joint_six_dimensions,mod__median_household_income,strategy_by_income
116.78062905027926,-0.07012819359565482,-0.0987207562015707,-0.04153563098973895,-0.0818528784512143,-0.05840350874009533,joint_six_dimensions,mod__median_household_income,strategy_by_income
117.66698234636866,-0.07046256834633191,-0.09929854191028271,-0.04162659478238111,-0.08228706645797076,-0.05863807023469306,joint_six_dimensions,mod__median_household_income,strategy_by_income
118.55333564245804,-0.07078867472060425,-0.0998534755855443,-0.0417238738556642,-0.08270700590441034,-0.05887034353679817,joint_six_dimensions,mod__median_household_income,strategy_by_income
119.43968893854742,-0.07110614332321769,-0.10038462811523034,-0.04182765853120503,-0.08311209787741403,-0.059100188769021345,joint_six_dimensions,mod__median_household_income,strategy_by_income
120.3260422346368,-0.07141460475891813,-0.10089114730945027,-0.04193806220838599,-0.08350177500664448,-0.05932743451119179,joint_six_dimensions,mod__median_household_income,strategy_by_income
121.21239553072618,-0.07171368963245144,-0.10137226306446256,-0.04205511620044031,-0.08387550358206405,-0.05955187568283882,joint_six_dimensions,mod__median_household_income,strategy_by_income
122.09874882681558,-0.07200302854856351,-0.10182729321944733,-0.04217876387767969,-0.08423278595556696,-0.05977327114156006,joint_six_dimensions,mod__median_household_income,strategy_by_income
122.98510212290496,-0.07228225211200022,-0.10225565017847288,-0.042308854045527554,-0.084573163256387,-0.05999134096761344,joint_six_dimensions,mod__median_household_income,strategy_by_income
123.87145541899434,-0.07255099092750744,-0.10265684837275159,-0.042445133482263295,-0.0848962184510752,-0.06020576340393968,joint_six_dimensions,mod__median_household_income,strategy_by_income
124.75780871508373,-0.07280887559983107,-0.10303051264047071,-0.04258723855919143,-0.08520157977973866,-0.060416171419923476,joint_six_dimensions,mod__median_household_income,strategy_by_income
125.64416201117311,-0.07305553673371695,-0.10337638760251083,-0.04273468586492308,-0.08548892460065376,-0.06062214886678015,joint_six_dimensions,mod__median_household_income,strategy_by_income
126.5305153072625,-0.07329060493391101,-0.10369434811144981,-0.04288686175637221,-0.08575798367499153,-0.060823226192830496,joint_six_dimensions,mod__median_household_income,strategy_by_income
127.41686860335189,-0.07351371080515909,-0.10398441084737962,-0.04304301076293855,-0.08600854592180586,-0.06101887568851232,joint_six_dimensions,mod__median_household_income,strategy_by_income
128.30322189944127,-0.0737244849522071,-0.10424674712595357,-0.04320222277846063,-0.08624046367010972,-0.061208506234304474,joint_six_dimensions,mod__median_household_income,strategy_by_income
129.18957519553067,-0.07392255797980088,-0.10448169697010212,-0.043363418989499636,-0.08645365842913207,-0.06139145753046969,joint_six_dimensions,mod__median_household_income,strategy_by_income
130.07592849162003,-0.07410756049268637,-0.10468978447497065,-0.04352533651040208,-0.0866481271888743,-0.061566993796498444,joint_six_dimensions,mod__median_household_income,strategy_by_income
130.96228178770943,-0.07427912309560938,-0.10487173446338338,-0.043686511727835386,-0.08682394924986053,-0.061734296941358235,joint_six_dimensions,mod__median_household_income,strategy_by_income
131.84863508379883,-0.07443687639331584,-0.10502849038359396,-0.04384526240303771,-0.08698129356230105,-0.06189245922433062,joint_six_dimensions,mod__median_household_income,strategy_by_income
132.7349883798882,-0.07458045099055159,-0.10516123333889035,-0.04399966864221283,-0.08712042652938431,-0.06204047545171886,joint_six_dimensions,mod__median_household_income,strategy_by_income
133.6213416759776,-0.07470947749206258,-0.10527140205614115,-0.044147552927984016,-0.08724172019559222,-0.062177234788532945,joint_six_dimensions,mod__median_household_income,strategy_by_income
134.50769497206696,-0.0748235865025946,-0.10536071349390255,-0.04428645951128665,-0.08734566069727369,-0.062301512307915516,joint_six_dimensions,mod__median_household_income,strategy_by_income
135.39404826815635,-0.07492240862689362,-0.10543118365699052,-0.04441363359679672,-0.08743285679788192,-0.062411960455905316,joint_six_dimensions,mod__median_household_income,strategy_by_income
136.28040156424575,-0.07500557446970543,-0.1054851480213188,-0.04452600091809207,-0.08750404826339657,-0.0625071006760143,joint_six_dimensions,mod__median_household_income,strategy_by_income
137.16675486033512,-0.07507271463577597,-0.10552528078040073,-0.044620148491151215,-0.08756011375455701,-0.06258531551699494,joint_six_dimensions,mod__median_household_income,strategy_by_income
138.0531081564245,-0.07512345972985111,-0.10555461190691437,-0.04469230755278786,-0.0876020778231387,-0.06264484163656353,joint_six_dimensions,mod__median_household_income,strategy_by_income
138.93946145251388,-0.07515744035667672,-0.10557654078830667,-0.04473833992504678,-0.08763111650337796,-0.06268376420997548,joint_six_dimensions,mod__median_household_income,strategy_by_income
139.82581474860328,-0.07517428712099868,-0.10559484496115984,-0.04475372928083751,-0.087648560893592,-0.06270001334840535,joint_six_dimensions,mod__median_household_income,strategy_by_income
140.71216804469267,-0.07517363062756288,-0.10561368226089993,-0.04473357899422584,-0.08765589803768975,-0.06269136321743601,joint_six_dimensions,mod__median_household_income,strategy_by_income
141.59852134078204,-0.07515510148111519,-0.10563758455780516,-0.04467261840442523,-0.08765476835655533,-0.06265543460567505,joint_six_dimensions,mod__median_household_income,strategy_by_income
142.48487463687144,-0.07511833028640148,-0.10567144121359455,-0.044565219359208416,-0.08764695886424613,-0.06258970170855684,joint_six_dimensions,mod__median_household_income,strategy_by_income
143.3712279329608,-0.07506294764816765,-0.1057204705183761,-0.04440542477795919,-0.08763439145540901,-0.0624915038409263,joint_six_dimensions,mod__median_household_income,strategy_by_income
144.2575812290502,-0.07498858417115958,-0.10579017770844024,-0.04418699063387893,-0.08761910569002943,-0.06235806265228974,joint_six_dimensions,mod__median_household_income,strategy_by_income
145.14393452513957,-0.07489487046012314,-0.10588629876277528,-0.04390344215747099,-0.0876032357465939,-0.06218650517365237,joint_six_dimensions,mod__median_household_income,strategy_by_income
146.03028782122897,-0.07478143711980421,-0.10601473004506656,-0.043548144194541866,-0.08758898157104235,-0.06197389266856608,joint_six_dimensions,mod__median_household_income,strategy_by_income
146.91664111731836,-0.07464791475494865,-0.10618144497024487,-0.043114384539652446,-0.08757857470499857,-0.061717254804898744,joint_six_dimensions,mod__median_household_income,strategy_by_income
147.80299441340773,-0.0744939339703024,-0.10639240014664006,-0.04259546779396475,-0.0875742397983607,-0.061413628142244124,joint_six_dimensions,mod__median_household_income,strategy_by_income
148.68934770949713,-0.07431912537061129,-0.10665343473405173,-0.04198481600717086,-0.08757815334000592,-0.061060097401216665,joint_six_dimensions,mod__median_household_income,strategy_by_income
149.5757010055865,-0.0741231195606212,-0.10697016787607588,-0.04127607124516652,-0.08759240159882367,-0.06065383752241873,joint_six_dimensions,mod__median_household_income,strategy_by_income
150.4620543016759,-0.07390554714507802,-0.10734789980761647,-0.040463194482539565,-0.08761894007179727,-0.060192154218358766,joint_six_dimensions,mod__median_household_income,strategy_by_income
151.3484075977653,-0.07366603872872762,-0.10779152243059331,-0.03954055502686193,-0.08765955681462045,-0.05967252064283479,joint_six_dimensions,mod__median_household_income,strategy_by_income
152.23476089385466,-0.07340422491631594,-0.10830544469414982,-0.038503005138482066,-0.08771584184305677,-0.05909260798957512,joint_six_dimensions,mod__median_household_income,strategy_by_income
153.12111418994405,-0.07311973631258878,-0.10889353702438112,-0.03734593560079643,-0.08778916434575754,-0.05845030827942002,joint_six_dimensions,mod__median_household_income,strategy_by_income
154.00746748603342,-0.07281220352229205,-0.10955909745800493,-0.03606530958657916,-0.08788065879701307,-0.05774374824757104,joint_six_dimensions,mod__median_household_income,strategy_by_income
154.89382078212282,-0.0724812571501716,-0.11030484027652349,-0.03465767402381972,-0.0879912202960695,-0.05697129400427371,joint_six_dimensions,mod__median_household_income,strategy_by_income
155.7801740782122,-0.07212652780097342,-0.11113290608931341,-0.03312014951263344,-0.0881215087018074,-0.05613154690013944,joint_six_dimensions,mod__median_household_income,strategy_by_income
156.66652737430158,-0.07174764607944326,-0.1120448907347852,-0.03145040142410131,-0.08827196048396982,-0.05522333167491669,joint_six_dimensions,mod__median_household_income,strategy_by_income
157.55288067039098,-0.07134424259032704,-0.11304188924520692,-0.029646595935447155,-0.08844280675140676,-0.05424567842924733,joint_six_dimensions,mod__median_household_income,strategy_by_income
158.43923396648034,-0.0709159479383707,-0.11412455053790727,-0.027707345338834115,-0.08863409567878541,-0.05319780019795597,joint_six_dimensions,mod__median_household_income,strategy_by_income
159.32558726256974,-0.07046239272832,-0.11529313843591857,-0.025631647020721425,-0.08884571752875486,-0.052079067927885137,joint_six_dimensions,mod__median_household_income,strategy_by_income
160.21194055865914,-0.06998320756492091,-0.11654759498854057,-0.02341882014130124,-0.0890774306172177,-0.05088898451262411,joint_six_dimensions,mod__median_household_income,strategy_by_income
161.0982938547485,-0.06947802305291931,-0.11788760271821441,-0.02106844338762421,-0.0893288868383238,-0.04962715926751482,joint_six_dimensions,mod__median_household_income,strategy_by_income
161.9846471508379,-0.06894646979706104,-0.1193126432190791,-0.01858029637504298,-0.08959965569343244,-0.04829328390068964,joint_six_dimensions,mod__median_household_income,strategy_by_income
162.87100044692727,-0.06838817840209202,-0.1208220503494859,-0.015954306454698135,-0.08988924610326957,-0.046887110700914475,joint_six_dimensions,mod__median_household_income,strategy_by_income
163.75735374301667,-0.0678027794727581,-0.1224150570048535,-0.0131905019406627,-0.09019712558763515,-0.04540843335788106,joint_six_dimensions,mod__median_household_income,strategy_by_income
164.64370703910606,-0.06718990361380517,-0.12409083507535308,-0.010288972152257256,-0.09052273665047762,-0.043857070577132715,joint_six_dimensions,mod__median_household_income,strategy_by_income
165.53006033519543,-0.0665491814299791,-0.12584852866442992,-0.007249834195528312,-0.09086551040150251,-0.042232852458455705,joint_six_dimensions,mod__median_household_income,strategy_by_income
166.41641363128483,-0.06588024352602578,-0.12768728097237245,-0.00407320607967912,-0.09122487758006623,-0.04053560947198534,joint_six_dimensions,mod__median_household_income,strategy_by_income
167.3027669273742,-0.0651827205066911,-0.12960625545200732,-0.0007591855613748727,-0.09160027723029425,-0.03876516378308796,joint_six_dimensions,mod__median_household_income,strategy_by_income
168.1891202234636,-0.06445624297672092,-0.13160465194585164,0.0026921659924098035,-0.09199116331829216,-0.03692132263514969,joint_six_dimensions,mod__median_household_income,strategy_by_income
169.075473519553,-0.06370044154086114,-0.13368171854150246,0.006280835459780171,-0.09239700959357453,-0.03500387348814776,joint_six_dimensions,mod__median_household_income,strategy_by_income
169.96182681564235,-0.06291494680385762,-0.13583675985815774,0.010006866250442503,-0.09281731298704102,-0.03301258062067422,joint_six_dimensions,mod__median_household_income,strategy_by_income
170.84818011173175,-0.062099389370456226,-0.13806914242133855,0.013870363680426087,-0.09325159581493846,-0.030947182925973996,joint_six_dimensions,mod__median_household_income,strategy_by_income
171.73453340782112,-0.06125339984540287,-0.1403782977100011,0.017871498019195353,-0.09369940702836169,-0.028807392662444052,joint_six_dimensions,mod__median_household_income,strategy_by_income
172.62088670391051,-0.06037660883344341,-0.14276372338099858,0.02201050571411177,-0.09416032271535706,-0.026592894951529764,joint_six_dimensions,mod__median_household_income,strategy_by_income
173.5072399999999,-0.05946864693932377,-0.14522498309742224,0.026287689218774696,-0.09463394603053193,-0.024303347848115615,joint_six_dimensions,mod__median_household_income,strategy_by_income
