GEOID,coefficient,health_reference_year,dimension,dimension_name,direct_land_tracts
17031030101,-0.083003744,2014,D4,Safety and order,787
17031030701,-0.08242613,2014,D4,Safety and order,787
17031070103,-0.137918,2014,D4,Safety and order,787
17031807900,,2014,D4,Safety and order,787
17031808001,,2014,D4,Safety and order,787
17031808002,,2014,D4,Safety and order,787
17031770602,,2014,D4,Safety and order,787
17031831900,-0.10121655,2014,D4,Safety and order,787
17031832600,-0.13435996,2014,D4,Safety and order,787
17031836900,-0.19196543,2014,D4,Safety and order,787
17031841200,-0.120832175,2014,D4,Safety and order,787
17031839500,-0.10386641,2014,D4,Safety and order,787
17031835800,-0.03832922,2014,D4,Safety and order,787
17031838800,-0.03859023,2014,D4,Safety and order,787
17031842300,-0.13403377,2014,D4,Safety and order,787
17031841900,-0.10083064,2014,D4,Safety and order,787
17031843200,-0.08166449,2014,D4,Safety and order,787
17031843400,-0.12241684,2014,D4,Safety and order,787
17031842600,-0.046690598,2014,D4,Safety and order,787
17031301803,-0.120942585,2014,D4,Safety and order,787
17031220701,-0.1911704,2014,D4,Safety and order,787
17031063302,-0.1378867,2014,D4,Safety and order,787
17031252201,-0.15823622,2014,D4,Safety and order,787
17031660302,-0.12327138,2014,D4,Safety and order,787
17031660301,-0.086875394,2014,D4,Safety and order,787
17031730202,-0.03873925,2014,D4,Safety and order,787
17031813302,-0.12427836,2014,D4,Safety and order,787
17031813301,-0.12450203,2014,D4,Safety and order,787
17031835600,-0.075486496,2014,D4,Safety and order,787
17031840000,-0.08339134,2014,D4,Safety and order,787
17031835700,,2014,D4,Safety and order,787
17031836100,-0.07471453,2014,D4,Safety and order,787
17031834600,-0.07486105,2014,D4,Safety and order,787
17031843600,-0.14275594,2014,D4,Safety and order,787
17031030102,-0.082628846,2014,D4,Safety and order,787
17031030706,-0.08283833,2014,D4,Safety and order,787
17031030601,-0.08314537,2014,D4,Safety and order,787
17031063303,-0.13811737,2014,D4,Safety and order,787
17031220901,-0.19093439,2014,D4,Safety and order,787
17031210602,-0.1904414,2014,D4,Safety and order,787
17031220602,-0.18984419,2014,D4,Safety and order,787
17031220601,-0.19264567,2014,D4,Safety and order,787
17031040401,-0.15355608,2014,D4,Safety and order,787
17031252202,-0.15433808,2014,D4,Safety and order,787
17031252102,-0.15832722,2014,D4,Safety and order,787
17031836300,-0.14320104,2014,D4,Safety and order,787
17031834500,-0.07452761,2014,D4,Safety and order,787
17031835900,-0.10461484,2014,D4,Safety and order,787
17031836000,-0.10455245,2014,D4,Safety and order,787
17031836200,-0.07173052,2014,D4,Safety and order,787
17031834400,-0.041288085,2014,D4,Safety and order,787
17031834300,-0.040834703,2014,D4,Safety and order,787
17031110501,-0.15736546,2014,D4,Safety and order,787
17031030104,-0.083406106,2014,D4,Safety and order,787
17031081401,-0.1338835,2014,D4,Safety and order,787
17031770902,-0.14158191,2014,D4,Safety and order,787
17031430101,-0.063113965,2014,D4,Safety and order,787
17031252101,-0.123560764,2014,D4,Safety and order,787
17031010501,-0.083862334,2014,D4,Safety and order,787
17031020701,-0.15576881,2014,D4,Safety and order,787
17031010201,-0.08287265,2014,D4,Safety and order,787
17031760801,-0.15577914,2014,D4,Safety and order,787
17031839000,-0.10295208,2014,D4,Safety and order,787
17031440201,-0.040229004,2014,D4,Safety and order,787
17031540101,-0.03977364,2014,D4,Safety and order,787
17031834000,-0.04099139,2014,D4,Safety and order,787
17031833900,-0.041243166,2014,D4,Safety and order,787
17031221000,-0.19303542,2014,D4,Safety and order,787
17031221100,-0.18995476,2014,D4,Safety and order,787
17031242800,-0.19398765,2014,D4,Safety and order,787
17031242900,-0.19546701,2014,D4,Safety and order,787
17031243000,-0.13701972,2014,D4,Safety and order,787
17031243100,-0.13613741,2014,D4,Safety and order,787
17031243200,-0.13706765,2014,D4,Safety and order,787
17031243300,-0.133672,2014,D4,Safety and order,787
17031243400,-0.1377932,2014,D4,Safety and order,787
17031110400,-0.156004,2014,D4,Safety and order,787
17031150600,-0.15568773,2014,D4,Safety and order,787
17031150700,-0.1562476,2014,D4,Safety and order,787
17031150800,-0.15508872,2014,D4,Safety and order,787
17031151100,-0.15512577,2014,D4,Safety and order,787
17031151200,-0.15578812,2014,D4,Safety and order,787
17031241500,-0.1367243,2014,D4,Safety and order,787
17031241100,-0.1954056,2014,D4,Safety and order,787
17031241600,-0.13772595,2014,D4,Safety and order,787
17031241300,-0.19635694,2014,D4,Safety and order,787
17031241400,-0.13575411,2014,D4,Safety and order,787
17031243500,-0.13475136,2014,D4,Safety and order,787
17031250200,-0.19079575,2014,D4,Safety and order,787
17031250300,-0.17034225,2014,D4,Safety and order,787
17031250400,-0.16947924,2014,D4,Safety and order,787
17031250500,-0.17111349,2014,D4,Safety and order,787
17031071500,-0.13569409,2014,D4,Safety and order,787
17031071800,-0.1381557,2014,D4,Safety and order,787
17031080100,-0.13701609,2014,D4,Safety and order,787
17031080300,-0.13503575,2014,D4,Safety and order,787
17031080400,-0.13728528,2014,D4,Safety and order,787
17031160100,-0.15634604,2014,D4,Safety and order,787
17031160200,-0.15322363,2014,D4,Safety and order,787
17031160300,-0.15452318,2014,D4,Safety and order,787
17031160400,-0.15369011,2014,D4,Safety and order,787
17031160700,-0.1534401,2014,D4,Safety and order,787
17031221300,-0.2079304,2014,D4,Safety and order,787
17031221500,-0.20771722,2014,D4,Safety and order,787
17031221400,-0.20765314,2014,D4,Safety and order,787
17031250600,-0.15842968,2014,D4,Safety and order,787
17031250700,-0.15778878,2014,D4,Safety and order,787
17031250800,-0.15816262,2014,D4,Safety and order,787
17031251000,-0.15800685,2014,D4,Safety and order,787
17031251100,-0.15712212,2014,D4,Safety and order,787
17031051400,-0.20917735,2014,D4,Safety and order,787
17031060100,-0.083011955,2014,D4,Safety and order,787
17031060300,-0.08241558,2014,D4,Safety and order,787
17031060800,-0.101457775,2014,D4,Safety and order,787
17031160800,-0.15390778,2014,D4,Safety and order,787
17031160900,-0.15342483,2014,D4,Safety and order,787
17031161000,-0.15489769,2014,D4,Safety and order,787
17031161100,-0.15431833,2014,D4,Safety and order,787
17031161200,-0.1549376,2014,D4,Safety and order,787
17031161300,-0.15347648,2014,D4,Safety and order,787
17031170100,-0.15473366,2014,D4,Safety and order,787
17031221600,-0.20808348,2014,D4,Safety and order,787
17031242100,-0.13837934,2014,D4,Safety and order,787
17031242000,-0.137806,2014,D4,Safety and order,787
17031251200,-0.15572286,2014,D4,Safety and order,787
17031251300,-0.15860707,2014,D4,Safety and order,787
17031051300,-0.13814725,2014,D4,Safety and order,787
17031600700,-0.04932297,2014,D4,Safety and order,787
17031600900,-0.049084447,2014,D4,Safety and order,787
17031821200,,2014,D4,Safety and order,787
17031672000,-0.040257525,2014,D4,Safety and order,787
17031710900,-0.039232433,2014,D4,Safety and order,787
17031711000,-0.03919028,2014,D4,Safety and order,787
17031711100,-0.038792126,2014,D4,Safety and order,787
17031711200,-0.038676918,2014,D4,Safety and order,787
17031711500,-0.04026939,2014,D4,Safety and order,787
17031711300,-0.0384544,2014,D4,Safety and order,787
17031711400,-0.038877115,2014,D4,Safety and order,787
17031270500,-0.15504786,2014,D4,Safety and order,787
17031271200,-0.19209908,2014,D4,Safety and order,787
17031271300,-0.15426302,2014,D4,Safety and order,787
17031271400,-0.15776181,2014,D4,Safety and order,787
17031350100,-0.10477492,2014,D4,Safety and order,787
17031350400,-0.10439084,2014,D4,Safety and order,787
17031351000,-0.104638025,2014,D4,Safety and order,787
17031351400,-0.10401687,2014,D4,Safety and order,787
17031360200,-0.10417301,2014,D4,Safety and order,787
17031430400,-0.041104,2014,D4,Safety and order,787
17031430600,-0.042672347,2014,D4,Safety and order,787
17031430800,-0.04167922,2014,D4,Safety and order,787
17031430500,-0.041099884,2014,D4,Safety and order,787
17031430900,-0.04174652,2014,D4,Safety and order,787
17031610300,-0.049088635,2014,D4,Safety and order,787
17031681000,-0.040063586,2014,D4,Safety and order,787
17031681100,-0.04080009,2014,D4,Safety and order,787
17031680500,-0.07627504,2014,D4,Safety and order,787
17031680900,-0.039994493,2014,D4,Safety and order,787
17031720100,-0.038963787,2014,D4,Safety and order,787
17031720200,-0.038291648,2014,D4,Safety and order,787
17031720300,-0.037879158,2014,D4,Safety and order,787
17031720400,-0.07208704,2014,D4,Safety and order,787
17031720500,-0.071551815,2014,D4,Safety and order,787
17031720600,-0.037452906,2014,D4,Safety and order,787
17031720700,-0.037742276,2014,D4,Safety and order,787
17031040600,-0.15364952,2014,D4,Safety and order,787
17031040700,-0.15416019,2014,D4,Safety and order,787
17031040800,-0.15413715,2014,D4,Safety and order,787
17031825801,,2014,D4,Safety and order,787
17031380100,-0.10507746,2014,D4,Safety and order,787
17031380200,-0.1040401,2014,D4,Safety and order,787
17031431200,-0.041354753,2014,D4,Safety and order,787
17031810200,-0.1558471,2014,D4,Safety and order,787
17031810301,-0.15624014,2014,D4,Safety and order,787
17031050100,-0.08209352,2014,D4,Safety and order,787
17031610800,-0.08621684,2014,D4,Safety and order,787
17031611000,-0.07606457,2014,D4,Safety and order,787
17031611100,-0.087089695,2014,D4,Safety and order,787
17031611300,-0.085729934,2014,D4,Safety and order,787
17031611400,-0.086904526,2014,D4,Safety and order,787
17031611500,-0.12084382,2014,D4,Safety and order,787
17031611900,-0.08710566,2014,D4,Safety and order,787
17031681200,-0.040096655,2014,D4,Safety and order,787
17031810400,-0.1579487,2014,D4,Safety and order,787
17031810701,,2014,D4,Safety and order,787
17031810702,,2014,D4,Safety and order,787
17031810600,,2014,D4,Safety and order,787
17031691200,-0.039706245,2014,D4,Safety and order,787
17031691100,-0.040124502,2014,D4,Safety and order,787
17031730100,-0.038788572,2014,D4,Safety and order,787
17031730300,-0.03907655,2014,D4,Safety and order,787
17031730400,-0.037944123,2014,D4,Safety and order,787
17031730500,-0.038373988,2014,D4,Safety and order,787
17031730600,-0.038345043,2014,D4,Safety and order,787
17031380500,-0.048364364,2014,D4,Safety and order,787
17031381200,-0.07598789,2014,D4,Safety and order,787
17031381400,-0.07554269,2014,D4,Safety and order,787
17031381700,,2014,D4,Safety and order,787
17031440300,-0.040291958,2014,D4,Safety and order,787
17031810800,,2014,D4,Safety and order,787
17031810900,,2014,D4,Safety and order,787
17031612000,-0.08714943,2014,D4,Safety and order,787
17031612100,-0.0758687,2014,D4,Safety and order,787
17031620100,-0.12387371,2014,D4,Safety and order,787
17031620200,-0.12388307,2014,D4,Safety and order,787
17031620300,-0.1241381,2014,D4,Safety and order,787
17031620400,-0.121787146,2014,D4,Safety and order,787
17031630100,-0.08620201,2014,D4,Safety and order,787
17031810501,,2014,D4,Safety and order,787
17031810502,,2014,D4,Safety and order,787
17031812200,,2014,D4,Safety and order,787
17031826600,,2014,D4,Safety and order,787
17031730700,-0.03865916,2014,D4,Safety and order,787
17031740100,-0.0701876,2014,D4,Safety and order,787
17031740200,-0.069778316,2014,D4,Safety and order,787
17031740300,-0.069880396,2014,D4,Safety and order,787
17031740400,-0.06859526,2014,D4,Safety and order,787
17031381800,-0.07606003,2014,D4,Safety and order,787
17031381900,-0.074855566,2014,D4,Safety and order,787
17031390100,-0.10351141,2014,D4,Safety and order,787
17031390200,-0.14288723,2014,D4,Safety and order,787
17031390300,-0.10372104,2014,D4,Safety and order,787
17031390400,-0.14362624,2014,D4,Safety and order,787
17031390500,-0.14368272,2014,D4,Safety and order,787
17031390600,-0.14374131,2014,D4,Safety and order,787
17031812500,,2014,D4,Safety and order,787
17031440600,-0.041107535,2014,D4,Safety and order,787
17031440900,-0.03978016,2014,D4,Safety and order,787
17031440700,-0.039912127,2014,D4,Safety and order,787
17031440800,-0.041158795,2014,D4,Safety and order,787
17031630200,-0.123318896,2014,D4,Safety and order,787
17031630300,-0.122894,2014,D4,Safety and order,787
17031630500,-0.122554675,2014,D4,Safety and order,787
17031630800,-0.12355183,2014,D4,Safety and order,787
17031630900,-0.1218845,2014,D4,Safety and order,787
17031640100,-0.086378746,2014,D4,Safety and order,787
17031640300,-0.08414364,2014,D4,Safety and order,787
17031750100,-0.037924178,2014,D4,Safety and order,787
17031750200,-0.03751502,2014,D4,Safety and order,787
17031750300,-0.0713688,2014,D4,Safety and order,787
17031750400,-0.06999138,2014,D4,Safety and order,787
17031750500,-0.036766198,2014,D4,Safety and order,787
17031282700,-0.15697229,2014,D4,Safety and order,787
17031282800,-0.15858658,2014,D4,Safety and order,787
17031400300,-0.07447559,2014,D4,Safety and order,787
17031400500,-0.07577819,2014,D4,Safety and order,787
17031400800,-0.04093545,2014,D4,Safety and order,787
17031410500,-0.07563811,2014,D4,Safety and order,787
17031410600,-0.09643673,2014,D4,Safety and order,787
17031460100,-0.06355545,2014,D4,Safety and order,787
17031450300,-0.039704077,2014,D4,Safety and order,787
17031460200,-0.0415733,2014,D4,Safety and order,787
17031640400,-0.086332925,2014,D4,Safety and order,787
17031640500,-0.08565088,2014,D4,Safety and order,787
17031640600,-0.08603434,2014,D4,Safety and order,787
17031640700,-0.084742695,2014,D4,Safety and order,787
17031640800,-0.086218044,2014,D4,Safety and order,787
17031650100,-0.086841986,2014,D4,Safety and order,787
17031650200,-0.086748526,2014,D4,Safety and order,787
17031750600,-0.037818164,2014,D4,Safety and order,787
17031812600,,2014,D4,Safety and order,787
17031820300,,2014,D4,Safety and order,787
17031820400,,2014,D4,Safety and order,787
17031820902,,2014,D4,Safety and order,787
17031283100,-0.10538346,2014,D4,Safety and order,787
17031283800,-0.105274186,2014,D4,Safety and order,787
17031410700,-0.14181094,2014,D4,Safety and order,787
17031410800,-0.14042954,2014,D4,Safety and order,787
17031411100,-0.097233206,2014,D4,Safety and order,787
17031411200,-0.09633236,2014,D4,Safety and order,787
17031460600,-0.04229335,2014,D4,Safety and order,787
17031460700,-0.041527085,2014,D4,Safety and order,787
17031460400,-0.042337365,2014,D4,Safety and order,787
17031460500,-0.041513678,2014,D4,Safety and order,787
17031461000,-0.040884428,2014,D4,Safety and order,787
17031813000,,2014,D4,Safety and order,787
17031813100,,2014,D4,Safety and order,787
17031821102,,2014,D4,Safety and order,787
17031420100,-0.06415486,2014,D4,Safety and order,787
17031420200,-0.07462375,2014,D4,Safety and order,787
17031420400,-0.04143606,2014,D4,Safety and order,787
17031420700,-0.041045763,2014,D4,Safety and order,787
17031805402,,2014,D4,Safety and order,787
17031420800,-0.041156024,2014,D4,Safety and order,787
17031470100,-0.039301775,2014,D4,Safety and order,787
17031480100,-0.040775888,2014,D4,Safety and order,787
17031480200,-0.041530445,2014,D4,Safety and order,787
17031480300,-0.04145109,2014,D4,Safety and order,787
17031480400,-0.04030216,2014,D4,Safety and order,787
17031805502,,2014,D4,Safety and order,787
17031805600,,2014,D4,Safety and order,787
17031650400,-0.08693054,2014,D4,Safety and order,787
17031650500,-0.083997145,2014,D4,Safety and order,787
17031660400,-0.08714032,2014,D4,Safety and order,787
17031813400,-0.12465173,2014,D4,Safety and order,787
17031821401,,2014,D4,Safety and order,787
17031805702,,2014,D4,Safety and order,787
17031821402,,2014,D4,Safety and order,787
17031821600,,2014,D4,Safety and order,787
17031821700,,2014,D4,Safety and order,787
17031290900,-0.123203136,2014,D4,Safety and order,787
17031291200,-0.12418837,2014,D4,Safety and order,787
17031421200,-0.040978946,2014,D4,Safety and order,787
17031271500,-0.123971194,2014,D4,Safety and order,787
17031292200,-0.12252514,2014,D4,Safety and order,787
17031292400,-0.12066181,2014,D4,Safety and order,787
17031292500,-0.122600906,2014,D4,Safety and order,787
17031271800,-0.123669036,2014,D4,Safety and order,787
17031280100,-0.13391685,2014,D4,Safety and order,787
17031280400,-0.13505626,2014,D4,Safety and order,787
17031300600,-0.1247673,2014,D4,Safety and order,787
17031300700,-0.1224992,2014,D4,Safety and order,787
17031301100,-0.12339629,2014,D4,Safety and order,787
17031301200,-0.12176146,2014,D4,Safety and order,787
17031480500,-0.040909126,2014,D4,Safety and order,787
17031490300,-0.03988193,2014,D4,Safety and order,787
17031490500,-0.039432652,2014,D4,Safety and order,787
17031520200,-0.040654555,2014,D4,Safety and order,787
17031520300,-0.04028189,2014,D4,Safety and order,787
17031520400,-0.04125653,2014,D4,Safety and order,787
17031520500,-0.0417405,2014,D4,Safety and order,787
17031520600,-0.04062075,2014,D4,Safety and order,787
17031660500,-0.086416036,2014,D4,Safety and order,787
17031660600,-0.08560634,2014,D4,Safety and order,787
17031660700,-0.086992905,2014,D4,Safety and order,787
17031660800,-0.08621816,2014,D4,Safety and order,787
17031660900,-0.08529086,2014,D4,Safety and order,787
17031661000,-0.07433848,2014,D4,Safety and order,787
17031280900,-0.19180518,2014,D4,Safety and order,787
17031301600,-0.124657884,2014,D4,Safety and order,787
17031490600,-0.039613277,2014,D4,Safety and order,787
17031490700,-0.040366333,2014,D4,Safety and order,787
17031490800,-0.039548714,2014,D4,Safety and order,787
17031491000,-0.038166866,2014,D4,Safety and order,787
17031491100,-0.03793498,2014,D4,Safety and order,787
17031530200,-0.03784178,2014,D4,Safety and order,787
17031530300,-0.037025966,2014,D4,Safety and order,787
17031530400,-0.036965393,2014,D4,Safety and order,787
17031530600,-0.039776113,2014,D4,Safety and order,787
17031560100,-0.122443035,2014,D4,Safety and order,787
17031670200,-0.087174125,2014,D4,Safety and order,787
17031670300,-0.08642043,2014,D4,Safety and order,787
17031670400,-0.087124914,2014,D4,Safety and order,787
17031661100,-0.0865829,2014,D4,Safety and order,787
17031670100,-0.07618676,2014,D4,Safety and order,787
17031670600,-0.05150091,2014,D4,Safety and order,787
17031670700,-0.07589418,2014,D4,Safety and order,787
17031670800,-0.07600868,2014,D4,Safety and order,787
17031670900,-0.07608189,2014,D4,Safety and order,787
17031260900,-0.124081165,2014,D4,Safety and order,787
17031261000,-0.12421431,2014,D4,Safety and order,787
17031281900,-0.13402128,2014,D4,Safety and order,787
17031310200,-0.10572863,2014,D4,Safety and order,787
17031310300,-0.10533503,2014,D4,Safety and order,787
17031310400,-0.10488252,2014,D4,Safety and order,787
17031310500,-0.105189905,2014,D4,Safety and order,787
17031491200,-0.03927205,2014,D4,Safety and order,787
17031491300,-0.039403625,2014,D4,Safety and order,787
17031491400,-0.0381531,2014,D4,Safety and order,787
17031500100,-0.039610185,2014,D4,Safety and order,787
17031500200,-0.03902995,2014,D4,Safety and order,787
17031500300,-0.03880978,2014,D4,Safety and order,787
17031560200,-0.122827284,2014,D4,Safety and order,787
17031560300,-0.12466056,2014,D4,Safety and order,787
17031560700,-0.12441892,2014,D4,Safety and order,787
17031560800,-0.12275096,2014,D4,Safety and order,787
17031560900,-0.12458053,2014,D4,Safety and order,787
17031561000,-0.12257246,2014,D4,Safety and order,787
17031010300,-0.08246924,2014,D4,Safety and order,787
17031010600,-0.0832154,2014,D4,Safety and order,787
17031020100,-0.15645967,2014,D4,Safety and order,787
17031280800,-0.18975778,2014,D4,Safety and order,787
17031420300,-0.041529182,2014,D4,Safety and order,787
17031806600,,2014,D4,Safety and order,787
17031100200,-0.1581959,2014,D4,Safety and order,787
17031020200,-0.1552923,2014,D4,Safety and order,787
17031130200,-0.15493035,2014,D4,Safety and order,787
17031020400,-0.154618,2014,D4,Safety and order,787
17031080202,-0.13688447,2014,D4,Safety and order,787
17031240200,-0.13856944,2014,D4,Safety and order,787
17031611800,-0.08705014,2014,D4,Safety and order,787
17031060200,-0.08086266,2014,D4,Safety and order,787
17031221200,-0.19074497,2014,D4,Safety and order,787
17031826500,,2014,D4,Safety and order,787
17031061200,-0.10142384,2014,D4,Safety and order,787
17031808200,,2014,D4,Safety and order,787
17031030200,-0.08313412,2014,D4,Safety and order,787
17031030300,-0.08391389,2014,D4,Safety and order,787
17031030400,-0.081476115,2014,D4,Safety and order,787
17031030900,-0.08284211,2014,D4,Safety and order,787
17031031000,-0.08160369,2014,D4,Safety and order,787
17031980000,,2014,D4,Safety and order,787
17031600600,-0.08315171,2014,D4,Safety and order,787
17031811900,,2014,D4,Safety and order,787
17031420600,-0.042174153,2014,D4,Safety and order,787
17031110100,-0.15635882,2014,D4,Safety and order,787
17031031400,-0.1006436,2014,D4,Safety and order,787
17031040900,-0.15299791,2014,D4,Safety and order,787
17031050200,-0.15279593,2014,D4,Safety and order,787
17031050300,-0.1534636,2014,D4,Safety and order,787
17031071700,-0.13853048,2014,D4,Safety and order,787
17031031800,-0.08223295,2014,D4,Safety and order,787
17031811600,,2014,D4,Safety and order,787
17031031700,-0.08235011,2014,D4,Safety and order,787
17031610400,-0.08632159,2014,D4,Safety and order,787
17031050600,-0.08092846,2014,D4,Safety and order,787
17031050500,-0.15351951,2014,D4,Safety and order,787
17031071600,-0.13840026,2014,D4,Safety and order,787
17031671400,-0.04014956,2014,D4,Safety and order,787
17031490400,-0.040816635,2014,D4,Safety and order,787
17031062300,-0.10089477,2014,D4,Safety and order,787
17031630400,-0.12155005,2014,D4,Safety and order,787
17031822802,,2014,D4,Safety and order,787
17031010100,-0.083633095,2014,D4,Safety and order,787
17031680600,-0.076146744,2014,D4,Safety and order,787
17031807800,,2014,D4,Safety and order,787
17031811100,,2014,D4,Safety and order,787
17031030500,-0.082741514,2014,D4,Safety and order,787
17031020500,-0.15470636,2014,D4,Safety and order,787
17031081300,-0.13378358,2014,D4,Safety and order,787
17031081000,-0.13376483,2014,D4,Safety and order,787
17031130100,-0.15447202,2014,D4,Safety and order,787
17043840000,,2014,D4,Safety and order,787
17031170200,-0.15714349,2014,D4,Safety and order,787
17031170300,-0.15637496,2014,D4,Safety and order,787
17031170400,-0.14055051,2014,D4,Safety and order,787
17031170500,-0.14115338,2014,D4,Safety and order,787
17031170600,-0.13503042,2014,D4,Safety and order,787
17031170700,-0.13539486,2014,D4,Safety and order,787
17031170800,-0.13936567,2014,D4,Safety and order,787
17031251400,-0.15438521,2014,D4,Safety and order,787
17031260300,-0.15447289,2014,D4,Safety and order,787
17031260500,-0.15467453,2014,D4,Safety and order,787
17031260600,-0.15303743,2014,D4,Safety and order,787
17031260700,-0.15370539,2014,D4,Safety and order,787
17031260800,-0.15608722,2014,D4,Safety and order,787
17031050700,-0.08205272,2014,D4,Safety and order,787
17031050900,-0.15383045,2014,D4,Safety and order,787
17031051000,-0.15401192,2014,D4,Safety and order,787
17031051100,-0.1527625,2014,D4,Safety and order,787
17031051200,-0.08146016,2014,D4,Safety and order,787
17031170900,-0.1340735,2014,D4,Safety and order,787
17031171000,-0.13959612,2014,D4,Safety and order,787
17031171100,-0.1563671,2014,D4,Safety and order,787
17031180100,-0.17721263,2014,D4,Safety and order,787
17031190100,-0.18889001,2014,D4,Safety and order,787
17031222200,-0.2078782,2014,D4,Safety and order,787
17031222500,-0.20821932,2014,D4,Safety and order,787
17031222600,-0.207769,2014,D4,Safety and order,787
17031251500,-0.1585532,2014,D4,Safety and order,787
17031251600,-0.1575872,2014,D4,Safety and order,787
17031251700,-0.15391275,2014,D4,Safety and order,787
17031251800,-0.15406866,2014,D4,Safety and order,787
17031251900,-0.15841094,2014,D4,Safety and order,787
17031252000,-0.15566605,2014,D4,Safety and order,787
17031130300,-0.15548748,2014,D4,Safety and order,787
17031190200,-0.1933935,2014,D4,Safety and order,787
17031190300,-0.19371076,2014,D4,Safety and order,787
17031190800,-0.19336969,2014,D4,Safety and order,787
17031260100,-0.15786102,2014,D4,Safety and order,787
17031260200,-0.15495779,2014,D4,Safety and order,787
17031530100,-0.03925208,2014,D4,Safety and order,787
17031061800,-0.10146377,2014,D4,Safety and order,787
17031823400,,2014,D4,Safety and order,787
17031821500,,2014,D4,Safety and order,787
17031410200,-0.14375994,2014,D4,Safety and order,787
17031222900,-0.193109,2014,D4,Safety and order,787
17031241000,-0.19838381,2014,D4,Safety and order,787
17031190900,-0.19112195,2014,D4,Safety and order,787
17031191200,-0.19376767,2014,D4,Safety and order,787
17031200100,-0.19108188,2014,D4,Safety and order,787
17031200200,-0.19279543,2014,D4,Safety and order,787
17031200300,-0.19317892,2014,D4,Safety and order,787
17031222700,-0.19257526,2014,D4,Safety and order,787
17031230100,-0.20807093,2014,D4,Safety and order,787
17031230200,-0.21006526,2014,D4,Safety and order,787
17031230300,-0.20993201,2014,D4,Safety and order,787
17031230400,-0.19054711,2014,D4,Safety and order,787
17031230500,-0.19272317,2014,D4,Safety and order,787
17031351100,-0.10392198,2014,D4,Safety and order,787
17031807600,,2014,D4,Safety and order,787
17031770500,,2014,D4,Safety and order,787
17031611700,-0.08673833,2014,D4,Safety and order,787
17031300500,-0.12453246,2014,D4,Safety and order,787
17031381500,-0.07459067,2014,D4,Safety and order,787
17031420500,-0.042482845,2014,D4,Safety and order,787
17031811500,,2014,D4,Safety and order,787
17031081500,-0.13377428,2014,D4,Safety and order,787
17031081600,-0.13402887,2014,D4,Safety and order,787
17031081700,-0.13382517,2014,D4,Safety and order,787
17031081800,-0.13389538,2014,D4,Safety and order,787
17031081900,-0.13842031,2014,D4,Safety and order,787
17031222800,-0.19280703,2014,D4,Safety and order,787
17031050800,-0.15257771,2014,D4,Safety and order,787
17031210100,-0.15230432,2014,D4,Safety and order,787
17031210400,-0.19330788,2014,D4,Safety and order,787
17031230700,-0.19448817,2014,D4,Safety and order,787
17031230800,-0.19848739,2014,D4,Safety and order,787
17031230900,-0.19495946,2014,D4,Safety and order,787
17031820502,,2014,D4,Safety and order,787
17031820901,,2014,D4,Safety and order,787
17031550200,-0.03934178,2014,D4,Safety and order,787
17031823200,,2014,D4,Safety and order,787
17031823304,,2014,D4,Safety and order,787
17031670500,-0.087094784,2014,D4,Safety and order,787
17031820700,,2014,D4,Safety and order,787
17031580800,-0.123922884,2014,D4,Safety and order,787
17031380700,-0.074856475,2014,D4,Safety and order,787
17031230600,-0.18081202,2014,D4,Safety and order,787
17031242300,-0.18006335,2014,D4,Safety and order,787
17031242200,-0.13785596,2014,D4,Safety and order,787
17031032100,-0.09932487,2014,D4,Safety and order,787
17031811701,,2014,D4,Safety and order,787
17031820800,,2014,D4,Safety and order,787
17031300800,-0.12448321,2014,D4,Safety and order,787
17031060900,-0.10128649,2014,D4,Safety and order,787
17031061000,-0.10106126,2014,D4,Safety and order,787
17031210700,-0.19072913,2014,D4,Safety and order,787
17031291600,-0.122699544,2014,D4,Safety and order,787
17031400400,-0.07520813,2014,D4,Safety and order,787
17031191100,-0.19230452,2014,D4,Safety and order,787
17031120100,-0.15716079,2014,D4,Safety and order,787
17031611200,-0.08514494,2014,D4,Safety and order,787
17031300900,-0.124233425,2014,D4,Safety and order,787
17031061100,-0.10097004,2014,D4,Safety and order,787
17031061500,-0.10112092,2014,D4,Safety and order,787
17031062000,-0.1007797,2014,D4,Safety and order,787
17031062100,-0.10024927,2014,D4,Safety and order,787
17031062200,-0.10085294,2014,D4,Safety and order,787
17031090200,-0.15942164,2014,D4,Safety and order,787
17031090100,-0.159606,2014,D4,Safety and order,787
17031826401,,2014,D4,Safety and order,787
17031260400,-0.15423724,2014,D4,Safety and order,787
17031351500,-0.10462925,2014,D4,Safety and order,787
17031811200,,2014,D4,Safety and order,787
17031770800,,2014,D4,Safety and order,787
17031210800,-0.1912962,2014,D4,Safety and order,787
17031210900,-0.19018528,2014,D4,Safety and order,787
17031081100,-0.13361354,2014,D4,Safety and order,787
17031241200,-0.19483723,2014,D4,Safety and order,787
17031031200,-0.081663445,2014,D4,Safety and order,787
17031062500,-0.10021085,2014,D4,Safety and order,787
17031062600,-0.13727538,2014,D4,Safety and order,787
17031062700,-0.13683717,2014,D4,Safety and order,787
17031062800,-0.13785845,2014,D4,Safety and order,787
17031062900,-0.1003114,2014,D4,Safety and order,787
17031063000,-0.098744765,2014,D4,Safety and order,787
17031062400,-0.10113698,2014,D4,Safety and order,787
17031063100,-0.10018396,2014,D4,Safety and order,787
17031063400,-0.13731945,2014,D4,Safety and order,787
17031090300,-0.15825576,2014,D4,Safety and order,787
17031100100,-0.15708059,2014,D4,Safety and order,787
17031100300,-0.15731826,2014,D4,Safety and order,787
17031140100,-0.15433706,2014,D4,Safety and order,787
17031140200,-0.15416737,2014,D4,Safety and order,787
17031140400,-0.15521234,2014,D4,Safety and order,787
17031140500,-0.15521118,2014,D4,Safety and order,787
17031242700,-0.195605,2014,D4,Safety and order,787
17031070200,-0.13551874,2014,D4,Safety and order,787
17031070300,-0.13729471,2014,D4,Safety and order,787
17031070400,-0.13740158,2014,D4,Safety and order,787
17031070500,-0.13463283,2014,D4,Safety and order,787
17031070600,-0.13733691,2014,D4,Safety and order,787
17031070700,-0.13569684,2014,D4,Safety and order,787
17031100400,-0.15699682,2014,D4,Safety and order,787
17031100600,-0.1581046,2014,D4,Safety and order,787
17031100700,-0.15719514,2014,D4,Safety and order,787
17031110200,-0.15687218,2014,D4,Safety and order,787
17031150200,-0.15512441,2014,D4,Safety and order,787
17031150300,-0.15594842,2014,D4,Safety and order,787
17031140800,-0.15372829,2014,D4,Safety and order,787
17031231200,-0.19843806,2014,D4,Safety and order,787
17031231100,-0.19839966,2014,D4,Safety and order,787
17031242400,-0.193645,2014,D4,Safety and order,787
17031242500,-0.19449784,2014,D4,Safety and order,787
17031120200,-0.15668017,2014,D4,Safety and order,787
17031120300,-0.15575275,2014,D4,Safety and order,787
17031120400,-0.15563773,2014,D4,Safety and order,787
17031231500,-0.18845148,2014,D4,Safety and order,787
17031071100,-0.13737443,2014,D4,Safety and order,787
17031071000,-0.13769425,2014,D4,Safety and order,787
17031071200,-0.13373666,2014,D4,Safety and order,787
17031071300,-0.13832697,2014,D4,Safety and order,787
17031110300,-0.1575362,2014,D4,Safety and order,787
17031220300,-0.19034845,2014,D4,Safety and order,787
17031220400,-0.19053361,2014,D4,Safety and order,787
17031220500,-0.18946707,2014,D4,Safety and order,787
17031240300,-0.13766205,2014,D4,Safety and order,787
17031240500,-0.2070794,2014,D4,Safety and order,787
17031060400,-0.082448,2014,D4,Safety and order,787
17031060500,-0.10039634,2014,D4,Safety and order,787
17031240800,-0.2096099,2014,D4,Safety and order,787
17031240600,-0.20773089,2014,D4,Safety and order,787
17031240700,-0.20924854,2014,D4,Safety and order,787
17031240900,-0.19427249,2014,D4,Safety and order,787
17031242600,-0.1939844,2014,D4,Safety and order,787
17031310600,-0.10368883,2014,D4,Safety and order,787
17031310700,-0.08365656,2014,D4,Safety and order,787
17031310800,-0.08335191,2014,D4,Safety and order,787
17031020602,-0.15521494,2014,D4,Safety and order,787
17031310900,-0.08402949,2014,D4,Safety and order,787
17031510100,-0.040359363,2014,D4,Safety and order,787
17031510200,-0.040450107,2014,D4,Safety and order,787
17031561100,-0.12408696,2014,D4,Safety and order,787
17031190701,-0.19393805,2014,D4,Safety and order,787
17031020901,-0.1555726,2014,D4,Safety and order,787
17031010202,-0.08318006,2014,D4,Safety and order,787
17031570100,-0.11983186,2014,D4,Safety and order,787
17031570200,-0.12353793,2014,D4,Safety and order,787
17031570300,-0.12220795,2014,D4,Safety and order,787
17031570400,-0.12159756,2014,D4,Safety and order,787
17031570500,-0.122138426,2014,D4,Safety and order,787
17031690400,-0.040257957,2014,D4,Safety and order,787
17031691300,-0.040216915,2014,D4,Safety and order,787
17031691400,-0.04045784,2014,D4,Safety and order,787
17031691500,-0.039789226,2014,D4,Safety and order,787
17031320100,-0.13854317,2014,D4,Safety and order,787
17031320400,-0.13376692,2014,D4,Safety and order,787
17031580100,-0.12151677,2014,D4,Safety and order,787
17031580200,-0.12363847,2014,D4,Safety and order,787
17031580300,-0.12222228,2014,D4,Safety and order,787
17031580400,-0.121537454,2014,D4,Safety and order,787
17031580600,-0.12117312,2014,D4,Safety and order,787
17031580700,-0.12386879,2014,D4,Safety and order,787
17031681300,-0.040906936,2014,D4,Safety and order,787
17031681400,-0.039756056,2014,D4,Safety and order,787
17031690300,-0.04134993,2014,D4,Safety and order,787
17031690500,-0.04080473,2014,D4,Safety and order,787
17031690900,-0.040617913,2014,D4,Safety and order,787
17031691000,-0.04053098,2014,D4,Safety and order,787
17031700100,-0.07268147,2014,D4,Safety and order,787
17031700200,-0.0859572,2014,D4,Safety and order,787
17031320600,-0.100367576,2014,D4,Safety and order,787
17031330100,-0.10507439,2014,D4,Safety and order,787
17031330200,-0.10459021,2014,D4,Safety and order,787
17031590500,-0.12300589,2014,D4,Safety and order,787
17031590600,-0.04950429,2014,D4,Safety and order,787
17031671200,-0.03948545,2014,D4,Safety and order,787
17031671100,-0.039872773,2014,D4,Safety and order,787
17031671300,-0.039372403,2014,D4,Safety and order,787
17031671500,-0.039097454,2014,D4,Safety and order,787
17031671600,-0.03953997,2014,D4,Safety and order,787
17031671800,-0.040488772,2014,D4,Safety and order,787
17031671900,-0.040251996,2014,D4,Safety and order,787
17031710100,-0.040737897,2014,D4,Safety and order,787
17031710200,-0.040092442,2014,D4,Safety and order,787
17031710400,-0.038835716,2014,D4,Safety and order,787
17031710500,-0.038493037,2014,D4,Safety and order,787
17031710600,-0.039027244,2014,D4,Safety and order,787
17031710800,-0.03930213,2014,D4,Safety and order,787
17031340300,-0.105312854,2014,D4,Safety and order,787
17031340500,-0.10525552,2014,D4,Safety and order,787
17031340600,-0.082256645,2014,D4,Safety and order,787
17031430200,-0.04155104,2014,D4,Safety and order,787
17031430300,-0.04123136,2014,D4,Safety and order,787
17031510300,-0.04005105,2014,D4,Safety and order,787
17031520100,-0.04105871,2014,D4,Safety and order,787
17031590700,-0.048081174,2014,D4,Safety and order,787
17031600400,-0.10351141,2014,D4,Safety and order,787
17031813801,-0.12409782,2014,D4,Safety and order,787
17031830600,-0.0813717,2014,D4,Safety and order,787
17031830800,-0.078576,2014,D4,Safety and order,787
17031830700,-0.07836341,2014,D4,Safety and order,787
17031830900,-0.20604348,2014,D4,Safety and order,787
17031835200,-0.12126937,2014,D4,Safety and order,787
17031839900,-0.04752928,2014,D4,Safety and order,787
17031839700,-0.04868964,2014,D4,Safety and order,787
17031839800,-0.08365388,2014,D4,Safety and order,787
17031834800,-0.07436383,2014,D4,Safety and order,787
17031834700,-0.07631341,2014,D4,Safety and order,787
17031832000,-0.10042463,2014,D4,Safety and order,787
17031832500,-0.13453351,2014,D4,Safety and order,787
17031832300,-0.13416976,2014,D4,Safety and order,787
17031838300,-0.13772503,2014,D4,Safety and order,787
17031831800,-0.15400375,2014,D4,Safety and order,787
17031831700,-0.15579294,2014,D4,Safety and order,787
17031835100,-0.11978357,2014,D4,Safety and order,787
17031835000,-0.08512498,2014,D4,Safety and order,787
17031843700,-0.15183799,2014,D4,Safety and order,787
17031220702,-0.19009408,2014,D4,Safety and order,787
17031842100,-0.15287033,2014,D4,Safety and order,787
17031843300,-0.1223309,2014,D4,Safety and order,787
17031831100,-0.15219115,2014,D4,Safety and order,787
17031831500,-0.16824941,2014,D4,Safety and order,787
17031831600,-0.17149416,2014,D4,Safety and order,787
17031831200,-0.1929638,2014,D4,Safety and order,787
17031831000,-0.13779344,2014,D4,Safety and order,787
17031843000,-0.12450406,2014,D4,Safety and order,787
17031843100,-0.12267204,2014,D4,Safety and order,787
17031842900,-0.08206834,2014,D4,Safety and order,787
17031843500,-0.12109764,2014,D4,Safety and order,787
17031842000,-0.10130606,2014,D4,Safety and order,787
17031770901,,2014,D4,Safety and order,787
17031832400,-0.20775485,2014,D4,Safety and order,787
17031832900,-0.10505284,2014,D4,Safety and order,787
17031840300,-0.12326047,2014,D4,Safety and order,787
17031838600,-0.12421949,2014,D4,Safety and order,787
17031839600,-0.10439411,2014,D4,Safety and order,787
17031834900,-0.040676586,2014,D4,Safety and order,787
17031030603,-0.08277466,2014,D4,Safety and order,787
17031832200,-0.20755371,2014,D4,Safety and order,787
17031836700,-0.1937449,2014,D4,Safety and order,787
17031836800,-0.18826209,2014,D4,Safety and order,787
17031836600,-0.19789921,2014,D4,Safety and order,787
17031833000,-0.13404927,2014,D4,Safety and order,787
17031842500,-0.040602475,2014,D4,Safety and order,787
17031841800,-0.041154772,2014,D4,Safety and order,787
17031980100,,2014,D4,Safety and order,787
17031842800,-0.12018086,2014,D4,Safety and order,787
17031843800,-0.07587087,2014,D4,Safety and order,787
17031841000,-0.10077455,2014,D4,Safety and order,787
17031836500,-0.10424884,2014,D4,Safety and order,787
17031843900,-0.063228935,2014,D4,Safety and order,787
17031834200,-0.040727705,2014,D4,Safety and order,787
17031842200,-0.13388243,2014,D4,Safety and order,787
17031838000,-0.19804765,2014,D4,Safety and order,787
17031010702,-0.08262264,2014,D4,Safety and order,787
17031010503,-0.082316935,2014,D4,Safety and order,787
17031010502,-0.083826005,2014,D4,Safety and order,787
17031010701,-0.08410628,2014,D4,Safety and order,787
17031020902,-0.08206564,2014,D4,Safety and order,787
17031020302,-0.15517882,2014,D4,Safety and order,787
17031020601,-0.15622193,2014,D4,Safety and order,787
17031020301,-0.15639149,2014,D4,Safety and order,787
17031760803,-0.14099564,2014,D4,Safety and order,787
17031530501,-0.037427798,2014,D4,Safety and order,787
17031530503,-0.037337165,2014,D4,Safety and order,787
17031650301,-0.08651062,2014,D4,Safety and order,787
17031650302,-0.08641491,2014,D4,Safety and order,787
17031530502,-0.039460182,2014,D4,Safety and order,787
17031831300,-0.18140975,2014,D4,Safety and order,787
17031831400,-0.120845586,2014,D4,Safety and order,787
17031837000,-0.19225375,2014,D4,Safety and order,787
17031842400,-0.038671117,2014,D4,Safety and order,787
17031832100,-0.101353996,2014,D4,Safety and order,787
17031020802,-0.15484796,2014,D4,Safety and order,787
17031020702,-0.15558125,2014,D4,Safety and order,787
17031020801,-0.15551311,2014,D4,Safety and order,787
17031040202,-0.1543225,2014,D4,Safety and order,787
17031040201,-0.15401569,2014,D4,Safety and order,787
17031040402,-0.08327623,2014,D4,Safety and order,787
17031031501,-0.08083288,2014,D4,Safety and order,787
17031081201,-0.13377087,2014,D4,Safety and order,787
17031063301,-0.13789247,2014,D4,Safety and order,787
17031490901,-0.03870043,2014,D4,Safety and order,787
17031490902,-0.038703606,2014,D4,Safety and order,787
17031301801,-0.12477123,2014,D4,Safety and order,787
17031700301,-0.08421367,2014,D4,Safety and order,787
17031301702,-0.12219045,2014,D4,Safety and order,787
17031700401,-0.072170794,2014,D4,Safety and order,787
17031837100,-0.19774716,2014,D4,Safety and order,787
17031837400,-0.15562457,2014,D4,Safety and order,787
17031837800,-0.19125748,2014,D4,Safety and order,787
17031837300,-0.12366959,2014,D4,Safety and order,787
17031841500,-0.12090147,2014,D4,Safety and order,787
17031838700,-0.12281926,2014,D4,Safety and order,787
17031150501,-0.15730056,2014,D4,Safety and order,787
17031150401,-0.15709242,2014,D4,Safety and order,787
17031150502,-0.1570927,2014,D4,Safety and order,787
17031110502,-0.15546438,2014,D4,Safety and order,787
17031150402,-0.15657592,2014,D4,Safety and order,787
17031140302,-0.15492629,2014,D4,Safety and order,787
17031140301,-0.1556414,2014,D4,Safety and order,787
17031700302,-0.08609501,2014,D4,Safety and order,787
17031580501,-0.12398337,2014,D4,Safety and order,787
17031580502,-0.12195578,2014,D4,Safety and order,787
17031730201,-0.038515955,2014,D4,Safety and order,787
17031301802,-0.12269023,2014,D4,Safety and order,787
17031440101,-0.0416131,2014,D4,Safety and order,787
17031301701,-0.12090049,2014,D4,Safety and order,787
17031839100,-0.13378938,2014,D4,Safety and order,787
17031833100,-0.13386372,2014,D4,Safety and order,787
17031838100,-0.13405752,2014,D4,Safety and order,787
17031833300,-0.10351797,2014,D4,Safety and order,787
17031838200,-0.08194034,2014,D4,Safety and order,787
17031140702,-0.15519002,2014,D4,Safety and order,787
17031140602,-0.1553133,2014,D4,Safety and order,787
17031140701,-0.15471882,2014,D4,Safety and order,787
17031160502,-0.15541035,2014,D4,Safety and order,787
17031160602,-0.15440537,2014,D4,Safety and order,787
17031151002,-0.1538689,2014,D4,Safety and order,787
17031151001,-0.15587628,2014,D4,Safety and order,787
17031190402,-0.19396242,2014,D4,Safety and order,787
17031431301,-0.041647293,2014,D4,Safety and order,787
17031431302,-0.04168518,2014,D4,Safety and order,787
17031460302,-0.04146789,2014,D4,Safety and order,787
17031460301,-0.041587994,2014,D4,Safety and order,787
17031700501,-0.072516955,2014,D4,Safety and order,787
17031700502,-0.07176889,2014,D4,Safety and order,787
17031210601,-0.15443113,2014,D4,Safety and order,787
17031841100,-0.102497585,2014,D4,Safety and order,787
17031840200,-0.084261164,2014,D4,Safety and order,787
17031841300,-0.119468726,2014,D4,Safety and order,787
17031840700,-0.124121904,2014,D4,Safety and order,787
17031841600,-0.12467893,2014,D4,Safety and order,787
17031841700,-0.12413453,2014,D4,Safety and order,787
17031190602,-0.19380058,2014,D4,Safety and order,787
17031190401,-0.19398355,2014,D4,Safety and order,787
17031190702,-0.19375938,2014,D4,Safety and order,787
17031191302,-0.16802615,2014,D4,Safety and order,787
17031190601,-0.17424318,2014,D4,Safety and order,787
17031191301,-0.17040406,2014,D4,Safety and order,787
17031200402,-0.19217461,2014,D4,Safety and order,787
17031200401,-0.19233336,2014,D4,Safety and order,787
17031220902,-0.18950538,2014,D4,Safety and order,787
17031210501,-0.15329161,2014,D4,Safety and order,787
17031160601,-0.15418899,2014,D4,Safety and order,787
17031061901,-0.10096036,2014,D4,Safety and order,787
17031840800,-0.12456376,2014,D4,Safety and order,787
17031030703,-0.08255096,2014,D4,Safety and order,787
17031030702,-0.081225164,2014,D4,Safety and order,787
17031440102,-0.040541902,2014,D4,Safety and order,787
17031440202,-0.039944768,2014,D4,Safety and order,787
17031841400,-0.12486649,2014,D4,Safety and order,787
17031830500,-0.12061526,2014,D4,Safety and order,787
17031840100,-0.10439609,2014,D4,Safety and order,787
17031840400,-0.04707022,2014,D4,Safety and order,787
17031839200,-0.10177575,2014,D4,Safety and order,787
17031835500,-0.046705253,2014,D4,Safety and order,787
17031030604,-0.07933983,2014,D4,Safety and order,787
17031031502,-0.08258673,2014,D4,Safety and order,787
17031081402,-0.13370478,2014,D4,Safety and order,787
17031080201,-0.13739789,2014,D4,Safety and order,787
17031760802,-0.13585123,2014,D4,Safety and order,787
17031140601,-0.15561494,2014,D4,Safety and order,787
17031070102,-0.13679089,2014,D4,Safety and order,787
17031210502,-0.19058125,2014,D4,Safety and order,787
17031540102,-0.039275933,2014,D4,Safety and order,787
17031700402,-0.072775275,2014,D4,Safety and order,787
17031030800,-0.0825221,2014,D4,Safety and order,787
17031031100,-0.08156727,2014,D4,Safety and order,787
17031812100,,2014,D4,Safety and order,787
17031821900,,2014,D4,Safety and order,787
17031822000,,2014,D4,Safety and order,787
17031822101,,2014,D4,Safety and order,787
17031031300,-0.081871815,2014,D4,Safety and order,787
17031031900,-0.08235674,2014,D4,Safety and order,787
17031813500,-0.12479713,2014,D4,Safety and order,787
17031822701,,2014,D4,Safety and order,787
17031822702,,2014,D4,Safety and order,787
17031822801,,2014,D4,Safety and order,787
17031814200,-0.12371583,2014,D4,Safety and order,787
17031823303,,2014,D4,Safety and order,787
17031823500,,2014,D4,Safety and order,787
17031160501,-0.15500912,2014,D4,Safety and order,787
17031040100,-0.15353607,2014,D4,Safety and order,787
17031040300,-0.15477927,2014,D4,Safety and order,787
17031825700,,2014,D4,Safety and order,787
17031611600,-0.08710955,2014,D4,Safety and order,787
17031340400,-0.10511729,2014,D4,Safety and order,787
17031770700,,2014,D4,Safety and order,787
17031430700,-0.06356149,2014,D4,Safety and order,787
17031808100,,2014,D4,Safety and order,787
17031191000,-0.19337776,2014,D4,Safety and order,787
17031560400,-0.12395617,2014,D4,Safety and order,787
17031710700,-0.039238658,2014,D4,Safety and order,787
17031550100,-0.039213434,2014,D4,Safety and order,787
17031283200,-0.10467929,2014,D4,Safety and order,787
17031100500,-0.15742896,2014,D4,Safety and order,787
17031710300,-0.03993821,2014,D4,Safety and order,787
17043840801,,2014,D4,Safety and order,787
17031010300,-0.08372532,2019,D4,Safety and order,855
17031010600,-0.08404948,2019,D4,Safety and order,855
17031020100,-0.15797259,2019,D4,Safety and order,855
17031280800,-0.19349584,2019,D4,Safety and order,855
17031420300,-0.037947837,2019,D4,Safety and order,855
17031806600,-0.16146559,2019,D4,Safety and order,855
17031100200,-0.1596469,2019,D4,Safety and order,855
17031020200,-0.15792234,2019,D4,Safety and order,855
17031130200,-0.15632701,2019,D4,Safety and order,855
17031020400,-0.1573321,2019,D4,Safety and order,855
17031080202,-0.13438135,2019,D4,Safety and order,855
17031240200,-0.1351625,2019,D4,Safety and order,855
17031611800,-0.083688214,2019,D4,Safety and order,855
17031811600,-0.13980635,2019,D4,Safety and order,855
17031060200,-0.08013267,2019,D4,Safety and order,855
17031221200,-0.19212663,2019,D4,Safety and order,855
17031826500,-0.03367391,2019,D4,Safety and order,855
17031061200,-0.09744248,2019,D4,Safety and order,855
17031808200,-0.16137241,2019,D4,Safety and order,855
17031030200,-0.08340572,2019,D4,Safety and order,855
17031030300,-0.084610745,2019,D4,Safety and order,855
17031030400,-0.08269466,2019,D4,Safety and order,855
17031030900,-0.08278719,2019,D4,Safety and order,855
17031031000,-0.08346744,2019,D4,Safety and order,855
17031980000,,2019,D4,Safety and order,855
17031600600,-0.07876301,2019,D4,Safety and order,855
17031811900,-0.16285309,2019,D4,Safety and order,855
17031420600,-0.03708836,2019,D4,Safety and order,855
17031110100,-0.15809503,2019,D4,Safety and order,855
17031031400,-0.09873679,2019,D4,Safety and order,855
17031040900,-0.15624443,2019,D4,Safety and order,855
17031050200,-0.15523978,2019,D4,Safety and order,855
17031050300,-0.1562887,2019,D4,Safety and order,855
17031071700,-0.13563111,2019,D4,Safety and order,855
17031031800,-0.08191601,2019,D4,Safety and order,855
17031031700,-0.08319554,2019,D4,Safety and order,855
17031610400,-0.082340166,2019,D4,Safety and order,855
17031822802,-0.07532297,2019,D4,Safety and order,855
17031050600,-0.08149076,2019,D4,Safety and order,855
17031050500,-0.15592033,2019,D4,Safety and order,855
17031071600,-0.13551758,2019,D4,Safety and order,855
17031671400,-0.035675302,2019,D4,Safety and order,855
17031490400,-0.03538326,2019,D4,Safety and order,855
17031062300,-0.09661193,2019,D4,Safety and order,855
17031630400,-0.127515,2019,D4,Safety and order,855
17031010100,-0.08423999,2019,D4,Safety and order,855
17031301200,-0.12832291,2019,D4,Safety and order,855
17031805402,-0.16192974,2019,D4,Safety and order,855
17031420800,-0.037982024,2019,D4,Safety and order,855
17031470100,-0.035785705,2019,D4,Safety and order,855
17031480100,-0.037094276,2019,D4,Safety and order,855
17031480200,-0.036944885,2019,D4,Safety and order,855
17031480300,-0.036815323,2019,D4,Safety and order,855
17031480400,-0.036165133,2019,D4,Safety and order,855
17031805502,-0.16163631,2019,D4,Safety and order,855
17031805600,-0.1617787,2019,D4,Safety and order,855
17031650400,-0.09128998,2019,D4,Safety and order,855
17031650500,-0.08980298,2019,D4,Safety and order,855
17031660400,-0.09196845,2019,D4,Safety and order,855
17031813400,-0.13016468,2019,D4,Safety and order,855
17031821401,-0.0334998,2019,D4,Safety and order,855
17031805702,-0.16176571,2019,D4,Safety and order,855
17031821402,-0.033373386,2019,D4,Safety and order,855
17031821600,-0.07689124,2019,D4,Safety and order,855
17031821700,-0.076671176,2019,D4,Safety and order,855
17031290900,-0.12953232,2019,D4,Safety and order,855
17031291200,-0.12913926,2019,D4,Safety and order,855
17031421200,-0.037604555,2019,D4,Safety and order,855
17031271500,-0.13085222,2019,D4,Safety and order,855
17031292200,-0.12869826,2019,D4,Safety and order,855
17031292400,-0.12862879,2019,D4,Safety and order,855
17031292500,-0.1283899,2019,D4,Safety and order,855
17031271800,-0.13059403,2019,D4,Safety and order,855
17031280100,-0.13148054,2019,D4,Safety and order,855
17031280400,-0.13127315,2019,D4,Safety and order,855
17031300600,-0.12626459,2019,D4,Safety and order,855
17031300700,-0.12871066,2019,D4,Safety and order,855
17031301100,-0.12967014,2019,D4,Safety and order,855
17031480500,-0.036721792,2019,D4,Safety and order,855
17031490300,-0.035829727,2019,D4,Safety and order,855
17031490500,-0.035939876,2019,D4,Safety and order,855
17031660500,-0.091853075,2019,D4,Safety and order,855
17031520200,-0.037032466,2019,D4,Safety and order,855
17031520300,-0.037123498,2019,D4,Safety and order,855
17031520400,-0.037326396,2019,D4,Safety and order,855
17031520500,-0.036632344,2019,D4,Safety and order,855
17031520600,-0.036404595,2019,D4,Safety and order,855
17031660600,-0.09224115,2019,D4,Safety and order,855
17031660700,-0.09173116,2019,D4,Safety and order,855
17031660800,-0.091839164,2019,D4,Safety and order,855
17031660900,-0.091187745,2019,D4,Safety and order,855
17031661000,-0.07877532,2019,D4,Safety and order,855
17031280900,-0.19315606,2019,D4,Safety and order,855
17031301600,-0.12878916,2019,D4,Safety and order,855
17031490600,-0.03532102,2019,D4,Safety and order,855
17031490700,-0.03455955,2019,D4,Safety and order,855
17031490800,-0.03566713,2019,D4,Safety and order,855
17031491000,-0.035079584,2019,D4,Safety and order,855
17031491100,-0.034808844,2019,D4,Safety and order,855
17031530200,-0.033981398,2019,D4,Safety and order,855
17031530300,-0.033627696,2019,D4,Safety and order,855
17031530400,-0.033325337,2019,D4,Safety and order,855
17031530600,-0.03432522,2019,D4,Safety and order,855
17031560100,-0.13002941,2019,D4,Safety and order,855
17031670200,-0.083757654,2019,D4,Safety and order,855
17031670300,-0.083967306,2019,D4,Safety and order,855
17031670400,-0.08418639,2019,D4,Safety and order,855
17031661100,-0.09220439,2019,D4,Safety and order,855
17031670100,-0.07159307,2019,D4,Safety and order,855
17031670600,-0.048386537,2019,D4,Safety and order,855
17031670700,-0.071350895,2019,D4,Safety and order,855
17031670800,-0.07160029,2019,D4,Safety and order,855
17031670900,-0.07181709,2019,D4,Safety and order,855
17031260900,-0.13091242,2019,D4,Safety and order,855
17031261000,-0.13107644,2019,D4,Safety and order,855
17031281900,-0.13155755,2019,D4,Safety and order,855
17031310200,-0.101273,2019,D4,Safety and order,855
17031310300,-0.10132964,2019,D4,Safety and order,855
17031310400,-0.10223941,2019,D4,Safety and order,855
17031310500,-0.10052149,2019,D4,Safety and order,855
17031491200,-0.0336251,2019,D4,Safety and order,855
17031491300,-0.03430442,2019,D4,Safety and order,855
17031491400,-0.034807216,2019,D4,Safety and order,855
17031500100,-0.035328217,2019,D4,Safety and order,855
17031500200,-0.035694793,2019,D4,Safety and order,855
17031500300,-0.034768,2019,D4,Safety and order,855
17031560200,-0.1287688,2019,D4,Safety and order,855
17031560300,-0.12872952,2019,D4,Safety and order,855
17031560700,-0.12778723,2019,D4,Safety and order,855
17031560800,-0.12842064,2019,D4,Safety and order,855
17031560900,-0.12865591,2019,D4,Safety and order,855
17031561000,-0.1257375,2019,D4,Safety and order,855
17031680600,-0.07152418,2019,D4,Safety and order,855
17031807800,-0.15875141,2019,D4,Safety and order,855
17031811100,-0.17660846,2019,D4,Safety and order,855
17031030500,-0.08375828,2019,D4,Safety and order,855
17031020500,-0.15732647,2019,D4,Safety and order,855
17031081300,-0.13146919,2019,D4,Safety and order,855
17031081000,-0.13120872,2019,D4,Safety and order,855
17031130100,-0.15679353,2019,D4,Safety and order,855
17043840000,-0.14266464,2019,D4,Safety and order,855
17031170200,-0.15865247,2019,D4,Safety and order,855
17031170300,-0.15870635,2019,D4,Safety and order,855
17031170400,-0.14124623,2019,D4,Safety and order,855
17031170500,-0.14166847,2019,D4,Safety and order,855
17031170600,-0.13952065,2019,D4,Safety and order,855
17031170700,-0.139125,2019,D4,Safety and order,855
17031170800,-0.1407736,2019,D4,Safety and order,855
17031251400,-0.16338544,2019,D4,Safety and order,855
17031260300,-0.16303456,2019,D4,Safety and order,855
17031260500,-0.16303372,2019,D4,Safety and order,855
17031260600,-0.16372338,2019,D4,Safety and order,855
17031260700,-0.16322032,2019,D4,Safety and order,855
17031260800,-0.16368435,2019,D4,Safety and order,855
17031050700,-0.084423624,2019,D4,Safety and order,855
17031050900,-0.15566213,2019,D4,Safety and order,855
17031051000,-0.15591209,2019,D4,Safety and order,855
17031051100,-0.15489052,2019,D4,Safety and order,855
17031051200,-0.08273314,2019,D4,Safety and order,855
17031390400,-0.1383513,2019,D4,Safety and order,855
17031381800,-0.07204111,2019,D4,Safety and order,855
17031381900,-0.07093064,2019,D4,Safety and order,855
17031390100,-0.100696914,2019,D4,Safety and order,855
17031390200,-0.13845274,2019,D4,Safety and order,855
17031390300,-0.10069074,2019,D4,Safety and order,855
17031390500,-0.13886753,2019,D4,Safety and order,855
17031390600,-0.13878411,2019,D4,Safety and order,855
17031812500,-0.1630797,2019,D4,Safety and order,855
17031440600,-0.035874087,2019,D4,Safety and order,855
17031440900,-0.036201946,2019,D4,Safety and order,855
17031440700,-0.03650728,2019,D4,Safety and order,855
17031440800,-0.03679333,2019,D4,Safety and order,855
17031630200,-0.12774119,2019,D4,Safety and order,855
17031630300,-0.124409474,2019,D4,Safety and order,855
17031630500,-0.12784208,2019,D4,Safety and order,855
17031630800,-0.12713794,2019,D4,Safety and order,855
17031630900,-0.12768696,2019,D4,Safety and order,855
17031640100,-0.089217186,2019,D4,Safety and order,855
17031640300,-0.08895007,2019,D4,Safety and order,855
17031750100,-0.03427495,2019,D4,Safety and order,855
17031750200,-0.034308024,2019,D4,Safety and order,855
17031750300,-0.07542432,2019,D4,Safety and order,855
17031750400,-0.073901854,2019,D4,Safety and order,855
17031750500,-0.03292817,2019,D4,Safety and order,855
17031282700,-0.15991835,2019,D4,Safety and order,855
17031282800,-0.15966028,2019,D4,Safety and order,855
17031400300,-0.07188022,2019,D4,Safety and order,855
17031400500,-0.072076835,2019,D4,Safety and order,855
17031400800,-0.037322924,2019,D4,Safety and order,855
17031410500,-0.07189847,2019,D4,Safety and order,855
17031410600,-0.09519118,2019,D4,Safety and order,855
17031460100,-0.06271711,2019,D4,Safety and order,855
17031450300,-0.036080554,2019,D4,Safety and order,855
17031460200,-0.03744448,2019,D4,Safety and order,855
17031640400,-0.09098225,2019,D4,Safety and order,855
17031640500,-0.090717696,2019,D4,Safety and order,855
17031640600,-0.09137638,2019,D4,Safety and order,855
17031640700,-0.09111877,2019,D4,Safety and order,855
17031640800,-0.09091596,2019,D4,Safety and order,855
17031650100,-0.09151441,2019,D4,Safety and order,855
17031650200,-0.09125237,2019,D4,Safety and order,855
17031750600,-0.03431942,2019,D4,Safety and order,855
17031812600,-0.1633373,2019,D4,Safety and order,855
17031820300,-0.12973306,2019,D4,Safety and order,855
17031820400,-0.1294048,2019,D4,Safety and order,855
17031820902,-0.09015013,2019,D4,Safety and order,855
17031283100,-0.101303644,2019,D4,Safety and order,855
17031283800,-0.101544335,2019,D4,Safety and order,855
17031410700,-0.13710684,2019,D4,Safety and order,855
17031410800,-0.13687967,2019,D4,Safety and order,855
17031411100,-0.09480776,2019,D4,Safety and order,855
17031411200,-0.09481703,2019,D4,Safety and order,855
17031460600,-0.03700551,2019,D4,Safety and order,855
17031460700,-0.037937764,2019,D4,Safety and order,855
17031460400,-0.037729885,2019,D4,Safety and order,855
17031460500,-0.037634693,2019,D4,Safety and order,855
17031461000,-0.036939338,2019,D4,Safety and order,855
17031813000,-0.16333485,2019,D4,Safety and order,855
17031813100,-0.13057125,2019,D4,Safety and order,855
17031821102,-0.091005035,2019,D4,Safety and order,855
17031420100,-0.06306382,2019,D4,Safety and order,855
17031420200,-0.07149993,2019,D4,Safety and order,855
17031420400,-0.038040526,2019,D4,Safety and order,855
17031420700,-0.038349353,2019,D4,Safety and order,855
17031030102,-0.08348852,2019,D4,Safety and order,855
17031030706,-0.084184505,2019,D4,Safety and order,855
17031030601,-0.084018484,2019,D4,Safety and order,855
17031063303,-0.13429481,2019,D4,Safety and order,855
17031252102,-0.1632699,2019,D4,Safety and order,855
17031220901,-0.19513759,2019,D4,Safety and order,855
17031210602,-0.19261606,2019,D4,Safety and order,855
17031220602,-0.19301632,2019,D4,Safety and order,855
17031220601,-0.19544278,2019,D4,Safety and order,855
17031040401,-0.15609598,2019,D4,Safety and order,855
17031252202,-0.16249295,2019,D4,Safety and order,855
17031833900,-0.037711516,2019,D4,Safety and order,855
17031836300,-0.13896734,2019,D4,Safety and order,855
17031834500,-0.07133877,2019,D4,Safety and order,855
17031835900,-0.10214388,2019,D4,Safety and order,855
17031836000,-0.100741066,2019,D4,Safety and order,855
17031836200,-0.068441525,2019,D4,Safety and order,855
17031834400,-0.037980713,2019,D4,Safety and order,855
17031834300,-0.037365295,2019,D4,Safety and order,855
17031110501,-0.15781836,2019,D4,Safety and order,855
17031030104,-0.08304845,2019,D4,Safety and order,855
17031081401,-0.13116115,2019,D4,Safety and order,855
17031770902,-0.14236072,2019,D4,Safety and order,855
17031430101,-0.061370336,2019,D4,Safety and order,855
17031252101,-0.12656255,2019,D4,Safety and order,855
17031010501,-0.08301608,2019,D4,Safety and order,855
17031020701,-0.1574436,2019,D4,Safety and order,855
17031010201,-0.0831092,2019,D4,Safety and order,855
17031760801,-0.15923321,2019,D4,Safety and order,855
17031839000,-0.098731734,2019,D4,Safety and order,855
17031440201,-0.036992848,2019,D4,Safety and order,855
17031540101,-0.034072794,2019,D4,Safety and order,855
17031834000,-0.035012927,2019,D4,Safety and order,855
17031832200,-0.2064986,2019,D4,Safety and order,855
17031836700,-0.19240138,2019,D4,Safety and order,855
17031836800,-0.1887074,2019,D4,Safety and order,855
17031836600,-0.19651103,2019,D4,Safety and order,855
17031833000,-0.13159077,2019,D4,Safety and order,855
17031842500,-0.036992572,2019,D4,Safety and order,855
17031841800,-0.03764922,2019,D4,Safety and order,855
17031980100,,2019,D4,Safety and order,855
17031842800,-0.12715259,2019,D4,Safety and order,855
17031843800,-0.0720588,2019,D4,Safety and order,855
17031841000,-0.09787375,2019,D4,Safety and order,855
17031843900,-0.06223312,2019,D4,Safety and order,855
17031834200,-0.037645645,2019,D4,Safety and order,855
17031842200,-0.13133316,2019,D4,Safety and order,855
17031838000,-0.19321501,2019,D4,Safety and order,855
17031010702,-0.08381137,2019,D4,Safety and order,855
17031010503,-0.082667336,2019,D4,Safety and order,855
17031010502,-0.08301508,2019,D4,Safety and order,855
17031010701,-0.08493784,2019,D4,Safety and order,855
17031020902,-0.08242544,2019,D4,Safety and order,855
17031020302,-0.15725319,2019,D4,Safety and order,855
17031020601,-0.1578166,2019,D4,Safety and order,855
17031020301,-0.157734,2019,D4,Safety and order,855
17031760803,-0.1418457,2019,D4,Safety and order,855
17031530501,-0.034093,2019,D4,Safety and order,855
17031530503,-0.033581603,2019,D4,Safety and order,855
17031650301,-0.09136065,2019,D4,Safety and order,855
17031650302,-0.08962408,2019,D4,Safety and order,855
17031530502,-0.03315595,2019,D4,Safety and order,855
17031831300,-0.18425122,2019,D4,Safety and order,855
17031831400,-0.12556876,2019,D4,Safety and order,855
17031837000,-0.1907937,2019,D4,Safety and order,855
17031842400,-0.03494145,2019,D4,Safety and order,855
17031832100,-0.09778429,2019,D4,Safety and order,855
17031020802,-0.15672764,2019,D4,Safety and order,855
17031020702,-0.1569897,2019,D4,Safety and order,855
17031020801,-0.15725371,2019,D4,Safety and order,855
17031040202,-0.15692192,2019,D4,Safety and order,855
17031040201,-0.15538333,2019,D4,Safety and order,855
17031040402,-0.083950445,2019,D4,Safety and order,855
17031031501,-0.082938865,2019,D4,Safety and order,855
17031081201,-0.13133012,2019,D4,Safety and order,855
17031063301,-0.13513188,2019,D4,Safety and order,855
17031490901,-0.03513159,2019,D4,Safety and order,855
17031490902,-0.035458364,2019,D4,Safety and order,855
17031301801,-0.12909584,2019,D4,Safety and order,855
17031700301,-0.09060021,2019,D4,Safety and order,855
17031301702,-0.1284893,2019,D4,Safety and order,855
17031700401,-0.07675972,2019,D4,Safety and order,855
17031837100,-0.1952823,2019,D4,Safety and order,855
17031837400,-0.15946044,2019,D4,Safety and order,855
17031837800,-0.19093156,2019,D4,Safety and order,855
17031837300,-0.13038486,2019,D4,Safety and order,855
17031841500,-0.1304076,2019,D4,Safety and order,855
17031838700,-0.12923147,2019,D4,Safety and order,855
17031150501,-0.15903279,2019,D4,Safety and order,855
17031150401,-0.15882692,2019,D4,Safety and order,855
17031150502,-0.15823613,2019,D4,Safety and order,855
17031110502,-0.15715912,2019,D4,Safety and order,855
17031150402,-0.1585767,2019,D4,Safety and order,855
17031140302,-0.15715104,2019,D4,Safety and order,855
17031140301,-0.15748376,2019,D4,Safety and order,855
17031700302,-0.09095605,2019,D4,Safety and order,855
17031580501,-0.12795027,2019,D4,Safety and order,855
17031580502,-0.12765479,2019,D4,Safety and order,855
17031730201,-0.034962606,2019,D4,Safety and order,855
17031301802,-0.12616107,2019,D4,Safety and order,855
17031440101,-0.03715507,2019,D4,Safety and order,855
17031301701,-0.12853388,2019,D4,Safety and order,855
17031839100,-0.13116178,2019,D4,Safety and order,855
17031833100,-0.1314086,2019,D4,Safety and order,855
17031838100,-0.13159484,2019,D4,Safety and order,855
17031833300,-0.09919945,2019,D4,Safety and order,855
17031838200,-0.07786976,2019,D4,Safety and order,855
17031140702,-0.15711913,2019,D4,Safety and order,855
17031140602,-0.15744355,2019,D4,Safety and order,855
17031140701,-0.15712023,2019,D4,Safety and order,855
17031160502,-0.15692122,2019,D4,Safety and order,855
17031160602,-0.15604666,2019,D4,Safety and order,855
17031151002,-0.1572787,2019,D4,Safety and order,855
17031151001,-0.15784489,2019,D4,Safety and order,855
17031190402,-0.19641864,2019,D4,Safety and order,855
17031431301,-0.03832141,2019,D4,Safety and order,855
17031431302,-0.038237073,2019,D4,Safety and order,855
17031460302,-0.03789652,2019,D4,Safety and order,855
17031460301,-0.03782621,2019,D4,Safety and order,855
17031700501,-0.077765234,2019,D4,Safety and order,855
17031700502,-0.07778475,2019,D4,Safety and order,855
17031210601,-0.15642653,2019,D4,Safety and order,855
17031160601,-0.15673126,2019,D4,Safety and order,855
17031841100,-0.09927187,2019,D4,Safety and order,855
17031840200,-0.078541495,2019,D4,Safety and order,855
17031841300,-0.12362908,2019,D4,Safety and order,855
17031840700,-0.12771252,2019,D4,Safety and order,855
17031841600,-0.1304906,2019,D4,Safety and order,855
17031841700,-0.12852027,2019,D4,Safety and order,855
17031190602,-0.19619144,2019,D4,Safety and order,855
17031190401,-0.19414425,2019,D4,Safety and order,855
17031190702,-0.19614273,2019,D4,Safety and order,855
17031191302,-0.17509384,2019,D4,Safety and order,855
17031190601,-0.17820919,2019,D4,Safety and order,855
17031191301,-0.17549196,2019,D4,Safety and order,855
17031200402,-0.19558382,2019,D4,Safety and order,855
17031200401,-0.19500253,2019,D4,Safety and order,855
17031220902,-0.19525892,2019,D4,Safety and order,855
17031210501,-0.15519361,2019,D4,Safety and order,855
17031061901,-0.09560451,2019,D4,Safety and order,855
17031840800,-0.12853523,2019,D4,Safety and order,855
17031030703,-0.08218683,2019,D4,Safety and order,855
17031030702,-0.08157396,2019,D4,Safety and order,855
17031440102,-0.037370406,2019,D4,Safety and order,855
17031440202,-0.03672129,2019,D4,Safety and order,855
17031841400,-0.13054305,2019,D4,Safety and order,855
17031830500,-0.12731428,2019,D4,Safety and order,855
17031840100,-0.10155441,2019,D4,Safety and order,855
17031840400,-0.046312615,2019,D4,Safety and order,855
17031839200,-0.09893302,2019,D4,Safety and order,855
17031835500,-0.047129095,2019,D4,Safety and order,855
17031030604,-0.08386589,2019,D4,Safety and order,855
17031031502,-0.08296084,2019,D4,Safety and order,855
17031081402,-0.13133083,2019,D4,Safety and order,855
17031080201,-0.13450952,2019,D4,Safety and order,855
17031760802,-0.14004086,2019,D4,Safety and order,855
17031140601,-0.15752488,2019,D4,Safety and order,855
17031070102,-0.13444501,2019,D4,Safety and order,855
17031210502,-0.19538052,2019,D4,Safety and order,855
17031540102,-0.033453625,2019,D4,Safety and order,855
17031700402,-0.077408314,2019,D4,Safety and order,855
17031030800,-0.083149925,2019,D4,Safety and order,855
17031031100,-0.08300926,2019,D4,Safety and order,855
17031812100,-0.16350369,2019,D4,Safety and order,855
17031821900,-0.075871356,2019,D4,Safety and order,855
17031822000,-0.07703797,2019,D4,Safety and order,855
17031822101,-0.076712556,2019,D4,Safety and order,855
17031031300,-0.08292737,2019,D4,Safety and order,855
17031031900,-0.08428467,2019,D4,Safety and order,855
17031813500,-0.1304597,2019,D4,Safety and order,855
17031822701,-0.07621226,2019,D4,Safety and order,855
17031822702,-0.075692944,2019,D4,Safety and order,855
17031822801,-0.07493569,2019,D4,Safety and order,855
17031814200,-0.12899078,2019,D4,Safety and order,855
17031823303,-0.07436384,2019,D4,Safety and order,855
17031823500,-0.07413324,2019,D4,Safety and order,855
17031160501,-0.15705022,2019,D4,Safety and order,855
17031040100,-0.15584958,2019,D4,Safety and order,855
17031040300,-0.1572296,2019,D4,Safety and order,855
17031825700,-0.035503894,2019,D4,Safety and order,855
17031611600,-0.08402674,2019,D4,Safety and order,855
17031340400,-0.10113783,2019,D4,Safety and order,855
17031770700,-0.13940239,2019,D4,Safety and order,855
17031430700,-0.06173032,2019,D4,Safety and order,855
17031808100,-0.1595627,2019,D4,Safety and order,855
17031191000,-0.19566366,2019,D4,Safety and order,855
17031170900,-0.13808596,2019,D4,Safety and order,855
17031171000,-0.13914694,2019,D4,Safety and order,855
17031171100,-0.15839976,2019,D4,Safety and order,855
17031180100,-0.17826924,2019,D4,Safety and order,855
17031190100,-0.19572583,2019,D4,Safety and order,855
17031222200,-0.20564878,2019,D4,Safety and order,855
17031222500,-0.20798993,2019,D4,Safety and order,855
17031222600,-0.20781611,2019,D4,Safety and order,855
17031251500,-0.16370544,2019,D4,Safety and order,855
17031251600,-0.16311324,2019,D4,Safety and order,855
17031251700,-0.16366506,2019,D4,Safety and order,855
17031251800,-0.16292208,2019,D4,Safety and order,855
17031251900,-0.16314417,2019,D4,Safety and order,855
17031252000,-0.16338027,2019,D4,Safety and order,855
17031130300,-0.1570347,2019,D4,Safety and order,855
17031821500,-0.033704337,2019,D4,Safety and order,855
17031190200,-0.1937707,2019,D4,Safety and order,855
17031190300,-0.19629148,2019,D4,Safety and order,855
17031190800,-0.19603553,2019,D4,Safety and order,855
17031260100,-0.1635146,2019,D4,Safety and order,855
17031260200,-0.1628012,2019,D4,Safety and order,855
17031530100,-0.03446372,2019,D4,Safety and order,855
17031061800,-0.09618769,2019,D4,Safety and order,855
17031823400,-0.07392071,2019,D4,Safety and order,855
17031410200,-0.14029194,2019,D4,Safety and order,855
17031222900,-0.19317147,2019,D4,Safety and order,855
17031241000,-0.1961953,2019,D4,Safety and order,855
17031200300,-0.19562362,2019,D4,Safety and order,855
17031190900,-0.19581383,2019,D4,Safety and order,855
17031191200,-0.19602175,2019,D4,Safety and order,855
17031200100,-0.19577904,2019,D4,Safety and order,855
17031200200,-0.19531593,2019,D4,Safety and order,855
17031222700,-0.1950601,2019,D4,Safety and order,855
17031230100,-0.20783328,2019,D4,Safety and order,855
17031230200,-0.20777741,2019,D4,Safety and order,855
17031230300,-0.20763873,2019,D4,Safety and order,855
17031230400,-0.19538948,2019,D4,Safety and order,855
17031230500,-0.1950032,2019,D4,Safety and order,855
17031351100,-0.100893006,2019,D4,Safety and order,855
17031807600,-0.15795928,2019,D4,Safety and order,855
17031770500,-0.14502081,2019,D4,Safety and order,855
17031081700,-0.13127995,2019,D4,Safety and order,855
17031611700,-0.0835662,2019,D4,Safety and order,855
17031300500,-0.12902686,2019,D4,Safety and order,855
17031381500,-0.07235235,2019,D4,Safety and order,855
17031420500,-0.037807778,2019,D4,Safety and order,855
17031811500,-0.13959396,2019,D4,Safety and order,855
17031081500,-0.1313664,2019,D4,Safety and order,855
17031081600,-0.13122733,2019,D4,Safety and order,855
17031081800,-0.13141622,2019,D4,Safety and order,855
17031081900,-0.13561942,2019,D4,Safety and order,855
17031222800,-0.19546127,2019,D4,Safety and order,855
17031050800,-0.15577719,2019,D4,Safety and order,855
17031210100,-0.15460835,2019,D4,Safety and order,855
17031210400,-0.19560483,2019,D4,Safety and order,855
17031230700,-0.19673249,2019,D4,Safety and order,855
17031230800,-0.19701403,2019,D4,Safety and order,855
17031230900,-0.19686635,2019,D4,Safety and order,855
17031823200,-0.07284138,2019,D4,Safety and order,855
17031820502,-0.09062663,2019,D4,Safety and order,855
17031820901,-0.08987421,2019,D4,Safety and order,855
17031550200,-0.034522712,2019,D4,Safety and order,855
17031823304,-0.07463406,2019,D4,Safety and order,855
17031820700,-0.12878585,2019,D4,Safety and order,855
17031670500,-0.08371652,2019,D4,Safety and order,855
17031580800,-0.12770922,2019,D4,Safety and order,855
17031380700,-0.072325975,2019,D4,Safety and order,855
17031230600,-0.18398392,2019,D4,Safety and order,855
17031242300,-0.1805436,2019,D4,Safety and order,855
17031242200,-0.13438267,2019,D4,Safety and order,855
17031032100,-0.09558077,2019,D4,Safety and order,855
17031811701,-0.13974543,2019,D4,Safety and order,855
17031820800,-0.12892292,2019,D4,Safety and order,855
17031300800,-0.12839717,2019,D4,Safety and order,855
17031060900,-0.097449765,2019,D4,Safety and order,855
17031061000,-0.09782693,2019,D4,Safety and order,855
17031210700,-0.1931599,2019,D4,Safety and order,855
17031291600,-0.12893906,2019,D4,Safety and order,855
17031400400,-0.07188694,2019,D4,Safety and order,855
17031560400,-0.1283615,2019,D4,Safety and order,855
17031710700,-0.035524122,2019,D4,Safety and order,855
17031550100,-0.035909213,2019,D4,Safety and order,855
17031283200,-0.10177453,2019,D4,Safety and order,855
17031100500,-0.15956485,2019,D4,Safety and order,855
17031220701,-0.19548108,2019,D4,Safety and order,855
17031063302,-0.13529381,2019,D4,Safety and order,855
17031252201,-0.16315146,2019,D4,Safety and order,855
17031660302,-0.12826325,2019,D4,Safety and order,855
17031660301,-0.092928246,2019,D4,Safety and order,855
17031730202,-0.03492345,2019,D4,Safety and order,855
17031813302,-0.12978266,2019,D4,Safety and order,855
17031813301,-0.13009053,2019,D4,Safety and order,855
17031835600,-0.07179486,2019,D4,Safety and order,855
17031840000,-0.078721136,2019,D4,Safety and order,855
17031835700,,2019,D4,Safety and order,855
17031836100,-0.0722546,2019,D4,Safety and order,855
17031834600,-0.07167401,2019,D4,Safety and order,855
17031843600,-0.13776524,2019,D4,Safety and order,855
17031810301,-0.15860717,2019,D4,Safety and order,855
17031221000,-0.19533756,2019,D4,Safety and order,855
17031221100,-0.19192632,2019,D4,Safety and order,855
17031242800,-0.19270182,2019,D4,Safety and order,855
17031242900,-0.1928803,2019,D4,Safety and order,855
17031243000,-0.13368636,2019,D4,Safety and order,855
17031243100,-0.13339897,2019,D4,Safety and order,855
17031243200,-0.1323469,2019,D4,Safety and order,855
17031243300,-0.13096066,2019,D4,Safety and order,855
17031243400,-0.13445668,2019,D4,Safety and order,855
17031110400,-0.15903631,2019,D4,Safety and order,855
17031150600,-0.15850489,2019,D4,Safety and order,855
17031150700,-0.15811993,2019,D4,Safety and order,855
17031150800,-0.15782312,2019,D4,Safety and order,855
17031151100,-0.15789603,2019,D4,Safety and order,855
17031151200,-0.15779606,2019,D4,Safety and order,855
17031241500,-0.13307056,2019,D4,Safety and order,855
17031241100,-0.19349809,2019,D4,Safety and order,855
17031241600,-0.13514629,2019,D4,Safety and order,855
17031241300,-0.19668826,2019,D4,Safety and order,855
17031241400,-0.13260984,2019,D4,Safety and order,855
17031243500,-0.13168815,2019,D4,Safety and order,855
17031250200,-0.19582577,2019,D4,Safety and order,855
17031250300,-0.17467837,2019,D4,Safety and order,855
17031250400,-0.1753162,2019,D4,Safety and order,855
17031250500,-0.17539266,2019,D4,Safety and order,855
17031071500,-0.13459006,2019,D4,Safety and order,855
17031071800,-0.1347557,2019,D4,Safety and order,855
17031080100,-0.134182,2019,D4,Safety and order,855
17031080300,-0.1316058,2019,D4,Safety and order,855
17031080400,-0.13428393,2019,D4,Safety and order,855
17031160100,-0.15791678,2019,D4,Safety and order,855
17031160200,-0.15632236,2019,D4,Safety and order,855
17031160300,-0.15737495,2019,D4,Safety and order,855
17031160400,-0.15685587,2019,D4,Safety and order,855
17031160700,-0.15513574,2019,D4,Safety and order,855
17031221300,-0.20584132,2019,D4,Safety and order,855
17031221500,-0.20568907,2019,D4,Safety and order,855
17031221400,-0.20495051,2019,D4,Safety and order,855
17031250600,-0.15998304,2019,D4,Safety and order,855
17031250700,-0.16343868,2019,D4,Safety and order,855
17031250800,-0.16277346,2019,D4,Safety and order,855
17031251000,-0.16038404,2019,D4,Safety and order,855
17031251100,-0.16335839,2019,D4,Safety and order,855
17031051400,-0.20576675,2019,D4,Safety and order,855
17031060100,-0.08384258,2019,D4,Safety and order,855
17031060300,-0.08225544,2019,D4,Safety and order,855
17031060800,-0.09614682,2019,D4,Safety and order,855
17031160800,-0.15660045,2019,D4,Safety and order,855
17031160900,-0.15662417,2019,D4,Safety and order,855
17031161000,-0.15656126,2019,D4,Safety and order,855
17031161100,-0.15667802,2019,D4,Safety and order,855
17031161200,-0.15684177,2019,D4,Safety and order,855
17031161300,-0.15611279,2019,D4,Safety and order,855
17031170100,-0.15788475,2019,D4,Safety and order,855
17031221600,-0.20395264,2019,D4,Safety and order,855
17031242100,-0.13483563,2019,D4,Safety and order,855
17031242000,-0.13422638,2019,D4,Safety and order,855
17031251200,-0.16375321,2019,D4,Safety and order,855
17031251300,-0.16016142,2019,D4,Safety and order,855
17031051300,-0.13516673,2019,D4,Safety and order,855
17031600700,-0.04783863,2019,D4,Safety and order,855
17031600900,-0.047305543,2019,D4,Safety and order,855
17031821200,-0.032852165,2019,D4,Safety and order,855
17031672000,-0.035489574,2019,D4,Safety and order,855
17031710900,-0.035713386,2019,D4,Safety and order,855
17031711000,-0.035510805,2019,D4,Safety and order,855
17031711100,-0.035320405,2019,D4,Safety and order,855
17031711200,-0.03489398,2019,D4,Safety and order,855
17031711500,-0.034895495,2019,D4,Safety and order,855
17031711300,-0.035000093,2019,D4,Safety and order,855
17031711400,-0.035279326,2019,D4,Safety and order,855
17031270500,-0.15978053,2019,D4,Safety and order,855
17031271200,-0.19343549,2019,D4,Safety and order,855
17031271300,-0.1635617,2019,D4,Safety and order,855
17031271400,-0.1632858,2019,D4,Safety and order,855
17031350100,-0.10139552,2019,D4,Safety and order,855
17031350400,-0.10181688,2019,D4,Safety and order,855
17031351000,-0.09974052,2019,D4,Safety and order,855
17031351400,-0.100623816,2019,D4,Safety and order,855
17031360200,-0.101439625,2019,D4,Safety and order,855
17031430400,-0.03773658,2019,D4,Safety and order,855
17031430600,-0.038439143,2019,D4,Safety and order,855
17031430800,-0.038103186,2019,D4,Safety and order,855
17031430500,-0.038042895,2019,D4,Safety and order,855
17031430900,-0.037993617,2019,D4,Safety and order,855
17031610300,-0.04727673,2019,D4,Safety and order,855
17031681000,-0.03662101,2019,D4,Safety and order,855
17031681100,-0.036451254,2019,D4,Safety and order,855
17031680500,-0.07163304,2019,D4,Safety and order,855
17031680900,-0.03748115,2019,D4,Safety and order,855
17031720100,-0.034295794,2019,D4,Safety and order,855
17031720200,-0.033877082,2019,D4,Safety and order,855
17031720300,-0.033797204,2019,D4,Safety and order,855
17031720400,-0.076001145,2019,D4,Safety and order,855
17031720500,-0.07564707,2019,D4,Safety and order,855
17031720600,-0.033830486,2019,D4,Safety and order,855
17031720700,-0.0341388,2019,D4,Safety and order,855
17031040600,-0.1556704,2019,D4,Safety and order,855
17031040700,-0.156571,2019,D4,Safety and order,855
17031040800,-0.15496519,2019,D4,Safety and order,855
17031825801,-0.03508996,2019,D4,Safety and order,855
17031380100,-0.10128753,2019,D4,Safety and order,855
17031380200,-0.10129682,2019,D4,Safety and order,855
17031431200,-0.037919417,2019,D4,Safety and order,855
17031810200,-0.1572483,2019,D4,Safety and order,855
17031050100,-0.08324747,2019,D4,Safety and order,855
17031610800,-0.08372281,2019,D4,Safety and order,855
17031611000,-0.072397485,2019,D4,Safety and order,855
17031611100,-0.08403893,2019,D4,Safety and order,855
17031611300,-0.08327523,2019,D4,Safety and order,855
17031611400,-0.083511695,2019,D4,Safety and order,855
17031611500,-0.1249782,2019,D4,Safety and order,855
17031611900,-0.082987495,2019,D4,Safety and order,855
17031681200,-0.03666895,2019,D4,Safety and order,855
17031810400,-0.16057436,2019,D4,Safety and order,855
17031810701,-0.17607439,2019,D4,Safety and order,855
17031810702,-0.17608698,2019,D4,Safety and order,855
17031810600,-0.1595913,2019,D4,Safety and order,855
17031691200,-0.03630779,2019,D4,Safety and order,855
17031691100,-0.036539584,2019,D4,Safety and order,855
17031730100,-0.035322305,2019,D4,Safety and order,855
17031730300,-0.034752585,2019,D4,Safety and order,855
17031730400,-0.034706596,2019,D4,Safety and order,855
17031730500,-0.035252284,2019,D4,Safety and order,855
17031730600,-0.03468854,2019,D4,Safety and order,855
17031380500,-0.04729848,2019,D4,Safety and order,855
17031381200,-0.07240288,2019,D4,Safety and order,855
17031381400,-0.07267817,2019,D4,Safety and order,855
17031381700,,2019,D4,Safety and order,855
17031440300,-0.036987774,2019,D4,Safety and order,855
17031810800,-0.17634884,2019,D4,Safety and order,855
17031810900,-0.17561643,2019,D4,Safety and order,855
17031612000,-0.083715595,2019,D4,Safety and order,855
17031612100,-0.07185528,2019,D4,Safety and order,855
17031620100,-0.12771006,2019,D4,Safety and order,855
17031620200,-0.1281002,2019,D4,Safety and order,855
17031620300,-0.12549105,2019,D4,Safety and order,855
17031620400,-0.12837459,2019,D4,Safety and order,855
17031630100,-0.08346843,2019,D4,Safety and order,855
17031810501,-0.14148301,2019,D4,Safety and order,855
17031810502,-0.1582144,2019,D4,Safety and order,855
17031812200,-0.16314855,2019,D4,Safety and order,855
17031826600,-0.033822533,2019,D4,Safety and order,855
17031730700,-0.034239493,2019,D4,Safety and order,855
17031740100,-0.073730715,2019,D4,Safety and order,855
17031740200,-0.075495526,2019,D4,Safety and order,855
17031740300,-0.07432622,2019,D4,Safety and order,855
17031740400,-0.07299166,2019,D4,Safety and order,855
17031191100,-0.19527897,2019,D4,Safety and order,855
17031120100,-0.159779,2019,D4,Safety and order,855
17031611200,-0.08281372,2019,D4,Safety and order,855
17031300900,-0.12585056,2019,D4,Safety and order,855
17031061100,-0.09666791,2019,D4,Safety and order,855
17031061500,-0.0962237,2019,D4,Safety and order,855
17031062000,-0.097979374,2019,D4,Safety and order,855
17031062100,-0.096664,2019,D4,Safety and order,855
17031062200,-0.097457886,2019,D4,Safety and order,855
17031090200,-0.1611966,2019,D4,Safety and order,855
17031090100,-0.16081247,2019,D4,Safety and order,855
17031826401,-0.034345105,2019,D4,Safety and order,855
17031260400,-0.16400276,2019,D4,Safety and order,855
17031351500,-0.101679355,2019,D4,Safety and order,855
17031811200,-0.17602941,2019,D4,Safety and order,855
17031770800,-0.13916096,2019,D4,Safety and order,855
17031210800,-0.19294125,2019,D4,Safety and order,855
17031210900,-0.19256274,2019,D4,Safety and order,855
17031081100,-0.13091409,2019,D4,Safety and order,855
17031063000,-0.09334677,2019,D4,Safety and order,855
17031241200,-0.19403067,2019,D4,Safety and order,855
17031031200,-0.08298686,2019,D4,Safety and order,855
17031062500,-0.096958324,2019,D4,Safety and order,855
17031062600,-0.1343467,2019,D4,Safety and order,855
17031062700,-0.13374037,2019,D4,Safety and order,855
17031062800,-0.13516451,2019,D4,Safety and order,855
17031062900,-0.0967869,2019,D4,Safety and order,855
17031062400,-0.09576759,2019,D4,Safety and order,855
17031063100,-0.09559435,2019,D4,Safety and order,855
17031063400,-0.13490184,2019,D4,Safety and order,855
17031090300,-0.15970764,2019,D4,Safety and order,855
17031100100,-0.15890622,2019,D4,Safety and order,855
17031100300,-0.16019481,2019,D4,Safety and order,855
17031140100,-0.15716994,2019,D4,Safety and order,855
17031140200,-0.15672453,2019,D4,Safety and order,855
17031140400,-0.15781425,2019,D4,Safety and order,855
17031140500,-0.15751445,2019,D4,Safety and order,855
17031242700,-0.19693653,2019,D4,Safety and order,855
17031070200,-0.13368636,2019,D4,Safety and order,855
17031070300,-0.13480194,2019,D4,Safety and order,855
17031070400,-0.13466462,2019,D4,Safety and order,855
17031070500,-0.13193075,2019,D4,Safety and order,855
17031070600,-0.13477798,2019,D4,Safety and order,855
17031070700,-0.13265124,2019,D4,Safety and order,855
17031100400,-0.15942042,2019,D4,Safety and order,855
17031100600,-0.15997061,2019,D4,Safety and order,855
17031100700,-0.15991816,2019,D4,Safety and order,855
17031110200,-0.15900606,2019,D4,Safety and order,855
17031150200,-0.1574092,2019,D4,Safety and order,855
17031150300,-0.15713513,2019,D4,Safety and order,855
17031140800,-0.15582362,2019,D4,Safety and order,855
17031231200,-0.19694488,2019,D4,Safety and order,855
17031231100,-0.1976439,2019,D4,Safety and order,855
17031242400,-0.19265865,2019,D4,Safety and order,855
17031242500,-0.19378342,2019,D4,Safety and order,855
17031120200,-0.15887256,2019,D4,Safety and order,855
17031120300,-0.15854731,2019,D4,Safety and order,855
17031120400,-0.15866111,2019,D4,Safety and order,855
17031231500,-0.19336237,2019,D4,Safety and order,855
17031071100,-0.13374649,2019,D4,Safety and order,855
17031071000,-0.13494349,2019,D4,Safety and order,855
17031071200,-0.13481899,2019,D4,Safety and order,855
17031071300,-0.13433807,2019,D4,Safety and order,855
17031110300,-0.1586159,2019,D4,Safety and order,855
17031220300,-0.19287916,2019,D4,Safety and order,855
17031220400,-0.192696,2019,D4,Safety and order,855
17031220500,-0.1929228,2019,D4,Safety and order,855
17031240300,-0.1348613,2019,D4,Safety and order,855
17031240500,-0.20490026,2019,D4,Safety and order,855
17031060400,-0.0810273,2019,D4,Safety and order,855
17031060500,-0.09621687,2019,D4,Safety and order,855
17031240800,-0.20758522,2019,D4,Safety and order,855
17031240600,-0.20753533,2019,D4,Safety and order,855
17031240700,-0.20787163,2019,D4,Safety and order,855
17031240900,-0.19142576,2019,D4,Safety and order,855
17031242600,-0.19259034,2019,D4,Safety and order,855
17031310600,-0.10005064,2019,D4,Safety and order,855
17031310700,-0.07913587,2019,D4,Safety and order,855
17031310800,-0.07886935,2019,D4,Safety and order,855
17031020602,-0.15657791,2019,D4,Safety and order,855
17031310900,-0.07876712,2019,D4,Safety and order,855
17031510100,-0.036836956,2019,D4,Safety and order,855
17031510200,-0.036863193,2019,D4,Safety and order,855
17031561100,-0.12887053,2019,D4,Safety and order,855
17031190701,-0.19621529,2019,D4,Safety and order,855
17031020901,-0.15725592,2019,D4,Safety and order,855
17031010202,-0.084439896,2019,D4,Safety and order,855
17031570100,-0.12719871,2019,D4,Safety and order,855
17031570200,-0.12728044,2019,D4,Safety and order,855
17031570300,-0.12778367,2019,D4,Safety and order,855
17031570400,-0.1280137,2019,D4,Safety and order,855
17031570500,-0.12796874,2019,D4,Safety and order,855
17031690400,-0.037165202,2019,D4,Safety and order,855
17031691300,-0.03686949,2019,D4,Safety and order,855
17031691400,-0.03707896,2019,D4,Safety and order,855
17031691500,-0.03730298,2019,D4,Safety and order,855
17031320100,-0.13607934,2019,D4,Safety and order,855
17031320400,-0.13124196,2019,D4,Safety and order,855
17031580100,-0.12779099,2019,D4,Safety and order,855
17031580200,-0.1280354,2019,D4,Safety and order,855
17031580300,-0.12817554,2019,D4,Safety and order,855
17031580400,-0.12795529,2019,D4,Safety and order,855
17031580600,-0.12792243,2019,D4,Safety and order,855
17031580700,-0.1277897,2019,D4,Safety and order,855
17031681300,-0.036485396,2019,D4,Safety and order,855
17031681400,-0.03625717,2019,D4,Safety and order,855
17031690300,-0.036369592,2019,D4,Safety and order,855
17031690500,-0.037305526,2019,D4,Safety and order,855
17031690900,-0.037349805,2019,D4,Safety and order,855
17031691000,-0.03708771,2019,D4,Safety and order,855
17031700100,-0.07787415,2019,D4,Safety and order,855
17031700200,-0.090722755,2019,D4,Safety and order,855
17031320600,-0.09753633,2019,D4,Safety and order,855
17031330100,-0.101965144,2019,D4,Safety and order,855
17031330200,-0.10067897,2019,D4,Safety and order,855
17031590500,-0.12759414,2019,D4,Safety and order,855
17031590600,-0.048377454,2019,D4,Safety and order,855
17031671200,-0.035305053,2019,D4,Safety and order,855
17031671100,-0.03549756,2019,D4,Safety and order,855
17031671300,-0.03588112,2019,D4,Safety and order,855
17031671500,-0.03553378,2019,D4,Safety and order,855
17031671600,-0.035924993,2019,D4,Safety and order,855
17031671800,-0.035251718,2019,D4,Safety and order,855
17031671900,-0.035813317,2019,D4,Safety and order,855
17031710100,-0.036267627,2019,D4,Safety and order,855
17031710200,-0.035769656,2019,D4,Safety and order,855
17031710400,-0.035448868,2019,D4,Safety and order,855
17031710500,-0.035094496,2019,D4,Safety and order,855
17031710600,-0.034703918,2019,D4,Safety and order,855
17031710800,-0.036028456,2019,D4,Safety and order,855
17031340300,-0.10170581,2019,D4,Safety and order,855
17031340500,-0.10196735,2019,D4,Safety and order,855
17031340600,-0.07634689,2019,D4,Safety and order,855
17031430200,-0.0380288,2019,D4,Safety and order,855
17031430300,-0.037976757,2019,D4,Safety and order,855
17031510300,-0.037195683,2019,D4,Safety and order,855
17031520100,-0.037884027,2019,D4,Safety and order,855
17031590700,-0.047410287,2019,D4,Safety and order,855
17031600400,-0.10090724,2019,D4,Safety and order,855
17031813801,-0.12947871,2019,D4,Safety and order,855
17031830600,-0.08183572,2019,D4,Safety and order,855
17031830800,-0.08376601,2019,D4,Safety and order,855
17031830700,-0.08028717,2019,D4,Safety and order,855
17031830900,-0.20603174,2019,D4,Safety and order,855
17031835200,-0.12685674,2019,D4,Safety and order,855
17031839900,-0.045293804,2019,D4,Safety and order,855
17031839700,-0.046597272,2019,D4,Safety and order,855
17031839800,-0.07862595,2019,D4,Safety and order,855
17031834800,-0.071724646,2019,D4,Safety and order,855
17031834700,-0.07182639,2019,D4,Safety and order,855
17031832000,-0.097134374,2019,D4,Safety and order,855
17031832500,-0.13149647,2019,D4,Safety and order,855
17031832300,-0.13215311,2019,D4,Safety and order,855
17031838300,-0.13462746,2019,D4,Safety and order,855
17031831800,-0.15566355,2019,D4,Safety and order,855
17031831700,-0.15632954,2019,D4,Safety and order,855
17031835100,-0.12731577,2019,D4,Safety and order,855
17031835000,-0.091618024,2019,D4,Safety and order,855
17031843700,-0.1539478,2019,D4,Safety and order,855
17031220702,-0.19537926,2019,D4,Safety and order,855
17031842100,-0.15801722,2019,D4,Safety and order,855
17031843300,-0.1290245,2019,D4,Safety and order,855
17031831100,-0.15497081,2019,D4,Safety and order,855
17031831500,-0.17520988,2019,D4,Safety and order,855
17031831600,-0.17561695,2019,D4,Safety and order,855
17031831200,-0.19534302,2019,D4,Safety and order,855
17031831000,-0.13482814,2019,D4,Safety and order,855
17031843000,-0.12797591,2019,D4,Safety and order,855
17031843100,-0.124081016,2019,D4,Safety and order,855
17031842900,-0.07643415,2019,D4,Safety and order,855
17031843500,-0.12692887,2019,D4,Safety and order,855
17031842000,-0.0988124,2019,D4,Safety and order,855
17031770901,-0.16048788,2019,D4,Safety and order,855
17031832400,-0.20497154,2019,D4,Safety and order,855
17031832900,-0.10092546,2019,D4,Safety and order,855
17031840300,-0.12499173,2019,D4,Safety and order,855
17031838600,-0.13030957,2019,D4,Safety and order,855
17031839600,-0.10076811,2019,D4,Safety and order,855
17031834900,-0.036209285,2019,D4,Safety and order,855
17031030603,-0.08274959,2019,D4,Safety and order,855
17031030101,-0.0837929,2019,D4,Safety and order,855
17031030701,-0.08241878,2019,D4,Safety and order,855
17031070103,-0.13520432,2019,D4,Safety and order,855
17031807900,-0.15921079,2019,D4,Safety and order,855
17031808001,-0.15883784,2019,D4,Safety and order,855
17031808002,-0.15742984,2019,D4,Safety and order,855
17031770602,-0.14332926,2019,D4,Safety and order,855
17031831900,-0.09695284,2019,D4,Safety and order,855
17031839500,-0.1009893,2019,D4,Safety and order,855
17031832600,-0.13156162,2019,D4,Safety and order,855
17031836900,-0.19334322,2019,D4,Safety and order,855
17031841200,-0.123473234,2019,D4,Safety and order,855
17031841900,-0.097564906,2019,D4,Safety and order,855
17031835800,-0.03549861,2019,D4,Safety and order,855
17031838800,-0.035096444,2019,D4,Safety and order,855
17031842300,-0.13134332,2019,D4,Safety and order,855
17031843200,-0.077280834,2019,D4,Safety and order,855
17031843400,-0.12927088,2019,D4,Safety and order,855
17031842600,-0.04493683,2019,D4,Safety and order,855
17031301803,-0.12879047,2019,D4,Safety and order,855
17031710300,-0.035291374,2019,D4,Safety and order,855
17043840801,-0.1434905,2019,D4,Safety and order,855
17031030101,-0.04955128,2023,D4,Safety and order,853
17031030701,-0.049738936,2023,D4,Safety and order,853
17031070103,-0.046615683,2023,D4,Safety and order,853
17031807900,-0.08011357,2023,D4,Safety and order,853
17031808001,-0.08036293,2023,D4,Safety and order,853
17031808002,-0.08031055,2023,D4,Safety and order,853
17031770602,-0.08216052,2023,D4,Safety and order,853
17031831900,-0.04287301,2023,D4,Safety and order,853
17031832600,-0.041592035,2023,D4,Safety and order,853
17031836900,-0.07133295,2023,D4,Safety and order,853
17031841200,-0.059568,2023,D4,Safety and order,853
17031839500,-0.030943634,2023,D4,Safety and order,853
17031835800,-0.0076117823,2023,D4,Safety and order,853
17031838800,0.00051333907,2023,D4,Safety and order,853
17031842300,-0.03994015,2023,D4,Safety and order,853
17031841900,-0.02330025,2023,D4,Safety and order,853
17031843200,-0.018885909,2023,D4,Safety and order,853
17031843400,-0.06224276,2023,D4,Safety and order,853
17031842600,-0.028547928,2023,D4,Safety and order,853
17031301803,-0.061811984,2023,D4,Safety and order,853
17031320101,-0.04036575,2023,D4,Safety and order,853
17031330103,-0.025120037,2023,D4,Safety and order,853
17031380600,-0.02787579,2023,D4,Safety and order,853
17031330102,-0.023353558,2023,D4,Safety and order,853
17031330101,-0.023397882,2023,D4,Safety and order,853
17031460800,-0.0016651815,2023,D4,Safety and order,853
17031630600,-0.061185848,2023,D4,Safety and order,853
17031490200,-0.00035898935,2023,D4,Safety and order,853
17031612200,-0.032307196,2023,D4,Safety and order,853
17031844700,-0.0615742,2023,D4,Safety and order,853
17031844600,-0.007616595,2023,D4,Safety and order,853
17031320102,-0.04014767,2023,D4,Safety and order,853
17031220701,-0.082903184,2023,D4,Safety and order,853
17031063302,-0.048018917,2023,D4,Safety and order,853
17031252201,-0.07805667,2023,D4,Safety and order,853
17031660302,-0.06233676,2023,D4,Safety and order,853
17031660301,-0.051280424,2023,D4,Safety and order,853
17031730202,0.00045308296,2023,D4,Safety and order,853
17031813302,-0.058840062,2023,D4,Safety and order,853
17031813301,-0.058232956,2023,D4,Safety and order,853
17031835600,-0.008011634,2023,D4,Safety and order,853
17031840000,-0.025498085,2023,D4,Safety and order,853
17031836100,-0.0088763535,2023,D4,Safety and order,853
17031834600,-0.010193289,2023,D4,Safety and order,853
17031843600,-0.03144378,2023,D4,Safety and order,853
17031030102,-0.04977578,2023,D4,Safety and order,853
17031030706,-0.049369402,2023,D4,Safety and order,853
17031030601,-0.04964576,2023,D4,Safety and order,853
17031063303,-0.046248198,2023,D4,Safety and order,853
17031220901,-0.08263485,2023,D4,Safety and order,853
17031210602,-0.0815385,2023,D4,Safety and order,853
17031220602,-0.08239022,2023,D4,Safety and order,853
17031220601,-0.08171217,2023,D4,Safety and order,853
17031040401,-0.08190395,2023,D4,Safety and order,853
17031252202,-0.07779303,2023,D4,Safety and order,853
17031252102,-0.07711245,2023,D4,Safety and order,853
17031836300,-0.031999953,2023,D4,Safety and order,853
17031834500,-0.010393885,2023,D4,Safety and order,853
17031836000,-0.029861275,2023,D4,Safety and order,853
17031836200,-0.007184905,2023,D4,Safety and order,853
17031834400,0.0006989322,2023,D4,Safety and order,853
17031834300,0.0004765233,2023,D4,Safety and order,853
17031110501,-0.082098916,2023,D4,Safety and order,853
17031030104,-0.049454823,2023,D4,Safety and order,853
17031081401,-0.040469997,2023,D4,Safety and order,853
17031770902,-0.08002034,2023,D4,Safety and order,853
17031430101,-0.0045949807,2023,D4,Safety and order,853
17031252101,-0.062299088,2023,D4,Safety and order,853
17031010501,-0.04886594,2023,D4,Safety and order,853
17031020701,-0.081996165,2023,D4,Safety and order,853
17031010201,-0.048948962,2023,D4,Safety and order,853
17031760801,-0.082378514,2023,D4,Safety and order,853
17031839000,-0.024183378,2023,D4,Safety and order,853
17031440201,-0.00019618141,2023,D4,Safety and order,853
17031540101,-0.0013701983,2023,D4,Safety and order,853
17031834000,-0.0005652252,2023,D4,Safety and order,853
17031833900,-0.0007364766,2023,D4,Safety and order,853
17031221000,-0.08298798,2023,D4,Safety and order,853
17031221100,-0.080627054,2023,D4,Safety and order,853
17031242800,-0.06498759,2023,D4,Safety and order,853
17031242900,-0.06450642,2023,D4,Safety and order,853
17031243000,-0.042194817,2023,D4,Safety and order,853
17031243100,-0.04147058,2023,D4,Safety and order,853
17031243200,-0.042062137,2023,D4,Safety and order,853
17031243300,-0.04021343,2023,D4,Safety and order,853
17031243400,-0.04433903,2023,D4,Safety and order,853
17031110400,-0.08168895,2023,D4,Safety and order,853
17031150600,-0.08151074,2023,D4,Safety and order,853
17031150700,-0.08158282,2023,D4,Safety and order,853
17031150800,-0.08147437,2023,D4,Safety and order,853
17031151100,-0.08128948,2023,D4,Safety and order,853
17031151200,-0.08156882,2023,D4,Safety and order,853
17031241500,-0.04295625,2023,D4,Safety and order,853
17031241100,-0.06521551,2023,D4,Safety and order,853
17031241600,-0.039742656,2023,D4,Safety and order,853
17031241300,-0.06581481,2023,D4,Safety and order,853
17031241400,-0.042275,2023,D4,Safety and order,853
17031243500,-0.03998888,2023,D4,Safety and order,853
17031250200,-0.08221598,2023,D4,Safety and order,853
17031250300,-0.09090899,2023,D4,Safety and order,853
17031250400,-0.088909104,2023,D4,Safety and order,853
17031250500,-0.08989583,2023,D4,Safety and order,853
17031071500,-0.0451309,2023,D4,Safety and order,853
17031071800,-0.046136305,2023,D4,Safety and order,853
17031080100,-0.04487183,2023,D4,Safety and order,853
17031080300,-0.042760335,2023,D4,Safety and order,853
17031080400,-0.044666607,2023,D4,Safety and order,853
17031160100,-0.08167318,2023,D4,Safety and order,853
17031160200,-0.08196571,2023,D4,Safety and order,853
17031160300,-0.0816014,2023,D4,Safety and order,853
17031160400,-0.08185118,2023,D4,Safety and order,853
17031160700,-0.08195082,2023,D4,Safety and order,853
17031221300,-0.07630624,2023,D4,Safety and order,853
17031221500,-0.07566084,2023,D4,Safety and order,853
17031221400,-0.074839264,2023,D4,Safety and order,853
17031250600,-0.07801524,2023,D4,Safety and order,853
17031250700,-0.078113355,2023,D4,Safety and order,853
17031250800,-0.07781148,2023,D4,Safety and order,853
17031251000,-0.07631484,2023,D4,Safety and order,853
17031251100,-0.07810733,2023,D4,Safety and order,853
17031051400,-0.07826619,2023,D4,Safety and order,853
17031060100,-0.04985723,2023,D4,Safety and order,853
17031060300,-0.050444365,2023,D4,Safety and order,853
17031060800,-0.04524213,2023,D4,Safety and order,853
17031160800,-0.08216034,2023,D4,Safety and order,853
17031160900,-0.08160106,2023,D4,Safety and order,853
17031161000,-0.08180627,2023,D4,Safety and order,853
17031161100,-0.0822845,2023,D4,Safety and order,853
17031161200,-0.08149956,2023,D4,Safety and order,853
17031161300,-0.08211751,2023,D4,Safety and order,853
17031170100,-0.08170604,2023,D4,Safety and order,853
17031221600,-0.07436878,2023,D4,Safety and order,853
17031242100,-0.044746086,2023,D4,Safety and order,853
17031242000,-0.04520858,2023,D4,Safety and order,853
17031251200,-0.076830044,2023,D4,Safety and order,853
17031251300,-0.076154344,2023,D4,Safety and order,853
17031051300,-0.04656446,2023,D4,Safety and order,853
17031600700,-0.02960758,2023,D4,Safety and order,853
17031600900,-0.029884528,2023,D4,Safety and order,853
17031821200,0.0003867312,2023,D4,Safety and order,853
17031672000,0.0012202418,2023,D4,Safety and order,853
17031710900,0.0004991649,2023,D4,Safety and order,853
17031711000,0.0020789583,2023,D4,Safety and order,853
17031711100,0.0008143737,2023,D4,Safety and order,853
17031711200,0.0011941106,2023,D4,Safety and order,853
17031711500,-0.00014467683,2023,D4,Safety and order,853
17031711300,0.00094267237,2023,D4,Safety and order,853
17031711400,0.0018830895,2023,D4,Safety and order,853
17031270500,-0.07749237,2023,D4,Safety and order,853
17031271200,-0.072080106,2023,D4,Safety and order,853
17031271300,-0.077423275,2023,D4,Safety and order,853
17031271400,-0.07776902,2023,D4,Safety and order,853
17031350100,-0.02869526,2023,D4,Safety and order,853
17031350400,-0.030085972,2023,D4,Safety and order,853
17031351000,-0.02728927,2023,D4,Safety and order,853
17031351400,-0.027267855,2023,D4,Safety and order,853
17031360200,-0.030855235,2023,D4,Safety and order,853
17031430400,-0.00054789765,2023,D4,Safety and order,853
17031430600,2.837507e-05,2023,D4,Safety and order,853
17031430800,-0.0017345047,2023,D4,Safety and order,853
17031430500,-0.0004930928,2023,D4,Safety and order,853
17031430900,-0.0008772984,2023,D4,Safety and order,853
17031610300,-0.029316282,2023,D4,Safety and order,853
17031681000,0.00092029065,2023,D4,Safety and order,853
17031681100,0.00073712174,2023,D4,Safety and order,853
17031680500,-0.010698926,2023,D4,Safety and order,853
17031680900,0.0008503966,2023,D4,Safety and order,853
17031720100,0.0026919155,2023,D4,Safety and order,853
17031720200,0.002549117,2023,D4,Safety and order,853
17031720300,0.000958768,2023,D4,Safety and order,853
17031720400,-0.028778749,2023,D4,Safety and order,853
17031720500,-0.028561333,2023,D4,Safety and order,853
17031720600,0.002530949,2023,D4,Safety and order,853
17031720700,0.00137838,2023,D4,Safety and order,853
17031040600,-0.08245445,2023,D4,Safety and order,853
17031040700,-0.08214176,2023,D4,Safety and order,853
17031040800,-0.080900416,2023,D4,Safety and order,853
17031825801,-0.0034163832,2023,D4,Safety and order,853
17031380100,-0.030222736,2023,D4,Safety and order,853
17031380200,-0.029409893,2023,D4,Safety and order,853
17031431200,-0.0010184003,2023,D4,Safety and order,853
17031810200,-0.080155484,2023,D4,Safety and order,853
17031810301,-0.07987409,2023,D4,Safety and order,853
17031050100,-0.05053477,2023,D4,Safety and order,853
17031610800,-0.032158904,2023,D4,Safety and order,853
17031611300,-0.032281157,2023,D4,Safety and order,853
17031611400,-0.032477275,2023,D4,Safety and order,853
17031611500,-0.06144927,2023,D4,Safety and order,853
17031611900,-0.03254123,2023,D4,Safety and order,853
17031681200,0.00042421964,2023,D4,Safety and order,853
17031810400,-0.081760295,2023,D4,Safety and order,853
17031810701,-0.091404125,2023,D4,Safety and order,853
17031810702,-0.09142984,2023,D4,Safety and order,853
17031810600,-0.0796324,2023,D4,Safety and order,853
17031691200,0.00040778128,2023,D4,Safety and order,853
17031691100,0.00020118128,2023,D4,Safety and order,853
17031730100,0.00048530858,2023,D4,Safety and order,853
17031730300,0.00089266023,2023,D4,Safety and order,853
17031730400,0.0005383865,2023,D4,Safety and order,853
17031730500,7.580349e-05,2023,D4,Safety and order,853
17031730600,0.0004140393,2023,D4,Safety and order,853
17031381200,-0.008739123,2023,D4,Safety and order,853
17031381400,-0.009101881,2023,D4,Safety and order,853
17031381700,,2023,D4,Safety and order,853
17031440300,-4.9551367e-05,2023,D4,Safety and order,853
17031810800,-0.09155598,2023,D4,Safety and order,853
17031810900,-0.091091394,2023,D4,Safety and order,853
17031612000,-0.032499947,2023,D4,Safety and order,853
17031612100,-0.010762781,2023,D4,Safety and order,853
17031620100,-0.062665075,2023,D4,Safety and order,853
17031620200,-0.062464006,2023,D4,Safety and order,853
17031620300,-0.06272782,2023,D4,Safety and order,853
17031620400,-0.062702894,2023,D4,Safety and order,853
17031810501,-0.08007534,2023,D4,Safety and order,853
17031810502,-0.08023296,2023,D4,Safety and order,853
17031812200,-0.075667284,2023,D4,Safety and order,853
17031826600,-0.0022275697,2023,D4,Safety and order,853
17031730700,0.00031529024,2023,D4,Safety and order,853
17031740100,-0.028143073,2023,D4,Safety and order,853
17031740200,-0.027504442,2023,D4,Safety and order,853
17031740300,-0.028558707,2023,D4,Safety and order,853
17031740400,-0.028303932,2023,D4,Safety and order,853
17031381800,-0.010056688,2023,D4,Safety and order,853
17031381900,-0.009095941,2023,D4,Safety and order,853
17031390100,-0.030372724,2023,D4,Safety and order,853
17031390200,-0.032485068,2023,D4,Safety and order,853
17031390300,-0.029759025,2023,D4,Safety and order,853
17031390400,-0.032233257,2023,D4,Safety and order,853
17031390500,-0.032151267,2023,D4,Safety and order,853
17031390600,-0.03169273,2023,D4,Safety and order,853
17031812500,-0.07451378,2023,D4,Safety and order,853
17031440600,-0.00052224495,2023,D4,Safety and order,853
17031440900,0.00027739152,2023,D4,Safety and order,853
17031440700,-0.00047132222,2023,D4,Safety and order,853
17031440800,-0.0012176834,2023,D4,Safety and order,853
17031630300,-0.060162388,2023,D4,Safety and order,853
17031630500,-0.061989196,2023,D4,Safety and order,853
17031630800,-0.06266039,2023,D4,Safety and order,853
17031630900,-0.06294183,2023,D4,Safety and order,853
17031640100,-0.05047036,2023,D4,Safety and order,853
17031640300,-0.05185166,2023,D4,Safety and order,853
17031750100,0.00037584908,2023,D4,Safety and order,853
17031750200,0.0020822263,2023,D4,Safety and order,853
17031750300,-0.028754922,2023,D4,Safety and order,853
17031750400,-0.02823887,2023,D4,Safety and order,853
17031750500,0.002917236,2023,D4,Safety and order,853
17031282700,-0.05432357,2023,D4,Safety and order,853
17031282800,-0.054431543,2023,D4,Safety and order,853
17031400300,-0.008841389,2023,D4,Safety and order,853
17031400500,-0.010075129,2023,D4,Safety and order,853
17031400800,0.000188959,2023,D4,Safety and order,853
17031410500,-0.009342929,2023,D4,Safety and order,853
17031410600,-0.012874206,2023,D4,Safety and order,853
17031460100,-0.0047644377,2023,D4,Safety and order,853
17031450300,0.00095606886,2023,D4,Safety and order,853
17031460200,-0.0017151933,2023,D4,Safety and order,853
17031640400,-0.051196884,2023,D4,Safety and order,853
17031640500,-0.051875263,2023,D4,Safety and order,853
17031640600,-0.050757635,2023,D4,Safety and order,853
17031640700,-0.05059221,2023,D4,Safety and order,853
17031640800,-0.050509308,2023,D4,Safety and order,853
17031650100,-0.051546883,2023,D4,Safety and order,853
17031650200,-0.051369593,2023,D4,Safety and order,853
17031750600,0.0003792579,2023,D4,Safety and order,853
17031812600,-0.07497237,2023,D4,Safety and order,853
17031820300,-0.06041241,2023,D4,Safety and order,853
17031820400,-0.060043953,2023,D4,Safety and order,853
17031820902,-0.046996374,2023,D4,Safety and order,853
17031283100,-0.029294267,2023,D4,Safety and order,853
17031283800,-0.02952047,2023,D4,Safety and order,853
17031410700,-0.030541267,2023,D4,Safety and order,853
17031410800,-0.027348496,2023,D4,Safety and order,853
17031411100,-0.01336457,2023,D4,Safety and order,853
17031411200,-0.013310859,2023,D4,Safety and order,853
17031460400,-0.0014856132,2023,D4,Safety and order,853
17031460500,0.00016938301,2023,D4,Safety and order,853
17031461000,-0.00010156038,2023,D4,Safety and order,853
17031813000,-0.076040804,2023,D4,Safety and order,853
17031813100,-0.059685804,2023,D4,Safety and order,853
17031821102,-0.048201744,2023,D4,Safety and order,853
17031420100,-0.0036892735,2023,D4,Safety and order,853
17031420200,-0.007973775,2023,D4,Safety and order,853
17031420400,0.0007980622,2023,D4,Safety and order,853
17031420700,0.0010181966,2023,D4,Safety and order,853
17031805402,-0.08095339,2023,D4,Safety and order,853
17031420800,8.308096e-06,2023,D4,Safety and order,853
17031470100,0.0012154953,2023,D4,Safety and order,853
17031480100,-7.649115e-05,2023,D4,Safety and order,853
17031480200,0.00027744065,2023,D4,Safety and order,853
17031480300,-7.655704e-06,2023,D4,Safety and order,853
17031480400,-0.0006337446,2023,D4,Safety and order,853
17031805502,-0.08105542,2023,D4,Safety and order,853
17031805600,-0.0804075,2023,D4,Safety and order,853
17031650400,-0.050954193,2023,D4,Safety and order,853
17031650500,-0.050069273,2023,D4,Safety and order,853
17031660400,-0.051535998,2023,D4,Safety and order,853
17031813400,-0.059467167,2023,D4,Safety and order,853
17031821401,-0.0002457612,2023,D4,Safety and order,853
17031805702,-0.07996549,2023,D4,Safety and order,853
17031821402,-0.00025946146,2023,D4,Safety and order,853
17031821600,-0.025099872,2023,D4,Safety and order,853
17031821700,-0.026546378,2023,D4,Safety and order,853
17031290900,-0.061825126,2023,D4,Safety and order,853
17031291200,-0.061228886,2023,D4,Safety and order,853
17031421200,-6.937771e-05,2023,D4,Safety and order,853
17031271500,-0.05975062,2023,D4,Safety and order,853
17031292200,-0.059552103,2023,D4,Safety and order,853
17031292400,-0.061436478,2023,D4,Safety and order,853
17031292500,-0.0613954,2023,D4,Safety and order,853
17031271800,-0.05819444,2023,D4,Safety and order,853
17031280100,-0.040131964,2023,D4,Safety and order,853
17031280400,-0.040877804,2023,D4,Safety and order,853
17031300600,-0.061483353,2023,D4,Safety and order,853
17031300700,-0.06166687,2023,D4,Safety and order,853
17031301100,-0.060392972,2023,D4,Safety and order,853
17031301200,-0.059448455,2023,D4,Safety and order,853
17031480500,-0.0014932372,2023,D4,Safety and order,853
17031490500,0.001009309,2023,D4,Safety and order,853
17031520200,-0.0015525694,2023,D4,Safety and order,853
17031520300,-0.0021276735,2023,D4,Safety and order,853
17031520400,-0.0014684952,2023,D4,Safety and order,853
17031520500,-0.0030521303,2023,D4,Safety and order,853
17031520600,-0.0030940012,2023,D4,Safety and order,853
17031660500,-0.050855756,2023,D4,Safety and order,853
17031660600,-0.050654214,2023,D4,Safety and order,853
17031660700,-0.05070002,2023,D4,Safety and order,853
17031660800,-0.050661176,2023,D4,Safety and order,853
17031660900,-0.05077391,2023,D4,Safety and order,853
17031661000,-0.027715163,2023,D4,Safety and order,853
17031280900,-0.07273462,2023,D4,Safety and order,853
17031301600,-0.06165551,2023,D4,Safety and order,853
17031490600,-0.00029505935,2023,D4,Safety and order,853
17031490700,-0.0018823545,2023,D4,Safety and order,853
17031490800,-0.00038595073,2023,D4,Safety and order,853
17031491000,-0.00027380174,2023,D4,Safety and order,853
17031491100,3.0064548e-05,2023,D4,Safety and order,853
17031530200,-0.00023875508,2023,D4,Safety and order,853
17031530300,0.00024685415,2023,D4,Safety and order,853
17031530400,0.00033765938,2023,D4,Safety and order,853
17031530600,0.0005479939,2023,D4,Safety and order,853
17031560100,-0.06227737,2023,D4,Safety and order,853
17031670200,-0.032672927,2023,D4,Safety and order,853
17031670300,-0.032511637,2023,D4,Safety and order,853
17031670400,-0.032746587,2023,D4,Safety and order,853
17031661100,-0.05091627,2023,D4,Safety and order,853
17031670100,-0.01060933,2023,D4,Safety and order,853
17031670600,-0.021611925,2023,D4,Safety and order,853
17031670700,-0.008473977,2023,D4,Safety and order,853
17031670800,-0.009973799,2023,D4,Safety and order,853
17031670900,-0.010323051,2023,D4,Safety and order,853
17031260900,-0.061542895,2023,D4,Safety and order,853
17031261000,-0.06153033,2023,D4,Safety and order,853
17031281900,-0.040213235,2023,D4,Safety and order,853
17031310200,-0.024422325,2023,D4,Safety and order,853
17031310300,-0.028048318,2023,D4,Safety and order,853
17031310400,-0.030208917,2023,D4,Safety and order,853
17031310500,-0.027256869,2023,D4,Safety and order,853
17031491200,0.00089802087,2023,D4,Safety and order,853
17031491300,-0.00081390905,2023,D4,Safety and order,853
17031491400,0.00058901287,2023,D4,Safety and order,853
17031500100,0.0003670752,2023,D4,Safety and order,853
17031500200,0.0005399162,2023,D4,Safety and order,853
17031500300,0.0001878211,2023,D4,Safety and order,853
17031560200,-0.062690064,2023,D4,Safety and order,853
17031560300,-0.06294248,2023,D4,Safety and order,853
17031560700,-0.06289812,2023,D4,Safety and order,853
17031560800,-0.06269243,2023,D4,Safety and order,853
17031560900,-0.06350247,2023,D4,Safety and order,853
17031561000,-0.06291758,2023,D4,Safety and order,853
17031010300,-0.04959004,2023,D4,Safety and order,853
17031010600,-0.04972032,2023,D4,Safety and order,853
17031020100,-0.081965044,2023,D4,Safety and order,853
17031280800,-0.072937936,2023,D4,Safety and order,853
17031420300,-0.0002292337,2023,D4,Safety and order,853
17031806600,-0.08149104,2023,D4,Safety and order,853
17031100200,-0.08237335,2023,D4,Safety and order,853
17031020200,-0.08219285,2023,D4,Safety and order,853
17031130200,-0.08237504,2023,D4,Safety and order,853
17031020400,-0.08188991,2023,D4,Safety and order,853
17031080202,-0.044817287,2023,D4,Safety and order,853
17031240200,-0.045899753,2023,D4,Safety and order,853
17031611800,-0.03244409,2023,D4,Safety and order,853
17031060200,-0.049382478,2023,D4,Safety and order,853
17031221200,-0.08156357,2023,D4,Safety and order,853
17031826500,-0.0015224644,2023,D4,Safety and order,853
17031061200,-0.04556468,2023,D4,Safety and order,853
17031808200,-0.08088001,2023,D4,Safety and order,853
17031030200,-0.04977449,2023,D4,Safety and order,853
17031030300,-0.04915557,2023,D4,Safety and order,853
17031030400,-0.049732886,2023,D4,Safety and order,853
17031030900,-0.050073393,2023,D4,Safety and order,853
17031031000,-0.050052647,2023,D4,Safety and order,853
17031980000,,2023,D4,Safety and order,853
17031600600,-0.025532953,2023,D4,Safety and order,853
17031811900,-0.07473277,2023,D4,Safety and order,853
17031420600,3.2650307e-05,2023,D4,Safety and order,853
17031110100,-0.0826864,2023,D4,Safety and order,853
17031031400,-0.044238307,2023,D4,Safety and order,853
17031040900,-0.08232488,2023,D4,Safety and order,853
17031050200,-0.08213608,2023,D4,Safety and order,853
17031050300,-0.08176027,2023,D4,Safety and order,853
17031071700,-0.047165714,2023,D4,Safety and order,853
17031031800,-0.049898513,2023,D4,Safety and order,853
17031811600,-0.091555655,2023,D4,Safety and order,853
17031031700,-0.050214954,2023,D4,Safety and order,853
17031610400,-0.03167624,2023,D4,Safety and order,853
17031050600,-0.050410114,2023,D4,Safety and order,853
17031050500,-0.081476524,2023,D4,Safety and order,853
17031071600,-0.047789346,2023,D4,Safety and order,853
17031671400,0.0013534168,2023,D4,Safety and order,853
17031062300,-0.045647234,2023,D4,Safety and order,853
17031630400,-0.062453926,2023,D4,Safety and order,853
17031822802,-0.026485002,2023,D4,Safety and order,853
17031010100,-0.049168695,2023,D4,Safety and order,853
17031680600,-0.010259033,2023,D4,Safety and order,853
17031807800,-0.08095288,2023,D4,Safety and order,853
17031811100,-0.09100191,2023,D4,Safety and order,853
17031030500,-0.05003944,2023,D4,Safety and order,853
17031020500,-0.08206402,2023,D4,Safety and order,853
17031081300,-0.03993617,2023,D4,Safety and order,853
17031081000,-0.04042439,2023,D4,Safety and order,853
17031130100,-0.082105905,2023,D4,Safety and order,853
17043840000,-0.095743045,2023,D4,Safety and order,853
17031170200,-0.0818985,2023,D4,Safety and order,853
17031170300,-0.08158588,2023,D4,Safety and order,853
17031170400,-0.08248054,2023,D4,Safety and order,853
17031170500,-0.082437254,2023,D4,Safety and order,853
17031170600,-0.0909664,2023,D4,Safety and order,853
17031170700,-0.09115426,2023,D4,Safety and order,853
17031170800,-0.08252907,2023,D4,Safety and order,853
17031251400,-0.07689935,2023,D4,Safety and order,853
17031260300,-0.07741238,2023,D4,Safety and order,853
17031260500,-0.0769039,2023,D4,Safety and order,853
17031260600,-0.07686027,2023,D4,Safety and order,853
17031260700,-0.078226104,2023,D4,Safety and order,853
17031260800,-0.078141235,2023,D4,Safety and order,853
17031050700,-0.049632054,2023,D4,Safety and order,853
17031050900,-0.0818685,2023,D4,Safety and order,853
17031051000,-0.08160798,2023,D4,Safety and order,853
17031051100,-0.08191686,2023,D4,Safety and order,853
17031051200,-0.050101746,2023,D4,Safety and order,853
17031170900,-0.091043256,2023,D4,Safety and order,853
17031171000,-0.08261594,2023,D4,Safety and order,853
17031171100,-0.081679635,2023,D4,Safety and order,853
17031180100,-0.08320644,2023,D4,Safety and order,853
17031190100,-0.08134811,2023,D4,Safety and order,853
17031222200,-0.07660342,2023,D4,Safety and order,853
17031222500,-0.07693876,2023,D4,Safety and order,853
17031222600,-0.07649511,2023,D4,Safety and order,853
17031251500,-0.07809159,2023,D4,Safety and order,853
17031251600,-0.078289725,2023,D4,Safety and order,853
17031251700,-0.07683018,2023,D4,Safety and order,853
17031251800,-0.07789722,2023,D4,Safety and order,853
17031251900,-0.07719585,2023,D4,Safety and order,853
17031252000,-0.07696246,2023,D4,Safety and order,853
17031130300,-0.08191818,2023,D4,Safety and order,853
17031190200,-0.08213273,2023,D4,Safety and order,853
17031190300,-0.081504464,2023,D4,Safety and order,853
17031190800,-0.08218702,2023,D4,Safety and order,853
17031260100,-0.075767994,2023,D4,Safety and order,853
17031260200,-0.07535589,2023,D4,Safety and order,853
17031530100,-0.00057542213,2023,D4,Safety and order,853
17031061800,-0.045454517,2023,D4,Safety and order,853
17031823400,-0.026480662,2023,D4,Safety and order,853
17031821500,-0.0008301644,2023,D4,Safety and order,853
17031410200,-0.03229872,2023,D4,Safety and order,853
17031222900,-0.08253661,2023,D4,Safety and order,853
17031241000,-0.06328936,2023,D4,Safety and order,853
17031190900,-0.08288291,2023,D4,Safety and order,853
17031191200,-0.08237195,2023,D4,Safety and order,853
17031200100,-0.082811095,2023,D4,Safety and order,853
17031200200,-0.082287304,2023,D4,Safety and order,853
17031200300,-0.08260448,2023,D4,Safety and order,853
17031222700,-0.08290729,2023,D4,Safety and order,853
17031230100,-0.07700286,2023,D4,Safety and order,853
17031230200,-0.07805747,2023,D4,Safety and order,853
17031230300,-0.07799687,2023,D4,Safety and order,853
17031230400,-0.08043934,2023,D4,Safety and order,853
17031230500,-0.082361266,2023,D4,Safety and order,853
17031351100,-0.029697431,2023,D4,Safety and order,853
17031807600,-0.08046054,2023,D4,Safety and order,853
17031770500,-0.085179284,2023,D4,Safety and order,853
17031611700,-0.032366164,2023,D4,Safety and order,853
17031300500,-0.062624365,2023,D4,Safety and order,853
17031381500,-0.009079337,2023,D4,Safety and order,853
17031420500,0.00025984505,2023,D4,Safety and order,853
17031811500,-0.091042586,2023,D4,Safety and order,853
17031081500,-0.04047414,2023,D4,Safety and order,853
17031081600,-0.040723436,2023,D4,Safety and order,853
17031081700,-0.040470034,2023,D4,Safety and order,853
17031081800,-0.040058233,2023,D4,Safety and order,853
17031081900,-0.046432484,2023,D4,Safety and order,853
17031222800,-0.08268979,2023,D4,Safety and order,853
17031050800,-0.08173421,2023,D4,Safety and order,853
17031210100,-0.08177902,2023,D4,Safety and order,853
17031210400,-0.08272541,2023,D4,Safety and order,853
17031230700,-0.063132375,2023,D4,Safety and order,853
17031230800,-0.064995065,2023,D4,Safety and order,853
17031230900,-0.06553464,2023,D4,Safety and order,853
17031820502,-0.04590269,2023,D4,Safety and order,853
17031820901,-0.04528581,2023,D4,Safety and order,853
17031550200,-0.0019073304,2023,D4,Safety and order,853
17031823200,-0.023023674,2023,D4,Safety and order,853
17031823304,-0.026706701,2023,D4,Safety and order,853
17031670500,-0.032784462,2023,D4,Safety and order,853
17031820700,-0.056908183,2023,D4,Safety and order,853
17031580800,-0.061695825,2023,D4,Safety and order,853
17031230600,-0.06857865,2023,D4,Safety and order,853
17031242300,-0.05989118,2023,D4,Safety and order,853
17031242200,-0.043934435,2023,D4,Safety and order,853
17031032100,-0.04384422,2023,D4,Safety and order,853
17031811701,-0.09463642,2023,D4,Safety and order,853
17031820800,-0.059055123,2023,D4,Safety and order,853
17031300800,-0.06168197,2023,D4,Safety and order,853
17031060900,-0.045214415,2023,D4,Safety and order,853
17031061000,-0.045181543,2023,D4,Safety and order,853
17031210700,-0.08156642,2023,D4,Safety and order,853
17031291600,-0.05760628,2023,D4,Safety and order,853
17031400400,-0.00963013,2023,D4,Safety and order,853
17031191100,-0.08080404,2023,D4,Safety and order,853
17031120100,-0.08222388,2023,D4,Safety and order,853
17031611200,-0.031596217,2023,D4,Safety and order,853
17031300900,-0.060204126,2023,D4,Safety and order,853
17031061100,-0.043417968,2023,D4,Safety and order,853
17031061500,-0.044661887,2023,D4,Safety and order,853
17031062000,-0.045307145,2023,D4,Safety and order,853
17031062100,-0.045458637,2023,D4,Safety and order,853
17031062200,-0.045519326,2023,D4,Safety and order,853
17031090200,-0.08243645,2023,D4,Safety and order,853
17031090100,-0.082347855,2023,D4,Safety and order,853
17031826401,-0.0018322521,2023,D4,Safety and order,853
17031260400,-0.07806331,2023,D4,Safety and order,853
17031351500,-0.030616235,2023,D4,Safety and order,853
17031811200,-0.09083421,2023,D4,Safety and order,853
17031770800,-0.09314937,2023,D4,Safety and order,853
17031210800,-0.08204292,2023,D4,Safety and order,853
17031210900,-0.08206498,2023,D4,Safety and order,853
17031081100,-0.041191794,2023,D4,Safety and order,853
17031241200,-0.06513029,2023,D4,Safety and order,853
17031031200,-0.049859017,2023,D4,Safety and order,853
17031062500,-0.045088764,2023,D4,Safety and order,853
17031062600,-0.044620633,2023,D4,Safety and order,853
17031062700,-0.045403548,2023,D4,Safety and order,853
17031062800,-0.045547567,2023,D4,Safety and order,853
17031062900,-0.04480154,2023,D4,Safety and order,853
17031063000,-0.042748466,2023,D4,Safety and order,853
17031062400,-0.04506243,2023,D4,Safety and order,853
17031063100,-0.045051992,2023,D4,Safety and order,853
17031063400,-0.046236414,2023,D4,Safety and order,853
17031090300,-0.08228662,2023,D4,Safety and order,853
17031100100,-0.08237691,2023,D4,Safety and order,853
17031100300,-0.08203096,2023,D4,Safety and order,853
17031140100,-0.08179007,2023,D4,Safety and order,853
17031140200,-0.08218601,2023,D4,Safety and order,853
17031140400,-0.0822508,2023,D4,Safety and order,853
17031140500,-0.08203001,2023,D4,Safety and order,853
17031242700,-0.06507545,2023,D4,Safety and order,853
17031070200,-0.041680843,2023,D4,Safety and order,853
17031070300,-0.04522258,2023,D4,Safety and order,853
17031070400,-0.04573903,2023,D4,Safety and order,853
17031070500,-0.04178571,2023,D4,Safety and order,853
17031070600,-0.046961565,2023,D4,Safety and order,853
17031070700,-0.04269391,2023,D4,Safety and order,853
17031100400,-0.08288304,2023,D4,Safety and order,853
17031100600,-0.08181103,2023,D4,Safety and order,853
17031100700,-0.081366725,2023,D4,Safety and order,853
17031110200,-0.08251639,2023,D4,Safety and order,853
17031150200,-0.08252202,2023,D4,Safety and order,853
17031150300,-0.08219299,2023,D4,Safety and order,853
17031140800,-0.08208535,2023,D4,Safety and order,853
17031231200,-0.06402319,2023,D4,Safety and order,853
17031231100,-0.064552955,2023,D4,Safety and order,853
17031242400,-0.06469105,2023,D4,Safety and order,853
17031242500,-0.065430775,2023,D4,Safety and order,853
17031120200,-0.081948966,2023,D4,Safety and order,853
17031120300,-0.08190305,2023,D4,Safety and order,853
17031120400,-0.08145282,2023,D4,Safety and order,853
17031231500,-0.067749634,2023,D4,Safety and order,853
17031071100,-0.04454068,2023,D4,Safety and order,853
17031071000,-0.044559315,2023,D4,Safety and order,853
17031071200,-0.046059266,2023,D4,Safety and order,853
17031071300,-0.046685062,2023,D4,Safety and order,853
17031110300,-0.08184478,2023,D4,Safety and order,853
17031220300,-0.08196224,2023,D4,Safety and order,853
17031220400,-0.08168921,2023,D4,Safety and order,853
17031220500,-0.082051426,2023,D4,Safety and order,853
17031240300,-0.045858145,2023,D4,Safety and order,853
17031240500,-0.076948136,2023,D4,Safety and order,853
17031060400,-0.050208613,2023,D4,Safety and order,853
17031060500,-0.04534074,2023,D4,Safety and order,853
17031240800,-0.07657559,2023,D4,Safety and order,853
17031240600,-0.07690857,2023,D4,Safety and order,853
17031240700,-0.075717136,2023,D4,Safety and order,853
17031240900,-0.06273365,2023,D4,Safety and order,853
17031242600,-0.06428328,2023,D4,Safety and order,853
17031310600,-0.025800005,2023,D4,Safety and order,853
17031310700,-0.025706746,2023,D4,Safety and order,853
17031310800,-0.023432702,2023,D4,Safety and order,853
17031020602,-0.08175404,2023,D4,Safety and order,853
17031310900,-0.021127088,2023,D4,Safety and order,853
17031510100,-0.0015486239,2023,D4,Safety and order,853
17031510200,-0.001664161,2023,D4,Safety and order,853
17031561100,-0.06267032,2023,D4,Safety and order,853
17031190701,-0.08248833,2023,D4,Safety and order,853
17031020901,-0.081394665,2023,D4,Safety and order,853
17031010202,-0.049593315,2023,D4,Safety and order,853
17031570100,-0.059403695,2023,D4,Safety and order,853
17031570200,-0.060160458,2023,D4,Safety and order,853
17031570300,-0.06145364,2023,D4,Safety and order,853
17031570400,-0.062158685,2023,D4,Safety and order,853
17031570500,-0.06228107,2023,D4,Safety and order,853
17031690400,9.7641605e-05,2023,D4,Safety and order,853
17031691300,0.0010293499,2023,D4,Safety and order,853
17031691400,0.0008285823,2023,D4,Safety and order,853
17031691500,-0.00041543326,2023,D4,Safety and order,853
17031320400,-0.040631585,2023,D4,Safety and order,853
17031580100,-0.061287045,2023,D4,Safety and order,853
17031580200,-0.061674297,2023,D4,Safety and order,853
17031580300,-0.061280325,2023,D4,Safety and order,853
17031580400,-0.062120713,2023,D4,Safety and order,853
17031580600,-0.062070794,2023,D4,Safety and order,853
17031580700,-0.06183812,2023,D4,Safety and order,853
17031681300,0.00073178805,2023,D4,Safety and order,853
17031681400,0.00089074747,2023,D4,Safety and order,853
17031690300,0.00045059202,2023,D4,Safety and order,853
17031690500,0.000983171,2023,D4,Safety and order,853
17031690900,0.000865569,2023,D4,Safety and order,853
17031691000,0.0002854067,2023,D4,Safety and order,853
17031700100,-0.0275191,2023,D4,Safety and order,853
17031700200,-0.05074796,2023,D4,Safety and order,853
17031320600,-0.02366585,2023,D4,Safety and order,853
17031330200,-0.028570648,2023,D4,Safety and order,853
17031590500,-0.061270803,2023,D4,Safety and order,853
17031590600,-0.029796978,2023,D4,Safety and order,853
17031671200,0.0011778813,2023,D4,Safety and order,853
17031671100,0.00091263576,2023,D4,Safety and order,853
17031671300,0.001183107,2023,D4,Safety and order,853
17031671500,0.002213642,2023,D4,Safety and order,853
17031671600,0.001026084,2023,D4,Safety and order,853
17031671800,0.00022517619,2023,D4,Safety and order,853
17031671900,0.0009299755,2023,D4,Safety and order,853
17031710100,-0.000100196805,2023,D4,Safety and order,853
17031710200,0.0009415989,2023,D4,Safety and order,853
17031710400,0.0020449485,2023,D4,Safety and order,853
17031710500,0.0012803349,2023,D4,Safety and order,853
17031710600,0.00028825403,2023,D4,Safety and order,853
17031710800,0.0006298322,2023,D4,Safety and order,853
17031340300,-0.030417766,2023,D4,Safety and order,853
17031340500,-0.029797543,2023,D4,Safety and order,853
17031340600,-0.019044202,2023,D4,Safety and order,853
17031430200,-0.0005240021,2023,D4,Safety and order,853
17031430300,-0.00041900494,2023,D4,Safety and order,853
17031510300,-0.0006984747,2023,D4,Safety and order,853
17031520100,-0.0011217195,2023,D4,Safety and order,853
17031590700,-0.029198911,2023,D4,Safety and order,853
17031600400,-0.028530316,2023,D4,Safety and order,853
17031813801,-0.05762642,2023,D4,Safety and order,853
17031830600,-0.049520016,2023,D4,Safety and order,853
17031830800,-0.050073337,2023,D4,Safety and order,853
17031830700,-0.050715484,2023,D4,Safety and order,853
17031830900,-0.07030341,2023,D4,Safety and order,853
17031835200,-0.06055544,2023,D4,Safety and order,853
17031839900,-0.02905235,2023,D4,Safety and order,853
17031839700,-0.02939265,2023,D4,Safety and order,853
17031839800,-0.024939239,2023,D4,Safety and order,853
17031834800,-0.009293405,2023,D4,Safety and order,853
17031834700,-0.010368801,2023,D4,Safety and order,853
17031832000,-0.04508263,2023,D4,Safety and order,853
17031832500,-0.042198494,2023,D4,Safety and order,853
17031832300,-0.041587632,2023,D4,Safety and order,853
17031838300,-0.045506336,2023,D4,Safety and order,853
17031831800,-0.082467146,2023,D4,Safety and order,853
17031831700,-0.081815094,2023,D4,Safety and order,853
17031835100,-0.06193059,2023,D4,Safety and order,853
17031835000,-0.049801193,2023,D4,Safety and order,853
17031843700,-0.08156026,2023,D4,Safety and order,853
17031220702,-0.080887854,2023,D4,Safety and order,853
17031842100,-0.07738681,2023,D4,Safety and order,853
17031843300,-0.05837652,2023,D4,Safety and order,853
17031831100,-0.082507186,2023,D4,Safety and order,853
17031831500,-0.08792195,2023,D4,Safety and order,853
17031831600,-0.08892859,2023,D4,Safety and order,853
17031831200,-0.0823911,2023,D4,Safety and order,853
17031831000,-0.04534036,2023,D4,Safety and order,853
17031843000,-0.060858957,2023,D4,Safety and order,853
17031843100,-0.061332278,2023,D4,Safety and order,853
17031842900,-0.01880283,2023,D4,Safety and order,853
17031843500,-0.060337596,2023,D4,Safety and order,853
17031842000,-0.023639116,2023,D4,Safety and order,853
17031770901,-0.07971914,2023,D4,Safety and order,853
17031832400,-0.07528579,2023,D4,Safety and order,853
17031832900,-0.028237574,2023,D4,Safety and order,853
17031840300,-0.061464697,2023,D4,Safety and order,853
17031838600,-0.059544403,2023,D4,Safety and order,853
17031839600,-0.02680205,2023,D4,Safety and order,853
17031834900,0.0008073444,2023,D4,Safety and order,853
17031030603,-0.050164416,2023,D4,Safety and order,853
17031832200,-0.075257555,2023,D4,Safety and order,853
17031836700,-0.06160968,2023,D4,Safety and order,853
17031836800,-0.06936686,2023,D4,Safety and order,853
17031836600,-0.06377609,2023,D4,Safety and order,853
17031833000,-0.03966803,2023,D4,Safety and order,853
17031842500,0.0002499387,2023,D4,Safety and order,853
17031841800,-0.0003660674,2023,D4,Safety and order,853
17031980100,,2023,D4,Safety and order,853
17031842800,-0.061247185,2023,D4,Safety and order,853
17031843800,-0.009923147,2023,D4,Safety and order,853
17031841000,-0.023699705,2023,D4,Safety and order,853
17031843900,-0.0035962998,2023,D4,Safety and order,853
17031834200,-0.00019196264,2023,D4,Safety and order,853
17031842200,-0.040115252,2023,D4,Safety and order,853
17031838000,-0.061020903,2023,D4,Safety and order,853
17031010702,-0.049716674,2023,D4,Safety and order,853
17031010503,-0.049634427,2023,D4,Safety and order,853
17031010502,-0.049467772,2023,D4,Safety and order,853
17031010701,-0.049130112,2023,D4,Safety and order,853
17031020902,-0.049498864,2023,D4,Safety and order,853
17031020302,-0.08199948,2023,D4,Safety and order,853
17031020601,-0.0821171,2023,D4,Safety and order,853
17031020301,-0.08181908,2023,D4,Safety and order,853
17031760803,-0.083104774,2023,D4,Safety and order,853
17031530501,-0.00027805875,2023,D4,Safety and order,853
17031530503,-0.0001683152,2023,D4,Safety and order,853
17031650301,-0.051513843,2023,D4,Safety and order,853
17031650302,-0.050824393,2023,D4,Safety and order,853
17031530502,-0.0007721172,2023,D4,Safety and order,853
17031831300,-0.06649187,2023,D4,Safety and order,853
17031831400,-0.05945386,2023,D4,Safety and order,853
17031837000,-0.071552634,2023,D4,Safety and order,853
17031842400,0.0011694918,2023,D4,Safety and order,853
17031832100,-0.0453081,2023,D4,Safety and order,853
17031020802,-0.08222281,2023,D4,Safety and order,853
17031020702,-0.08185594,2023,D4,Safety and order,853
17031020801,-0.081894375,2023,D4,Safety and order,853
17031040202,-0.08181852,2023,D4,Safety and order,853
17031040201,-0.081759766,2023,D4,Safety and order,853
17031040402,-0.049596265,2023,D4,Safety and order,853
17031031501,-0.04952699,2023,D4,Safety and order,853
17031081201,-0.04056959,2023,D4,Safety and order,853
17031063301,-0.04742096,2023,D4,Safety and order,853
17031490901,0.00069057697,2023,D4,Safety and order,853
17031490902,0.0010398353,2023,D4,Safety and order,853
17031301801,-0.062451776,2023,D4,Safety and order,853
17031700301,-0.051596176,2023,D4,Safety and order,853
17031301702,-0.061901696,2023,D4,Safety and order,853
17031700401,-0.027882861,2023,D4,Safety and order,853
17031837100,-0.059027836,2023,D4,Safety and order,853
17031837400,-0.055254746,2023,D4,Safety and order,853
17031837800,-0.05810214,2023,D4,Safety and order,853
17031837300,-0.060668066,2023,D4,Safety and order,853
17031841500,-0.06153474,2023,D4,Safety and order,853
17031838700,-0.061646644,2023,D4,Safety and order,853
17031150501,-0.080183245,2023,D4,Safety and order,853
17031150401,-0.08205414,2023,D4,Safety and order,853
17031150502,-0.08205055,2023,D4,Safety and order,853
17031110502,-0.08221448,2023,D4,Safety and order,853
17031150402,-0.081533335,2023,D4,Safety and order,853
17031140302,-0.08163194,2023,D4,Safety and order,853
17031140301,-0.08215018,2023,D4,Safety and order,853
17031700302,-0.051484805,2023,D4,Safety and order,853
17031580501,-0.061552588,2023,D4,Safety and order,853
17031580502,-0.0617804,2023,D4,Safety and order,853
17031730201,0.00078879803,2023,D4,Safety and order,853
17031301802,-0.06253877,2023,D4,Safety and order,853
17031440101,0.00079562736,2023,D4,Safety and order,853
17031301701,-0.060852356,2023,D4,Safety and order,853
17031839100,-0.040115137,2023,D4,Safety and order,853
17031833100,-0.0397828,2023,D4,Safety and order,853
17031838100,-0.03921643,2023,D4,Safety and order,853
17031833300,-0.026502993,2023,D4,Safety and order,853
17031838200,-0.01879149,2023,D4,Safety and order,853
17031140702,-0.0821887,2023,D4,Safety and order,853
17031140602,-0.08181895,2023,D4,Safety and order,853
17031140701,-0.082278445,2023,D4,Safety and order,853
17031160502,-0.08177763,2023,D4,Safety and order,853
17031160602,-0.08188525,2023,D4,Safety and order,853
17031151002,-0.081791654,2023,D4,Safety and order,853
17031151001,-0.08130852,2023,D4,Safety and order,853
17031190402,-0.08264397,2023,D4,Safety and order,853
17031431301,-0.0011957583,2023,D4,Safety and order,853
17031431302,-0.00023760379,2023,D4,Safety and order,853
17031460302,-0.0013521818,2023,D4,Safety and order,853
17031460301,-0.00057741266,2023,D4,Safety and order,853
17031700501,-0.027459105,2023,D4,Safety and order,853
17031700502,-0.028299525,2023,D4,Safety and order,853
17031210601,-0.08107963,2023,D4,Safety and order,853
17031841100,-0.02540271,2023,D4,Safety and order,853
17031840200,-0.024432365,2023,D4,Safety and order,853
17031841300,-0.0587263,2023,D4,Safety and order,853
17031840700,-0.05822304,2023,D4,Safety and order,853
17031841700,-0.061668057,2023,D4,Safety and order,853
17031190602,-0.08219455,2023,D4,Safety and order,853
17031190401,-0.080864266,2023,D4,Safety and order,853
17031190702,-0.08253721,2023,D4,Safety and order,853
17031191302,-0.090849824,2023,D4,Safety and order,853
17031190601,-0.08310139,2023,D4,Safety and order,853
17031191301,-0.088437214,2023,D4,Safety and order,853
17031200402,-0.08128485,2023,D4,Safety and order,853
17031200401,-0.07939164,2023,D4,Safety and order,853
17031220902,-0.08286922,2023,D4,Safety and order,853
17031210501,-0.081666015,2023,D4,Safety and order,853
17031160601,-0.0819161,2023,D4,Safety and order,853
17031061901,-0.045547884,2023,D4,Safety and order,853
17031840800,-0.062165633,2023,D4,Safety and order,853
17031030703,-0.049222384,2023,D4,Safety and order,853
17031030702,-0.048842773,2023,D4,Safety and order,853
17031440102,0.00060792174,2023,D4,Safety and order,853
17031440202,0.00084827316,2023,D4,Safety and order,853
17031830500,-0.059183363,2023,D4,Safety and order,853
17031840100,-0.03027891,2023,D4,Safety and order,853
17031840400,-0.027921628,2023,D4,Safety and order,853
17031839200,-0.023736104,2023,D4,Safety and order,853
17031835500,-0.030013766,2023,D4,Safety and order,853
17031030604,-0.049571756,2023,D4,Safety and order,853
17031031502,-0.049331237,2023,D4,Safety and order,853
17031081402,-0.04081045,2023,D4,Safety and order,853
17031080201,-0.045081653,2023,D4,Safety and order,853
17031760802,-0.09095299,2023,D4,Safety and order,853
17031140601,-0.081677556,2023,D4,Safety and order,853
17031070102,-0.04475686,2023,D4,Safety and order,853
17031210502,-0.08213472,2023,D4,Safety and order,853
17031540102,-0.00091130607,2023,D4,Safety and order,853
17031700402,-0.027769022,2023,D4,Safety and order,853
17031030800,-0.04993861,2023,D4,Safety and order,853
17031031100,-0.04985034,2023,D4,Safety and order,853
17031812100,-0.07589939,2023,D4,Safety and order,853
17031821900,-0.025255097,2023,D4,Safety and order,853
17031822000,-0.026224198,2023,D4,Safety and order,853
17031822101,-0.025747964,2023,D4,Safety and order,853
17031031300,-0.04952469,2023,D4,Safety and order,853
17031031900,-0.049782872,2023,D4,Safety and order,853
17031813500,-0.059817903,2023,D4,Safety and order,853
17031822701,-0.02677958,2023,D4,Safety and order,853
17031822702,-0.0260979,2023,D4,Safety and order,853
17031822801,-0.025133781,2023,D4,Safety and order,853
17031814200,-0.05786103,2023,D4,Safety and order,853
17031823303,-0.026544023,2023,D4,Safety and order,853
17031823500,-0.026782406,2023,D4,Safety and order,853
17031160501,-0.08158817,2023,D4,Safety and order,853
17031040100,-0.08182077,2023,D4,Safety and order,853
17031040300,-0.081330165,2023,D4,Safety and order,853
17031825700,-0.0030616568,2023,D4,Safety and order,853
17031611600,-0.03278373,2023,D4,Safety and order,853
17031340400,-0.030334217,2023,D4,Safety and order,853
17031770700,-0.08424181,2023,D4,Safety and order,853
17031430700,-0.003907154,2023,D4,Safety and order,853
17031808100,-0.08099404,2023,D4,Safety and order,853
17031191000,-0.08209278,2023,D4,Safety and order,853
17031560400,-0.06268783,2023,D4,Safety and order,853
17031710700,0.0008042656,2023,D4,Safety and order,853
17031550100,-0.0017347776,2023,D4,Safety and order,853
17031283200,-0.030400861,2023,D4,Safety and order,853
17031100500,-0.08187149,2023,D4,Safety and order,853
17031710300,0.0011972557,2023,D4,Safety and order,853
17043840801,-0.092004895,2023,D4,Safety and order,853
17043840802,-0.09232901,2023,D4,Safety and order,853
17031030101,0.028289702,2014,D5,Cleanliness and maintenance,787
17031030701,0.028673947,2014,D5,Cleanliness and maintenance,787
17031070103,0.056433845,2014,D5,Cleanliness and maintenance,787
17031807900,,2014,D5,Cleanliness and maintenance,787
17031808001,,2014,D5,Cleanliness and maintenance,787
17031808002,,2014,D5,Cleanliness and maintenance,787
17031770602,,2014,D5,Cleanliness and maintenance,787
17031831900,0.050291736,2014,D5,Cleanliness and maintenance,787
17031832600,0.05395654,2014,D5,Cleanliness and maintenance,787
17031836900,0.17690215,2014,D5,Cleanliness and maintenance,787
17031841200,0.2430929,2014,D5,Cleanliness and maintenance,787
17031839500,0.100410074,2014,D5,Cleanliness and maintenance,787
17031835800,0.16382651,2014,D5,Cleanliness and maintenance,787
17031838800,0.11658727,2014,D5,Cleanliness and maintenance,787
17031842300,0.052631583,2014,D5,Cleanliness and maintenance,787
17031841900,0.101848766,2014,D5,Cleanliness and maintenance,787
17031843200,0.1519499,2014,D5,Cleanliness and maintenance,787
17031843400,0.24081011,2014,D5,Cleanliness and maintenance,787
17031842600,0.16702044,2014,D5,Cleanliness and maintenance,787
17031301803,0.24233015,2014,D5,Cleanliness and maintenance,787
17031220701,0.050651774,2014,D5,Cleanliness and maintenance,787
17031063302,0.05687513,2014,D5,Cleanliness and maintenance,787
17031252201,0.19098556,2014,D5,Cleanliness and maintenance,787
17031660302,0.23681737,2014,D5,Cleanliness and maintenance,787
17031660301,0.21909522,2014,D5,Cleanliness and maintenance,787
17031730202,0.11276688,2014,D5,Cleanliness and maintenance,787
17031813302,0.23940428,2014,D5,Cleanliness and maintenance,787
17031813301,0.23811863,2014,D5,Cleanliness and maintenance,787
17031835600,0.13336433,2014,D5,Cleanliness and maintenance,787
17031840000,0.14905739,2014,D5,Cleanliness and maintenance,787
17031835700,,2014,D5,Cleanliness and maintenance,787
17031836100,0.13461299,2014,D5,Cleanliness and maintenance,787
17031834600,0.13395393,2014,D5,Cleanliness and maintenance,787
17031843600,0.06930242,2014,D5,Cleanliness and maintenance,787
17031030102,0.028671818,2014,D5,Cleanliness and maintenance,787
17031030706,0.028049711,2014,D5,Cleanliness and maintenance,787
17031030601,0.028516706,2014,D5,Cleanliness and maintenance,787
17031063303,0.056313902,2014,D5,Cleanliness and maintenance,787
17031220901,0.05015173,2014,D5,Cleanliness and maintenance,787
17031210602,0.052589413,2014,D5,Cleanliness and maintenance,787
17031220602,0.05163486,2014,D5,Cleanliness and maintenance,787
17031220601,0.04853818,2014,D5,Cleanliness and maintenance,787
17031040401,0.048076693,2014,D5,Cleanliness and maintenance,787
17031252202,0.19325638,2014,D5,Cleanliness and maintenance,787
17031252102,0.19073804,2014,D5,Cleanliness and maintenance,787
17031836300,0.06899701,2014,D5,Cleanliness and maintenance,787
17031834500,0.13463414,2014,D5,Cleanliness and maintenance,787
17031835900,0.100296095,2014,D5,Cleanliness and maintenance,787
17031836000,0.099503085,2014,D5,Cleanliness and maintenance,787
17031836200,0.13904525,2014,D5,Cleanliness and maintenance,787
17031834400,0.11441189,2014,D5,Cleanliness and maintenance,787
17031834300,0.11590579,2014,D5,Cleanliness and maintenance,787
17031110501,0.04514076,2014,D5,Cleanliness and maintenance,787
17031030104,0.02813533,2014,D5,Cleanliness and maintenance,787
17031081401,0.052790523,2014,D5,Cleanliness and maintenance,787
17031770902,0.08272766,2014,D5,Cleanliness and maintenance,787
17031430101,0.06656956,2014,D5,Cleanliness and maintenance,787
17031252101,0.24114954,2014,D5,Cleanliness and maintenance,787
17031010501,0.02886503,2014,D5,Cleanliness and maintenance,787
17031020701,0.046242528,2014,D5,Cleanliness and maintenance,787
17031010201,0.0284795,2014,D5,Cleanliness and maintenance,787
17031760801,0.05342008,2014,D5,Cleanliness and maintenance,787
17031839000,0.10215943,2014,D5,Cleanliness and maintenance,787
17031440201,0.11376542,2014,D5,Cleanliness and maintenance,787
17031540101,0.114043936,2014,D5,Cleanliness and maintenance,787
17031834000,0.11343899,2014,D5,Cleanliness and maintenance,787
17031833900,0.11535554,2014,D5,Cleanliness and maintenance,787
17031221000,0.04838645,2014,D5,Cleanliness and maintenance,787
17031221100,0.0519747,2014,D5,Cleanliness and maintenance,787
17031242800,0.123715274,2014,D5,Cleanliness and maintenance,787
17031242900,0.123651706,2014,D5,Cleanliness and maintenance,787
17031243000,0.054543097,2014,D5,Cleanliness and maintenance,787
17031243100,0.054215673,2014,D5,Cleanliness and maintenance,787
17031243200,0.053785436,2014,D5,Cleanliness and maintenance,787
17031243300,0.05281609,2014,D5,Cleanliness and maintenance,787
17031243400,0.054149907,2014,D5,Cleanliness and maintenance,787
17031110400,0.047395714,2014,D5,Cleanliness and maintenance,787
17031150600,0.04591892,2014,D5,Cleanliness and maintenance,787
17031150700,0.044125706,2014,D5,Cleanliness and maintenance,787
17031150800,0.04588375,2014,D5,Cleanliness and maintenance,787
17031151100,0.045316562,2014,D5,Cleanliness and maintenance,787
17031151200,0.0451483,2014,D5,Cleanliness and maintenance,787
17031241500,0.05371789,2014,D5,Cleanliness and maintenance,787
17031241100,0.123503506,2014,D5,Cleanliness and maintenance,787
17031241600,0.054206695,2014,D5,Cleanliness and maintenance,787
17031241300,0.12355405,2014,D5,Cleanliness and maintenance,787
17031241400,0.053526748,2014,D5,Cleanliness and maintenance,787
17031243500,0.05342576,2014,D5,Cleanliness and maintenance,787
17031250200,0.049682833,2014,D5,Cleanliness and maintenance,787
17031250300,0.14380665,2014,D5,Cleanliness and maintenance,787
17031250400,0.14618684,2014,D5,Cleanliness and maintenance,787
17031250500,0.14456692,2014,D5,Cleanliness and maintenance,787
17031071500,0.053951923,2014,D5,Cleanliness and maintenance,787
17031071800,0.055802267,2014,D5,Cleanliness and maintenance,787
17031080100,0.054377813,2014,D5,Cleanliness and maintenance,787
17031080300,0.05426319,2014,D5,Cleanliness and maintenance,787
17031080400,0.055165783,2014,D5,Cleanliness and maintenance,787
17031160100,0.04490697,2014,D5,Cleanliness and maintenance,787
17031160200,0.05187662,2014,D5,Cleanliness and maintenance,787
17031160300,0.04724425,2014,D5,Cleanliness and maintenance,787
17031160400,0.048413947,2014,D5,Cleanliness and maintenance,787
17031160700,0.04854272,2014,D5,Cleanliness and maintenance,787
17031221300,0.07493403,2014,D5,Cleanliness and maintenance,787
17031221500,0.07559803,2014,D5,Cleanliness and maintenance,787
17031221400,0.07538065,2014,D5,Cleanliness and maintenance,787
17031250600,0.1904886,2014,D5,Cleanliness and maintenance,787
17031250700,0.19065607,2014,D5,Cleanliness and maintenance,787
17031250800,0.19165523,2014,D5,Cleanliness and maintenance,787
17031251000,0.19148435,2014,D5,Cleanliness and maintenance,787
17031251100,0.19115268,2014,D5,Cleanliness and maintenance,787
17031051400,0.07456792,2014,D5,Cleanliness and maintenance,787
17031060100,0.027593158,2014,D5,Cleanliness and maintenance,787
17031060300,0.027323848,2014,D5,Cleanliness and maintenance,787
17031060800,0.050927047,2014,D5,Cleanliness and maintenance,787
17031160800,0.04703936,2014,D5,Cleanliness and maintenance,787
17031160900,0.048563953,2014,D5,Cleanliness and maintenance,787
17031161000,0.04600192,2014,D5,Cleanliness and maintenance,787
17031161100,0.047150973,2014,D5,Cleanliness and maintenance,787
17031161200,0.04514488,2014,D5,Cleanliness and maintenance,787
17031161300,0.04821526,2014,D5,Cleanliness and maintenance,787
17031170100,0.0509323,2014,D5,Cleanliness and maintenance,787
17031221600,0.07515464,2014,D5,Cleanliness and maintenance,787
17031242100,0.054156534,2014,D5,Cleanliness and maintenance,787
17031242000,0.054028913,2014,D5,Cleanliness and maintenance,787
17031251200,0.1915363,2014,D5,Cleanliness and maintenance,787
17031251300,0.18980207,2014,D5,Cleanliness and maintenance,787
17031051300,0.056053586,2014,D5,Cleanliness and maintenance,787
17031600700,0.16639972,2014,D5,Cleanliness and maintenance,787
17031600900,0.16646603,2014,D5,Cleanliness and maintenance,787
17031821200,,2014,D5,Cleanliness and maintenance,787
17031672000,0.11278209,2014,D5,Cleanliness and maintenance,787
17031710900,0.11439067,2014,D5,Cleanliness and maintenance,787
17031711000,0.11238396,2014,D5,Cleanliness and maintenance,787
17031711100,0.11220896,2014,D5,Cleanliness and maintenance,787
17031711200,0.11256233,2014,D5,Cleanliness and maintenance,787
17031711500,0.11225721,2014,D5,Cleanliness and maintenance,787
17031711300,0.11221826,2014,D5,Cleanliness and maintenance,787
17031711400,0.114390716,2014,D5,Cleanliness and maintenance,787
17031270500,0.19326894,2014,D5,Cleanliness and maintenance,787
17031271200,0.17738612,2014,D5,Cleanliness and maintenance,787
17031271300,0.19359834,2014,D5,Cleanliness and maintenance,787
17031271400,0.19195718,2014,D5,Cleanliness and maintenance,787
17031350100,0.10163626,2014,D5,Cleanliness and maintenance,787
17031350400,0.10053915,2014,D5,Cleanliness and maintenance,787
17031351000,0.100663066,2014,D5,Cleanliness and maintenance,787
17031351400,0.10035178,2014,D5,Cleanliness and maintenance,787
17031360200,0.09965688,2014,D5,Cleanliness and maintenance,787
17031430400,0.116087444,2014,D5,Cleanliness and maintenance,787
17031430600,0.11568071,2014,D5,Cleanliness and maintenance,787
17031430800,0.115096286,2014,D5,Cleanliness and maintenance,787
17031430500,0.11709304,2014,D5,Cleanliness and maintenance,787
17031430900,0.11656745,2014,D5,Cleanliness and maintenance,787
17031610300,0.16695361,2014,D5,Cleanliness and maintenance,787
17031681000,0.112636596,2014,D5,Cleanliness and maintenance,787
17031681100,0.112022474,2014,D5,Cleanliness and maintenance,787
17031680500,0.12936524,2014,D5,Cleanliness and maintenance,787
17031680900,0.113033175,2014,D5,Cleanliness and maintenance,787
17031720100,0.11144133,2014,D5,Cleanliness and maintenance,787
17031720200,0.11383931,2014,D5,Cleanliness and maintenance,787
17031720300,0.113650754,2014,D5,Cleanliness and maintenance,787
17031720400,0.21466875,2014,D5,Cleanliness and maintenance,787
17031720500,0.21506016,2014,D5,Cleanliness and maintenance,787
17031720600,0.111946166,2014,D5,Cleanliness and maintenance,787
17031720700,0.113781795,2014,D5,Cleanliness and maintenance,787
17031040600,0.04815501,2014,D5,Cleanliness and maintenance,787
17031040700,0.047291473,2014,D5,Cleanliness and maintenance,787
17031040800,0.04626061,2014,D5,Cleanliness and maintenance,787
17031825801,,2014,D5,Cleanliness and maintenance,787
17031380100,0.099986,2014,D5,Cleanliness and maintenance,787
17031380200,0.099495865,2014,D5,Cleanliness and maintenance,787
17031431200,0.11490683,2014,D5,Cleanliness and maintenance,787
17031810200,0.048154578,2014,D5,Cleanliness and maintenance,787
17031810301,0.048718072,2014,D5,Cleanliness and maintenance,787
17031050100,0.027587509,2014,D5,Cleanliness and maintenance,787
17031610800,0.13472922,2014,D5,Cleanliness and maintenance,787
17031611000,0.12918235,2014,D5,Cleanliness and maintenance,787
17031611100,0.13190731,2014,D5,Cleanliness and maintenance,787
17031611300,0.13550255,2014,D5,Cleanliness and maintenance,787
17031611400,0.13159244,2014,D5,Cleanliness and maintenance,787
17031611500,0.24158809,2014,D5,Cleanliness and maintenance,787
17031611900,0.13153864,2014,D5,Cleanliness and maintenance,787
17031681200,0.11281428,2014,D5,Cleanliness and maintenance,787
17031810400,0.046363022,2014,D5,Cleanliness and maintenance,787
17031810701,,2014,D5,Cleanliness and maintenance,787
17031810702,,2014,D5,Cleanliness and maintenance,787
17031810600,,2014,D5,Cleanliness and maintenance,787
17031691200,0.11302918,2014,D5,Cleanliness and maintenance,787
17031691100,0.1132448,2014,D5,Cleanliness and maintenance,787
17031730100,0.11375271,2014,D5,Cleanliness and maintenance,787
17031730300,0.11383395,2014,D5,Cleanliness and maintenance,787
17031730400,0.11469884,2014,D5,Cleanliness and maintenance,787
17031730500,0.11362258,2014,D5,Cleanliness and maintenance,787
17031730600,0.11251578,2014,D5,Cleanliness and maintenance,787
17031380500,0.1664304,2014,D5,Cleanliness and maintenance,787
17031381200,0.13447957,2014,D5,Cleanliness and maintenance,787
17031381400,0.1342314,2014,D5,Cleanliness and maintenance,787
17031381700,,2014,D5,Cleanliness and maintenance,787
17031440300,0.114671156,2014,D5,Cleanliness and maintenance,787
17031810800,,2014,D5,Cleanliness and maintenance,787
17031810900,,2014,D5,Cleanliness and maintenance,787
17031612000,0.13197517,2014,D5,Cleanliness and maintenance,787
17031612100,0.12938726,2014,D5,Cleanliness and maintenance,787
17031620100,0.23729385,2014,D5,Cleanliness and maintenance,787
17031620200,0.23730151,2014,D5,Cleanliness and maintenance,787
17031620300,0.23604934,2014,D5,Cleanliness and maintenance,787
17031620400,0.23885912,2014,D5,Cleanliness and maintenance,787
17031630100,0.13524033,2014,D5,Cleanliness and maintenance,787
17031810501,,2014,D5,Cleanliness and maintenance,787
17031810502,,2014,D5,Cleanliness and maintenance,787
17031812200,,2014,D5,Cleanliness and maintenance,787
17031826600,,2014,D5,Cleanliness and maintenance,787
17031730700,0.11409666,2014,D5,Cleanliness and maintenance,787
17031740100,0.21582532,2014,D5,Cleanliness and maintenance,787
17031740200,0.21652462,2014,D5,Cleanliness and maintenance,787
17031740300,0.21481147,2014,D5,Cleanliness and maintenance,787
17031740400,0.21516886,2014,D5,Cleanliness and maintenance,787
17031381800,0.13313949,2014,D5,Cleanliness and maintenance,787
17031381900,0.13263288,2014,D5,Cleanliness and maintenance,787
17031390100,0.09988998,2014,D5,Cleanliness and maintenance,787
17031390200,0.06731654,2014,D5,Cleanliness and maintenance,787
17031390300,0.09924231,2014,D5,Cleanliness and maintenance,787
17031390400,0.06963829,2014,D5,Cleanliness and maintenance,787
17031390500,0.066622205,2014,D5,Cleanliness and maintenance,787
17031390600,0.06668644,2014,D5,Cleanliness and maintenance,787
17031812500,,2014,D5,Cleanliness and maintenance,787
17031440600,0.11392903,2014,D5,Cleanliness and maintenance,787
17031440900,0.11351752,2014,D5,Cleanliness and maintenance,787
17031440700,0.113496415,2014,D5,Cleanliness and maintenance,787
17031440800,0.11317055,2014,D5,Cleanliness and maintenance,787
17031630200,0.23744231,2014,D5,Cleanliness and maintenance,787
17031630300,0.24162503,2014,D5,Cleanliness and maintenance,787
17031630500,0.23709092,2014,D5,Cleanliness and maintenance,787
17031630800,0.23656976,2014,D5,Cleanliness and maintenance,787
17031630900,0.23876607,2014,D5,Cleanliness and maintenance,787
17031640100,0.21799009,2014,D5,Cleanliness and maintenance,787
17031640300,0.2197878,2014,D5,Cleanliness and maintenance,787
17031750100,0.112762675,2014,D5,Cleanliness and maintenance,787
17031750200,0.11353478,2014,D5,Cleanliness and maintenance,787
17031750300,0.21441439,2014,D5,Cleanliness and maintenance,787
17031750400,0.21511984,2014,D5,Cleanliness and maintenance,787
17031750500,0.11251394,2014,D5,Cleanliness and maintenance,787
17031282700,0.22812124,2014,D5,Cleanliness and maintenance,787
17031282800,0.22466923,2014,D5,Cleanliness and maintenance,787
17031400300,0.13543257,2014,D5,Cleanliness and maintenance,787
17031400500,0.13411704,2014,D5,Cleanliness and maintenance,787
17031400800,0.1137477,2014,D5,Cleanliness and maintenance,787
17031410500,0.13400352,2014,D5,Cleanliness and maintenance,787
17031410600,0.08634246,2014,D5,Cleanliness and maintenance,787
17031460100,0.067169614,2014,D5,Cleanliness and maintenance,787
17031450300,0.11671753,2014,D5,Cleanliness and maintenance,787
17031460200,0.11540264,2014,D5,Cleanliness and maintenance,787
17031640400,0.21821934,2014,D5,Cleanliness and maintenance,787
17031640500,0.21791273,2014,D5,Cleanliness and maintenance,787
17031640600,0.21780828,2014,D5,Cleanliness and maintenance,787
17031640700,0.21921276,2014,D5,Cleanliness and maintenance,787
17031640800,0.21808408,2014,D5,Cleanliness and maintenance,787
17031650100,0.21866772,2014,D5,Cleanliness and maintenance,787
17031650200,0.2186606,2014,D5,Cleanliness and maintenance,787
17031750600,0.11356494,2014,D5,Cleanliness and maintenance,787
17031812600,,2014,D5,Cleanliness and maintenance,787
17031820300,,2014,D5,Cleanliness and maintenance,787
17031820400,,2014,D5,Cleanliness and maintenance,787
17031820902,,2014,D5,Cleanliness and maintenance,787
17031283100,0.1028056,2014,D5,Cleanliness and maintenance,787
17031283800,0.10257473,2014,D5,Cleanliness and maintenance,787
17031410700,0.07023874,2014,D5,Cleanliness and maintenance,787
17031410800,0.07122815,2014,D5,Cleanliness and maintenance,787
17031411100,0.08525396,2014,D5,Cleanliness and maintenance,787
17031411200,0.08537102,2014,D5,Cleanliness and maintenance,787
17031460600,0.11435556,2014,D5,Cleanliness and maintenance,787
17031460700,0.11535087,2014,D5,Cleanliness and maintenance,787
17031460400,0.114264436,2014,D5,Cleanliness and maintenance,787
17031460500,0.11659263,2014,D5,Cleanliness and maintenance,787
17031461000,0.117529005,2014,D5,Cleanliness and maintenance,787
17031813000,,2014,D5,Cleanliness and maintenance,787
17031813100,,2014,D5,Cleanliness and maintenance,787
17031821102,,2014,D5,Cleanliness and maintenance,787
17031420100,0.06658407,2014,D5,Cleanliness and maintenance,787
17031420200,0.1366584,2014,D5,Cleanliness and maintenance,787
17031420400,0.11546275,2014,D5,Cleanliness and maintenance,787
17031420700,0.11364934,2014,D5,Cleanliness and maintenance,787
17031805402,,2014,D5,Cleanliness and maintenance,787
17031420800,0.114291735,2014,D5,Cleanliness and maintenance,787
17031470100,0.11465638,2014,D5,Cleanliness and maintenance,787
17031480100,0.11509719,2014,D5,Cleanliness and maintenance,787
17031480200,0.11357873,2014,D5,Cleanliness and maintenance,787
17031480300,0.113607444,2014,D5,Cleanliness and maintenance,787
17031480400,0.11491138,2014,D5,Cleanliness and maintenance,787
17031805502,,2014,D5,Cleanliness and maintenance,787
17031805600,,2014,D5,Cleanliness and maintenance,787
17031650400,0.21731389,2014,D5,Cleanliness and maintenance,787
17031650500,0.22306609,2014,D5,Cleanliness and maintenance,787
17031660400,0.21861868,2014,D5,Cleanliness and maintenance,787
17031813400,0.23808956,2014,D5,Cleanliness and maintenance,787
17031821401,,2014,D5,Cleanliness and maintenance,787
17031805702,,2014,D5,Cleanliness and maintenance,787
17031821402,,2014,D5,Cleanliness and maintenance,787
17031821600,,2014,D5,Cleanliness and maintenance,787
17031821700,,2014,D5,Cleanliness and maintenance,787
17031290900,0.24060059,2014,D5,Cleanliness and maintenance,787
17031291200,0.23902385,2014,D5,Cleanliness and maintenance,787
17031421200,0.11350556,2014,D5,Cleanliness and maintenance,787
17031271500,0.2389868,2014,D5,Cleanliness and maintenance,787
17031292200,0.24044289,2014,D5,Cleanliness and maintenance,787
17031292400,0.24384114,2014,D5,Cleanliness and maintenance,787
17031292500,0.24264449,2014,D5,Cleanliness and maintenance,787
17031271800,0.23923977,2014,D5,Cleanliness and maintenance,787
17031280100,0.052244358,2014,D5,Cleanliness and maintenance,787
17031280400,0.053777136,2014,D5,Cleanliness and maintenance,787
17031300600,0.23810038,2014,D5,Cleanliness and maintenance,787
17031300700,0.2403473,2014,D5,Cleanliness and maintenance,787
17031301100,0.23832177,2014,D5,Cleanliness and maintenance,787
17031301200,0.24176008,2014,D5,Cleanliness and maintenance,787
17031480500,0.11642554,2014,D5,Cleanliness and maintenance,787
17031490300,0.114176564,2014,D5,Cleanliness and maintenance,787
17031490500,0.11518528,2014,D5,Cleanliness and maintenance,787
17031520200,0.1176602,2014,D5,Cleanliness and maintenance,787
17031520300,0.11743091,2014,D5,Cleanliness and maintenance,787
17031520400,0.117496304,2014,D5,Cleanliness and maintenance,787
17031520500,0.11513246,2014,D5,Cleanliness and maintenance,787
17031520600,0.115389705,2014,D5,Cleanliness and maintenance,787
17031660500,0.21928786,2014,D5,Cleanliness and maintenance,787
17031660600,0.21996883,2014,D5,Cleanliness and maintenance,787
17031660700,0.21951407,2014,D5,Cleanliness and maintenance,787
17031660800,0.2188891,2014,D5,Cleanliness and maintenance,787
17031660900,0.21828742,2014,D5,Cleanliness and maintenance,787
17031661000,0.2166794,2014,D5,Cleanliness and maintenance,787
17031280900,0.17730245,2014,D5,Cleanliness and maintenance,787
17031301600,0.23756415,2014,D5,Cleanliness and maintenance,787
17031490600,0.11515261,2014,D5,Cleanliness and maintenance,787
17031490700,0.113835245,2014,D5,Cleanliness and maintenance,787
17031490800,0.11470721,2014,D5,Cleanliness and maintenance,787
17031491000,0.11461079,2014,D5,Cleanliness and maintenance,787
17031491100,0.11335686,2014,D5,Cleanliness and maintenance,787
17031530200,0.114372775,2014,D5,Cleanliness and maintenance,787
17031530300,0.11349557,2014,D5,Cleanliness and maintenance,787
17031530400,0.11371504,2014,D5,Cleanliness and maintenance,787
17031530600,0.11362219,2014,D5,Cleanliness and maintenance,787
17031560100,0.24033478,2014,D5,Cleanliness and maintenance,787
17031670200,0.131847,2014,D5,Cleanliness and maintenance,787
17031670300,0.13307273,2014,D5,Cleanliness and maintenance,787
17031670400,0.13172634,2014,D5,Cleanliness and maintenance,787
17031661100,0.21780694,2014,D5,Cleanliness and maintenance,787
17031670100,0.12932482,2014,D5,Cleanliness and maintenance,787
17031670600,0.11400543,2014,D5,Cleanliness and maintenance,787
17031670700,0.12937032,2014,D5,Cleanliness and maintenance,787
17031670800,0.12938514,2014,D5,Cleanliness and maintenance,787
17031670900,0.12942556,2014,D5,Cleanliness and maintenance,787
17031260900,0.2390252,2014,D5,Cleanliness and maintenance,787
17031261000,0.2385472,2014,D5,Cleanliness and maintenance,787
17031281900,0.051979367,2014,D5,Cleanliness and maintenance,787
17031310200,0.101690605,2014,D5,Cleanliness and maintenance,787
17031310300,0.10192508,2014,D5,Cleanliness and maintenance,787
17031310400,0.101945356,2014,D5,Cleanliness and maintenance,787
17031310500,0.102096975,2014,D5,Cleanliness and maintenance,787
17031491200,0.112293266,2014,D5,Cleanliness and maintenance,787
17031491300,0.112581775,2014,D5,Cleanliness and maintenance,787
17031491400,0.114902824,2014,D5,Cleanliness and maintenance,787
17031500100,0.11602944,2014,D5,Cleanliness and maintenance,787
17031500200,0.11602903,2014,D5,Cleanliness and maintenance,787
17031500300,0.11591467,2014,D5,Cleanliness and maintenance,787
17031560200,0.2383392,2014,D5,Cleanliness and maintenance,787
17031560300,0.23614381,2014,D5,Cleanliness and maintenance,787
17031560700,0.2372641,2014,D5,Cleanliness and maintenance,787
17031560800,0.23960139,2014,D5,Cleanliness and maintenance,787
17031560900,0.23658104,2014,D5,Cleanliness and maintenance,787
17031561000,0.23869835,2014,D5,Cleanliness and maintenance,787
17031010300,0.02903039,2014,D5,Cleanliness and maintenance,787
17031010600,0.028707622,2014,D5,Cleanliness and maintenance,787
17031020100,0.046978306,2014,D5,Cleanliness and maintenance,787
17031280800,0.17913452,2014,D5,Cleanliness and maintenance,787
17031420300,0.115482464,2014,D5,Cleanliness and maintenance,787
17031806600,,2014,D5,Cleanliness and maintenance,787
17031100200,0.04694237,2014,D5,Cleanliness and maintenance,787
17031020200,0.04889947,2014,D5,Cleanliness and maintenance,787
17031130200,0.0489419,2014,D5,Cleanliness and maintenance,787
17031020400,0.049183708,2014,D5,Cleanliness and maintenance,787
17031080202,0.055547226,2014,D5,Cleanliness and maintenance,787
17031240200,0.05568597,2014,D5,Cleanliness and maintenance,787
17031611800,0.13179782,2014,D5,Cleanliness and maintenance,787
17031060200,0.028333222,2014,D5,Cleanliness and maintenance,787
17031221200,0.05111,2014,D5,Cleanliness and maintenance,787
17031826500,,2014,D5,Cleanliness and maintenance,787
17031061200,0.051477503,2014,D5,Cleanliness and maintenance,787
17031808200,,2014,D5,Cleanliness and maintenance,787
17031030200,0.028325446,2014,D5,Cleanliness and maintenance,787
17031030300,0.02832937,2014,D5,Cleanliness and maintenance,787
17031030400,0.028094403,2014,D5,Cleanliness and maintenance,787
17031030900,0.027796095,2014,D5,Cleanliness and maintenance,787
17031031000,0.02754693,2014,D5,Cleanliness and maintenance,787
17031980000,,2014,D5,Cleanliness and maintenance,787
17031600600,0.15210097,2014,D5,Cleanliness and maintenance,787
17031811900,,2014,D5,Cleanliness and maintenance,787
17031420600,0.113007694,2014,D5,Cleanliness and maintenance,787
17031110100,0.048112612,2014,D5,Cleanliness and maintenance,787
17031031400,0.051022466,2014,D5,Cleanliness and maintenance,787
17031040900,0.04966797,2014,D5,Cleanliness and maintenance,787
17031050200,0.048769806,2014,D5,Cleanliness and maintenance,787
17031050300,0.04777843,2014,D5,Cleanliness and maintenance,787
17031071700,0.056183636,2014,D5,Cleanliness and maintenance,787
17031031800,0.027499748,2014,D5,Cleanliness and maintenance,787
17031811600,,2014,D5,Cleanliness and maintenance,787
17031031700,0.027491711,2014,D5,Cleanliness and maintenance,787
17031610400,0.13536109,2014,D5,Cleanliness and maintenance,787
17031050600,0.028225183,2014,D5,Cleanliness and maintenance,787
17031050500,0.046705056,2014,D5,Cleanliness and maintenance,787
17031071600,0.056134798,2014,D5,Cleanliness and maintenance,787
17031671400,0.111346215,2014,D5,Cleanliness and maintenance,787
17031490400,0.11296909,2014,D5,Cleanliness and maintenance,787
17031062300,0.051196367,2014,D5,Cleanliness and maintenance,787
17031630400,0.23978278,2014,D5,Cleanliness and maintenance,787
17031822802,,2014,D5,Cleanliness and maintenance,787
17031010100,0.028856726,2014,D5,Cleanliness and maintenance,787
17031680600,0.12952122,2014,D5,Cleanliness and maintenance,787
17031807800,,2014,D5,Cleanliness and maintenance,787
17031811100,,2014,D5,Cleanliness and maintenance,787
17031030500,0.028045937,2014,D5,Cleanliness and maintenance,787
17031020500,0.04903695,2014,D5,Cleanliness and maintenance,787
17031081300,0.05265796,2014,D5,Cleanliness and maintenance,787
17031081000,0.053347416,2014,D5,Cleanliness and maintenance,787
17031130100,0.05056292,2014,D5,Cleanliness and maintenance,787
17043840000,,2014,D5,Cleanliness and maintenance,787
17031170200,0.043838184,2014,D5,Cleanliness and maintenance,787
17031170300,0.046270233,2014,D5,Cleanliness and maintenance,787
17031170400,0.082683995,2014,D5,Cleanliness and maintenance,787
17031170500,0.082184024,2014,D5,Cleanliness and maintenance,787
17031170600,0.14003071,2014,D5,Cleanliness and maintenance,787
17031170700,0.14094633,2014,D5,Cleanliness and maintenance,787
17031170800,0.083179265,2014,D5,Cleanliness and maintenance,787
17031251400,0.19272316,2014,D5,Cleanliness and maintenance,787
17031260300,0.19362068,2014,D5,Cleanliness and maintenance,787
17031260500,0.19347359,2014,D5,Cleanliness and maintenance,787
17031260600,0.19758262,2014,D5,Cleanliness and maintenance,787
17031260700,0.19398485,2014,D5,Cleanliness and maintenance,787
17031260800,0.19248529,2014,D5,Cleanliness and maintenance,787
17031050700,0.026737906,2014,D5,Cleanliness and maintenance,787
17031050900,0.044590425,2014,D5,Cleanliness and maintenance,787
17031051000,0.045263465,2014,D5,Cleanliness and maintenance,787
17031051100,0.047315396,2014,D5,Cleanliness and maintenance,787
17031051200,0.027138414,2014,D5,Cleanliness and maintenance,787
17031170900,0.13986722,2014,D5,Cleanliness and maintenance,787
17031171000,0.0825999,2014,D5,Cleanliness and maintenance,787
17031171100,0.04471526,2014,D5,Cleanliness and maintenance,787
17031180100,0.086072415,2014,D5,Cleanliness and maintenance,787
17031190100,0.054656465,2014,D5,Cleanliness and maintenance,787
17031222200,0.07484183,2014,D5,Cleanliness and maintenance,787
17031222500,0.0751569,2014,D5,Cleanliness and maintenance,787
17031222600,0.07513124,2014,D5,Cleanliness and maintenance,787
17031251500,0.19016889,2014,D5,Cleanliness and maintenance,787
17031251600,0.19096665,2014,D5,Cleanliness and maintenance,787
17031251700,0.19304696,2014,D5,Cleanliness and maintenance,787
17031251800,0.19506547,2014,D5,Cleanliness and maintenance,787
17031251900,0.19030719,2014,D5,Cleanliness and maintenance,787
17031252000,0.19368687,2014,D5,Cleanliness and maintenance,787
17031130300,0.046385568,2014,D5,Cleanliness and maintenance,787
17031190200,0.048066124,2014,D5,Cleanliness and maintenance,787
17031190300,0.0480445,2014,D5,Cleanliness and maintenance,787
17031190800,0.04863321,2014,D5,Cleanliness and maintenance,787
17031260100,0.19158441,2014,D5,Cleanliness and maintenance,787
17031260200,0.19370008,2014,D5,Cleanliness and maintenance,787
17031530100,0.11379132,2014,D5,Cleanliness and maintenance,787
17031061800,0.051471747,2014,D5,Cleanliness and maintenance,787
17031823400,,2014,D5,Cleanliness and maintenance,787
17031821500,,2014,D5,Cleanliness and maintenance,787
17031410200,0.066603824,2014,D5,Cleanliness and maintenance,787
17031222900,0.048355673,2014,D5,Cleanliness and maintenance,787
17031241000,0.122070916,2014,D5,Cleanliness and maintenance,787
17031190900,0.050336145,2014,D5,Cleanliness and maintenance,787
17031191200,0.04785785,2014,D5,Cleanliness and maintenance,787
17031200100,0.049441643,2014,D5,Cleanliness and maintenance,787
17031200200,0.049134795,2014,D5,Cleanliness and maintenance,787
17031200300,0.048306547,2014,D5,Cleanliness and maintenance,787
17031222700,0.048785493,2014,D5,Cleanliness and maintenance,787
17031230100,0.074898794,2014,D5,Cleanliness and maintenance,787
17031230200,0.0731283,2014,D5,Cleanliness and maintenance,787
17031230300,0.07280074,2014,D5,Cleanliness and maintenance,787
17031230400,0.050473608,2014,D5,Cleanliness and maintenance,787
17031230500,0.049335368,2014,D5,Cleanliness and maintenance,787
17031351100,0.09955417,2014,D5,Cleanliness and maintenance,787
17031807600,,2014,D5,Cleanliness and maintenance,787
17031770500,,2014,D5,Cleanliness and maintenance,787
17031611700,0.13201627,2014,D5,Cleanliness and maintenance,787
17031300500,0.23832148,2014,D5,Cleanliness and maintenance,787
17031381500,0.1346744,2014,D5,Cleanliness and maintenance,787
17031420500,0.11438986,2014,D5,Cleanliness and maintenance,787
17031811500,,2014,D5,Cleanliness and maintenance,787
17031081500,0.05231531,2014,D5,Cleanliness and maintenance,787
17031081600,0.052387908,2014,D5,Cleanliness and maintenance,787
17031081700,0.05242075,2014,D5,Cleanliness and maintenance,787
17031081800,0.05236215,2014,D5,Cleanliness and maintenance,787
17031081900,0.05651537,2014,D5,Cleanliness and maintenance,787
17031222800,0.04829,2014,D5,Cleanliness and maintenance,787
17031050800,0.047253717,2014,D5,Cleanliness and maintenance,787
17031210100,0.050490998,2014,D5,Cleanliness and maintenance,787
17031210400,0.04870332,2014,D5,Cleanliness and maintenance,787
17031230700,0.123100266,2014,D5,Cleanliness and maintenance,787
17031230800,0.120755225,2014,D5,Cleanliness and maintenance,787
17031230900,0.123273246,2014,D5,Cleanliness and maintenance,787
17031820502,,2014,D5,Cleanliness and maintenance,787
17031820901,,2014,D5,Cleanliness and maintenance,787
17031550200,0.11681852,2014,D5,Cleanliness and maintenance,787
17031823200,,2014,D5,Cleanliness and maintenance,787
17031823304,,2014,D5,Cleanliness and maintenance,787
17031670500,0.1311317,2014,D5,Cleanliness and maintenance,787
17031820700,,2014,D5,Cleanliness and maintenance,787
17031580800,0.23674467,2014,D5,Cleanliness and maintenance,787
17031380700,0.13530064,2014,D5,Cleanliness and maintenance,787
17031230600,0.0982015,2014,D5,Cleanliness and maintenance,787
17031242300,0.09883436,2014,D5,Cleanliness and maintenance,787
17031242200,0.054107193,2014,D5,Cleanliness and maintenance,787
17031032100,0.051140916,2014,D5,Cleanliness and maintenance,787
17031811701,,2014,D5,Cleanliness and maintenance,787
17031820800,,2014,D5,Cleanliness and maintenance,787
17031300800,0.23816264,2014,D5,Cleanliness and maintenance,787
17031060900,0.050800595,2014,D5,Cleanliness and maintenance,787
17031061000,0.050996676,2014,D5,Cleanliness and maintenance,787
17031210700,0.0508777,2014,D5,Cleanliness and maintenance,787
17031291600,0.24043646,2014,D5,Cleanliness and maintenance,787
17031400400,0.13405882,2014,D5,Cleanliness and maintenance,787
17031191100,0.04867798,2014,D5,Cleanliness and maintenance,787
17031120100,0.04878159,2014,D5,Cleanliness and maintenance,787
17031611200,0.13586946,2014,D5,Cleanliness and maintenance,787
17031300900,0.23874556,2014,D5,Cleanliness and maintenance,787
17031061100,0.05060048,2014,D5,Cleanliness and maintenance,787
17031061500,0.05109021,2014,D5,Cleanliness and maintenance,787
17031062000,0.050948653,2014,D5,Cleanliness and maintenance,787
17031062100,0.05067318,2014,D5,Cleanliness and maintenance,787
17031062200,0.05107249,2014,D5,Cleanliness and maintenance,787
17031090200,0.046267364,2014,D5,Cleanliness and maintenance,787
17031090100,0.046154346,2014,D5,Cleanliness and maintenance,787
17031826401,,2014,D5,Cleanliness and maintenance,787
17031260400,0.19381545,2014,D5,Cleanliness and maintenance,787
17031351500,0.09995972,2014,D5,Cleanliness and maintenance,787
17031811200,,2014,D5,Cleanliness and maintenance,787
17031770800,,2014,D5,Cleanliness and maintenance,787
17031210800,0.049283683,2014,D5,Cleanliness and maintenance,787
17031210900,0.051426556,2014,D5,Cleanliness and maintenance,787
17031081100,0.052985378,2014,D5,Cleanliness and maintenance,787
17031241200,0.12495166,2014,D5,Cleanliness and maintenance,787
17031031200,0.028060634,2014,D5,Cleanliness and maintenance,787
17031062500,0.050638936,2014,D5,Cleanliness and maintenance,787
17031062600,0.056104667,2014,D5,Cleanliness and maintenance,787
17031062700,0.05476638,2014,D5,Cleanliness and maintenance,787
17031062800,0.056198917,2014,D5,Cleanliness and maintenance,787
17031062900,0.05136916,2014,D5,Cleanliness and maintenance,787
17031063000,0.050881967,2014,D5,Cleanliness and maintenance,787
17031062400,0.050670367,2014,D5,Cleanliness and maintenance,787
17031063100,0.05103778,2014,D5,Cleanliness and maintenance,787
17031063400,0.05522907,2014,D5,Cleanliness and maintenance,787
17031090300,0.048477728,2014,D5,Cleanliness and maintenance,787
17031100100,0.04781145,2014,D5,Cleanliness and maintenance,787
17031100300,0.04849726,2014,D5,Cleanliness and maintenance,787
17031140100,0.047687206,2014,D5,Cleanliness and maintenance,787
17031140200,0.04818122,2014,D5,Cleanliness and maintenance,787
17031140400,0.047196884,2014,D5,Cleanliness and maintenance,787
17031140500,0.046613347,2014,D5,Cleanliness and maintenance,787
17031242700,0.123014376,2014,D5,Cleanliness and maintenance,787
17031070200,0.054994345,2014,D5,Cleanliness and maintenance,787
17031070300,0.05562156,2014,D5,Cleanliness and maintenance,787
17031070400,0.054927092,2014,D5,Cleanliness and maintenance,787
17031070500,0.054663923,2014,D5,Cleanliness and maintenance,787
17031070600,0.0557195,2014,D5,Cleanliness and maintenance,787
17031070700,0.05429949,2014,D5,Cleanliness and maintenance,787
17031100400,0.050958626,2014,D5,Cleanliness and maintenance,787
17031100600,0.04568182,2014,D5,Cleanliness and maintenance,787
17031100700,0.045282066,2014,D5,Cleanliness and maintenance,787
17031110200,0.047063194,2014,D5,Cleanliness and maintenance,787
17031150200,0.047832932,2014,D5,Cleanliness and maintenance,787
17031150300,0.046302505,2014,D5,Cleanliness and maintenance,787
17031140800,0.048153866,2014,D5,Cleanliness and maintenance,787
17031231200,0.1203421,2014,D5,Cleanliness and maintenance,787
17031231100,0.120543815,2014,D5,Cleanliness and maintenance,787
17031242400,0.12470382,2014,D5,Cleanliness and maintenance,787
17031242500,0.12338185,2014,D5,Cleanliness and maintenance,787
17031120200,0.048406243,2014,D5,Cleanliness and maintenance,787
17031120300,0.048687056,2014,D5,Cleanliness and maintenance,787
17031120400,0.048216768,2014,D5,Cleanliness and maintenance,787
17031231500,0.18063326,2014,D5,Cleanliness and maintenance,787
17031071100,0.055579104,2014,D5,Cleanliness and maintenance,787
17031071000,0.055538658,2014,D5,Cleanliness and maintenance,787
17031071200,0.053806297,2014,D5,Cleanliness and maintenance,787
17031071300,0.056076262,2014,D5,Cleanliness and maintenance,787
17031110300,0.044621177,2014,D5,Cleanliness and maintenance,787
17031220300,0.051046487,2014,D5,Cleanliness and maintenance,787
17031220400,0.051153883,2014,D5,Cleanliness and maintenance,787
17031220500,0.052017003,2014,D5,Cleanliness and maintenance,787
17031240300,0.055274595,2014,D5,Cleanliness and maintenance,787
17031240500,0.07533305,2014,D5,Cleanliness and maintenance,787
17031060400,0.027216677,2014,D5,Cleanliness and maintenance,787
17031060500,0.05074106,2014,D5,Cleanliness and maintenance,787
17031240800,0.07288581,2014,D5,Cleanliness and maintenance,787
17031240600,0.074705735,2014,D5,Cleanliness and maintenance,787
17031240700,0.073200524,2014,D5,Cleanliness and maintenance,787
17031240900,0.123486765,2014,D5,Cleanliness and maintenance,787
17031242600,0.12345602,2014,D5,Cleanliness and maintenance,787
17031310600,0.101839244,2014,D5,Cleanliness and maintenance,787
17031310700,0.15226823,2014,D5,Cleanliness and maintenance,787
17031310800,0.15250689,2014,D5,Cleanliness and maintenance,787
17031020602,0.04869421,2014,D5,Cleanliness and maintenance,787
17031310900,0.15188514,2014,D5,Cleanliness and maintenance,787
17031510100,0.117211364,2014,D5,Cleanliness and maintenance,787
17031510200,0.11473165,2014,D5,Cleanliness and maintenance,787
17031561100,0.23642734,2014,D5,Cleanliness and maintenance,787
17031190701,0.04772078,2014,D5,Cleanliness and maintenance,787
17031020901,0.046166122,2014,D5,Cleanliness and maintenance,787
17031010202,0.02885415,2014,D5,Cleanliness and maintenance,787
17031570100,0.24580747,2014,D5,Cleanliness and maintenance,787
17031570200,0.24112901,2014,D5,Cleanliness and maintenance,787
17031570300,0.24043812,2014,D5,Cleanliness and maintenance,787
17031570400,0.24108723,2014,D5,Cleanliness and maintenance,787
17031570500,0.23888157,2014,D5,Cleanliness and maintenance,787
17031690400,0.1152601,2014,D5,Cleanliness and maintenance,787
17031691300,0.11360337,2014,D5,Cleanliness and maintenance,787
17031691400,0.11397737,2014,D5,Cleanliness and maintenance,787
17031691500,0.115790576,2014,D5,Cleanliness and maintenance,787
17031320100,0.054245386,2014,D5,Cleanliness and maintenance,787
17031320400,0.0518278,2014,D5,Cleanliness and maintenance,787
17031580100,0.24057604,2014,D5,Cleanliness and maintenance,787
17031580200,0.23882215,2014,D5,Cleanliness and maintenance,787
17031580300,0.24083117,2014,D5,Cleanliness and maintenance,787
17031580400,0.24093443,2014,D5,Cleanliness and maintenance,787
17031580600,0.24055573,2014,D5,Cleanliness and maintenance,787
17031580700,0.23726907,2014,D5,Cleanliness and maintenance,787
17031681300,0.1122601,2014,D5,Cleanliness and maintenance,787
17031681400,0.11239431,2014,D5,Cleanliness and maintenance,787
17031690300,0.113868624,2014,D5,Cleanliness and maintenance,787
17031690500,0.1153198,2014,D5,Cleanliness and maintenance,787
17031690900,0.113775104,2014,D5,Cleanliness and maintenance,787
17031691000,0.11404289,2014,D5,Cleanliness and maintenance,787
17031700100,0.21918465,2014,D5,Cleanliness and maintenance,787
17031700200,0.21860202,2014,D5,Cleanliness and maintenance,787
17031320600,0.102016345,2014,D5,Cleanliness and maintenance,787
17031330100,0.10221583,2014,D5,Cleanliness and maintenance,787
17031330200,0.10252911,2014,D5,Cleanliness and maintenance,787
17031590500,0.23963906,2014,D5,Cleanliness and maintenance,787
17031590600,0.16622369,2014,D5,Cleanliness and maintenance,787
17031671200,0.11205331,2014,D5,Cleanliness and maintenance,787
17031671100,0.112694785,2014,D5,Cleanliness and maintenance,787
17031671300,0.11169516,2014,D5,Cleanliness and maintenance,787
17031671500,0.112452134,2014,D5,Cleanliness and maintenance,787
17031671600,0.11220225,2014,D5,Cleanliness and maintenance,787
17031671800,0.11183646,2014,D5,Cleanliness and maintenance,787
17031671900,0.11174694,2014,D5,Cleanliness and maintenance,787
17031710100,0.112268604,2014,D5,Cleanliness and maintenance,787
17031710200,0.11363601,2014,D5,Cleanliness and maintenance,787
17031710400,0.11196176,2014,D5,Cleanliness and maintenance,787
17031710500,0.11388552,2014,D5,Cleanliness and maintenance,787
17031710600,0.11223066,2014,D5,Cleanliness and maintenance,787
17031710800,0.11453025,2014,D5,Cleanliness and maintenance,787
17031340300,0.10159225,2014,D5,Cleanliness and maintenance,787
17031340500,0.10092333,2014,D5,Cleanliness and maintenance,787
17031340600,0.1503571,2014,D5,Cleanliness and maintenance,787
17031430200,0.11595459,2014,D5,Cleanliness and maintenance,787
17031430300,0.11448941,2014,D5,Cleanliness and maintenance,787
17031510300,0.11664093,2014,D5,Cleanliness and maintenance,787
17031520100,0.11774115,2014,D5,Cleanliness and maintenance,787
17031590700,0.16787721,2014,D5,Cleanliness and maintenance,787
17031600400,0.10033277,2014,D5,Cleanliness and maintenance,787
17031813801,0.23883547,2014,D5,Cleanliness and maintenance,787
17031830600,0.027962942,2014,D5,Cleanliness and maintenance,787
17031830800,0.029892117,2014,D5,Cleanliness and maintenance,787
17031830700,0.029840972,2014,D5,Cleanliness and maintenance,787
17031830900,0.07752752,2014,D5,Cleanliness and maintenance,787
17031835200,0.24440625,2014,D5,Cleanliness and maintenance,787
17031839900,0.16750884,2014,D5,Cleanliness and maintenance,787
17031839700,0.16710192,2014,D5,Cleanliness and maintenance,787
17031839800,0.14968556,2014,D5,Cleanliness and maintenance,787
17031834800,0.13414657,2014,D5,Cleanliness and maintenance,787
17031834700,0.1295069,2014,D5,Cleanliness and maintenance,787
17031832000,0.051285826,2014,D5,Cleanliness and maintenance,787
17031832500,0.053323075,2014,D5,Cleanliness and maintenance,787
17031832300,0.053859383,2014,D5,Cleanliness and maintenance,787
17031838300,0.05563751,2014,D5,Cleanliness and maintenance,787
17031831800,0.049204376,2014,D5,Cleanliness and maintenance,787
17031831700,0.045657754,2014,D5,Cleanliness and maintenance,787
17031835100,0.2407385,2014,D5,Cleanliness and maintenance,787
17031835000,0.22177456,2014,D5,Cleanliness and maintenance,787
17031843700,0.05136675,2014,D5,Cleanliness and maintenance,787
17031220702,0.051281165,2014,D5,Cleanliness and maintenance,787
17031842100,0.19524509,2014,D5,Cleanliness and maintenance,787
17031843300,0.2421174,2014,D5,Cleanliness and maintenance,787
17031831100,0.05066862,2014,D5,Cleanliness and maintenance,787
17031831500,0.14645036,2014,D5,Cleanliness and maintenance,787
17031831600,0.14445192,2014,D5,Cleanliness and maintenance,787
17031831200,0.048795708,2014,D5,Cleanliness and maintenance,787
17031831000,0.054838862,2014,D5,Cleanliness and maintenance,787
17031843000,0.24100211,2014,D5,Cleanliness and maintenance,787
17031843100,0.24101876,2014,D5,Cleanliness and maintenance,787
17031842900,0.15271889,2014,D5,Cleanliness and maintenance,787
17031843500,0.24534997,2014,D5,Cleanliness and maintenance,787
17031842000,0.10051879,2014,D5,Cleanliness and maintenance,787
17031770901,,2014,D5,Cleanliness and maintenance,787
17031832400,0.075300954,2014,D5,Cleanliness and maintenance,787
17031832900,0.102988765,2014,D5,Cleanliness and maintenance,787
17031840300,0.23954584,2014,D5,Cleanliness and maintenance,787
17031838600,0.23950455,2014,D5,Cleanliness and maintenance,787
17031839600,0.10014954,2014,D5,Cleanliness and maintenance,787
17031834900,0.11185247,2014,D5,Cleanliness and maintenance,787
17031030603,0.028390875,2014,D5,Cleanliness and maintenance,787
17031832200,0.07556996,2014,D5,Cleanliness and maintenance,787
17031836700,0.12411954,2014,D5,Cleanliness and maintenance,787
17031836800,0.17910916,2014,D5,Cleanliness and maintenance,787
17031836600,0.121406056,2014,D5,Cleanliness and maintenance,787
17031833000,0.051959448,2014,D5,Cleanliness and maintenance,787
17031842500,0.11344543,2014,D5,Cleanliness and maintenance,787
17031841800,0.11588826,2014,D5,Cleanliness and maintenance,787
17031980100,,2014,D5,Cleanliness and maintenance,787
17031842800,0.24232951,2014,D5,Cleanliness and maintenance,787
17031843800,0.12988552,2014,D5,Cleanliness and maintenance,787
17031841000,0.10102578,2014,D5,Cleanliness and maintenance,787
17031836500,0.0997936,2014,D5,Cleanliness and maintenance,787
17031843900,0.06623447,2014,D5,Cleanliness and maintenance,787
17031834200,0.11703378,2014,D5,Cleanliness and maintenance,787
17031842200,0.052812107,2014,D5,Cleanliness and maintenance,787
17031838000,0.12175577,2014,D5,Cleanliness and maintenance,787
17031010702,0.02843553,2014,D5,Cleanliness and maintenance,787
17031010503,0.02757355,2014,D5,Cleanliness and maintenance,787
17031010502,0.028166616,2014,D5,Cleanliness and maintenance,787
17031010701,0.02862315,2014,D5,Cleanliness and maintenance,787
17031020902,0.028355436,2014,D5,Cleanliness and maintenance,787
17031020302,0.048464816,2014,D5,Cleanliness and maintenance,787
17031020601,0.04608762,2014,D5,Cleanliness and maintenance,787
17031020301,0.04651489,2014,D5,Cleanliness and maintenance,787
17031760803,0.08443205,2014,D5,Cleanliness and maintenance,787
17031530501,0.114207886,2014,D5,Cleanliness and maintenance,787
17031530503,0.11390142,2014,D5,Cleanliness and maintenance,787
17031650301,0.21811949,2014,D5,Cleanliness and maintenance,787
17031650302,0.21850194,2014,D5,Cleanliness and maintenance,787
17031530502,0.113352165,2014,D5,Cleanliness and maintenance,787
17031831300,0.09606213,2014,D5,Cleanliness and maintenance,787
17031831400,0.24769957,2014,D5,Cleanliness and maintenance,787
17031837000,0.17719796,2014,D5,Cleanliness and maintenance,787
17031842400,0.11486031,2014,D5,Cleanliness and maintenance,787
17031832100,0.05158469,2014,D5,Cleanliness and maintenance,787
17031020802,0.048478115,2014,D5,Cleanliness and maintenance,787
17031020702,0.04737301,2014,D5,Cleanliness and maintenance,787
17031020801,0.0464994,2014,D5,Cleanliness and maintenance,787
17031040202,0.048748765,2014,D5,Cleanliness and maintenance,787
17031040201,0.047760777,2014,D5,Cleanliness and maintenance,787
17031040402,0.027977716,2014,D5,Cleanliness and maintenance,787
17031031501,0.027781287,2014,D5,Cleanliness and maintenance,787
17031081201,0.052626308,2014,D5,Cleanliness and maintenance,787
17031063301,0.056519937,2014,D5,Cleanliness and maintenance,787
17031490901,0.115657374,2014,D5,Cleanliness and maintenance,787
17031490902,0.115004614,2014,D5,Cleanliness and maintenance,787
17031301801,0.23754023,2014,D5,Cleanliness and maintenance,787
17031700301,0.21849608,2014,D5,Cleanliness and maintenance,787
17031301702,0.24033211,2014,D5,Cleanliness and maintenance,787
17031700401,0.21690193,2014,D5,Cleanliness and maintenance,787
17031837100,0.12177808,2014,D5,Cleanliness and maintenance,787
17031837400,0.22998375,2014,D5,Cleanliness and maintenance,787
17031837800,0.12596016,2014,D5,Cleanliness and maintenance,787
17031837300,0.23976876,2014,D5,Cleanliness and maintenance,787
17031841500,0.24304108,2014,D5,Cleanliness and maintenance,787
17031838700,0.24211821,2014,D5,Cleanliness and maintenance,787
17031150501,0.043909024,2014,D5,Cleanliness and maintenance,787
17031150401,0.044370666,2014,D5,Cleanliness and maintenance,787
17031150502,0.04369031,2014,D5,Cleanliness and maintenance,787
17031110502,0.048693374,2014,D5,Cleanliness and maintenance,787
17031150402,0.044403438,2014,D5,Cleanliness and maintenance,787
17031140302,0.046574313,2014,D5,Cleanliness and maintenance,787
17031140301,0.04482616,2014,D5,Cleanliness and maintenance,787
17031700302,0.21585783,2014,D5,Cleanliness and maintenance,787
17031580501,0.23748739,2014,D5,Cleanliness and maintenance,787
17031580502,0.23926222,2014,D5,Cleanliness and maintenance,787
17031730201,0.1123858,2014,D5,Cleanliness and maintenance,787
17031301802,0.24084291,2014,D5,Cleanliness and maintenance,787
17031440101,0.113265865,2014,D5,Cleanliness and maintenance,787
17031301701,0.2418401,2014,D5,Cleanliness and maintenance,787
17031839100,0.051944163,2014,D5,Cleanliness and maintenance,787
17031833100,0.052048426,2014,D5,Cleanliness and maintenance,787
17031838100,0.051379777,2014,D5,Cleanliness and maintenance,787
17031833300,0.102486685,2014,D5,Cleanliness and maintenance,787
17031838200,0.1527788,2014,D5,Cleanliness and maintenance,787
17031140702,0.045702003,2014,D5,Cleanliness and maintenance,787
17031140602,0.04509698,2014,D5,Cleanliness and maintenance,787
17031140701,0.046730414,2014,D5,Cleanliness and maintenance,787
17031160502,0.044879403,2014,D5,Cleanliness and maintenance,787
17031160602,0.046751942,2014,D5,Cleanliness and maintenance,787
17031151002,0.047413576,2014,D5,Cleanliness and maintenance,787
17031151001,0.043736212,2014,D5,Cleanliness and maintenance,787
17031190402,0.047550492,2014,D5,Cleanliness and maintenance,787
17031431301,0.115246385,2014,D5,Cleanliness and maintenance,787
17031431302,0.11697313,2014,D5,Cleanliness and maintenance,787
17031460302,0.11551729,2014,D5,Cleanliness and maintenance,787
17031460301,0.11562309,2014,D5,Cleanliness and maintenance,787
17031700501,0.21833725,2014,D5,Cleanliness and maintenance,787
17031700502,0.21676835,2014,D5,Cleanliness and maintenance,787
17031210601,0.04434091,2014,D5,Cleanliness and maintenance,787
17031841100,0.10105173,2014,D5,Cleanliness and maintenance,787
17031840200,0.15157665,2014,D5,Cleanliness and maintenance,787
17031841300,0.24634272,2014,D5,Cleanliness and maintenance,787
17031840700,0.24035175,2014,D5,Cleanliness and maintenance,787
17031841600,0.2378322,2014,D5,Cleanliness and maintenance,787
17031841700,0.23934023,2014,D5,Cleanliness and maintenance,787
17031190602,0.047911312,2014,D5,Cleanliness and maintenance,787
17031190401,0.047509644,2014,D5,Cleanliness and maintenance,787
17031190702,0.047582697,2014,D5,Cleanliness and maintenance,787
17031191302,0.1452026,2014,D5,Cleanliness and maintenance,787
17031190601,0.08706215,2014,D5,Cleanliness and maintenance,787
17031191301,0.14335854,2014,D5,Cleanliness and maintenance,787
17031200402,0.048484303,2014,D5,Cleanliness and maintenance,787
17031200401,0.05064165,2014,D5,Cleanliness and maintenance,787
17031220902,0.0511299,2014,D5,Cleanliness and maintenance,787
17031210501,0.048189722,2014,D5,Cleanliness and maintenance,787
17031160601,0.047193166,2014,D5,Cleanliness and maintenance,787
17031061901,0.05060132,2014,D5,Cleanliness and maintenance,787
17031840800,0.23734736,2014,D5,Cleanliness and maintenance,787
17031030703,0.027770638,2014,D5,Cleanliness and maintenance,787
17031030702,0.029352084,2014,D5,Cleanliness and maintenance,787
17031440102,0.11586935,2014,D5,Cleanliness and maintenance,787
17031440202,0.11397384,2014,D5,Cleanliness and maintenance,787
17031841400,0.23738365,2014,D5,Cleanliness and maintenance,787
17031830500,0.24597123,2014,D5,Cleanliness and maintenance,787
17031840100,0.10048695,2014,D5,Cleanliness and maintenance,787
17031840400,0.16770285,2014,D5,Cleanliness and maintenance,787
17031839200,0.101264894,2014,D5,Cleanliness and maintenance,787
17031835500,0.16732728,2014,D5,Cleanliness and maintenance,787
17031030604,0.02768309,2014,D5,Cleanliness and maintenance,787
17031031502,0.027242258,2014,D5,Cleanliness and maintenance,787
17031081402,0.0526984,2014,D5,Cleanliness and maintenance,787
17031080201,0.056022335,2014,D5,Cleanliness and maintenance,787
17031760802,0.14339447,2014,D5,Cleanliness and maintenance,787
17031140601,0.045129128,2014,D5,Cleanliness and maintenance,787
17031070102,0.055863354,2014,D5,Cleanliness and maintenance,787
17031210502,0.050866805,2014,D5,Cleanliness and maintenance,787
17031540102,0.11427749,2014,D5,Cleanliness and maintenance,787
17031700402,0.21571563,2014,D5,Cleanliness and maintenance,787
17031030800,0.02798484,2014,D5,Cleanliness and maintenance,787
17031031100,0.027537556,2014,D5,Cleanliness and maintenance,787
17031812100,,2014,D5,Cleanliness and maintenance,787
17031821900,,2014,D5,Cleanliness and maintenance,787
17031822000,,2014,D5,Cleanliness and maintenance,787
17031822101,,2014,D5,Cleanliness and maintenance,787
17031031300,0.027938887,2014,D5,Cleanliness and maintenance,787
17031031900,0.027664319,2014,D5,Cleanliness and maintenance,787
17031813500,0.23818429,2014,D5,Cleanliness and maintenance,787
17031822701,,2014,D5,Cleanliness and maintenance,787
17031822702,,2014,D5,Cleanliness and maintenance,787
17031822801,,2014,D5,Cleanliness and maintenance,787
17031814200,0.23986796,2014,D5,Cleanliness and maintenance,787
17031823303,,2014,D5,Cleanliness and maintenance,787
17031823500,,2014,D5,Cleanliness and maintenance,787
17031160501,0.045974076,2014,D5,Cleanliness and maintenance,787
17031040100,0.049283523,2014,D5,Cleanliness and maintenance,787
17031040300,0.047282286,2014,D5,Cleanliness and maintenance,787
17031825700,,2014,D5,Cleanliness and maintenance,787
17031611600,0.13118416,2014,D5,Cleanliness and maintenance,787
17031340400,0.10147892,2014,D5,Cleanliness and maintenance,787
17031770700,,2014,D5,Cleanliness and maintenance,787
17031430700,0.06651162,2014,D5,Cleanliness and maintenance,787
17031808100,,2014,D5,Cleanliness and maintenance,787
17031191000,0.04882592,2014,D5,Cleanliness and maintenance,787
17031560400,0.23747557,2014,D5,Cleanliness and maintenance,787
17031710700,0.11267468,2014,D5,Cleanliness and maintenance,787
17031550100,0.11765943,2014,D5,Cleanliness and maintenance,787
17031283200,0.101736076,2014,D5,Cleanliness and maintenance,787
17031100500,0.04853422,2014,D5,Cleanliness and maintenance,787
17031710300,0.111838266,2014,D5,Cleanliness and maintenance,787
17043840801,,2014,D5,Cleanliness and maintenance,787
17031010300,0.027089957,2019,D5,Cleanliness and maintenance,855
17031010600,0.02682482,2019,D5,Cleanliness and maintenance,855
17031020100,0.04431767,2019,D5,Cleanliness and maintenance,855
17031280800,0.17699084,2019,D5,Cleanliness and maintenance,855
17031420300,0.11699219,2019,D5,Cleanliness and maintenance,855
17031806600,0.048443045,2019,D5,Cleanliness and maintenance,855
17031100200,0.0455969,2019,D5,Cleanliness and maintenance,855
17031020200,0.04528,2019,D5,Cleanliness and maintenance,855
17031130200,0.047575098,2019,D5,Cleanliness and maintenance,855
17031020400,0.045909766,2019,D5,Cleanliness and maintenance,855
17031080202,0.05449682,2019,D5,Cleanliness and maintenance,855
17031240200,0.053788576,2019,D5,Cleanliness and maintenance,855
17031611800,0.1362629,2019,D5,Cleanliness and maintenance,855
17031811600,0.14666115,2019,D5,Cleanliness and maintenance,855
17031060200,0.026692558,2019,D5,Cleanliness and maintenance,855
17031221200,0.049898766,2019,D5,Cleanliness and maintenance,855
17031826500,0.11386607,2019,D5,Cleanliness and maintenance,855
17031061200,0.05025207,2019,D5,Cleanliness and maintenance,855
17031808200,0.045500353,2019,D5,Cleanliness and maintenance,855
17031030200,0.026542328,2019,D5,Cleanliness and maintenance,855
17031030300,0.026228286,2019,D5,Cleanliness and maintenance,855
17031030400,0.026207495,2019,D5,Cleanliness and maintenance,855
17031030900,0.0253527,2019,D5,Cleanliness and maintenance,855
17031031000,0.025705092,2019,D5,Cleanliness and maintenance,855
17031980000,,2019,D5,Cleanliness and maintenance,855
17031600600,0.15049013,2019,D5,Cleanliness and maintenance,855
17031811900,0.1940638,2019,D5,Cleanliness and maintenance,855
17031420600,0.11657938,2019,D5,Cleanliness and maintenance,855
17031110100,0.047692727,2019,D5,Cleanliness and maintenance,855
17031031400,0.050123304,2019,D5,Cleanliness and maintenance,855
17031040900,0.043106884,2019,D5,Cleanliness and maintenance,855
17031050200,0.046287477,2019,D5,Cleanliness and maintenance,855
17031050300,0.043353703,2019,D5,Cleanliness and maintenance,855
17031071700,0.05521764,2019,D5,Cleanliness and maintenance,855
17031031800,0.026249181,2019,D5,Cleanliness and maintenance,855
17031031700,0.0262805,2019,D5,Cleanliness and maintenance,855
17031610400,0.14001471,2019,D5,Cleanliness and maintenance,855
17031822802,0.21192586,2019,D5,Cleanliness and maintenance,855
17031050600,0.026813123,2019,D5,Cleanliness and maintenance,855
17031050500,0.04262088,2019,D5,Cleanliness and maintenance,855
17031071600,0.05510923,2019,D5,Cleanliness and maintenance,855
17031671400,0.11464441,2019,D5,Cleanliness and maintenance,855
17031490400,0.11481153,2019,D5,Cleanliness and maintenance,855
17031062300,0.04965158,2019,D5,Cleanliness and maintenance,855
17031630400,0.23770773,2019,D5,Cleanliness and maintenance,855
17031010100,0.027179878,2019,D5,Cleanliness and maintenance,855
17031301200,0.23963156,2019,D5,Cleanliness and maintenance,855
17031805402,0.04528594,2019,D5,Cleanliness and maintenance,855
17031420800,0.11684513,2019,D5,Cleanliness and maintenance,855
17031470100,0.116857246,2019,D5,Cleanliness and maintenance,855
17031480100,0.117317945,2019,D5,Cleanliness and maintenance,855
17031480200,0.117200494,2019,D5,Cleanliness and maintenance,855
17031480300,0.11688286,2019,D5,Cleanliness and maintenance,855
17031480400,0.11726526,2019,D5,Cleanliness and maintenance,855
17031805502,0.04567272,2019,D5,Cleanliness and maintenance,855
17031805600,0.04293005,2019,D5,Cleanliness and maintenance,855
17031650400,0.21908697,2019,D5,Cleanliness and maintenance,855
17031650500,0.2241213,2019,D5,Cleanliness and maintenance,855
17031660400,0.2194663,2019,D5,Cleanliness and maintenance,855
17031813400,0.23868479,2019,D5,Cleanliness and maintenance,855
17031821401,0.11292715,2019,D5,Cleanliness and maintenance,855
17031805702,0.042971462,2019,D5,Cleanliness and maintenance,855
17031821402,0.11306756,2019,D5,Cleanliness and maintenance,855
17031821600,0.2158349,2019,D5,Cleanliness and maintenance,855
17031821700,0.21342906,2019,D5,Cleanliness and maintenance,855
17031290900,0.23918903,2019,D5,Cleanliness and maintenance,855
17031291200,0.23882464,2019,D5,Cleanliness and maintenance,855
17031421200,0.11654396,2019,D5,Cleanliness and maintenance,855
17031271500,0.23769867,2019,D5,Cleanliness and maintenance,855
17031292200,0.23923877,2019,D5,Cleanliness and maintenance,855
17031292400,0.24123673,2019,D5,Cleanliness and maintenance,855
17031292500,0.24120599,2019,D5,Cleanliness and maintenance,855
17031271800,0.23790185,2019,D5,Cleanliness and maintenance,855
17031280100,0.052356765,2019,D5,Cleanliness and maintenance,855
17031280400,0.052289948,2019,D5,Cleanliness and maintenance,855
17031300600,0.2421251,2019,D5,Cleanliness and maintenance,855
17031300700,0.23894937,2019,D5,Cleanliness and maintenance,855
17031301100,0.23827595,2019,D5,Cleanliness and maintenance,855
17031480500,0.11637242,2019,D5,Cleanliness and maintenance,855
17031490300,0.11613293,2019,D5,Cleanliness and maintenance,855
17031490500,0.11611061,2019,D5,Cleanliness and maintenance,855
17031660500,0.21938044,2019,D5,Cleanliness and maintenance,855
17031520200,0.11773278,2019,D5,Cleanliness and maintenance,855
17031520300,0.11801049,2019,D5,Cleanliness and maintenance,855
17031520400,0.11846788,2019,D5,Cleanliness and maintenance,855
17031520500,0.11805081,2019,D5,Cleanliness and maintenance,855
17031520600,0.11781474,2019,D5,Cleanliness and maintenance,855
17031660600,0.22006086,2019,D5,Cleanliness and maintenance,855
17031660700,0.22059625,2019,D5,Cleanliness and maintenance,855
17031660800,0.21912448,2019,D5,Cleanliness and maintenance,855
17031660900,0.22134805,2019,D5,Cleanliness and maintenance,855
17031661000,0.21570554,2019,D5,Cleanliness and maintenance,855
17031280900,0.17772849,2019,D5,Cleanliness and maintenance,855
17031301600,0.2383455,2019,D5,Cleanliness and maintenance,855
17031490600,0.11563645,2019,D5,Cleanliness and maintenance,855
17031490700,0.1143118,2019,D5,Cleanliness and maintenance,855
17031490800,0.116135105,2019,D5,Cleanliness and maintenance,855
17031491000,0.11568493,2019,D5,Cleanliness and maintenance,855
17031491100,0.115346655,2019,D5,Cleanliness and maintenance,855
17031530200,0.115262836,2019,D5,Cleanliness and maintenance,855
17031530300,0.11482386,2019,D5,Cleanliness and maintenance,855
17031530400,0.11474043,2019,D5,Cleanliness and maintenance,855
17031530600,0.11567128,2019,D5,Cleanliness and maintenance,855
17031560100,0.23738655,2019,D5,Cleanliness and maintenance,855
17031670200,0.1361951,2019,D5,Cleanliness and maintenance,855
17031670300,0.13435517,2019,D5,Cleanliness and maintenance,855
17031670400,0.13399884,2019,D5,Cleanliness and maintenance,855
17031661100,0.2176291,2019,D5,Cleanliness and maintenance,855
17031670100,0.13082108,2019,D5,Cleanliness and maintenance,855
17031670600,0.11696944,2019,D5,Cleanliness and maintenance,855
17031670700,0.1323764,2019,D5,Cleanliness and maintenance,855
17031670800,0.13244155,2019,D5,Cleanliness and maintenance,855
17031670900,0.13236701,2019,D5,Cleanliness and maintenance,855
17031260900,0.23790522,2019,D5,Cleanliness and maintenance,855
17031261000,0.23765936,2019,D5,Cleanliness and maintenance,855
17031281900,0.051861588,2019,D5,Cleanliness and maintenance,855
17031310200,0.09731762,2019,D5,Cleanliness and maintenance,855
17031310300,0.098434836,2019,D5,Cleanliness and maintenance,855
17031310400,0.09883329,2019,D5,Cleanliness and maintenance,855
17031310500,0.0983976,2019,D5,Cleanliness and maintenance,855
17031491200,0.11409122,2019,D5,Cleanliness and maintenance,855
17031491300,0.11533755,2019,D5,Cleanliness and maintenance,855
17031491400,0.11743578,2019,D5,Cleanliness and maintenance,855
17031500100,0.11675219,2019,D5,Cleanliness and maintenance,855
17031500200,0.118313715,2019,D5,Cleanliness and maintenance,855
17031500300,0.11816387,2019,D5,Cleanliness and maintenance,855
17031560200,0.23742038,2019,D5,Cleanliness and maintenance,855
17031560300,0.23766193,2019,D5,Cleanliness and maintenance,855
17031560700,0.23969546,2019,D5,Cleanliness and maintenance,855
17031560800,0.23837534,2019,D5,Cleanliness and maintenance,855
17031560900,0.23782311,2019,D5,Cleanliness and maintenance,855
17031561000,0.24157512,2019,D5,Cleanliness and maintenance,855
17031680600,0.1309295,2019,D5,Cleanliness and maintenance,855
17031807800,0.048893448,2019,D5,Cleanliness and maintenance,855
17031811100,0.14684552,2019,D5,Cleanliness and maintenance,855
17031030500,0.02645645,2019,D5,Cleanliness and maintenance,855
17031020500,0.043878816,2019,D5,Cleanliness and maintenance,855
17031081300,0.052381422,2019,D5,Cleanliness and maintenance,855
17031081000,0.053088862,2019,D5,Cleanliness and maintenance,855
17031130100,0.047236003,2019,D5,Cleanliness and maintenance,855
17043840000,0.15203944,2019,D5,Cleanliness and maintenance,855
17031170200,0.041052412,2019,D5,Cleanliness and maintenance,855
17031170300,0.04286769,2019,D5,Cleanliness and maintenance,855
17031170400,0.08366174,2019,D5,Cleanliness and maintenance,855
17031170500,0.08371227,2019,D5,Cleanliness and maintenance,855
17031170600,0.14386933,2019,D5,Cleanliness and maintenance,855
17031170700,0.1437076,2019,D5,Cleanliness and maintenance,855
17031170800,0.0835968,2019,D5,Cleanliness and maintenance,855
17031251400,0.19373083,2019,D5,Cleanliness and maintenance,855
17031260300,0.19453022,2019,D5,Cleanliness and maintenance,855
17031260500,0.19408566,2019,D5,Cleanliness and maintenance,855
17031260600,0.19365995,2019,D5,Cleanliness and maintenance,855
17031260700,0.1944323,2019,D5,Cleanliness and maintenance,855
17031260800,0.1939578,2019,D5,Cleanliness and maintenance,855
17031050700,0.02494471,2019,D5,Cleanliness and maintenance,855
17031050900,0.041803926,2019,D5,Cleanliness and maintenance,855
17031051000,0.041943166,2019,D5,Cleanliness and maintenance,855
17031051100,0.043875232,2019,D5,Cleanliness and maintenance,855
17031051200,0.025053378,2019,D5,Cleanliness and maintenance,855
17031390400,0.06735219,2019,D5,Cleanliness and maintenance,855
17031381800,0.13382727,2019,D5,Cleanliness and maintenance,855
17031381900,0.1344493,2019,D5,Cleanliness and maintenance,855
17031390100,0.09558416,2019,D5,Cleanliness and maintenance,855
17031390200,0.06788029,2019,D5,Cleanliness and maintenance,855
17031390300,0.09529041,2019,D5,Cleanliness and maintenance,855
17031390500,0.06457629,2019,D5,Cleanliness and maintenance,855
17031390600,0.064959265,2019,D5,Cleanliness and maintenance,855
17031812500,0.19425164,2019,D5,Cleanliness and maintenance,855
17031440600,0.11576614,2019,D5,Cleanliness and maintenance,855
17031440900,0.11594005,2019,D5,Cleanliness and maintenance,855
17031440700,0.11635208,2019,D5,Cleanliness and maintenance,855
17031440800,0.116566926,2019,D5,Cleanliness and maintenance,855
17031630200,0.2374531,2019,D5,Cleanliness and maintenance,855
17031630300,0.24604374,2019,D5,Cleanliness and maintenance,855
17031630500,0.23745117,2019,D5,Cleanliness and maintenance,855
17031630800,0.2381419,2019,D5,Cleanliness and maintenance,855
17031630900,0.2376185,2019,D5,Cleanliness and maintenance,855
17031640100,0.2206426,2019,D5,Cleanliness and maintenance,855
17031640300,0.22122687,2019,D5,Cleanliness and maintenance,855
17031750100,0.11515949,2019,D5,Cleanliness and maintenance,855
17031750200,0.11546001,2019,D5,Cleanliness and maintenance,855
17031750300,0.21303275,2019,D5,Cleanliness and maintenance,855
17031750400,0.21473904,2019,D5,Cleanliness and maintenance,855
17031750500,0.11653708,2019,D5,Cleanliness and maintenance,855
17031282700,0.22158843,2019,D5,Cleanliness and maintenance,855
17031282800,0.22201763,2019,D5,Cleanliness and maintenance,855
17031400300,0.1352525,2019,D5,Cleanliness and maintenance,855
17031400500,0.13334028,2019,D5,Cleanliness and maintenance,855
17031400800,0.11623393,2019,D5,Cleanliness and maintenance,855
17031410500,0.13698816,2019,D5,Cleanliness and maintenance,855
17031410600,0.08381201,2019,D5,Cleanliness and maintenance,855
17031460100,0.06617145,2019,D5,Cleanliness and maintenance,855
17031450300,0.117796585,2019,D5,Cleanliness and maintenance,855
17031460200,0.11680944,2019,D5,Cleanliness and maintenance,855
17031640400,0.22015947,2019,D5,Cleanliness and maintenance,855
17031640500,0.21873447,2019,D5,Cleanliness and maintenance,855
17031640600,0.21906391,2019,D5,Cleanliness and maintenance,855
17031640700,0.21929267,2019,D5,Cleanliness and maintenance,855
17031640800,0.21994843,2019,D5,Cleanliness and maintenance,855
17031650100,0.21957502,2019,D5,Cleanliness and maintenance,855
17031650200,0.2213844,2019,D5,Cleanliness and maintenance,855
17031750600,0.116791174,2019,D5,Cleanliness and maintenance,855
17031812600,0.19373141,2019,D5,Cleanliness and maintenance,855
17031820300,0.23655984,2019,D5,Cleanliness and maintenance,855
17031820400,0.23825458,2019,D5,Cleanliness and maintenance,855
17031820902,0.22318771,2019,D5,Cleanliness and maintenance,855
17031283100,0.09819025,2019,D5,Cleanliness and maintenance,855
17031283800,0.09745969,2019,D5,Cleanliness and maintenance,855
17031410700,0.068668865,2019,D5,Cleanliness and maintenance,855
17031410800,0.06553334,2019,D5,Cleanliness and maintenance,855
17031411100,0.08289977,2019,D5,Cleanliness and maintenance,855
17031411200,0.0848093,2019,D5,Cleanliness and maintenance,855
17031460600,0.116308555,2019,D5,Cleanliness and maintenance,855
17031460700,0.11957911,2019,D5,Cleanliness and maintenance,855
17031460400,0.117933184,2019,D5,Cleanliness and maintenance,855
17031460500,0.11759758,2019,D5,Cleanliness and maintenance,855
17031461000,0.119746834,2019,D5,Cleanliness and maintenance,855
17031813000,0.1936995,2019,D5,Cleanliness and maintenance,855
17031813100,0.23834242,2019,D5,Cleanliness and maintenance,855
17031821102,0.21760526,2019,D5,Cleanliness and maintenance,855
17031420100,0.06584944,2019,D5,Cleanliness and maintenance,855
17031420200,0.13522974,2019,D5,Cleanliness and maintenance,855
17031420400,0.11724511,2019,D5,Cleanliness and maintenance,855
17031420700,0.11819954,2019,D5,Cleanliness and maintenance,855
17031030102,0.026917662,2019,D5,Cleanliness and maintenance,855
17031030706,0.026665876,2019,D5,Cleanliness and maintenance,855
17031030601,0.026519744,2019,D5,Cleanliness and maintenance,855
17031063303,0.055231124,2019,D5,Cleanliness and maintenance,855
17031252102,0.19398658,2019,D5,Cleanliness and maintenance,855
17031220901,0.04589675,2019,D5,Cleanliness and maintenance,855
17031210602,0.050420754,2019,D5,Cleanliness and maintenance,855
17031220602,0.0492799,2019,D5,Cleanliness and maintenance,855
17031220601,0.04653178,2019,D5,Cleanliness and maintenance,855
17031040401,0.044917136,2019,D5,Cleanliness and maintenance,855
17031252202,0.19559088,2019,D5,Cleanliness and maintenance,855
17031833900,0.11808266,2019,D5,Cleanliness and maintenance,855
17031836300,0.063760564,2019,D5,Cleanliness and maintenance,855
17031834500,0.13361494,2019,D5,Cleanliness and maintenance,855
17031835900,0.09712808,2019,D5,Cleanliness and maintenance,855
17031836000,0.09523988,2019,D5,Cleanliness and maintenance,855
17031836200,0.1424771,2019,D5,Cleanliness and maintenance,855
17031834400,0.116756946,2019,D5,Cleanliness and maintenance,855
17031834300,0.118626766,2019,D5,Cleanliness and maintenance,855
17031110501,0.046151854,2019,D5,Cleanliness and maintenance,855
17031030104,0.02678113,2019,D5,Cleanliness and maintenance,855
17031081401,0.05329945,2019,D5,Cleanliness and maintenance,855
17031770902,0.08395415,2019,D5,Cleanliness and maintenance,855
17031430101,0.06445131,2019,D5,Cleanliness and maintenance,855
17031252101,0.24355187,2019,D5,Cleanliness and maintenance,855
17031010501,0.02694675,2019,D5,Cleanliness and maintenance,855
17031020701,0.043556653,2019,D5,Cleanliness and maintenance,855
17031010201,0.026662046,2019,D5,Cleanliness and maintenance,855
17031760801,0.049179934,2019,D5,Cleanliness and maintenance,855
17031839000,0.09946079,2019,D5,Cleanliness and maintenance,855
17031440201,0.11669522,2019,D5,Cleanliness and maintenance,855
17031540101,0.11730254,2019,D5,Cleanliness and maintenance,855
17031834000,0.11443536,2019,D5,Cleanliness and maintenance,855
17031832200,0.07244064,2019,D5,Cleanliness and maintenance,855
17031836700,0.12212806,2019,D5,Cleanliness and maintenance,855
17031836800,0.17990598,2019,D5,Cleanliness and maintenance,855
17031836600,0.11889954,2019,D5,Cleanliness and maintenance,855
17031833000,0.052032705,2019,D5,Cleanliness and maintenance,855
17031842500,0.11661227,2019,D5,Cleanliness and maintenance,855
17031841800,0.116846934,2019,D5,Cleanliness and maintenance,855
17031980100,,2019,D5,Cleanliness and maintenance,855
17031842800,0.23969609,2019,D5,Cleanliness and maintenance,855
17031843800,0.13283183,2019,D5,Cleanliness and maintenance,855
17031841000,0.09832262,2019,D5,Cleanliness and maintenance,855
17031843900,0.06591326,2019,D5,Cleanliness and maintenance,855
17031834200,0.117497176,2019,D5,Cleanliness and maintenance,855
17031842200,0.052693937,2019,D5,Cleanliness and maintenance,855
17031838000,0.12132436,2019,D5,Cleanliness and maintenance,855
17031010702,0.026672255,2019,D5,Cleanliness and maintenance,855
17031010503,0.026722478,2019,D5,Cleanliness and maintenance,855
17031010502,0.027013347,2019,D5,Cleanliness and maintenance,855
17031010701,0.026901847,2019,D5,Cleanliness and maintenance,855
17031020902,0.027310029,2019,D5,Cleanliness and maintenance,855
17031020302,0.046168834,2019,D5,Cleanliness and maintenance,855
17031020601,0.043556422,2019,D5,Cleanliness and maintenance,855
17031020301,0.04570514,2019,D5,Cleanliness and maintenance,855
17031760803,0.08603548,2019,D5,Cleanliness and maintenance,855
17031530501,0.11530472,2019,D5,Cleanliness and maintenance,855
17031530503,0.115321815,2019,D5,Cleanliness and maintenance,855
17031650301,0.21924247,2019,D5,Cleanliness and maintenance,855
17031650302,0.22067869,2019,D5,Cleanliness and maintenance,855
17031530502,0.11406885,2019,D5,Cleanliness and maintenance,855
17031831300,0.09424165,2019,D5,Cleanliness and maintenance,855
17031831400,0.24843696,2019,D5,Cleanliness and maintenance,855
17031837000,0.17915973,2019,D5,Cleanliness and maintenance,855
17031842400,0.116682366,2019,D5,Cleanliness and maintenance,855
17031832100,0.049673874,2019,D5,Cleanliness and maintenance,855
17031020802,0.04650499,2019,D5,Cleanliness and maintenance,855
17031020702,0.04535602,2019,D5,Cleanliness and maintenance,855
17031020801,0.043541014,2019,D5,Cleanliness and maintenance,855
17031040202,0.043572724,2019,D5,Cleanliness and maintenance,855
17031040201,0.04865259,2019,D5,Cleanliness and maintenance,855
17031040402,0.025969539,2019,D5,Cleanliness and maintenance,855
17031031501,0.025759412,2019,D5,Cleanliness and maintenance,855
17031081201,0.052727617,2019,D5,Cleanliness and maintenance,855
17031063301,0.055563487,2019,D5,Cleanliness and maintenance,855
17031490901,0.116094455,2019,D5,Cleanliness and maintenance,855
17031490902,0.11592166,2019,D5,Cleanliness and maintenance,855
17031301801,0.23845777,2019,D5,Cleanliness and maintenance,855
17031700301,0.21863167,2019,D5,Cleanliness and maintenance,855
17031301702,0.23879775,2019,D5,Cleanliness and maintenance,855
17031700401,0.21486415,2019,D5,Cleanliness and maintenance,855
17031837100,0.1200813,2019,D5,Cleanliness and maintenance,855
17031837400,0.22305319,2019,D5,Cleanliness and maintenance,855
17031837800,0.12332975,2019,D5,Cleanliness and maintenance,855
17031837300,0.2388451,2019,D5,Cleanliness and maintenance,855
17031841500,0.23794535,2019,D5,Cleanliness and maintenance,855
17031838700,0.23938414,2019,D5,Cleanliness and maintenance,855
17031150501,0.041173283,2019,D5,Cleanliness and maintenance,855
17031150401,0.04234209,2019,D5,Cleanliness and maintenance,855
17031150502,0.04375924,2019,D5,Cleanliness and maintenance,855
17031110502,0.046587616,2019,D5,Cleanliness and maintenance,855
17031150402,0.042165443,2019,D5,Cleanliness and maintenance,855
17031140302,0.043211263,2019,D5,Cleanliness and maintenance,855
17031140301,0.04231661,2019,D5,Cleanliness and maintenance,855
17031700302,0.21739805,2019,D5,Cleanliness and maintenance,855
17031580501,0.23807313,2019,D5,Cleanliness and maintenance,855
17031580502,0.23994464,2019,D5,Cleanliness and maintenance,855
17031730201,0.11511694,2019,D5,Cleanliness and maintenance,855
17031301802,0.24224243,2019,D5,Cleanliness and maintenance,855
17031440101,0.116503805,2019,D5,Cleanliness and maintenance,855
17031301701,0.23898847,2019,D5,Cleanliness and maintenance,855
17031839100,0.051724907,2019,D5,Cleanliness and maintenance,855
17031833100,0.052386425,2019,D5,Cleanliness and maintenance,855
17031838100,0.052397653,2019,D5,Cleanliness and maintenance,855
17031833300,0.09780773,2019,D5,Cleanliness and maintenance,855
17031838200,0.1513435,2019,D5,Cleanliness and maintenance,855
17031140702,0.04287467,2019,D5,Cleanliness and maintenance,855
17031140602,0.04195051,2019,D5,Cleanliness and maintenance,855
17031140701,0.04267772,2019,D5,Cleanliness and maintenance,855
17031160502,0.04195506,2019,D5,Cleanliness and maintenance,855
17031160602,0.04418922,2019,D5,Cleanliness and maintenance,855
17031151002,0.042270467,2019,D5,Cleanliness and maintenance,855
17031151001,0.041130695,2019,D5,Cleanliness and maintenance,855
17031190402,0.04523129,2019,D5,Cleanliness and maintenance,855
17031431301,0.11803661,2019,D5,Cleanliness and maintenance,855
17031431302,0.11762124,2019,D5,Cleanliness and maintenance,855
17031460302,0.11782952,2019,D5,Cleanliness and maintenance,855
17031460301,0.117799595,2019,D5,Cleanliness and maintenance,855
17031700501,0.21565278,2019,D5,Cleanliness and maintenance,855
17031700502,0.21410388,2019,D5,Cleanliness and maintenance,855
17031210601,0.041392084,2019,D5,Cleanliness and maintenance,855
17031160601,0.04271722,2019,D5,Cleanliness and maintenance,855
17031841100,0.09814341,2019,D5,Cleanliness and maintenance,855
17031840200,0.15193671,2019,D5,Cleanliness and maintenance,855
17031841300,0.2483827,2019,D5,Cleanliness and maintenance,855
17031840700,0.24216476,2019,D5,Cleanliness and maintenance,855
17031841600,0.23711786,2019,D5,Cleanliness and maintenance,855
17031841700,0.23952645,2019,D5,Cleanliness and maintenance,855
17031190602,0.04576784,2019,D5,Cleanliness and maintenance,855
17031190401,0.046938397,2019,D5,Cleanliness and maintenance,855
17031190702,0.045383334,2019,D5,Cleanliness and maintenance,855
17031191302,0.14751174,2019,D5,Cleanliness and maintenance,855
17031190601,0.08711354,2019,D5,Cleanliness and maintenance,855
17031191301,0.14736673,2019,D5,Cleanliness and maintenance,855
17031200402,0.046228915,2019,D5,Cleanliness and maintenance,855
17031200401,0.04783873,2019,D5,Cleanliness and maintenance,855
17031220902,0.046289235,2019,D5,Cleanliness and maintenance,855
17031210501,0.04571025,2019,D5,Cleanliness and maintenance,855
17031061901,0.05015479,2019,D5,Cleanliness and maintenance,855
17031840800,0.2388204,2019,D5,Cleanliness and maintenance,855
17031030703,0.026365774,2019,D5,Cleanliness and maintenance,855
17031030702,0.027570233,2019,D5,Cleanliness and maintenance,855
17031440102,0.118286304,2019,D5,Cleanliness and maintenance,855
17031440202,0.11646558,2019,D5,Cleanliness and maintenance,855
17031841400,0.2369783,2019,D5,Cleanliness and maintenance,855
17031830500,0.24379,2019,D5,Cleanliness and maintenance,855
17031840100,0.096927375,2019,D5,Cleanliness and maintenance,855
17031840400,0.17010222,2019,D5,Cleanliness and maintenance,855
17031839200,0.09764592,2019,D5,Cleanliness and maintenance,855
17031835500,0.16861872,2019,D5,Cleanliness and maintenance,855
17031030604,0.026744163,2019,D5,Cleanliness and maintenance,855
17031031502,0.025774485,2019,D5,Cleanliness and maintenance,855
17031081402,0.0529685,2019,D5,Cleanliness and maintenance,855
17031080201,0.054891817,2019,D5,Cleanliness and maintenance,855
17031760802,0.14568718,2019,D5,Cleanliness and maintenance,855
17031140601,0.042120866,2019,D5,Cleanliness and maintenance,855
17031070102,0.055310667,2019,D5,Cleanliness and maintenance,855
17031210502,0.04660359,2019,D5,Cleanliness and maintenance,855
17031540102,0.11609964,2019,D5,Cleanliness and maintenance,855
17031700402,0.21388257,2019,D5,Cleanliness and maintenance,855
17031030800,0.02648149,2019,D5,Cleanliness and maintenance,855
17031031100,0.02604701,2019,D5,Cleanliness and maintenance,855
17031812100,0.19346479,2019,D5,Cleanliness and maintenance,855
17031821900,0.21549338,2019,D5,Cleanliness and maintenance,855
17031822000,0.21267849,2019,D5,Cleanliness and maintenance,855
17031822101,0.21374354,2019,D5,Cleanliness and maintenance,855
17031031300,0.026509313,2019,D5,Cleanliness and maintenance,855
17031031900,0.025628697,2019,D5,Cleanliness and maintenance,855
17031813500,0.2379813,2019,D5,Cleanliness and maintenance,855
17031822701,0.21205354,2019,D5,Cleanliness and maintenance,855
17031822702,0.21246782,2019,D5,Cleanliness and maintenance,855
17031822801,0.21322136,2019,D5,Cleanliness and maintenance,855
17031814200,0.24050838,2019,D5,Cleanliness and maintenance,855
17031823303,0.21160051,2019,D5,Cleanliness and maintenance,855
17031823500,0.21274072,2019,D5,Cleanliness and maintenance,855
17031160501,0.04195963,2019,D5,Cleanliness and maintenance,855
17031040100,0.04654517,2019,D5,Cleanliness and maintenance,855
17031040300,0.042910315,2019,D5,Cleanliness and maintenance,855
17031825700,0.1157517,2019,D5,Cleanliness and maintenance,855
17031611600,0.13390736,2019,D5,Cleanliness and maintenance,855
17031340400,0.09677069,2019,D5,Cleanliness and maintenance,855
17031770700,0.092767425,2019,D5,Cleanliness and maintenance,855
17031430700,0.06496199,2019,D5,Cleanliness and maintenance,855
17031808100,0.04943975,2019,D5,Cleanliness and maintenance,855
17031191000,0.04634132,2019,D5,Cleanliness and maintenance,855
17031170900,0.14589755,2019,D5,Cleanliness and maintenance,855
17031171000,0.08605383,2019,D5,Cleanliness and maintenance,855
17031171100,0.040938154,2019,D5,Cleanliness and maintenance,855
17031180100,0.087413095,2019,D5,Cleanliness and maintenance,855
17031190100,0.046156637,2019,D5,Cleanliness and maintenance,855
17031222200,0.07354036,2019,D5,Cleanliness and maintenance,855
17031222500,0.07106389,2019,D5,Cleanliness and maintenance,855
17031222600,0.07114473,2019,D5,Cleanliness and maintenance,855
17031251500,0.19396669,2019,D5,Cleanliness and maintenance,855
17031251600,0.19447339,2019,D5,Cleanliness and maintenance,855
17031251700,0.19379291,2019,D5,Cleanliness and maintenance,855
17031251800,0.19531797,2019,D5,Cleanliness and maintenance,855
17031251900,0.19428676,2019,D5,Cleanliness and maintenance,855
17031252000,0.19489063,2019,D5,Cleanliness and maintenance,855
17031130300,0.044797517,2019,D5,Cleanliness and maintenance,855
17031821500,0.1134046,2019,D5,Cleanliness and maintenance,855
17031190200,0.048176024,2019,D5,Cleanliness and maintenance,855
17031190300,0.045677446,2019,D5,Cleanliness and maintenance,855
17031190800,0.04575163,2019,D5,Cleanliness and maintenance,855
17031260100,0.19421422,2019,D5,Cleanliness and maintenance,855
17031260200,0.19532621,2019,D5,Cleanliness and maintenance,855
17031530100,0.11541358,2019,D5,Cleanliness and maintenance,855
17031061800,0.050286144,2019,D5,Cleanliness and maintenance,855
17031823400,0.21405756,2019,D5,Cleanliness and maintenance,855
17031410200,0.063879825,2019,D5,Cleanliness and maintenance,855
17031222900,0.04813343,2019,D5,Cleanliness and maintenance,855
17031241000,0.12021401,2019,D5,Cleanliness and maintenance,855
17031200300,0.04593662,2019,D5,Cleanliness and maintenance,855
17031190900,0.0458303,2019,D5,Cleanliness and maintenance,855
17031191200,0.045416363,2019,D5,Cleanliness and maintenance,855
17031200100,0.046166435,2019,D5,Cleanliness and maintenance,855
17031200200,0.047553997,2019,D5,Cleanliness and maintenance,855
17031222700,0.046501413,2019,D5,Cleanliness and maintenance,855
17031230100,0.07063429,2019,D5,Cleanliness and maintenance,855
17031230200,0.07113933,2019,D5,Cleanliness and maintenance,855
17031230300,0.07043816,2019,D5,Cleanliness and maintenance,855
17031230400,0.046110153,2019,D5,Cleanliness and maintenance,855
17031230500,0.047426037,2019,D5,Cleanliness and maintenance,855
17031351100,0.0965378,2019,D5,Cleanliness and maintenance,855
17031807600,0.05034713,2019,D5,Cleanliness and maintenance,855
17031770500,0.09075265,2019,D5,Cleanliness and maintenance,855
17031081700,0.0525654,2019,D5,Cleanliness and maintenance,855
17031611700,0.13447538,2019,D5,Cleanliness and maintenance,855
17031300500,0.23864578,2019,D5,Cleanliness and maintenance,855
17031381500,0.13357618,2019,D5,Cleanliness and maintenance,855
17031420500,0.11688646,2019,D5,Cleanliness and maintenance,855
17031811500,0.14621511,2019,D5,Cleanliness and maintenance,855
17031081500,0.05242753,2019,D5,Cleanliness and maintenance,855
17031081600,0.05256951,2019,D5,Cleanliness and maintenance,855
17031081800,0.052404396,2019,D5,Cleanliness and maintenance,855
17031081900,0.05498807,2019,D5,Cleanliness and maintenance,855
17031222800,0.045874212,2019,D5,Cleanliness and maintenance,855
17031050800,0.042324133,2019,D5,Cleanliness and maintenance,855
17031210100,0.04826211,2019,D5,Cleanliness and maintenance,855
17031210400,0.04631913,2019,D5,Cleanliness and maintenance,855
17031230700,0.1184728,2019,D5,Cleanliness and maintenance,855
17031230800,0.118418165,2019,D5,Cleanliness and maintenance,855
17031230900,0.1187807,2019,D5,Cleanliness and maintenance,855
17031823200,0.21557292,2019,D5,Cleanliness and maintenance,855
17031820502,0.21971259,2019,D5,Cleanliness and maintenance,855
17031820901,0.22272009,2019,D5,Cleanliness and maintenance,855
17031550200,0.11693566,2019,D5,Cleanliness and maintenance,855
17031823304,0.2125437,2019,D5,Cleanliness and maintenance,855
17031820700,0.23906878,2019,D5,Cleanliness and maintenance,855
17031670500,0.13546704,2019,D5,Cleanliness and maintenance,855
17031580800,0.23818465,2019,D5,Cleanliness and maintenance,855
17031380700,0.13295,2019,D5,Cleanliness and maintenance,855
17031230600,0.09453452,2019,D5,Cleanliness and maintenance,855
17031242300,0.09680334,2019,D5,Cleanliness and maintenance,855
17031242200,0.053617977,2019,D5,Cleanliness and maintenance,855
17031032100,0.04987603,2019,D5,Cleanliness and maintenance,855
17031811701,0.14953503,2019,D5,Cleanliness and maintenance,855
17031820800,0.239383,2019,D5,Cleanliness and maintenance,855
17031300800,0.23897508,2019,D5,Cleanliness and maintenance,855
17031060900,0.049449183,2019,D5,Cleanliness and maintenance,855
17031061000,0.049795102,2019,D5,Cleanliness and maintenance,855
17031210700,0.048879255,2019,D5,Cleanliness and maintenance,855
17031291600,0.23861499,2019,D5,Cleanliness and maintenance,855
17031400400,0.13302135,2019,D5,Cleanliness and maintenance,855
17031560400,0.23797105,2019,D5,Cleanliness and maintenance,855
17031710700,0.11517662,2019,D5,Cleanliness and maintenance,855
17031550100,0.11954957,2019,D5,Cleanliness and maintenance,855
17031283200,0.09813087,2019,D5,Cleanliness and maintenance,855
17031100500,0.04555923,2019,D5,Cleanliness and maintenance,855
17031220701,0.04632611,2019,D5,Cleanliness and maintenance,855
17031063302,0.05559834,2019,D5,Cleanliness and maintenance,855
17031252201,0.19426185,2019,D5,Cleanliness and maintenance,855
17031660302,0.23685268,2019,D5,Cleanliness and maintenance,855
17031660301,0.21861023,2019,D5,Cleanliness and maintenance,855
17031730202,0.11523987,2019,D5,Cleanliness and maintenance,855
17031813302,0.23938647,2019,D5,Cleanliness and maintenance,855
17031813301,0.23795623,2019,D5,Cleanliness and maintenance,855
17031835600,0.13634132,2019,D5,Cleanliness and maintenance,855
17031840000,0.14965731,2019,D5,Cleanliness and maintenance,855
17031835700,,2019,D5,Cleanliness and maintenance,855
17031836100,0.13347808,2019,D5,Cleanliness and maintenance,855
17031834600,0.13142256,2019,D5,Cleanliness and maintenance,855
17031843600,0.064713694,2019,D5,Cleanliness and maintenance,855
17031810301,0.045635812,2019,D5,Cleanliness and maintenance,855
17031221000,0.046616197,2019,D5,Cleanliness and maintenance,855
17031221100,0.04984702,2019,D5,Cleanliness and maintenance,855
17031242800,0.121108085,2019,D5,Cleanliness and maintenance,855
17031242900,0.12151257,2019,D5,Cleanliness and maintenance,855
17031243000,0.05332625,2019,D5,Cleanliness and maintenance,855
17031243100,0.053373594,2019,D5,Cleanliness and maintenance,855
17031243200,0.05270899,2019,D5,Cleanliness and maintenance,855
17031243300,0.05258813,2019,D5,Cleanliness and maintenance,855
17031243400,0.054007176,2019,D5,Cleanliness and maintenance,855
17031110400,0.042950444,2019,D5,Cleanliness and maintenance,855
17031150600,0.04147874,2019,D5,Cleanliness and maintenance,855
17031150700,0.04165666,2019,D5,Cleanliness and maintenance,855
17031150800,0.041872233,2019,D5,Cleanliness and maintenance,855
17031151100,0.041531958,2019,D5,Cleanliness and maintenance,855
17031151200,0.04257936,2019,D5,Cleanliness and maintenance,855
17031241500,0.053265296,2019,D5,Cleanliness and maintenance,855
17031241100,0.121231064,2019,D5,Cleanliness and maintenance,855
17031241600,0.054246068,2019,D5,Cleanliness and maintenance,855
17031241300,0.119957164,2019,D5,Cleanliness and maintenance,855
17031241400,0.052488483,2019,D5,Cleanliness and maintenance,855
17031243500,0.0522871,2019,D5,Cleanliness and maintenance,855
17031250200,0.045553617,2019,D5,Cleanliness and maintenance,855
17031250300,0.14716192,2019,D5,Cleanliness and maintenance,855
17031250400,0.14761132,2019,D5,Cleanliness and maintenance,855
17031250500,0.14882068,2019,D5,Cleanliness and maintenance,855
17031071500,0.05393059,2019,D5,Cleanliness and maintenance,855
17031071800,0.054737255,2019,D5,Cleanliness and maintenance,855
17031080100,0.054410193,2019,D5,Cleanliness and maintenance,855
17031080300,0.05270728,2019,D5,Cleanliness and maintenance,855
17031080400,0.05425538,2019,D5,Cleanliness and maintenance,855
17031160100,0.04225931,2019,D5,Cleanliness and maintenance,855
17031160200,0.048236042,2019,D5,Cleanliness and maintenance,855
17031160300,0.04229462,2019,D5,Cleanliness and maintenance,855
17031160400,0.04368833,2019,D5,Cleanliness and maintenance,855
17031160700,0.046947494,2019,D5,Cleanliness and maintenance,855
17031221300,0.073226005,2019,D5,Cleanliness and maintenance,855
17031221500,0.07364733,2019,D5,Cleanliness and maintenance,855
17031221400,0.07403111,2019,D5,Cleanliness and maintenance,855
17031250600,0.19622087,2019,D5,Cleanliness and maintenance,855
17031250700,0.19398957,2019,D5,Cleanliness and maintenance,855
17031250800,0.19498369,2019,D5,Cleanliness and maintenance,855
17031251000,0.19604221,2019,D5,Cleanliness and maintenance,855
17031251100,0.19387262,2019,D5,Cleanliness and maintenance,855
17031051400,0.073676705,2019,D5,Cleanliness and maintenance,855
17031060100,0.025259377,2019,D5,Cleanliness and maintenance,855
17031060300,0.025323987,2019,D5,Cleanliness and maintenance,855
17031060800,0.050463747,2019,D5,Cleanliness and maintenance,855
17031160800,0.042909846,2019,D5,Cleanliness and maintenance,855
17031160900,0.04317817,2019,D5,Cleanliness and maintenance,855
17031161000,0.04436112,2019,D5,Cleanliness and maintenance,855
17031161100,0.043784495,2019,D5,Cleanliness and maintenance,855
17031161200,0.042768236,2019,D5,Cleanliness and maintenance,855
17031161300,0.04469114,2019,D5,Cleanliness and maintenance,855
17031170100,0.046938527,2019,D5,Cleanliness and maintenance,855
17031221600,0.07501435,2019,D5,Cleanliness and maintenance,855
17031242100,0.05396094,2019,D5,Cleanliness and maintenance,855
17031242000,0.0538548,2019,D5,Cleanliness and maintenance,855
17031251200,0.19405091,2019,D5,Cleanliness and maintenance,855
17031251300,0.19665512,2019,D5,Cleanliness and maintenance,855
17031051300,0.054861255,2019,D5,Cleanliness and maintenance,855
17031600700,0.16950394,2019,D5,Cleanliness and maintenance,855
17031600900,0.16969934,2019,D5,Cleanliness and maintenance,855
17031821200,0.11271036,2019,D5,Cleanliness and maintenance,855
17031672000,0.114842534,2019,D5,Cleanliness and maintenance,855
17031710900,0.115581155,2019,D5,Cleanliness and maintenance,855
17031711000,0.114918366,2019,D5,Cleanliness and maintenance,855
17031711100,0.11513202,2019,D5,Cleanliness and maintenance,855
17031711200,0.11486017,2019,D5,Cleanliness and maintenance,855
17031711500,0.11419375,2019,D5,Cleanliness and maintenance,855
17031711300,0.1147993,2019,D5,Cleanliness and maintenance,855
17031711400,0.11516246,2019,D5,Cleanliness and maintenance,855
17031270500,0.19584325,2019,D5,Cleanliness and maintenance,855
17031271200,0.17730564,2019,D5,Cleanliness and maintenance,855
17031271300,0.19374682,2019,D5,Cleanliness and maintenance,855
17031271400,0.19470854,2019,D5,Cleanliness and maintenance,855
17031350100,0.097240046,2019,D5,Cleanliness and maintenance,855
17031350400,0.09639493,2019,D5,Cleanliness and maintenance,855
17031351000,0.097707234,2019,D5,Cleanliness and maintenance,855
17031351400,0.09620951,2019,D5,Cleanliness and maintenance,855
17031360200,0.0961845,2019,D5,Cleanliness and maintenance,855
17031430400,0.11729093,2019,D5,Cleanliness and maintenance,855
17031430600,0.11794388,2019,D5,Cleanliness and maintenance,855
17031430800,0.11766873,2019,D5,Cleanliness and maintenance,855
17031430500,0.11750354,2019,D5,Cleanliness and maintenance,855
17031430900,0.117235065,2019,D5,Cleanliness and maintenance,855
17031610300,0.16988161,2019,D5,Cleanliness and maintenance,855
17031681000,0.11569531,2019,D5,Cleanliness and maintenance,855
17031681100,0.11543074,2019,D5,Cleanliness and maintenance,855
17031680500,0.13074733,2019,D5,Cleanliness and maintenance,855
17031680900,0.11740015,2019,D5,Cleanliness and maintenance,855
17031720100,0.11491783,2019,D5,Cleanliness and maintenance,855
17031720200,0.115133844,2019,D5,Cleanliness and maintenance,855
17031720300,0.11482687,2019,D5,Cleanliness and maintenance,855
17031720400,0.21335205,2019,D5,Cleanliness and maintenance,855
17031720500,0.21323577,2019,D5,Cleanliness and maintenance,855
17031720600,0.114771865,2019,D5,Cleanliness and maintenance,855
17031720700,0.11589795,2019,D5,Cleanliness and maintenance,855
17031040600,0.04532703,2019,D5,Cleanliness and maintenance,855
17031040700,0.043612875,2019,D5,Cleanliness and maintenance,855
17031040800,0.045966852,2019,D5,Cleanliness and maintenance,855
17031825801,0.11518569,2019,D5,Cleanliness and maintenance,855
17031380100,0.09548372,2019,D5,Cleanliness and maintenance,855
17031380200,0.09593118,2019,D5,Cleanliness and maintenance,855
17031431200,0.11760095,2019,D5,Cleanliness and maintenance,855
17031810200,0.04896747,2019,D5,Cleanliness and maintenance,855
17031050100,0.02589463,2019,D5,Cleanliness and maintenance,855
17031610800,0.13624023,2019,D5,Cleanliness and maintenance,855
17031611000,0.13230292,2019,D5,Cleanliness and maintenance,855
17031611100,0.13444658,2019,D5,Cleanliness and maintenance,855
17031611300,0.13730875,2019,D5,Cleanliness and maintenance,855
17031611400,0.13642606,2019,D5,Cleanliness and maintenance,855
17031611500,0.24157536,2019,D5,Cleanliness and maintenance,855
17031611900,0.13960753,2019,D5,Cleanliness and maintenance,855
17031681200,0.11591905,2019,D5,Cleanliness and maintenance,855
17031810400,0.04416175,2019,D5,Cleanliness and maintenance,855
17031810701,0.14636351,2019,D5,Cleanliness and maintenance,855
17031810702,0.14652935,2019,D5,Cleanliness and maintenance,855
17031810600,0.042278938,2019,D5,Cleanliness and maintenance,855
17031691200,0.11594423,2019,D5,Cleanliness and maintenance,855
17031691100,0.11597881,2019,D5,Cleanliness and maintenance,855
17031730100,0.11552641,2019,D5,Cleanliness and maintenance,855
17031730300,0.115108594,2019,D5,Cleanliness and maintenance,855
17031730400,0.11540672,2019,D5,Cleanliness and maintenance,855
17031730500,0.11530772,2019,D5,Cleanliness and maintenance,855
17031730600,0.11517215,2019,D5,Cleanliness and maintenance,855
17031380500,0.16674954,2019,D5,Cleanliness and maintenance,855
17031381200,0.13385808,2019,D5,Cleanliness and maintenance,855
17031381400,0.13312015,2019,D5,Cleanliness and maintenance,855
17031381700,,2019,D5,Cleanliness and maintenance,855
17031440300,0.11733368,2019,D5,Cleanliness and maintenance,855
17031810800,0.146371,2019,D5,Cleanliness and maintenance,855
17031810900,0.14702679,2019,D5,Cleanliness and maintenance,855
17031612000,0.13629468,2019,D5,Cleanliness and maintenance,855
17031612100,0.130734,2019,D5,Cleanliness and maintenance,855
17031620100,0.23825282,2019,D5,Cleanliness and maintenance,855
17031620200,0.2382436,2019,D5,Cleanliness and maintenance,855
17031620300,0.24044049,2019,D5,Cleanliness and maintenance,855
17031620400,0.2370775,2019,D5,Cleanliness and maintenance,855
17031630100,0.13619971,2019,D5,Cleanliness and maintenance,855
17031810501,0.08407671,2019,D5,Cleanliness and maintenance,855
17031810502,0.047245085,2019,D5,Cleanliness and maintenance,855
17031812200,0.19411454,2019,D5,Cleanliness and maintenance,855
17031826600,0.1139874,2019,D5,Cleanliness and maintenance,855
17031730700,0.11506555,2019,D5,Cleanliness and maintenance,855
17031740100,0.2155573,2019,D5,Cleanliness and maintenance,855
17031740200,0.21397153,2019,D5,Cleanliness and maintenance,855
17031740300,0.21336241,2019,D5,Cleanliness and maintenance,855
17031740400,0.21330649,2019,D5,Cleanliness and maintenance,855
17031191100,0.047465026,2019,D5,Cleanliness and maintenance,855
17031120100,0.04485095,2019,D5,Cleanliness and maintenance,855
17031611200,0.13962135,2019,D5,Cleanliness and maintenance,855
17031300900,0.24227744,2019,D5,Cleanliness and maintenance,855
17031061100,0.049285848,2019,D5,Cleanliness and maintenance,855
17031061500,0.049927168,2019,D5,Cleanliness and maintenance,855
17031062000,0.049433604,2019,D5,Cleanliness and maintenance,855
17031062100,0.049867347,2019,D5,Cleanliness and maintenance,855
17031062200,0.04974909,2019,D5,Cleanliness and maintenance,855
17031090200,0.043412253,2019,D5,Cleanliness and maintenance,855
17031090100,0.04535255,2019,D5,Cleanliness and maintenance,855
17031826401,0.11436777,2019,D5,Cleanliness and maintenance,855
17031260400,0.19384691,2019,D5,Cleanliness and maintenance,855
17031351500,0.09614009,2019,D5,Cleanliness and maintenance,855
17031811200,0.14742309,2019,D5,Cleanliness and maintenance,855
17031770800,0.14928477,2019,D5,Cleanliness and maintenance,855
17031210800,0.049262963,2019,D5,Cleanliness and maintenance,855
17031210900,0.04943832,2019,D5,Cleanliness and maintenance,855
17031081100,0.05374767,2019,D5,Cleanliness and maintenance,855
17031063000,0.049797393,2019,D5,Cleanliness and maintenance,855
17031241200,0.121709555,2019,D5,Cleanliness and maintenance,855
17031031200,0.026798796,2019,D5,Cleanliness and maintenance,855
17031062500,0.049576044,2019,D5,Cleanliness and maintenance,855
17031062600,0.054824516,2019,D5,Cleanliness and maintenance,855
17031062700,0.05453677,2019,D5,Cleanliness and maintenance,855
17031062800,0.055068642,2019,D5,Cleanliness and maintenance,855
17031062900,0.049586218,2019,D5,Cleanliness and maintenance,855
17031062400,0.05006056,2019,D5,Cleanliness and maintenance,855
17031063100,0.05033409,2019,D5,Cleanliness and maintenance,855
17031063400,0.055446543,2019,D5,Cleanliness and maintenance,855
17031090300,0.047516737,2019,D5,Cleanliness and maintenance,855
17031100100,0.046273224,2019,D5,Cleanliness and maintenance,855
17031100300,0.043076776,2019,D5,Cleanliness and maintenance,855
17031140100,0.042539798,2019,D5,Cleanliness and maintenance,855
17031140200,0.044731446,2019,D5,Cleanliness and maintenance,855
17031140400,0.04393141,2019,D5,Cleanliness and maintenance,855
17031140500,0.042800933,2019,D5,Cleanliness and maintenance,855
17031242700,0.11868741,2019,D5,Cleanliness and maintenance,855
17031070200,0.05405745,2019,D5,Cleanliness and maintenance,855
17031070300,0.054536857,2019,D5,Cleanliness and maintenance,855
17031070400,0.05487319,2019,D5,Cleanliness and maintenance,855
17031070500,0.05412648,2019,D5,Cleanliness and maintenance,855
17031070600,0.054632876,2019,D5,Cleanliness and maintenance,855
17031070700,0.05379199,2019,D5,Cleanliness and maintenance,855
17031100400,0.047564026,2019,D5,Cleanliness and maintenance,855
17031100600,0.042940654,2019,D5,Cleanliness and maintenance,855
17031100700,0.04219735,2019,D5,Cleanliness and maintenance,855
17031110200,0.04378814,2019,D5,Cleanliness and maintenance,855
17031150200,0.045230303,2019,D5,Cleanliness and maintenance,855
17031150300,0.04536426,2019,D5,Cleanliness and maintenance,855
17031140800,0.0446362,2019,D5,Cleanliness and maintenance,855
17031231200,0.11821301,2019,D5,Cleanliness and maintenance,855
17031231100,0.118142374,2019,D5,Cleanliness and maintenance,855
17031242400,0.12179166,2019,D5,Cleanliness and maintenance,855
17031242500,0.1212983,2019,D5,Cleanliness and maintenance,855
17031120200,0.044988047,2019,D5,Cleanliness and maintenance,855
17031120300,0.0441402,2019,D5,Cleanliness and maintenance,855
17031120400,0.042979598,2019,D5,Cleanliness and maintenance,855
17031231500,0.17892897,2019,D5,Cleanliness and maintenance,855
17031071100,0.054195866,2019,D5,Cleanliness and maintenance,855
17031071000,0.054729193,2019,D5,Cleanliness and maintenance,855
17031071200,0.05480336,2019,D5,Cleanliness and maintenance,855
17031071300,0.054991495,2019,D5,Cleanliness and maintenance,855
17031110300,0.043761548,2019,D5,Cleanliness and maintenance,855
17031220300,0.048502468,2019,D5,Cleanliness and maintenance,855
17031220400,0.049167838,2019,D5,Cleanliness and maintenance,855
17031220500,0.049540427,2019,D5,Cleanliness and maintenance,855
17031240300,0.054424644,2019,D5,Cleanliness and maintenance,855
17031240500,0.073656954,2019,D5,Cleanliness and maintenance,855
17031060400,0.026079375,2019,D5,Cleanliness and maintenance,855
17031060500,0.050290793,2019,D5,Cleanliness and maintenance,855
17031240800,0.07084764,2019,D5,Cleanliness and maintenance,855
17031240600,0.07128012,2019,D5,Cleanliness and maintenance,855
17031240700,0.07124718,2019,D5,Cleanliness and maintenance,855
17031240900,0.121924356,2019,D5,Cleanliness and maintenance,855
17031242600,0.12125836,2019,D5,Cleanliness and maintenance,855
17031310600,0.0979207,2019,D5,Cleanliness and maintenance,855
17031310700,0.15259206,2019,D5,Cleanliness and maintenance,855
17031310800,0.15294334,2019,D5,Cleanliness and maintenance,855
17031020602,0.046942614,2019,D5,Cleanliness and maintenance,855
17031310900,0.15250427,2019,D5,Cleanliness and maintenance,855
17031510100,0.11922994,2019,D5,Cleanliness and maintenance,855
17031510200,0.11741187,2019,D5,Cleanliness and maintenance,855
17031561100,0.23739086,2019,D5,Cleanliness and maintenance,855
17031190701,0.045247518,2019,D5,Cleanliness and maintenance,855
17031020901,0.043334164,2019,D5,Cleanliness and maintenance,855
17031010202,0.026449513,2019,D5,Cleanliness and maintenance,855
17031570100,0.24404626,2019,D5,Cleanliness and maintenance,855
17031570200,0.2428367,2019,D5,Cleanliness and maintenance,855
17031570300,0.23971087,2019,D5,Cleanliness and maintenance,855
17031570400,0.23824468,2019,D5,Cleanliness and maintenance,855
17031570500,0.23760085,2019,D5,Cleanliness and maintenance,855
17031690400,0.11642973,2019,D5,Cleanliness and maintenance,855
17031691300,0.1164578,2019,D5,Cleanliness and maintenance,855
17031691400,0.116546765,2019,D5,Cleanliness and maintenance,855
17031691500,0.11676128,2019,D5,Cleanliness and maintenance,855
17031320100,0.053800255,2019,D5,Cleanliness and maintenance,855
17031320400,0.052114338,2019,D5,Cleanliness and maintenance,855
17031580100,0.23917896,2019,D5,Cleanliness and maintenance,855
17031580200,0.23889767,2019,D5,Cleanliness and maintenance,855
17031580300,0.23980252,2019,D5,Cleanliness and maintenance,855
17031580400,0.23845908,2019,D5,Cleanliness and maintenance,855
17031580600,0.23845786,2019,D5,Cleanliness and maintenance,855
17031580700,0.23814665,2019,D5,Cleanliness and maintenance,855
17031681300,0.11551472,2019,D5,Cleanliness and maintenance,855
17031681400,0.11570657,2019,D5,Cleanliness and maintenance,855
17031690300,0.11626096,2019,D5,Cleanliness and maintenance,855
17031690500,0.1164134,2019,D5,Cleanliness and maintenance,855
17031690900,0.11657709,2019,D5,Cleanliness and maintenance,855
17031691000,0.1164614,2019,D5,Cleanliness and maintenance,855
17031700100,0.21585345,2019,D5,Cleanliness and maintenance,855
17031700200,0.21943262,2019,D5,Cleanliness and maintenance,855
17031320600,0.09927376,2019,D5,Cleanliness and maintenance,855
17031330100,0.098956525,2019,D5,Cleanliness and maintenance,855
17031330200,0.098970205,2019,D5,Cleanliness and maintenance,855
17031590500,0.2389718,2019,D5,Cleanliness and maintenance,855
17031590600,0.16869567,2019,D5,Cleanliness and maintenance,855
17031671200,0.113831915,2019,D5,Cleanliness and maintenance,855
17031671100,0.11393624,2019,D5,Cleanliness and maintenance,855
17031671300,0.11482617,2019,D5,Cleanliness and maintenance,855
17031671500,0.11508059,2019,D5,Cleanliness and maintenance,855
17031671600,0.11513692,2019,D5,Cleanliness and maintenance,855
17031671800,0.11387603,2019,D5,Cleanliness and maintenance,855
17031671900,0.11515388,2019,D5,Cleanliness and maintenance,855
17031710100,0.11549045,2019,D5,Cleanliness and maintenance,855
17031710200,0.115265384,2019,D5,Cleanliness and maintenance,855
17031710400,0.11499524,2019,D5,Cleanliness and maintenance,855
17031710500,0.1160204,2019,D5,Cleanliness and maintenance,855
17031710600,0.113831304,2019,D5,Cleanliness and maintenance,855
17031710800,0.115475,2019,D5,Cleanliness and maintenance,855
17031340300,0.09807057,2019,D5,Cleanliness and maintenance,855
17031340500,0.09728576,2019,D5,Cleanliness and maintenance,855
17031340600,0.15149212,2019,D5,Cleanliness and maintenance,855
17031430200,0.1174827,2019,D5,Cleanliness and maintenance,855
17031430300,0.11959919,2019,D5,Cleanliness and maintenance,855
17031510300,0.11855812,2019,D5,Cleanliness and maintenance,855
17031520100,0.118705735,2019,D5,Cleanliness and maintenance,855
17031590700,0.17092648,2019,D5,Cleanliness and maintenance,855
17031600400,0.09678805,2019,D5,Cleanliness and maintenance,855
17031813801,0.23903507,2019,D5,Cleanliness and maintenance,855
17031830600,0.026035428,2019,D5,Cleanliness and maintenance,855
17031830800,0.026240762,2019,D5,Cleanliness and maintenance,855
17031830700,0.027906595,2019,D5,Cleanliness and maintenance,855
17031830900,0.074209504,2019,D5,Cleanliness and maintenance,855
17031835200,0.24398842,2019,D5,Cleanliness and maintenance,855
17031839900,0.1718068,2019,D5,Cleanliness and maintenance,855
17031839700,0.17169599,2019,D5,Cleanliness and maintenance,855
17031839800,0.15029699,2019,D5,Cleanliness and maintenance,855
17031834800,0.13294992,2019,D5,Cleanliness and maintenance,855
17031834700,0.13271318,2019,D5,Cleanliness and maintenance,855
17031832000,0.050082307,2019,D5,Cleanliness and maintenance,855
17031832500,0.053286586,2019,D5,Cleanliness and maintenance,855
17031832300,0.053593136,2019,D5,Cleanliness and maintenance,855
17031838300,0.054673962,2019,D5,Cleanliness and maintenance,855
17031831800,0.04960763,2019,D5,Cleanliness and maintenance,855
17031831700,0.045473013,2019,D5,Cleanliness and maintenance,855
17031835100,0.23793483,2019,D5,Cleanliness and maintenance,855
17031835000,0.22110157,2019,D5,Cleanliness and maintenance,855
17031843700,0.04933623,2019,D5,Cleanliness and maintenance,855
17031220702,0.047253095,2019,D5,Cleanliness and maintenance,855
17031842100,0.19914891,2019,D5,Cleanliness and maintenance,855
17031843300,0.24292865,2019,D5,Cleanliness and maintenance,855
17031831100,0.04737111,2019,D5,Cleanliness and maintenance,855
17031831500,0.1488985,2019,D5,Cleanliness and maintenance,855
17031831600,0.14821178,2019,D5,Cleanliness and maintenance,855
17031831200,0.046894327,2019,D5,Cleanliness and maintenance,855
17031831000,0.05432091,2019,D5,Cleanliness and maintenance,855
17031843000,0.24290049,2019,D5,Cleanliness and maintenance,855
17031843100,0.24813665,2019,D5,Cleanliness and maintenance,855
17031842900,0.15430436,2019,D5,Cleanliness and maintenance,855
17031843500,0.24358961,2019,D5,Cleanliness and maintenance,855
17031842000,0.09743805,2019,D5,Cleanliness and maintenance,855
17031770901,0.041899692,2019,D5,Cleanliness and maintenance,855
17031832400,0.073844135,2019,D5,Cleanliness and maintenance,855
17031832900,0.0994555,2019,D5,Cleanliness and maintenance,855
17031840300,0.24220456,2019,D5,Cleanliness and maintenance,855
17031838600,0.23806445,2019,D5,Cleanliness and maintenance,855
17031839600,0.0959357,2019,D5,Cleanliness and maintenance,855
17031834900,0.11524691,2019,D5,Cleanliness and maintenance,855
17031030603,0.026355429,2019,D5,Cleanliness and maintenance,855
17031030101,0.026636599,2019,D5,Cleanliness and maintenance,855
17031030701,0.02684698,2019,D5,Cleanliness and maintenance,855
17031070103,0.055425808,2019,D5,Cleanliness and maintenance,855
17031807900,0.0452266,2019,D5,Cleanliness and maintenance,855
17031808001,0.045113675,2019,D5,Cleanliness and maintenance,855
17031808002,0.04915072,2019,D5,Cleanliness and maintenance,855
17031770602,0.09078004,2019,D5,Cleanliness and maintenance,855
17031831900,0.050027385,2019,D5,Cleanliness and maintenance,855
17031839500,0.096355125,2019,D5,Cleanliness and maintenance,855
17031832600,0.053470086,2019,D5,Cleanliness and maintenance,855
17031836900,0.17794734,2019,D5,Cleanliness and maintenance,855
17031841200,0.24463263,2019,D5,Cleanliness and maintenance,855
17031841900,0.09903413,2019,D5,Cleanliness and maintenance,855
17031835800,0.16433826,2019,D5,Cleanliness and maintenance,855
17031838800,0.11920099,2019,D5,Cleanliness and maintenance,855
17031842300,0.05216863,2019,D5,Cleanliness and maintenance,855
17031843200,0.15219983,2019,D5,Cleanliness and maintenance,855
17031843400,0.23852716,2019,D5,Cleanliness and maintenance,855
17031842600,0.17167997,2019,D5,Cleanliness and maintenance,855
17031301803,0.23865348,2019,D5,Cleanliness and maintenance,855
17031710300,0.11540964,2019,D5,Cleanliness and maintenance,855
17043840801,0.14605398,2019,D5,Cleanliness and maintenance,855
17031030101,-0.07385746,2023,D5,Cleanliness and maintenance,853
17031030701,-0.07395531,2023,D5,Cleanliness and maintenance,853
17031070103,-0.056058683,2023,D5,Cleanliness and maintenance,853
17031807900,-0.058070745,2023,D5,Cleanliness and maintenance,853
17031808001,-0.058294408,2023,D5,Cleanliness and maintenance,853
17031808002,-0.05596041,2023,D5,Cleanliness and maintenance,853
17031770602,-0.046188913,2023,D5,Cleanliness and maintenance,853
17031831900,-0.07758987,2023,D5,Cleanliness and maintenance,853
17031832600,-0.057639983,2023,D5,Cleanliness and maintenance,853
17031836900,-0.08480862,2023,D5,Cleanliness and maintenance,853
17031841200,-0.07067742,2023,D5,Cleanliness and maintenance,853
17031839500,-0.057349253,2023,D5,Cleanliness and maintenance,853
17031835800,-0.045054086,2023,D5,Cleanliness and maintenance,853
17031838800,-0.018193224,2023,D5,Cleanliness and maintenance,853
17031842300,-0.05760524,2023,D5,Cleanliness and maintenance,853
17031841900,-0.058098115,2023,D5,Cleanliness and maintenance,853
17031843200,-0.06518334,2023,D5,Cleanliness and maintenance,853
17031843400,-0.07273927,2023,D5,Cleanliness and maintenance,853
17031842600,-0.0522867,2023,D5,Cleanliness and maintenance,853
17031301803,-0.072386354,2023,D5,Cleanliness and maintenance,853
17031320101,-0.057413287,2023,D5,Cleanliness and maintenance,853
17031330103,-0.055942737,2023,D5,Cleanliness and maintenance,853
17031380600,-0.05732,2023,D5,Cleanliness and maintenance,853
17031330102,-0.057676394,2023,D5,Cleanliness and maintenance,853
17031330101,-0.05843114,2023,D5,Cleanliness and maintenance,853
17031460800,-0.019018192,2023,D5,Cleanliness and maintenance,853
17031630600,-0.07330651,2023,D5,Cleanliness and maintenance,853
17031490200,-0.020271875,2023,D5,Cleanliness and maintenance,853
17031612200,-0.030778863,2023,D5,Cleanliness and maintenance,853
17031844700,-0.07277434,2023,D5,Cleanliness and maintenance,853
17031844600,-0.045574073,2023,D5,Cleanliness and maintenance,853
17031320102,-0.056791365,2023,D5,Cleanliness and maintenance,853
17031220701,-0.040779524,2023,D5,Cleanliness and maintenance,853
17031063302,-0.057423234,2023,D5,Cleanliness and maintenance,853
17031252201,-0.07233898,2023,D5,Cleanliness and maintenance,853
17031660302,-0.07350568,2023,D5,Cleanliness and maintenance,853
17031660301,-0.07112213,2023,D5,Cleanliness and maintenance,853
17031730202,-0.021314237,2023,D5,Cleanliness and maintenance,853
17031813302,-0.07047365,2023,D5,Cleanliness and maintenance,853
17031813301,-0.07006457,2023,D5,Cleanliness and maintenance,853
17031835600,-0.029124273,2023,D5,Cleanliness and maintenance,853
17031840000,-0.062972434,2023,D5,Cleanliness and maintenance,853
17031836100,-0.027982483,2023,D5,Cleanliness and maintenance,853
17031834600,-0.026523422,2023,D5,Cleanliness and maintenance,853
17031843600,-0.041002568,2023,D5,Cleanliness and maintenance,853
17031030102,-0.07395398,2023,D5,Cleanliness and maintenance,853
17031030706,-0.0736905,2023,D5,Cleanliness and maintenance,853
17031030601,-0.073910385,2023,D5,Cleanliness and maintenance,853
17031063303,-0.057190508,2023,D5,Cleanliness and maintenance,853
17031220901,-0.040989183,2023,D5,Cleanliness and maintenance,853
17031210602,-0.039110705,2023,D5,Cleanliness and maintenance,853
17031220602,-0.039469775,2023,D5,Cleanliness and maintenance,853
17031220601,-0.04005533,2023,D5,Cleanliness and maintenance,853
17031040401,-0.060805142,2023,D5,Cleanliness and maintenance,853
17031252202,-0.07264507,2023,D5,Cleanliness and maintenance,853
17031252102,-0.07078851,2023,D5,Cleanliness and maintenance,853
17031836300,-0.04088422,2023,D5,Cleanliness and maintenance,853
17031834500,-0.02640465,2023,D5,Cleanliness and maintenance,853
17031836000,-0.057504766,2023,D5,Cleanliness and maintenance,853
17031836200,-0.029039737,2023,D5,Cleanliness and maintenance,853
17031834400,-0.0237103,2023,D5,Cleanliness and maintenance,853
17031834300,-0.021667788,2023,D5,Cleanliness and maintenance,853
17031110501,-0.061814867,2023,D5,Cleanliness and maintenance,853
17031030104,-0.073427856,2023,D5,Cleanliness and maintenance,853
17031081401,-0.05867938,2023,D5,Cleanliness and maintenance,853
17031770902,-0.0454446,2023,D5,Cleanliness and maintenance,853
17031430101,-0.015595416,2023,D5,Cleanliness and maintenance,853
17031252101,-0.06917223,2023,D5,Cleanliness and maintenance,853
17031010501,-0.07499972,2023,D5,Cleanliness and maintenance,853
17031020701,-0.061303794,2023,D5,Cleanliness and maintenance,853
17031010201,-0.07529758,2023,D5,Cleanliness and maintenance,853
17031760801,-0.062324967,2023,D5,Cleanliness and maintenance,853
17031839000,-0.05819811,2023,D5,Cleanliness and maintenance,853
17031440201,-0.021802306,2023,D5,Cleanliness and maintenance,853
17031540101,-0.016443474,2023,D5,Cleanliness and maintenance,853
17031834000,-0.022083415,2023,D5,Cleanliness and maintenance,853
17031833900,-0.019940034,2023,D5,Cleanliness and maintenance,853
17031221000,-0.04079718,2023,D5,Cleanliness and maintenance,853
17031221100,-0.03939972,2023,D5,Cleanliness and maintenance,853
17031242800,-0.06757501,2023,D5,Cleanliness and maintenance,853
17031242900,-0.06740148,2023,D5,Cleanliness and maintenance,853
17031243000,-0.05442623,2023,D5,Cleanliness and maintenance,853
17031243100,-0.0546557,2023,D5,Cleanliness and maintenance,853
17031243200,-0.05508423,2023,D5,Cleanliness and maintenance,853
17031243300,-0.055365965,2023,D5,Cleanliness and maintenance,853
17031243400,-0.05593965,2023,D5,Cleanliness and maintenance,853
17031110400,-0.06269496,2023,D5,Cleanliness and maintenance,853
17031150600,-0.062689126,2023,D5,Cleanliness and maintenance,853
17031150700,-0.0623933,2023,D5,Cleanliness and maintenance,853
17031150800,-0.062568665,2023,D5,Cleanliness and maintenance,853
17031151100,-0.060971364,2023,D5,Cleanliness and maintenance,853
17031151200,-0.0619859,2023,D5,Cleanliness and maintenance,853
17031241500,-0.055316664,2023,D5,Cleanliness and maintenance,853
17031241100,-0.06872168,2023,D5,Cleanliness and maintenance,853
17031241600,-0.05578579,2023,D5,Cleanliness and maintenance,853
17031241300,-0.06904055,2023,D5,Cleanliness and maintenance,853
17031241400,-0.056298126,2023,D5,Cleanliness and maintenance,853
17031243500,-0.057540968,2023,D5,Cleanliness and maintenance,853
17031250200,-0.04113111,2023,D5,Cleanliness and maintenance,853
17031250300,-0.0447886,2023,D5,Cleanliness and maintenance,853
17031250400,-0.044116765,2023,D5,Cleanliness and maintenance,853
17031250500,-0.044581946,2023,D5,Cleanliness and maintenance,853
17031071500,-0.05732254,2023,D5,Cleanliness and maintenance,853
17031071800,-0.057223074,2023,D5,Cleanliness and maintenance,853
17031080100,-0.05583352,2023,D5,Cleanliness and maintenance,853
17031080300,-0.05792673,2023,D5,Cleanliness and maintenance,853
17031080400,-0.05608782,2023,D5,Cleanliness and maintenance,853
17031160100,-0.06265034,2023,D5,Cleanliness and maintenance,853
17031160200,-0.06101839,2023,D5,Cleanliness and maintenance,853
17031160300,-0.062079605,2023,D5,Cleanliness and maintenance,853
17031160400,-0.061105862,2023,D5,Cleanliness and maintenance,853
17031160700,-0.05957105,2023,D5,Cleanliness and maintenance,853
17031221300,-0.040229872,2023,D5,Cleanliness and maintenance,853
17031221500,-0.03969655,2023,D5,Cleanliness and maintenance,853
17031221400,-0.040206857,2023,D5,Cleanliness and maintenance,853
17031250600,-0.072463155,2023,D5,Cleanliness and maintenance,853
17031250700,-0.07217731,2023,D5,Cleanliness and maintenance,853
17031250800,-0.0723494,2023,D5,Cleanliness and maintenance,853
17031251000,-0.07072355,2023,D5,Cleanliness and maintenance,853
17031251100,-0.07285017,2023,D5,Cleanliness and maintenance,853
17031051400,-0.04103518,2023,D5,Cleanliness and maintenance,853
17031060100,-0.07555321,2023,D5,Cleanliness and maintenance,853
17031060300,-0.07526212,2023,D5,Cleanliness and maintenance,853
17031060800,-0.07551725,2023,D5,Cleanliness and maintenance,853
17031160800,-0.06123571,2023,D5,Cleanliness and maintenance,853
17031160900,-0.059924103,2023,D5,Cleanliness and maintenance,853
17031161000,-0.061531108,2023,D5,Cleanliness and maintenance,853
17031161100,-0.061653886,2023,D5,Cleanliness and maintenance,853
17031161200,-0.061165225,2023,D5,Cleanliness and maintenance,853
17031161300,-0.061320595,2023,D5,Cleanliness and maintenance,853
17031170100,-0.060508553,2023,D5,Cleanliness and maintenance,853
17031221600,-0.040043,2023,D5,Cleanliness and maintenance,853
17031242100,-0.054654572,2023,D5,Cleanliness and maintenance,853
17031242000,-0.054894738,2023,D5,Cleanliness and maintenance,853
17031251200,-0.07165007,2023,D5,Cleanliness and maintenance,853
17031251300,-0.069667555,2023,D5,Cleanliness and maintenance,853
17031051300,-0.056744948,2023,D5,Cleanliness and maintenance,853
17031600700,-0.048020247,2023,D5,Cleanliness and maintenance,853
17031600900,-0.047741547,2023,D5,Cleanliness and maintenance,853
17031821200,-0.018353574,2023,D5,Cleanliness and maintenance,853
17031672000,-0.023749162,2023,D5,Cleanliness and maintenance,853
17031710900,-0.021911073,2023,D5,Cleanliness and maintenance,853
17031711000,-0.022877008,2023,D5,Cleanliness and maintenance,853
17031711100,-0.022172607,2023,D5,Cleanliness and maintenance,853
17031711200,-0.022507297,2023,D5,Cleanliness and maintenance,853
17031711500,-0.021685123,2023,D5,Cleanliness and maintenance,853
17031711300,-0.022141438,2023,D5,Cleanliness and maintenance,853
17031711400,-0.022508472,2023,D5,Cleanliness and maintenance,853
17031270500,-0.073250525,2023,D5,Cleanliness and maintenance,853
17031271200,-0.08621066,2023,D5,Cleanliness and maintenance,853
17031271300,-0.07348073,2023,D5,Cleanliness and maintenance,853
17031271400,-0.07314597,2023,D5,Cleanliness and maintenance,853
17031350100,-0.055898927,2023,D5,Cleanliness and maintenance,853
17031350400,-0.055668842,2023,D5,Cleanliness and maintenance,853
17031351000,-0.056008104,2023,D5,Cleanliness and maintenance,853
17031351400,-0.05718934,2023,D5,Cleanliness and maintenance,853
17031360200,-0.05557511,2023,D5,Cleanliness and maintenance,853
17031430400,-0.021410644,2023,D5,Cleanliness and maintenance,853
17031430600,-0.022276424,2023,D5,Cleanliness and maintenance,853
17031430800,-0.020456512,2023,D5,Cleanliness and maintenance,853
17031430500,-0.022000462,2023,D5,Cleanliness and maintenance,853
17031430900,-0.022028137,2023,D5,Cleanliness and maintenance,853
17031610300,-0.049480747,2023,D5,Cleanliness and maintenance,853
17031681000,-0.023692504,2023,D5,Cleanliness and maintenance,853
17031681100,-0.023984523,2023,D5,Cleanliness and maintenance,853
17031680500,-0.026414234,2023,D5,Cleanliness and maintenance,853
17031680900,-0.023526134,2023,D5,Cleanliness and maintenance,853
17031720100,-0.022945702,2023,D5,Cleanliness and maintenance,853
17031720200,-0.022095814,2023,D5,Cleanliness and maintenance,853
17031720300,-0.022493348,2023,D5,Cleanliness and maintenance,853
17031720400,-0.0658976,2023,D5,Cleanliness and maintenance,853
17031720500,-0.065581605,2023,D5,Cleanliness and maintenance,853
17031720600,-0.021890575,2023,D5,Cleanliness and maintenance,853
17031720700,-0.02178716,2023,D5,Cleanliness and maintenance,853
17031040600,-0.06063582,2023,D5,Cleanliness and maintenance,853
17031040700,-0.06057162,2023,D5,Cleanliness and maintenance,853
17031040800,-0.05936854,2023,D5,Cleanliness and maintenance,853
17031825801,-0.012799164,2023,D5,Cleanliness and maintenance,853
17031380100,-0.055516426,2023,D5,Cleanliness and maintenance,853
17031380200,-0.055103622,2023,D5,Cleanliness and maintenance,853
17031431200,-0.02127553,2023,D5,Cleanliness and maintenance,853
17031810200,-0.0576814,2023,D5,Cleanliness and maintenance,853
17031810301,-0.057587005,2023,D5,Cleanliness and maintenance,853
17031050100,-0.07510005,2023,D5,Cleanliness and maintenance,853
17031610800,-0.030879721,2023,D5,Cleanliness and maintenance,853
17031611300,-0.030431049,2023,D5,Cleanliness and maintenance,853
17031611400,-0.030424463,2023,D5,Cleanliness and maintenance,853
17031611500,-0.073505305,2023,D5,Cleanliness and maintenance,853
17031611900,-0.030363414,2023,D5,Cleanliness and maintenance,853
17031681200,-0.023092348,2023,D5,Cleanliness and maintenance,853
17031810400,-0.06370105,2023,D5,Cleanliness and maintenance,853
17031810701,-0.047078505,2023,D5,Cleanliness and maintenance,853
17031810702,-0.047389783,2023,D5,Cleanliness and maintenance,853
17031810600,-0.060098216,2023,D5,Cleanliness and maintenance,853
17031691200,-0.022146022,2023,D5,Cleanliness and maintenance,853
17031691100,-0.022473488,2023,D5,Cleanliness and maintenance,853
17031730100,-0.02154001,2023,D5,Cleanliness and maintenance,853
17031730300,-0.02184746,2023,D5,Cleanliness and maintenance,853
17031730400,-0.020826688,2023,D5,Cleanliness and maintenance,853
17031730500,-0.02028584,2023,D5,Cleanliness and maintenance,853
17031730600,-0.020446341,2023,D5,Cleanliness and maintenance,853
17031381200,-0.028148966,2023,D5,Cleanliness and maintenance,853
17031381400,-0.028240524,2023,D5,Cleanliness and maintenance,853
17031381700,,2023,D5,Cleanliness and maintenance,853
17031440300,-0.021265144,2023,D5,Cleanliness and maintenance,853
17031810800,-0.047281966,2023,D5,Cleanliness and maintenance,853
17031810900,-0.04705824,2023,D5,Cleanliness and maintenance,853
17031612000,-0.030001855,2023,D5,Cleanliness and maintenance,853
17031612100,-0.02650642,2023,D5,Cleanliness and maintenance,853
17031620100,-0.07219659,2023,D5,Cleanliness and maintenance,853
17031620200,-0.07281258,2023,D5,Cleanliness and maintenance,853
17031620300,-0.07300836,2023,D5,Cleanliness and maintenance,853
17031620400,-0.073187016,2023,D5,Cleanliness and maintenance,853
17031810501,-0.045221478,2023,D5,Cleanliness and maintenance,853
17031810502,-0.058298983,2023,D5,Cleanliness and maintenance,853
17031812200,-0.07226488,2023,D5,Cleanliness and maintenance,853
17031826600,-0.014628873,2023,D5,Cleanliness and maintenance,853
17031730700,-0.02084323,2023,D5,Cleanliness and maintenance,853
17031740100,-0.06558357,2023,D5,Cleanliness and maintenance,853
17031740200,-0.06662374,2023,D5,Cleanliness and maintenance,853
17031740300,-0.06738512,2023,D5,Cleanliness and maintenance,853
17031740400,-0.06645703,2023,D5,Cleanliness and maintenance,853
17031381800,-0.027691647,2023,D5,Cleanliness and maintenance,853
17031381900,-0.026902443,2023,D5,Cleanliness and maintenance,853
17031390100,-0.058364812,2023,D5,Cleanliness and maintenance,853
17031390200,-0.041282758,2023,D5,Cleanliness and maintenance,853
17031390300,-0.05771606,2023,D5,Cleanliness and maintenance,853
17031390400,-0.03896987,2023,D5,Cleanliness and maintenance,853
17031390500,-0.040528342,2023,D5,Cleanliness and maintenance,853
17031390600,-0.04159479,2023,D5,Cleanliness and maintenance,853
17031812500,-0.07232636,2023,D5,Cleanliness and maintenance,853
17031440600,-0.020853437,2023,D5,Cleanliness and maintenance,853
17031440900,-0.021257479,2023,D5,Cleanliness and maintenance,853
17031440700,-0.020632615,2023,D5,Cleanliness and maintenance,853
17031440800,-0.019797454,2023,D5,Cleanliness and maintenance,853
17031630300,-0.071347706,2023,D5,Cleanliness and maintenance,853
17031630500,-0.07335329,2023,D5,Cleanliness and maintenance,853
17031630800,-0.0726496,2023,D5,Cleanliness and maintenance,853
17031630900,-0.07249517,2023,D5,Cleanliness and maintenance,853
17031640100,-0.07126053,2023,D5,Cleanliness and maintenance,853
17031640300,-0.069962315,2023,D5,Cleanliness and maintenance,853
17031750100,-0.019611238,2023,D5,Cleanliness and maintenance,853
17031750200,-0.021329448,2023,D5,Cleanliness and maintenance,853
17031750300,-0.06626641,2023,D5,Cleanliness and maintenance,853
17031750400,-0.06508505,2023,D5,Cleanliness and maintenance,853
17031750500,-0.020515658,2023,D5,Cleanliness and maintenance,853
17031282700,-0.08424215,2023,D5,Cleanliness and maintenance,853
17031282800,-0.08481166,2023,D5,Cleanliness and maintenance,853
17031400300,-0.027709424,2023,D5,Cleanliness and maintenance,853
17031400500,-0.027388282,2023,D5,Cleanliness and maintenance,853
17031400800,-0.023493426,2023,D5,Cleanliness and maintenance,853
17031410500,-0.028407253,2023,D5,Cleanliness and maintenance,853
17031410600,-0.02083216,2023,D5,Cleanliness and maintenance,853
17031460100,-0.013565754,2023,D5,Cleanliness and maintenance,853
17031450300,-0.021454569,2023,D5,Cleanliness and maintenance,853
17031460200,-0.01916837,2023,D5,Cleanliness and maintenance,853
17031640400,-0.07009265,2023,D5,Cleanliness and maintenance,853
17031640500,-0.06969155,2023,D5,Cleanliness and maintenance,853
17031640600,-0.07112902,2023,D5,Cleanliness and maintenance,853
17031640700,-0.07112208,2023,D5,Cleanliness and maintenance,853
17031640800,-0.07092157,2023,D5,Cleanliness and maintenance,853
17031650100,-0.07037207,2023,D5,Cleanliness and maintenance,853
17031650200,-0.07023216,2023,D5,Cleanliness and maintenance,853
17031750600,-0.019320212,2023,D5,Cleanliness and maintenance,853
17031812600,-0.07246657,2023,D5,Cleanliness and maintenance,853
17031820300,-0.06977345,2023,D5,Cleanliness and maintenance,853
17031820400,-0.06999326,2023,D5,Cleanliness and maintenance,853
17031820902,-0.07035081,2023,D5,Cleanliness and maintenance,853
17031283100,-0.05596286,2023,D5,Cleanliness and maintenance,853
17031283800,-0.05451808,2023,D5,Cleanliness and maintenance,853
17031410700,-0.041471496,2023,D5,Cleanliness and maintenance,853
17031410800,-0.041382954,2023,D5,Cleanliness and maintenance,853
17031411100,-0.02050221,2023,D5,Cleanliness and maintenance,853
17031411200,-0.020709097,2023,D5,Cleanliness and maintenance,853
17031460400,-0.020758485,2023,D5,Cleanliness and maintenance,853
17031460500,-0.021164194,2023,D5,Cleanliness and maintenance,853
17031461000,-0.019617729,2023,D5,Cleanliness and maintenance,853
17031813000,-0.07300913,2023,D5,Cleanliness and maintenance,853
17031813100,-0.07006018,2023,D5,Cleanliness and maintenance,853
17031821102,-0.07047552,2023,D5,Cleanliness and maintenance,853
17031420100,-0.016582873,2023,D5,Cleanliness and maintenance,853
17031420200,-0.027165145,2023,D5,Cleanliness and maintenance,853
17031420400,-0.024647044,2023,D5,Cleanliness and maintenance,853
17031420700,-0.023742478,2023,D5,Cleanliness and maintenance,853
17031805402,-0.060417015,2023,D5,Cleanliness and maintenance,853
17031420800,-0.023317635,2023,D5,Cleanliness and maintenance,853
17031470100,-0.021056637,2023,D5,Cleanliness and maintenance,853
17031480100,-0.020930361,2023,D5,Cleanliness and maintenance,853
17031480200,-0.020937344,2023,D5,Cleanliness and maintenance,853
17031480300,-0.021008402,2023,D5,Cleanliness and maintenance,853
17031480400,-0.020146683,2023,D5,Cleanliness and maintenance,853
17031805502,-0.06056088,2023,D5,Cleanliness and maintenance,853
17031805600,-0.061601393,2023,D5,Cleanliness and maintenance,853
17031650400,-0.07133372,2023,D5,Cleanliness and maintenance,853
17031650500,-0.06989589,2023,D5,Cleanliness and maintenance,853
17031660400,-0.07033904,2023,D5,Cleanliness and maintenance,853
17031813400,-0.07037502,2023,D5,Cleanliness and maintenance,853
17031821401,-0.017666316,2023,D5,Cleanliness and maintenance,853
17031805702,-0.06202058,2023,D5,Cleanliness and maintenance,853
17031821402,-0.017252976,2023,D5,Cleanliness and maintenance,853
17031821600,-0.06538852,2023,D5,Cleanliness and maintenance,853
17031821700,-0.0676208,2023,D5,Cleanliness and maintenance,853
17031290900,-0.07130267,2023,D5,Cleanliness and maintenance,853
17031291200,-0.07098741,2023,D5,Cleanliness and maintenance,853
17031421200,-0.022312773,2023,D5,Cleanliness and maintenance,853
17031271500,-0.072651654,2023,D5,Cleanliness and maintenance,853
17031292200,-0.07112895,2023,D5,Cleanliness and maintenance,853
17031292400,-0.072233684,2023,D5,Cleanliness and maintenance,853
17031292500,-0.072268605,2023,D5,Cleanliness and maintenance,853
17031271800,-0.07191841,2023,D5,Cleanliness and maintenance,853
17031280100,-0.056530554,2023,D5,Cleanliness and maintenance,853
17031280400,-0.05540515,2023,D5,Cleanliness and maintenance,853
17031300600,-0.07242176,2023,D5,Cleanliness and maintenance,853
17031300700,-0.07272796,2023,D5,Cleanliness and maintenance,853
17031301100,-0.07091377,2023,D5,Cleanliness and maintenance,853
17031301200,-0.07003844,2023,D5,Cleanliness and maintenance,853
17031480500,-0.018689826,2023,D5,Cleanliness and maintenance,853
17031490500,-0.020863093,2023,D5,Cleanliness and maintenance,853
17031520200,-0.019532252,2023,D5,Cleanliness and maintenance,853
17031520300,-0.01658867,2023,D5,Cleanliness and maintenance,853
17031520400,-0.018655293,2023,D5,Cleanliness and maintenance,853
17031520500,-0.015481217,2023,D5,Cleanliness and maintenance,853
17031520600,-0.015763123,2023,D5,Cleanliness and maintenance,853
17031660500,-0.07127638,2023,D5,Cleanliness and maintenance,853
17031660600,-0.07163091,2023,D5,Cleanliness and maintenance,853
17031660700,-0.07170571,2023,D5,Cleanliness and maintenance,853
17031660800,-0.071678616,2023,D5,Cleanliness and maintenance,853
17031660900,-0.07125751,2023,D5,Cleanliness and maintenance,853
17031661000,-0.0679188,2023,D5,Cleanliness and maintenance,853
17031280900,-0.08569055,2023,D5,Cleanliness and maintenance,853
17031301600,-0.07299757,2023,D5,Cleanliness and maintenance,853
17031490600,-0.020484429,2023,D5,Cleanliness and maintenance,853
17031490700,-0.01920893,2023,D5,Cleanliness and maintenance,853
17031490800,-0.019509934,2023,D5,Cleanliness and maintenance,853
17031491000,-0.01928581,2023,D5,Cleanliness and maintenance,853
17031491100,-0.019536525,2023,D5,Cleanliness and maintenance,853
17031530200,-0.019013379,2023,D5,Cleanliness and maintenance,853
17031530300,-0.018912762,2023,D5,Cleanliness and maintenance,853
17031530400,-0.018582638,2023,D5,Cleanliness and maintenance,853
17031530600,-0.01848679,2023,D5,Cleanliness and maintenance,853
17031560100,-0.07250636,2023,D5,Cleanliness and maintenance,853
17031670200,-0.03027543,2023,D5,Cleanliness and maintenance,853
17031670300,-0.030228674,2023,D5,Cleanliness and maintenance,853
17031670400,-0.030093895,2023,D5,Cleanliness and maintenance,853
17031661100,-0.071545236,2023,D5,Cleanliness and maintenance,853
17031670100,-0.026411189,2023,D5,Cleanliness and maintenance,853
17031670600,-0.027565598,2023,D5,Cleanliness and maintenance,853
17031670700,-0.02793119,2023,D5,Cleanliness and maintenance,853
17031670800,-0.026771538,2023,D5,Cleanliness and maintenance,853
17031670900,-0.026541319,2023,D5,Cleanliness and maintenance,853
17031260900,-0.07230026,2023,D5,Cleanliness and maintenance,853
17031261000,-0.07131411,2023,D5,Cleanliness and maintenance,853
17031281900,-0.057586674,2023,D5,Cleanliness and maintenance,853
17031310200,-0.056596033,2023,D5,Cleanliness and maintenance,853
17031310300,-0.056466572,2023,D5,Cleanliness and maintenance,853
17031310400,-0.054163277,2023,D5,Cleanliness and maintenance,853
17031310500,-0.054247722,2023,D5,Cleanliness and maintenance,853
17031491200,-0.020273676,2023,D5,Cleanliness and maintenance,853
17031491300,-0.018149542,2023,D5,Cleanliness and maintenance,853
17031491400,-0.01937769,2023,D5,Cleanliness and maintenance,853
17031500100,-0.020247221,2023,D5,Cleanliness and maintenance,853
17031500200,-0.019770194,2023,D5,Cleanliness and maintenance,853
17031500300,-0.019401593,2023,D5,Cleanliness and maintenance,853
17031560200,-0.07252433,2023,D5,Cleanliness and maintenance,853
17031560300,-0.07267566,2023,D5,Cleanliness and maintenance,853
17031560700,-0.0703824,2023,D5,Cleanliness and maintenance,853
17031560800,-0.071261965,2023,D5,Cleanliness and maintenance,853
17031560900,-0.07164013,2023,D5,Cleanliness and maintenance,853
17031561000,-0.07120235,2023,D5,Cleanliness and maintenance,853
17031010300,-0.07415573,2023,D5,Cleanliness and maintenance,853
17031010600,-0.07422226,2023,D5,Cleanliness and maintenance,853
17031020100,-0.060877007,2023,D5,Cleanliness and maintenance,853
17031280800,-0.08568264,2023,D5,Cleanliness and maintenance,853
17031420300,-0.022859514,2023,D5,Cleanliness and maintenance,853
17031806600,-0.06017387,2023,D5,Cleanliness and maintenance,853
17031100200,-0.0636893,2023,D5,Cleanliness and maintenance,853
17031020200,-0.06151471,2023,D5,Cleanliness and maintenance,853
17031130200,-0.06154793,2023,D5,Cleanliness and maintenance,853
17031020400,-0.061436895,2023,D5,Cleanliness and maintenance,853
17031080202,-0.05645306,2023,D5,Cleanliness and maintenance,853
17031240200,-0.05483281,2023,D5,Cleanliness and maintenance,853
17031611800,-0.030282572,2023,D5,Cleanliness and maintenance,853
17031060200,-0.074253246,2023,D5,Cleanliness and maintenance,853
17031221200,-0.03907669,2023,D5,Cleanliness and maintenance,853
17031826500,-0.014423922,2023,D5,Cleanliness and maintenance,853
17031061200,-0.077498995,2023,D5,Cleanliness and maintenance,853
17031808200,-0.059989166,2023,D5,Cleanliness and maintenance,853
17031030200,-0.075257555,2023,D5,Cleanliness and maintenance,853
17031030300,-0.07548858,2023,D5,Cleanliness and maintenance,853
17031030400,-0.07546519,2023,D5,Cleanliness and maintenance,853
17031030900,-0.07540098,2023,D5,Cleanliness and maintenance,853
17031031000,-0.07544452,2023,D5,Cleanliness and maintenance,853
17031980000,,2023,D5,Cleanliness and maintenance,853
17031600600,-0.06135692,2023,D5,Cleanliness and maintenance,853
17031811900,-0.071664155,2023,D5,Cleanliness and maintenance,853
17031420600,-0.02332445,2023,D5,Cleanliness and maintenance,853
17031110100,-0.06211532,2023,D5,Cleanliness and maintenance,853
17031031400,-0.075518005,2023,D5,Cleanliness and maintenance,853
17031040900,-0.060242303,2023,D5,Cleanliness and maintenance,853
17031050200,-0.06007199,2023,D5,Cleanliness and maintenance,853
17031050300,-0.060238034,2023,D5,Cleanliness and maintenance,853
17031071700,-0.057441615,2023,D5,Cleanliness and maintenance,853
17031031800,-0.075192556,2023,D5,Cleanliness and maintenance,853
17031811600,-0.06623509,2023,D5,Cleanliness and maintenance,853
17031031700,-0.073976785,2023,D5,Cleanliness and maintenance,853
17031610400,-0.030913249,2023,D5,Cleanliness and maintenance,853
17031050600,-0.07479108,2023,D5,Cleanliness and maintenance,853
17031050500,-0.060320392,2023,D5,Cleanliness and maintenance,853
17031071600,-0.056489218,2023,D5,Cleanliness and maintenance,853
17031671400,-0.02451514,2023,D5,Cleanliness and maintenance,853
17031062300,-0.07690479,2023,D5,Cleanliness and maintenance,853
17031630400,-0.072688386,2023,D5,Cleanliness and maintenance,853
17031822802,-0.06741301,2023,D5,Cleanliness and maintenance,853
17031010100,-0.074460216,2023,D5,Cleanliness and maintenance,853
17031680600,-0.026592337,2023,D5,Cleanliness and maintenance,853
17031807800,-0.05744262,2023,D5,Cleanliness and maintenance,853
17031811100,-0.047515765,2023,D5,Cleanliness and maintenance,853
17031030500,-0.07521053,2023,D5,Cleanliness and maintenance,853
17031020500,-0.06114874,2023,D5,Cleanliness and maintenance,853
17031081300,-0.056934357,2023,D5,Cleanliness and maintenance,853
17031081000,-0.05681558,2023,D5,Cleanliness and maintenance,853
17031130100,-0.0609939,2023,D5,Cleanliness and maintenance,853
17043840000,-0.06806047,2023,D5,Cleanliness and maintenance,853
17031170200,-0.06338677,2023,D5,Cleanliness and maintenance,853
17031170300,-0.063136786,2023,D5,Cleanliness and maintenance,853
17031170400,-0.04827591,2023,D5,Cleanliness and maintenance,853
17031170500,-0.0479715,2023,D5,Cleanliness and maintenance,853
17031170600,-0.06708642,2023,D5,Cleanliness and maintenance,853
17031170700,-0.06663346,2023,D5,Cleanliness and maintenance,853
17031170800,-0.048013058,2023,D5,Cleanliness and maintenance,853
17031251400,-0.07034515,2023,D5,Cleanliness and maintenance,853
17031260300,-0.07248732,2023,D5,Cleanliness and maintenance,853
17031260500,-0.07126042,2023,D5,Cleanliness and maintenance,853
17031260600,-0.07453573,2023,D5,Cleanliness and maintenance,853
17031260700,-0.07296522,2023,D5,Cleanliness and maintenance,853
17031260800,-0.073236644,2023,D5,Cleanliness and maintenance,853
17031050700,-0.07555518,2023,D5,Cleanliness and maintenance,853
17031050900,-0.06073447,2023,D5,Cleanliness and maintenance,853
17031051000,-0.059753194,2023,D5,Cleanliness and maintenance,853
17031051100,-0.060114972,2023,D5,Cleanliness and maintenance,853
17031051200,-0.07586263,2023,D5,Cleanliness and maintenance,853
17031170900,-0.06608004,2023,D5,Cleanliness and maintenance,853
17031171000,-0.047927096,2023,D5,Cleanliness and maintenance,853
17031171100,-0.06281638,2023,D5,Cleanliness and maintenance,853
17031180100,-0.02691568,2023,D5,Cleanliness and maintenance,853
17031190100,-0.040503293,2023,D5,Cleanliness and maintenance,853
17031222200,-0.040223848,2023,D5,Cleanliness and maintenance,853
17031222500,-0.03964684,2023,D5,Cleanliness and maintenance,853
17031222600,-0.039889768,2023,D5,Cleanliness and maintenance,853
17031251500,-0.07216926,2023,D5,Cleanliness and maintenance,853
17031251600,-0.07247828,2023,D5,Cleanliness and maintenance,853
17031251700,-0.07103685,2023,D5,Cleanliness and maintenance,853
17031251800,-0.07273789,2023,D5,Cleanliness and maintenance,853
17031251900,-0.07197426,2023,D5,Cleanliness and maintenance,853
17031252000,-0.071724884,2023,D5,Cleanliness and maintenance,853
17031130300,-0.0613716,2023,D5,Cleanliness and maintenance,853
17031190200,-0.04098712,2023,D5,Cleanliness and maintenance,853
17031190300,-0.040413346,2023,D5,Cleanliness and maintenance,853
17031190800,-0.04043278,2023,D5,Cleanliness and maintenance,853
17031260100,-0.07185487,2023,D5,Cleanliness and maintenance,853
17031260200,-0.070931256,2023,D5,Cleanliness and maintenance,853
17031530100,-0.017985284,2023,D5,Cleanliness and maintenance,853
17031061800,-0.075939864,2023,D5,Cleanliness and maintenance,853
17031823400,-0.06427642,2023,D5,Cleanliness and maintenance,853
17031821500,-0.016234152,2023,D5,Cleanliness and maintenance,853
17031410200,-0.04101406,2023,D5,Cleanliness and maintenance,853
17031222900,-0.04052081,2023,D5,Cleanliness and maintenance,853
17031241000,-0.06778206,2023,D5,Cleanliness and maintenance,853
17031190900,-0.041365154,2023,D5,Cleanliness and maintenance,853
17031191200,-0.04137223,2023,D5,Cleanliness and maintenance,853
17031200100,-0.04116083,2023,D5,Cleanliness and maintenance,853
17031200200,-0.040657334,2023,D5,Cleanliness and maintenance,853
17031200300,-0.040918328,2023,D5,Cleanliness and maintenance,853
17031222700,-0.040435396,2023,D5,Cleanliness and maintenance,853
17031230100,-0.039930653,2023,D5,Cleanliness and maintenance,853
17031230200,-0.039614357,2023,D5,Cleanliness and maintenance,853
17031230300,-0.039426513,2023,D5,Cleanliness and maintenance,853
17031230400,-0.03982974,2023,D5,Cleanliness and maintenance,853
17031230500,-0.040589556,2023,D5,Cleanliness and maintenance,853
17031351100,-0.055388764,2023,D5,Cleanliness and maintenance,853
17031807600,-0.055941686,2023,D5,Cleanliness and maintenance,853
17031770500,-0.049207,2023,D5,Cleanliness and maintenance,853
17031611700,-0.030589724,2023,D5,Cleanliness and maintenance,853
17031300500,-0.072002724,2023,D5,Cleanliness and maintenance,853
17031381500,-0.028566217,2023,D5,Cleanliness and maintenance,853
17031420500,-0.024848264,2023,D5,Cleanliness and maintenance,853
17031811500,-0.06578141,2023,D5,Cleanliness and maintenance,853
17031081500,-0.055827897,2023,D5,Cleanliness and maintenance,853
17031081600,-0.05593448,2023,D5,Cleanliness and maintenance,853
17031081700,-0.055910345,2023,D5,Cleanliness and maintenance,853
17031081800,-0.05685225,2023,D5,Cleanliness and maintenance,853
17031081900,-0.055529244,2023,D5,Cleanliness and maintenance,853
17031222800,-0.04067047,2023,D5,Cleanliness and maintenance,853
17031050800,-0.060275882,2023,D5,Cleanliness and maintenance,853
17031210100,-0.059267867,2023,D5,Cleanliness and maintenance,853
17031210400,-0.041081544,2023,D5,Cleanliness and maintenance,853
17031230700,-0.06557566,2023,D5,Cleanliness and maintenance,853
17031230800,-0.06778593,2023,D5,Cleanliness and maintenance,853
17031230900,-0.067891106,2023,D5,Cleanliness and maintenance,853
17031820502,-0.06897793,2023,D5,Cleanliness and maintenance,853
17031820901,-0.07016679,2023,D5,Cleanliness and maintenance,853
17031550200,-0.015573501,2023,D5,Cleanliness and maintenance,853
17031823200,-0.064958826,2023,D5,Cleanliness and maintenance,853
17031823304,-0.06505387,2023,D5,Cleanliness and maintenance,853
17031670500,-0.030029975,2023,D5,Cleanliness and maintenance,853
17031820700,-0.06895527,2023,D5,Cleanliness and maintenance,853
17031580800,-0.07348771,2023,D5,Cleanliness and maintenance,853
17031230600,-0.06455666,2023,D5,Cleanliness and maintenance,853
17031242300,-0.061537962,2023,D5,Cleanliness and maintenance,853
17031242200,-0.05470191,2023,D5,Cleanliness and maintenance,853
17031032100,-0.07643875,2023,D5,Cleanliness and maintenance,853
17031811701,-0.06667625,2023,D5,Cleanliness and maintenance,853
17031820800,-0.07007475,2023,D5,Cleanliness and maintenance,853
17031300800,-0.07260802,2023,D5,Cleanliness and maintenance,853
17031060900,-0.07661855,2023,D5,Cleanliness and maintenance,853
17031061000,-0.07720072,2023,D5,Cleanliness and maintenance,853
17031210700,-0.039604444,2023,D5,Cleanliness and maintenance,853
17031291600,-0.07094255,2023,D5,Cleanliness and maintenance,853
17031400400,-0.027925303,2023,D5,Cleanliness and maintenance,853
17031191100,-0.03974056,2023,D5,Cleanliness and maintenance,853
17031120100,-0.0635322,2023,D5,Cleanliness and maintenance,853
17031611200,-0.031188201,2023,D5,Cleanliness and maintenance,853
17031300900,-0.07117564,2023,D5,Cleanliness and maintenance,853
17031061100,-0.07672938,2023,D5,Cleanliness and maintenance,853
17031061500,-0.07685568,2023,D5,Cleanliness and maintenance,853
17031062000,-0.0761364,2023,D5,Cleanliness and maintenance,853
17031062100,-0.0749634,2023,D5,Cleanliness and maintenance,853
17031062200,-0.07639432,2023,D5,Cleanliness and maintenance,853
17031090200,-0.06475526,2023,D5,Cleanliness and maintenance,853
17031090100,-0.06436697,2023,D5,Cleanliness and maintenance,853
17031826401,-0.014095027,2023,D5,Cleanliness and maintenance,853
17031260400,-0.07295929,2023,D5,Cleanliness and maintenance,853
17031351500,-0.05692654,2023,D5,Cleanliness and maintenance,853
17031811200,-0.048158012,2023,D5,Cleanliness and maintenance,853
17031770800,-0.066394754,2023,D5,Cleanliness and maintenance,853
17031210800,-0.039473295,2023,D5,Cleanliness and maintenance,853
17031210900,-0.038962226,2023,D5,Cleanliness and maintenance,853
17031081100,-0.0557573,2023,D5,Cleanliness and maintenance,853
17031241200,-0.06891256,2023,D5,Cleanliness and maintenance,853
17031031200,-0.07379044,2023,D5,Cleanliness and maintenance,853
17031062500,-0.07737358,2023,D5,Cleanliness and maintenance,853
17031062600,-0.056432173,2023,D5,Cleanliness and maintenance,853
17031062700,-0.056760482,2023,D5,Cleanliness and maintenance,853
17031062800,-0.05716463,2023,D5,Cleanliness and maintenance,853
17031062900,-0.07712548,2023,D5,Cleanliness and maintenance,853
17031063000,-0.075155556,2023,D5,Cleanliness and maintenance,853
17031062400,-0.076459244,2023,D5,Cleanliness and maintenance,853
17031063100,-0.075851545,2023,D5,Cleanliness and maintenance,853
17031063400,-0.056446236,2023,D5,Cleanliness and maintenance,853
17031090300,-0.06328486,2023,D5,Cleanliness and maintenance,853
17031100100,-0.06279147,2023,D5,Cleanliness and maintenance,853
17031100300,-0.06401697,2023,D5,Cleanliness and maintenance,853
17031140100,-0.0615203,2023,D5,Cleanliness and maintenance,853
17031140200,-0.06132167,2023,D5,Cleanliness and maintenance,853
17031140400,-0.06191702,2023,D5,Cleanliness and maintenance,853
17031140500,-0.062459987,2023,D5,Cleanliness and maintenance,853
17031242700,-0.06806706,2023,D5,Cleanliness and maintenance,853
17031070200,-0.056882516,2023,D5,Cleanliness and maintenance,853
17031070300,-0.05618324,2023,D5,Cleanliness and maintenance,853
17031070400,-0.055888623,2023,D5,Cleanliness and maintenance,853
17031070500,-0.056376696,2023,D5,Cleanliness and maintenance,853
17031070600,-0.056302305,2023,D5,Cleanliness and maintenance,853
17031070700,-0.056169838,2023,D5,Cleanliness and maintenance,853
17031100400,-0.06297292,2023,D5,Cleanliness and maintenance,853
17031100600,-0.06279277,2023,D5,Cleanliness and maintenance,853
17031100700,-0.06358348,2023,D5,Cleanliness and maintenance,853
17031110200,-0.06309049,2023,D5,Cleanliness and maintenance,853
17031150200,-0.062370382,2023,D5,Cleanliness and maintenance,853
17031150300,-0.062845215,2023,D5,Cleanliness and maintenance,853
17031140800,-0.061285302,2023,D5,Cleanliness and maintenance,853
17031231200,-0.06726012,2023,D5,Cleanliness and maintenance,853
17031231100,-0.06780268,2023,D5,Cleanliness and maintenance,853
17031242400,-0.06897922,2023,D5,Cleanliness and maintenance,853
17031242500,-0.068432525,2023,D5,Cleanliness and maintenance,853
17031120200,-0.061139435,2023,D5,Cleanliness and maintenance,853
17031120300,-0.061777662,2023,D5,Cleanliness and maintenance,853
17031120400,-0.06185916,2023,D5,Cleanliness and maintenance,853
17031231500,-0.084253274,2023,D5,Cleanliness and maintenance,853
17031071100,-0.056220986,2023,D5,Cleanliness and maintenance,853
17031071000,-0.05587658,2023,D5,Cleanliness and maintenance,853
17031071200,-0.056391053,2023,D5,Cleanliness and maintenance,853
17031071300,-0.056464758,2023,D5,Cleanliness and maintenance,853
17031110300,-0.06354129,2023,D5,Cleanliness and maintenance,853
17031220300,-0.03946279,2023,D5,Cleanliness and maintenance,853
17031220400,-0.039260287,2023,D5,Cleanliness and maintenance,853
17031220500,-0.039115906,2023,D5,Cleanliness and maintenance,853
17031240300,-0.054566603,2023,D5,Cleanliness and maintenance,853
17031240500,-0.04039089,2023,D5,Cleanliness and maintenance,853
17031060400,-0.07500137,2023,D5,Cleanliness and maintenance,853
17031060500,-0.077523425,2023,D5,Cleanliness and maintenance,853
17031240800,-0.03984025,2023,D5,Cleanliness and maintenance,853
17031240600,-0.040302835,2023,D5,Cleanliness and maintenance,853
17031240700,-0.039699446,2023,D5,Cleanliness and maintenance,853
17031240900,-0.06761387,2023,D5,Cleanliness and maintenance,853
17031242600,-0.067971826,2023,D5,Cleanliness and maintenance,853
17031310600,-0.05422145,2023,D5,Cleanliness and maintenance,853
17031310700,-0.061897725,2023,D5,Cleanliness and maintenance,853
17031310800,-0.06189058,2023,D5,Cleanliness and maintenance,853
17031020602,-0.0596349,2023,D5,Cleanliness and maintenance,853
17031310900,-0.06196514,2023,D5,Cleanliness and maintenance,853
17031510100,-0.018240135,2023,D5,Cleanliness and maintenance,853
17031510200,-0.01795987,2023,D5,Cleanliness and maintenance,853
17031561100,-0.07165564,2023,D5,Cleanliness and maintenance,853
17031190701,-0.041392844,2023,D5,Cleanliness and maintenance,853
17031020901,-0.06084765,2023,D5,Cleanliness and maintenance,853
17031010202,-0.075498834,2023,D5,Cleanliness and maintenance,853
17031570100,-0.07154666,2023,D5,Cleanliness and maintenance,853
17031570200,-0.07178213,2023,D5,Cleanliness and maintenance,853
17031570300,-0.07174811,2023,D5,Cleanliness and maintenance,853
17031570400,-0.073070064,2023,D5,Cleanliness and maintenance,853
17031570500,-0.07042405,2023,D5,Cleanliness and maintenance,853
17031690400,-0.022515437,2023,D5,Cleanliness and maintenance,853
17031691300,-0.02287154,2023,D5,Cleanliness and maintenance,853
17031691400,-0.022468831,2023,D5,Cleanliness and maintenance,853
17031691500,-0.021291364,2023,D5,Cleanliness and maintenance,853
17031320400,-0.057773016,2023,D5,Cleanliness and maintenance,853
17031580100,-0.073003195,2023,D5,Cleanliness and maintenance,853
17031580200,-0.07208028,2023,D5,Cleanliness and maintenance,853
17031580300,-0.07282819,2023,D5,Cleanliness and maintenance,853
17031580400,-0.07242142,2023,D5,Cleanliness and maintenance,853
17031580600,-0.07247355,2023,D5,Cleanliness and maintenance,853
17031580700,-0.07358658,2023,D5,Cleanliness and maintenance,853
17031681300,-0.023320962,2023,D5,Cleanliness and maintenance,853
17031681400,-0.023781866,2023,D5,Cleanliness and maintenance,853
17031690300,-0.023117354,2023,D5,Cleanliness and maintenance,853
17031690500,-0.023651361,2023,D5,Cleanliness and maintenance,853
17031690900,-0.023064947,2023,D5,Cleanliness and maintenance,853
17031691000,-0.022770114,2023,D5,Cleanliness and maintenance,853
17031700100,-0.067208976,2023,D5,Cleanliness and maintenance,853
17031700200,-0.07101002,2023,D5,Cleanliness and maintenance,853
17031320600,-0.05908923,2023,D5,Cleanliness and maintenance,853
17031330200,-0.057612866,2023,D5,Cleanliness and maintenance,853
17031590500,-0.07321832,2023,D5,Cleanliness and maintenance,853
17031590600,-0.047390793,2023,D5,Cleanliness and maintenance,853
17031671200,-0.025267443,2023,D5,Cleanliness and maintenance,853
17031671100,-0.02415128,2023,D5,Cleanliness and maintenance,853
17031671300,-0.024316017,2023,D5,Cleanliness and maintenance,853
17031671500,-0.024811063,2023,D5,Cleanliness and maintenance,853
17031671600,-0.023805678,2023,D5,Cleanliness and maintenance,853
17031671800,-0.022853494,2023,D5,Cleanliness and maintenance,853
17031671900,-0.023422705,2023,D5,Cleanliness and maintenance,853
17031710100,-0.021984797,2023,D5,Cleanliness and maintenance,853
17031710200,-0.02366828,2023,D5,Cleanliness and maintenance,853
17031710400,-0.024056328,2023,D5,Cleanliness and maintenance,853
17031710500,-0.02291039,2023,D5,Cleanliness and maintenance,853
17031710600,-0.022270452,2023,D5,Cleanliness and maintenance,853
17031710800,-0.022242516,2023,D5,Cleanliness and maintenance,853
17031340300,-0.054386266,2023,D5,Cleanliness and maintenance,853
17031340500,-0.056629077,2023,D5,Cleanliness and maintenance,853
17031340600,-0.06402511,2023,D5,Cleanliness and maintenance,853
17031430200,-0.022289215,2023,D5,Cleanliness and maintenance,853
17031430300,-0.021795023,2023,D5,Cleanliness and maintenance,853
17031510300,-0.018663984,2023,D5,Cleanliness and maintenance,853
17031520100,-0.018794488,2023,D5,Cleanliness and maintenance,853
17031590700,-0.05069165,2023,D5,Cleanliness and maintenance,853
17031600400,-0.0556878,2023,D5,Cleanliness and maintenance,853
17031813801,-0.06992078,2023,D5,Cleanliness and maintenance,853
17031830600,-0.075801,2023,D5,Cleanliness and maintenance,853
17031830800,-0.07496857,2023,D5,Cleanliness and maintenance,853
17031830700,-0.07248085,2023,D5,Cleanliness and maintenance,853
17031830900,-0.04005807,2023,D5,Cleanliness and maintenance,853
17031835200,-0.070942916,2023,D5,Cleanliness and maintenance,853
17031839900,-0.049534895,2023,D5,Cleanliness and maintenance,853
17031839700,-0.048409075,2023,D5,Cleanliness and maintenance,853
17031839800,-0.063110486,2023,D5,Cleanliness and maintenance,853
17031834800,-0.028748637,2023,D5,Cleanliness and maintenance,853
17031834700,-0.026816897,2023,D5,Cleanliness and maintenance,853
17031832000,-0.075494155,2023,D5,Cleanliness and maintenance,853
17031832500,-0.056877203,2023,D5,Cleanliness and maintenance,853
17031832300,-0.05707177,2023,D5,Cleanliness and maintenance,853
17031838300,-0.05725015,2023,D5,Cleanliness and maintenance,853
17031831800,-0.060544103,2023,D5,Cleanliness and maintenance,853
17031831700,-0.061853085,2023,D5,Cleanliness and maintenance,853
17031835100,-0.07378873,2023,D5,Cleanliness and maintenance,853
17031835000,-0.07117668,2023,D5,Cleanliness and maintenance,853
17031843700,-0.058510534,2023,D5,Cleanliness and maintenance,853
17031220702,-0.039888218,2023,D5,Cleanliness and maintenance,853
17031842100,-0.07255669,2023,D5,Cleanliness and maintenance,853
17031843300,-0.0709306,2023,D5,Cleanliness and maintenance,853
17031831100,-0.060134195,2023,D5,Cleanliness and maintenance,853
17031831500,-0.044571355,2023,D5,Cleanliness and maintenance,853
17031831600,-0.044102967,2023,D5,Cleanliness and maintenance,853
17031831200,-0.04058093,2023,D5,Cleanliness and maintenance,853
17031831000,-0.05592112,2023,D5,Cleanliness and maintenance,853
17031843000,-0.07087946,2023,D5,Cleanliness and maintenance,853
17031843100,-0.07218991,2023,D5,Cleanliness and maintenance,853
17031842900,-0.06408616,2023,D5,Cleanliness and maintenance,853
17031843500,-0.07177734,2023,D5,Cleanliness and maintenance,853
17031842000,-0.058174625,2023,D5,Cleanliness and maintenance,853
17031770901,-0.06108754,2023,D5,Cleanliness and maintenance,853
17031832400,-0.039894976,2023,D5,Cleanliness and maintenance,853
17031832900,-0.05598797,2023,D5,Cleanliness and maintenance,853
17031840300,-0.071839586,2023,D5,Cleanliness and maintenance,853
17031838600,-0.07147175,2023,D5,Cleanliness and maintenance,853
17031839600,-0.057487927,2023,D5,Cleanliness and maintenance,853
17031834900,-0.023818398,2023,D5,Cleanliness and maintenance,853
17031030603,-0.07240143,2023,D5,Cleanliness and maintenance,853
17031832200,-0.040403776,2023,D5,Cleanliness and maintenance,853
17031836700,-0.06772351,2023,D5,Cleanliness and maintenance,853
17031836800,-0.08299937,2023,D5,Cleanliness and maintenance,853
17031836600,-0.06795746,2023,D5,Cleanliness and maintenance,853
17031833000,-0.055906046,2023,D5,Cleanliness and maintenance,853
17031842500,-0.023162417,2023,D5,Cleanliness and maintenance,853
17031841800,-0.02190041,2023,D5,Cleanliness and maintenance,853
17031980100,,2023,D5,Cleanliness and maintenance,853
17031842800,-0.072986394,2023,D5,Cleanliness and maintenance,853
17031843800,-0.027213,2023,D5,Cleanliness and maintenance,853
17031841000,-0.058039047,2023,D5,Cleanliness and maintenance,853
17031843900,-0.016134402,2023,D5,Cleanliness and maintenance,853
17031834200,-0.021562252,2023,D5,Cleanliness and maintenance,853
17031842200,-0.05791036,2023,D5,Cleanliness and maintenance,853
17031838000,-0.06662148,2023,D5,Cleanliness and maintenance,853
17031010702,-0.07555558,2023,D5,Cleanliness and maintenance,853
17031010503,-0.07418613,2023,D5,Cleanliness and maintenance,853
17031010502,-0.074036136,2023,D5,Cleanliness and maintenance,853
17031010701,-0.07475902,2023,D5,Cleanliness and maintenance,853
17031020902,-0.07593243,2023,D5,Cleanliness and maintenance,853
17031020302,-0.06095765,2023,D5,Cleanliness and maintenance,853
17031020601,-0.06196166,2023,D5,Cleanliness and maintenance,853
17031020301,-0.060928475,2023,D5,Cleanliness and maintenance,853
17031760803,-0.048234615,2023,D5,Cleanliness and maintenance,853
17031530501,-0.018157804,2023,D5,Cleanliness and maintenance,853
17031530503,-0.017495178,2023,D5,Cleanliness and maintenance,853
17031650301,-0.07048009,2023,D5,Cleanliness and maintenance,853
17031650302,-0.07086418,2023,D5,Cleanliness and maintenance,853
17031530502,-0.017547859,2023,D5,Cleanliness and maintenance,853
17031831300,-0.066358075,2023,D5,Cleanliness and maintenance,853
17031831400,-0.070836395,2023,D5,Cleanliness and maintenance,853
17031837000,-0.08611199,2023,D5,Cleanliness and maintenance,853
17031842400,-0.021851363,2023,D5,Cleanliness and maintenance,853
17031832100,-0.0777019,2023,D5,Cleanliness and maintenance,853
17031020802,-0.061141986,2023,D5,Cleanliness and maintenance,853
17031020702,-0.06203477,2023,D5,Cleanliness and maintenance,853
17031020801,-0.060718104,2023,D5,Cleanliness and maintenance,853
17031040202,-0.0607019,2023,D5,Cleanliness and maintenance,853
17031040201,-0.05958803,2023,D5,Cleanliness and maintenance,853
17031040402,-0.07552479,2023,D5,Cleanliness and maintenance,853
17031031501,-0.07342966,2023,D5,Cleanliness and maintenance,853
17031081201,-0.056229368,2023,D5,Cleanliness and maintenance,853
17031063301,-0.056626692,2023,D5,Cleanliness and maintenance,853
17031490901,-0.019982766,2023,D5,Cleanliness and maintenance,853
17031490902,-0.020054834,2023,D5,Cleanliness and maintenance,853
17031301801,-0.07162672,2023,D5,Cleanliness and maintenance,853
17031700301,-0.07003273,2023,D5,Cleanliness and maintenance,853
17031301702,-0.07249261,2023,D5,Cleanliness and maintenance,853
17031700401,-0.068169475,2023,D5,Cleanliness and maintenance,853
17031837100,-0.066550314,2023,D5,Cleanliness and maintenance,853
17031837400,-0.08576587,2023,D5,Cleanliness and maintenance,853
17031837800,-0.065887846,2023,D5,Cleanliness and maintenance,853
17031837300,-0.07255652,2023,D5,Cleanliness and maintenance,853
17031841500,-0.07300751,2023,D5,Cleanliness and maintenance,853
17031838700,-0.07252696,2023,D5,Cleanliness and maintenance,853
17031150501,-0.062067784,2023,D5,Cleanliness and maintenance,853
17031150401,-0.06277965,2023,D5,Cleanliness and maintenance,853
17031150502,-0.063371174,2023,D5,Cleanliness and maintenance,853
17031110502,-0.062096074,2023,D5,Cleanliness and maintenance,853
17031150402,-0.063116655,2023,D5,Cleanliness and maintenance,853
17031140302,-0.06129255,2023,D5,Cleanliness and maintenance,853
17031140301,-0.062317885,2023,D5,Cleanliness and maintenance,853
17031700302,-0.07141573,2023,D5,Cleanliness and maintenance,853
17031580501,-0.072689295,2023,D5,Cleanliness and maintenance,853
17031580502,-0.07201137,2023,D5,Cleanliness and maintenance,853
17031730201,-0.021524375,2023,D5,Cleanliness and maintenance,853
17031301802,-0.071646675,2023,D5,Cleanliness and maintenance,853
17031440101,-0.02217782,2023,D5,Cleanliness and maintenance,853
17031301701,-0.07057713,2023,D5,Cleanliness and maintenance,853
17031839100,-0.05688563,2023,D5,Cleanliness and maintenance,853
17031833100,-0.057180263,2023,D5,Cleanliness and maintenance,853
17031838100,-0.056286484,2023,D5,Cleanliness and maintenance,853
17031833300,-0.056579046,2023,D5,Cleanliness and maintenance,853
17031838200,-0.06491177,2023,D5,Cleanliness and maintenance,853
17031140702,-0.061655834,2023,D5,Cleanliness and maintenance,853
17031140602,-0.062075965,2023,D5,Cleanliness and maintenance,853
17031140701,-0.06161686,2023,D5,Cleanliness and maintenance,853
17031160502,-0.061685007,2023,D5,Cleanliness and maintenance,853
17031160602,-0.060979,2023,D5,Cleanliness and maintenance,853
17031151002,-0.06144872,2023,D5,Cleanliness and maintenance,853
17031151001,-0.062197886,2023,D5,Cleanliness and maintenance,853
17031190402,-0.041885525,2023,D5,Cleanliness and maintenance,853
17031431301,-0.02093613,2023,D5,Cleanliness and maintenance,853
17031431302,-0.02179414,2023,D5,Cleanliness and maintenance,853
17031460302,-0.020082435,2023,D5,Cleanliness and maintenance,853
17031460301,-0.020576995,2023,D5,Cleanliness and maintenance,853
17031700501,-0.06653034,2023,D5,Cleanliness and maintenance,853
17031700502,-0.06806899,2023,D5,Cleanliness and maintenance,853
17031210601,-0.06054478,2023,D5,Cleanliness and maintenance,853
17031841100,-0.056929376,2023,D5,Cleanliness and maintenance,853
17031840200,-0.06309855,2023,D5,Cleanliness and maintenance,853
17031841300,-0.070997134,2023,D5,Cleanliness and maintenance,853
17031840700,-0.07011824,2023,D5,Cleanliness and maintenance,853
17031841700,-0.071726285,2023,D5,Cleanliness and maintenance,853
17031190602,-0.041434124,2023,D5,Cleanliness and maintenance,853
17031190401,-0.040604956,2023,D5,Cleanliness and maintenance,853
17031190702,-0.041451033,2023,D5,Cleanliness and maintenance,853
17031191302,-0.044953145,2023,D5,Cleanliness and maintenance,853
17031190601,-0.026453806,2023,D5,Cleanliness and maintenance,853
17031191301,-0.04335413,2023,D5,Cleanliness and maintenance,853
17031200402,-0.039730765,2023,D5,Cleanliness and maintenance,853
17031200401,-0.038713194,2023,D5,Cleanliness and maintenance,853
17031220902,-0.040722765,2023,D5,Cleanliness and maintenance,853
17031210501,-0.060868904,2023,D5,Cleanliness and maintenance,853
17031160601,-0.060735546,2023,D5,Cleanliness and maintenance,853
17031061901,-0.07556471,2023,D5,Cleanliness and maintenance,853
17031840800,-0.07225617,2023,D5,Cleanliness and maintenance,853
17031030703,-0.07513456,2023,D5,Cleanliness and maintenance,853
17031030702,-0.074744664,2023,D5,Cleanliness and maintenance,853
17031440102,-0.021504352,2023,D5,Cleanliness and maintenance,853
17031440202,-0.021942573,2023,D5,Cleanliness and maintenance,853
17031830500,-0.07136813,2023,D5,Cleanliness and maintenance,853
17031840100,-0.056410577,2023,D5,Cleanliness and maintenance,853
17031840400,-0.051797487,2023,D5,Cleanliness and maintenance,853
17031839200,-0.057490133,2023,D5,Cleanliness and maintenance,853
17031835500,-0.04849252,2023,D5,Cleanliness and maintenance,853
17031030604,-0.073870316,2023,D5,Cleanliness and maintenance,853
17031031502,-0.07464115,2023,D5,Cleanliness and maintenance,853
17031081402,-0.057575367,2023,D5,Cleanliness and maintenance,853
17031080201,-0.056996,2023,D5,Cleanliness and maintenance,853
17031760802,-0.06759538,2023,D5,Cleanliness and maintenance,853
17031140601,-0.062019367,2023,D5,Cleanliness and maintenance,853
17031070102,-0.057699114,2023,D5,Cleanliness and maintenance,853
17031210502,-0.04008449,2023,D5,Cleanliness and maintenance,853
17031540102,-0.016922796,2023,D5,Cleanliness and maintenance,853
17031700402,-0.06765549,2023,D5,Cleanliness and maintenance,853
17031030800,-0.07506314,2023,D5,Cleanliness and maintenance,853
17031031100,-0.074512,2023,D5,Cleanliness and maintenance,853
17031812100,-0.072679535,2023,D5,Cleanliness and maintenance,853
17031821900,-0.06495721,2023,D5,Cleanliness and maintenance,853
17031822000,-0.06848754,2023,D5,Cleanliness and maintenance,853
17031822101,-0.06829805,2023,D5,Cleanliness and maintenance,853
17031031300,-0.07343053,2023,D5,Cleanliness and maintenance,853
17031031900,-0.07430968,2023,D5,Cleanliness and maintenance,853
17031813500,-0.07022354,2023,D5,Cleanliness and maintenance,853
17031822701,-0.06833694,2023,D5,Cleanliness and maintenance,853
17031822702,-0.06729965,2023,D5,Cleanliness and maintenance,853
17031822801,-0.06639566,2023,D5,Cleanliness and maintenance,853
17031814200,-0.07045445,2023,D5,Cleanliness and maintenance,853
17031823303,-0.0666375,2023,D5,Cleanliness and maintenance,853
17031823500,-0.064212844,2023,D5,Cleanliness and maintenance,853
17031160501,-0.06108268,2023,D5,Cleanliness and maintenance,853
17031040100,-0.060103904,2023,D5,Cleanliness and maintenance,853
17031040300,-0.06081397,2023,D5,Cleanliness and maintenance,853
17031825700,-0.012549522,2023,D5,Cleanliness and maintenance,853
17031611600,-0.030194428,2023,D5,Cleanliness and maintenance,853
17031340400,-0.056376927,2023,D5,Cleanliness and maintenance,853
17031770700,-0.04906962,2023,D5,Cleanliness and maintenance,853
17031430700,-0.01528107,2023,D5,Cleanliness and maintenance,853
17031808100,-0.05818208,2023,D5,Cleanliness and maintenance,853
17031191000,-0.040787507,2023,D5,Cleanliness and maintenance,853
17031560400,-0.0726974,2023,D5,Cleanliness and maintenance,853
17031710700,-0.02257993,2023,D5,Cleanliness and maintenance,853
17031550100,-0.016454212,2023,D5,Cleanliness and maintenance,853
17031283200,-0.055844083,2023,D5,Cleanliness and maintenance,853
17031100500,-0.063710995,2023,D5,Cleanliness and maintenance,853
17031710300,-0.02307712,2023,D5,Cleanliness and maintenance,853
17043840801,-0.06666666,2023,D5,Cleanliness and maintenance,853
17043840802,-0.067358665,2023,D5,Cleanliness and maintenance,853
17031030101,0.05922351,2014,D9,Noise,787
17031030701,0.05978867,2014,D9,Noise,787
17031070103,0.103746645,2014,D9,Noise,787
17031807900,,2014,D9,Noise,787
17031808001,,2014,D9,Noise,787
17031808002,,2014,D9,Noise,787
17031770602,,2014,D9,Noise,787
17031831900,0.09563547,2014,D9,Noise,787
17031832600,0.10261448,2014,D9,Noise,787
17031836900,-0.04756863,2014,D9,Noise,787
17031841200,-0.039121717,2014,D9,Noise,787
17031839500,0.12674513,2014,D9,Noise,787
17031835800,-0.06789686,2014,D9,Noise,787
17031838800,-0.10428715,2014,D9,Noise,787
17031842300,0.100650564,2014,D9,Noise,787
17031841900,0.12494154,2014,D9,Noise,787
17031843200,0.019739414,2014,D9,Noise,787
17031843400,-0.038813017,2014,D9,Noise,787
17031842600,0.0049426425,2014,D9,Noise,787
17031301803,-0.03867656,2014,D9,Noise,787
17031220701,0.047488287,2014,D9,Noise,787
17031063302,0.10335269,2014,D9,Noise,787
17031252201,-0.061072417,2014,D9,Noise,787
17031660302,-0.038283758,2014,D9,Noise,787
17031660301,-0.0939573,2014,D9,Noise,787
17031730202,-0.10211681,2014,D9,Noise,787
17031813302,-0.03760671,2014,D9,Noise,787
17031813301,-0.037539274,2014,D9,Noise,787
17031835600,-0.04333008,2014,D9,Noise,787
17031840000,0.026731411,2014,D9,Noise,787
17031835700,,2014,D9,Noise,787
17031836100,-0.043123867,2014,D9,Noise,787
17031834600,-0.044171475,2014,D9,Noise,787
17031843600,0.1531951,2014,D9,Noise,787
17031030102,0.059002746,2014,D9,Noise,787
17031030706,0.060235836,2014,D9,Noise,787
17031030601,0.059066962,2014,D9,Noise,787
17031063303,0.102785595,2014,D9,Noise,787
17031220901,0.04730496,2014,D9,Noise,787
17031210602,0.04702657,2014,D9,Noise,787
17031220602,0.047941726,2014,D9,Noise,787
17031220601,0.047936358,2014,D9,Noise,787
17031040401,0.043299787,2014,D9,Noise,787
17031252202,-0.06147104,2014,D9,Noise,787
17031252102,-0.060873874,2014,D9,Noise,787
17031836300,0.15168735,2014,D9,Noise,787
17031834500,-0.043788314,2014,D9,Noise,787
17031835900,0.12732133,2014,D9,Noise,787
17031836000,0.12834024,2014,D9,Noise,787
17031836200,-0.046321407,2014,D9,Noise,787
17031834400,-0.100320496,2014,D9,Noise,787
17031834300,-0.100632824,2014,D9,Noise,787
17031110501,0.04418916,2014,D9,Noise,787
17031030104,0.06082642,2014,D9,Noise,787
17031081401,0.10119204,2014,D9,Noise,787
17031770902,0.060228452,2014,D9,Noise,787
17031430101,0.0033384897,2014,D9,Noise,787
17031252101,-0.038850065,2014,D9,Noise,787
17031010501,0.05940689,2014,D9,Noise,787
17031020701,0.0449443,2014,D9,Noise,787
17031010201,0.061128512,2014,D9,Noise,787
17031760801,0.034887172,2014,D9,Noise,787
17031839000,0.12582847,2014,D9,Noise,787
17031440201,-0.10132423,2014,D9,Noise,787
17031540101,-0.10645669,2014,D9,Noise,787
17031834000,-0.102561,2014,D9,Noise,787
17031833900,-0.10263391,2014,D9,Noise,787
17031221000,0.047799513,2014,D9,Noise,787
17031221100,0.047667325,2014,D9,Noise,787
17031242800,0.038249314,2014,D9,Noise,787
17031242900,0.036690157,2014,D9,Noise,787
17031243000,0.10312564,2014,D9,Noise,787
17031243100,0.10301167,2014,D9,Noise,787
17031243200,0.102120765,2014,D9,Noise,787
17031243300,0.10150616,2014,D9,Noise,787
17031243400,0.10169198,2014,D9,Noise,787
17031110400,0.040905647,2014,D9,Noise,787
17031150600,0.041099038,2014,D9,Noise,787
17031150700,0.0433335,2014,D9,Noise,787
17031150800,0.041508224,2014,D9,Noise,787
17031151100,0.041020975,2014,D9,Noise,787
17031151200,0.041902937,2014,D9,Noise,787
17031241500,0.101812646,2014,D9,Noise,787
17031241100,0.038533848,2014,D9,Noise,787
17031241600,0.10190216,2014,D9,Noise,787
17031241300,0.038390554,2014,D9,Noise,787
17031241400,0.10255769,2014,D9,Noise,787
17031243500,0.102933586,2014,D9,Noise,787
17031250200,0.047440987,2014,D9,Noise,787
17031250300,-0.016664475,2014,D9,Noise,787
17031250400,-0.017894274,2014,D9,Noise,787
17031250500,-0.017620191,2014,D9,Noise,787
17031071500,0.10156786,2014,D9,Noise,787
17031071800,0.1029629,2014,D9,Noise,787
17031080100,0.10198936,2014,D9,Noise,787
17031080300,0.10234104,2014,D9,Noise,787
17031080400,0.10256161,2014,D9,Noise,787
17031160100,0.044285823,2014,D9,Noise,787
17031160200,0.03759572,2014,D9,Noise,787
17031160300,0.041931137,2014,D9,Noise,787
17031160400,0.041209266,2014,D9,Noise,787
17031160700,0.041025512,2014,D9,Noise,787
17031221300,0.08473791,2014,D9,Noise,787
17031221500,0.084979706,2014,D9,Noise,787
17031221400,0.08453826,2014,D9,Noise,787
17031250600,-0.059825804,2014,D9,Noise,787
17031250700,-0.060622923,2014,D9,Noise,787
17031250800,-0.060577054,2014,D9,Noise,787
17031251000,-0.06074727,2014,D9,Noise,787
17031251100,-0.060970854,2014,D9,Noise,787
17031051400,0.08498667,2014,D9,Noise,787
17031060100,0.060275503,2014,D9,Noise,787
17031060300,0.058340814,2014,D9,Noise,787
17031060800,0.09675801,2014,D9,Noise,787
17031160800,0.041724674,2014,D9,Noise,787
17031160900,0.040523883,2014,D9,Noise,787
17031161000,0.042027723,2014,D9,Noise,787
17031161100,0.041284867,2014,D9,Noise,787
17031161200,0.042883147,2014,D9,Noise,787
17031161300,0.040751103,2014,D9,Noise,787
17031170100,0.037768293,2014,D9,Noise,787
17031221600,0.08498339,2014,D9,Noise,787
17031242100,0.10175271,2014,D9,Noise,787
17031242000,0.10183227,2014,D9,Noise,787
17031251200,-0.06083748,2014,D9,Noise,787
17031251300,-0.06007936,2014,D9,Noise,787
17031051300,0.104294606,2014,D9,Noise,787
17031600700,0.010451127,2014,D9,Noise,787
17031600900,0.010105666,2014,D9,Noise,787
17031821200,,2014,D9,Noise,787
17031672000,-0.10100302,2014,D9,Noise,787
17031710900,-0.10026817,2014,D9,Noise,787
17031711000,-0.101287186,2014,D9,Noise,787
17031711100,-0.10124969,2014,D9,Noise,787
17031711200,-0.10124738,2014,D9,Noise,787
17031711500,-0.10304796,2014,D9,Noise,787
17031711300,-0.101621866,2014,D9,Noise,787
17031711400,-0.10102903,2014,D9,Noise,787
17031270500,-0.06252325,2014,D9,Noise,787
17031271200,-0.047115453,2014,D9,Noise,787
17031271300,-0.061889302,2014,D9,Noise,787
17031271400,-0.06186791,2014,D9,Noise,787
17031350100,0.1277138,2014,D9,Noise,787
17031350400,0.1289797,2014,D9,Noise,787
17031351000,0.1286696,2014,D9,Noise,787
17031351400,0.12714086,2014,D9,Noise,787
17031360200,0.12957901,2014,D9,Noise,787
17031430400,-0.099318646,2014,D9,Noise,787
17031430600,-0.101178505,2014,D9,Noise,787
17031430800,-0.101448454,2014,D9,Noise,787
17031430500,-0.099754326,2014,D9,Noise,787
17031430900,-0.099826545,2014,D9,Noise,787
17031610300,0.007563537,2014,D9,Noise,787
17031681000,-0.09952892,2014,D9,Noise,787
17031681100,-0.101062566,2014,D9,Noise,787
17031680500,-0.043912657,2014,D9,Noise,787
17031680900,-0.09969968,2014,D9,Noise,787
17031720100,-0.10306616,2014,D9,Noise,787
17031720200,-0.10169558,2014,D9,Noise,787
17031720300,-0.10173849,2014,D9,Noise,787
17031720400,-0.17292732,2014,D9,Noise,787
17031720500,-0.17358698,2014,D9,Noise,787
17031720600,-0.10294659,2014,D9,Noise,787
17031720700,-0.102339484,2014,D9,Noise,787
17031040600,0.04287673,2014,D9,Noise,787
17031040700,0.042778727,2014,D9,Noise,787
17031040800,0.044300187,2014,D9,Noise,787
17031825801,,2014,D9,Noise,787
17031380100,0.12828937,2014,D9,Noise,787
17031380200,0.12952146,2014,D9,Noise,787
17031431200,-0.1013463,2014,D9,Noise,787
17031810200,0.04607386,2014,D9,Noise,787
17031810301,0.04542824,2014,D9,Noise,787
17031050100,0.05958297,2014,D9,Noise,787
17031610800,0.03507208,2014,D9,Noise,787
17031611000,-0.042646546,2014,D9,Noise,787
17031611100,0.033829376,2014,D9,Noise,787
17031611300,0.035062965,2014,D9,Noise,787
17031611400,0.03369599,2014,D9,Noise,787
17031611500,-0.038809404,2014,D9,Noise,787
17031611900,0.033845175,2014,D9,Noise,787
17031681200,-0.099815294,2014,D9,Noise,787
17031810400,0.041067943,2014,D9,Noise,787
17031810701,,2014,D9,Noise,787
17031810702,,2014,D9,Noise,787
17031810600,,2014,D9,Noise,787
17031691200,-0.10076003,2014,D9,Noise,787
17031691100,-0.10045083,2014,D9,Noise,787
17031730100,-0.10131441,2014,D9,Noise,787
17031730300,-0.101033084,2014,D9,Noise,787
17031730400,-0.10169701,2014,D9,Noise,787
17031730500,-0.10163252,2014,D9,Noise,787
17031730600,-0.10274412,2014,D9,Noise,787
17031380500,0.012000604,2014,D9,Noise,787
17031381200,-0.043077912,2014,D9,Noise,787
17031381400,-0.043188006,2014,D9,Noise,787
17031381700,,2014,D9,Noise,787
17031440300,-0.100673266,2014,D9,Noise,787
17031810800,,2014,D9,Noise,787
17031810900,,2014,D9,Noise,787
17031612000,0.033782918,2014,D9,Noise,787
17031612100,-0.04295548,2014,D9,Noise,787
17031620100,-0.038119942,2014,D9,Noise,787
17031620200,-0.038185548,2014,D9,Noise,787
17031620300,-0.038077325,2014,D9,Noise,787
17031620400,-0.038833678,2014,D9,Noise,787
17031630100,0.034425803,2014,D9,Noise,787
17031810501,,2014,D9,Noise,787
17031810502,,2014,D9,Noise,787
17031812200,,2014,D9,Noise,787
17031826600,,2014,D9,Noise,787
17031730700,-0.102332644,2014,D9,Noise,787
17031740100,-0.17418626,2014,D9,Noise,787
17031740200,-0.17474131,2014,D9,Noise,787
17031740300,-0.17415366,2014,D9,Noise,787
17031740400,-0.17555162,2014,D9,Noise,787
17031381800,-0.04269798,2014,D9,Noise,787
17031381900,-0.045189284,2014,D9,Noise,787
17031390100,0.12788185,2014,D9,Noise,787
17031390200,0.15242805,2014,D9,Noise,787
17031390300,0.12720051,2014,D9,Noise,787
17031390400,0.15189375,2014,D9,Noise,787
17031390500,0.15122819,2014,D9,Noise,787
17031390600,0.15118411,2014,D9,Noise,787
17031812500,,2014,D9,Noise,787
17031440600,-0.10221862,2014,D9,Noise,787
17031440900,-0.10228023,2014,D9,Noise,787
17031440700,-0.102036975,2014,D9,Noise,787
17031440800,-0.103373155,2014,D9,Noise,787
17031630200,-0.038240805,2014,D9,Noise,787
17031630300,-0.038621087,2014,D9,Noise,787
17031630500,-0.03782361,2014,D9,Noise,787
17031630800,-0.038069375,2014,D9,Noise,787
17031630900,-0.038848482,2014,D9,Noise,787
17031640100,-0.09450333,2014,D9,Noise,787
17031640300,-0.09475514,2014,D9,Noise,787
17031750100,-0.10384136,2014,D9,Noise,787
17031750200,-0.10241933,2014,D9,Noise,787
17031750300,-0.17352076,2014,D9,Noise,787
17031750400,-0.17378399,2014,D9,Noise,787
17031750500,-0.10430239,2014,D9,Noise,787
17031282700,-0.024081456,2014,D9,Noise,787
17031282800,-0.023295563,2014,D9,Noise,787
17031400300,-0.043831885,2014,D9,Noise,787
17031400500,-0.044362202,2014,D9,Noise,787
17031400800,-0.0994866,2014,D9,Noise,787
17031410500,-0.04363881,2014,D9,Noise,787
17031410600,0.05698225,2014,D9,Noise,787
17031460100,0.0018567014,2014,D9,Noise,787
17031450300,-0.100924075,2014,D9,Noise,787
17031460200,-0.102135174,2014,D9,Noise,787
17031640400,-0.09439996,2014,D9,Noise,787
17031640500,-0.09484557,2014,D9,Noise,787
17031640600,-0.09420721,2014,D9,Noise,787
17031640700,-0.09484802,2014,D9,Noise,787
17031640800,-0.094588466,2014,D9,Noise,787
17031650100,-0.09403846,2014,D9,Noise,787
17031650200,-0.094106294,2014,D9,Noise,787
17031750600,-0.10307488,2014,D9,Noise,787
17031812600,,2014,D9,Noise,787
17031820300,,2014,D9,Noise,787
17031820400,,2014,D9,Noise,787
17031820902,,2014,D9,Noise,787
17031283100,0.12692414,2014,D9,Noise,787
17031283800,0.12734227,2014,D9,Noise,787
17031410700,0.15367594,2014,D9,Noise,787
17031410800,0.15392986,2014,D9,Noise,787
17031411100,0.057962216,2014,D9,Noise,787
17031411200,0.058129072,2014,D9,Noise,787
17031460600,-0.10353798,2014,D9,Noise,787
17031460700,-0.102338895,2014,D9,Noise,787
17031460400,-0.10307429,2014,D9,Noise,787
17031460500,-0.1013256,2014,D9,Noise,787
17031461000,-0.10188368,2014,D9,Noise,787
17031813000,,2014,D9,Noise,787
17031813100,,2014,D9,Noise,787
17031821102,,2014,D9,Noise,787
17031420100,0.0029629208,2014,D9,Noise,787
17031420200,-0.045157213,2014,D9,Noise,787
17031420400,-0.09836127,2014,D9,Noise,787
17031420700,-0.09994081,2014,D9,Noise,787
17031805402,,2014,D9,Noise,787
17031420800,-0.10006125,2014,D9,Noise,787
17031470100,-0.1028978,2014,D9,Noise,787
17031480100,-0.10242334,2014,D9,Noise,787
17031480200,-0.10336195,2014,D9,Noise,787
17031480300,-0.10366262,2014,D9,Noise,787
17031480400,-0.102878906,2014,D9,Noise,787
17031805502,,2014,D9,Noise,787
17031805600,,2014,D9,Noise,787
17031650400,-0.0940892,2014,D9,Noise,787
17031650500,-0.09448678,2014,D9,Noise,787
17031660400,-0.09393022,2014,D9,Noise,787
17031813400,-0.037503075,2014,D9,Noise,787
17031821401,,2014,D9,Noise,787
17031805702,,2014,D9,Noise,787
17031821402,,2014,D9,Noise,787
17031821600,,2014,D9,Noise,787
17031821700,,2014,D9,Noise,787
17031290900,-0.03855033,2014,D9,Noise,787
17031291200,-0.038254067,2014,D9,Noise,787
17031421200,-0.10024367,2014,D9,Noise,787
17031271500,-0.03766203,2014,D9,Noise,787
17031292200,-0.038392738,2014,D9,Noise,787
17031292400,-0.039302573,2014,D9,Noise,787
17031292500,-0.03883408,2014,D9,Noise,787
17031271800,-0.037755378,2014,D9,Noise,787
17031280100,0.10074264,2014,D9,Noise,787
17031280400,0.1024414,2014,D9,Noise,787
17031300600,-0.03814036,2014,D9,Noise,787
17031300700,-0.03837473,2014,D9,Noise,787
17031301100,-0.037805084,2014,D9,Noise,787
17031301200,-0.039100528,2014,D9,Noise,787
17031480500,-0.101288885,2014,D9,Noise,787
17031490300,-0.1016617,2014,D9,Noise,787
17031490500,-0.10163066,2014,D9,Noise,787
17031520200,-0.10228723,2014,D9,Noise,787
17031520300,-0.10317071,2014,D9,Noise,787
17031520400,-0.10326536,2014,D9,Noise,787
17031520500,-0.10584763,2014,D9,Noise,787
17031520600,-0.1051302,2014,D9,Noise,787
17031660500,-0.09443772,2014,D9,Noise,787
17031660600,-0.094106026,2014,D9,Noise,787
17031660700,-0.093761295,2014,D9,Noise,787
17031660800,-0.09425255,2014,D9,Noise,787
17031660900,-0.09435795,2014,D9,Noise,787
17031661000,-0.17105478,2014,D9,Noise,787
17031280900,-0.04782751,2014,D9,Noise,787
17031301600,-0.038000204,2014,D9,Noise,787
17031490600,-0.102140196,2014,D9,Noise,787
17031490700,-0.103594795,2014,D9,Noise,787
17031490800,-0.10233512,2014,D9,Noise,787
17031491000,-0.102444984,2014,D9,Noise,787
17031491100,-0.10381741,2014,D9,Noise,787
17031530200,-0.103553236,2014,D9,Noise,787
17031530300,-0.10364885,2014,D9,Noise,787
17031530400,-0.10376952,2014,D9,Noise,787
17031530600,-0.10501638,2014,D9,Noise,787
17031560100,-0.038777467,2014,D9,Noise,787
17031670200,0.033620216,2014,D9,Noise,787
17031670300,0.034149677,2014,D9,Noise,787
17031670400,0.033533826,2014,D9,Noise,787
17031661100,-0.09417849,2014,D9,Noise,787
17031670100,-0.04389064,2014,D9,Noise,787
17031670600,-0.022092689,2014,D9,Noise,787
17031670700,-0.044040587,2014,D9,Noise,787
17031670800,-0.04408839,2014,D9,Noise,787
17031670900,-0.044083826,2014,D9,Noise,787
17031260900,-0.037705824,2014,D9,Noise,787
17031261000,-0.037716046,2014,D9,Noise,787
17031281900,0.100593545,2014,D9,Noise,787
17031310200,0.1270322,2014,D9,Noise,787
17031310300,0.12740035,2014,D9,Noise,787
17031310400,0.1264638,2014,D9,Noise,787
17031310500,0.12730332,2014,D9,Noise,787
17031491200,-0.10531935,2014,D9,Noise,787
17031491300,-0.10540614,2014,D9,Noise,787
17031491400,-0.10311318,2014,D9,Noise,787
17031500100,-0.10246021,2014,D9,Noise,787
17031500200,-0.10265432,2014,D9,Noise,787
17031500300,-0.10335986,2014,D9,Noise,787
17031560200,-0.03870116,2014,D9,Noise,787
17031560300,-0.03793714,2014,D9,Noise,787
17031560700,-0.03816651,2014,D9,Noise,787
17031560800,-0.039044507,2014,D9,Noise,787
17031560900,-0.038232185,2014,D9,Noise,787
17031561000,-0.038981117,2014,D9,Noise,787
17031010300,0.058280583,2014,D9,Noise,787
17031010600,0.058153197,2014,D9,Noise,787
17031020100,0.046725303,2014,D9,Noise,787
17031280800,-0.048186462,2014,D9,Noise,787
17031420300,-0.09882986,2014,D9,Noise,787
17031806600,,2014,D9,Noise,787
17031100200,0.04168422,2014,D9,Noise,787
17031020200,0.04385309,2014,D9,Noise,787
17031130200,0.04169607,2014,D9,Noise,787
17031020400,0.044072993,2014,D9,Noise,787
17031080202,0.10309753,2014,D9,Noise,787
17031240200,0.102738075,2014,D9,Noise,787
17031611800,0.03363252,2014,D9,Noise,787
17031060200,0.056394547,2014,D9,Noise,787
17031221200,0.04712047,2014,D9,Noise,787
17031826500,,2014,D9,Noise,787
17031061200,0.09747603,2014,D9,Noise,787
17031808200,,2014,D9,Noise,787
17031030200,0.058085922,2014,D9,Noise,787
17031030300,0.061037533,2014,D9,Noise,787
17031030400,0.06404329,2014,D9,Noise,787
17031030900,0.059780523,2014,D9,Noise,787
17031031000,0.059225615,2014,D9,Noise,787
17031980000,,2014,D9,Noise,787
17031600600,0.025532704,2014,D9,Noise,787
17031811900,,2014,D9,Noise,787
17031420600,-0.100721836,2014,D9,Noise,787
17031110100,0.041393515,2014,D9,Noise,787
17031031400,0.09503512,2014,D9,Noise,787
17031040900,0.042013288,2014,D9,Noise,787
17031050200,0.041617863,2014,D9,Noise,787
17031050300,0.042507827,2014,D9,Noise,787
17031071700,0.10297922,2014,D9,Noise,787
17031031800,0.05978259,2014,D9,Noise,787
17031811600,,2014,D9,Noise,787
17031031700,0.058188118,2014,D9,Noise,787
17031610400,0.03492608,2014,D9,Noise,787
17031050600,0.05759548,2014,D9,Noise,787
17031050500,0.043089926,2014,D9,Noise,787
17031071600,0.10330126,2014,D9,Noise,787
17031671400,-0.100564495,2014,D9,Noise,787
17031490400,-0.1037433,2014,D9,Noise,787
17031062300,0.09764791,2014,D9,Noise,787
17031630400,-0.038867235,2014,D9,Noise,787
17031822802,,2014,D9,Noise,787
17031010100,0.060494397,2014,D9,Noise,787
17031680600,-0.044173524,2014,D9,Noise,787
17031807800,,2014,D9,Noise,787
17031811100,,2014,D9,Noise,787
17031030500,0.059708633,2014,D9,Noise,787
17031020500,0.04427331,2014,D9,Noise,787
17031081300,0.101061724,2014,D9,Noise,787
17031081000,0.102077544,2014,D9,Noise,787
17031130100,0.041482538,2014,D9,Noise,787
17043840000,,2014,D9,Noise,787
17031170200,0.04322606,2014,D9,Noise,787
17031170300,0.040528562,2014,D9,Noise,787
17031170400,0.060878493,2014,D9,Noise,787
17031170500,0.060440153,2014,D9,Noise,787
17031170600,-0.022997417,2014,D9,Noise,787
17031170700,-0.02339975,2014,D9,Noise,787
17031170800,0.059806496,2014,D9,Noise,787
17031251400,-0.060882308,2014,D9,Noise,787
17031260300,-0.061971202,2014,D9,Noise,787
17031260500,-0.061581094,2014,D9,Noise,787
17031260600,-0.062285956,2014,D9,Noise,787
17031260700,-0.06220393,2014,D9,Noise,787
17031260800,-0.061437074,2014,D9,Noise,787
17031050700,0.06106988,2014,D9,Noise,787
17031050900,0.04493128,2014,D9,Noise,787
17031051000,0.044401355,2014,D9,Noise,787
17031051100,0.042330395,2014,D9,Noise,787
17031051200,0.06417161,2014,D9,Noise,787
17031170900,-0.022428136,2014,D9,Noise,787
17031171000,0.061123382,2014,D9,Noise,787
17031171100,0.042089343,2014,D9,Noise,787
17031180100,0.06772426,2014,D9,Noise,787
17031190100,0.04598151,2014,D9,Noise,787
17031222200,0.08473849,2014,D9,Noise,787
17031222500,0.08423097,2014,D9,Noise,787
17031222600,0.08409751,2014,D9,Noise,787
17031251500,-0.060543876,2014,D9,Noise,787
17031251600,-0.060281627,2014,D9,Noise,787
17031251700,-0.06107074,2014,D9,Noise,787
17031251800,-0.061903417,2014,D9,Noise,787
17031251900,-0.06054541,2014,D9,Noise,787
17031252000,-0.06128363,2014,D9,Noise,787
17031130300,0.044781297,2014,D9,Noise,787
17031190200,0.048210517,2014,D9,Noise,787
17031190300,0.04817342,2014,D9,Noise,787
17031190800,0.04755096,2014,D9,Noise,787
17031260100,-0.061438147,2014,D9,Noise,787
17031260200,-0.062367417,2014,D9,Noise,787
17031530100,-0.104619734,2014,D9,Noise,787
17031061800,0.09827462,2014,D9,Noise,787
17031823400,,2014,D9,Noise,787
17031821500,,2014,D9,Noise,787
17031410200,0.15123397,2014,D9,Noise,787
17031222900,0.047645092,2014,D9,Noise,787
17031241000,0.037846968,2014,D9,Noise,787
17031190900,0.047481753,2014,D9,Noise,787
17031191200,0.047312163,2014,D9,Noise,787
17031200100,0.048545808,2014,D9,Noise,787
17031200200,0.04761349,2014,D9,Noise,787
17031200300,0.047716714,2014,D9,Noise,787
17031222700,0.047288746,2014,D9,Noise,787
17031230100,0.08435179,2014,D9,Noise,787
17031230200,0.08339596,2014,D9,Noise,787
17031230300,0.08307803,2014,D9,Noise,787
17031230400,0.046917178,2014,D9,Noise,787
17031230500,0.04652092,2014,D9,Noise,787
17031351100,0.12947048,2014,D9,Noise,787
17031807600,,2014,D9,Noise,787
17031770500,,2014,D9,Noise,787
17031611700,0.03323134,2014,D9,Noise,787
17031300500,-0.0379986,2014,D9,Noise,787
17031381500,-0.04251364,2014,D9,Noise,787
17031420500,-0.09982021,2014,D9,Noise,787
17031811500,,2014,D9,Noise,787
17031081500,0.100779854,2014,D9,Noise,787
17031081600,0.10064631,2014,D9,Noise,787
17031081700,0.10072147,2014,D9,Noise,787
17031081800,0.100868285,2014,D9,Noise,787
17031081900,0.102846615,2014,D9,Noise,787
17031222800,0.047485854,2014,D9,Noise,787
17031050800,0.042967375,2014,D9,Noise,787
17031210100,0.0389654,2014,D9,Noise,787
17031210400,0.048524767,2014,D9,Noise,787
17031230700,0.039443113,2014,D9,Noise,787
17031230800,0.037236147,2014,D9,Noise,787
17031230900,0.03896656,2014,D9,Noise,787
17031820502,,2014,D9,Noise,787
17031820901,,2014,D9,Noise,787
17031550200,-0.10581046,2014,D9,Noise,787
17031823200,,2014,D9,Noise,787
17031823304,,2014,D9,Noise,787
17031670500,0.033546135,2014,D9,Noise,787
17031820700,,2014,D9,Noise,787
17031580800,-0.037891492,2014,D9,Noise,787
17031380700,-0.042749595,2014,D9,Noise,787
17031230600,0.001625244,2014,D9,Noise,787
17031242300,0.040819768,2014,D9,Noise,787
17031242200,0.10195326,2014,D9,Noise,787
17031032100,0.096244305,2014,D9,Noise,787
17031811701,,2014,D9,Noise,787
17031820800,,2014,D9,Noise,787
17031300800,-0.03816256,2014,D9,Noise,787
17031060900,0.09634235,2014,D9,Noise,787
17031061000,0.096079916,2014,D9,Noise,787
17031210700,0.0484315,2014,D9,Noise,787
17031291600,-0.038368806,2014,D9,Noise,787
17031400400,-0.04436703,2014,D9,Noise,787
17031191100,0.04668984,2014,D9,Noise,787
17031120100,0.042189453,2014,D9,Noise,787
17031611200,0.035206452,2014,D9,Noise,787
17031300900,-0.038061723,2014,D9,Noise,787
17031061100,0.09557772,2014,D9,Noise,787
17031061500,0.097839095,2014,D9,Noise,787
17031062000,0.098098435,2014,D9,Noise,787
17031062100,0.09561463,2014,D9,Noise,787
17031062200,0.09784279,2014,D9,Noise,787
17031090200,0.04262203,2014,D9,Noise,787
17031090100,0.04344687,2014,D9,Noise,787
17031826401,,2014,D9,Noise,787
17031260400,-0.061977327,2014,D9,Noise,787
17031351500,0.12715188,2014,D9,Noise,787
17031811200,,2014,D9,Noise,787
17031770800,,2014,D9,Noise,787
17031210800,0.04824198,2014,D9,Noise,787
17031210900,0.048106413,2014,D9,Noise,787
17031081100,0.10110872,2014,D9,Noise,787
17031241200,0.038329095,2014,D9,Noise,787
17031031200,0.05794544,2014,D9,Noise,787
17031062500,0.095162645,2014,D9,Noise,787
17031062600,0.10374837,2014,D9,Noise,787
17031062700,0.10240582,2014,D9,Noise,787
17031062800,0.10350634,2014,D9,Noise,787
17031062900,0.097913615,2014,D9,Noise,787
17031063000,0.09665336,2014,D9,Noise,787
17031062400,0.097337335,2014,D9,Noise,787
17031063100,0.09796881,2014,D9,Noise,787
17031063400,0.10246497,2014,D9,Noise,787
17031090300,0.04071518,2014,D9,Noise,787
17031100100,0.04088343,2014,D9,Noise,787
17031100300,0.040314153,2014,D9,Noise,787
17031140100,0.043462068,2014,D9,Noise,787
17031140200,0.04184912,2014,D9,Noise,787
17031140400,0.041942514,2014,D9,Noise,787
17031140500,0.04220394,2014,D9,Noise,787
17031242700,0.038035285,2014,D9,Noise,787
17031070200,0.103419885,2014,D9,Noise,787
17031070300,0.10345963,2014,D9,Noise,787
17031070400,0.102640375,2014,D9,Noise,787
17031070500,0.10426352,2014,D9,Noise,787
17031070600,0.10337658,2014,D9,Noise,787
17031070700,0.10244543,2014,D9,Noise,787
17031100400,0.03843269,2014,D9,Noise,787
17031100600,0.04268304,2014,D9,Noise,787
17031100700,0.042243104,2014,D9,Noise,787
17031110200,0.042205695,2014,D9,Noise,787
17031150200,0.040271655,2014,D9,Noise,787
17031150300,0.041226044,2014,D9,Noise,787
17031140800,0.042541776,2014,D9,Noise,787
17031231200,0.037735976,2014,D9,Noise,787
17031231100,0.037023406,2014,D9,Noise,787
17031242400,0.038174972,2014,D9,Noise,787
17031242500,0.038272236,2014,D9,Noise,787
17031120200,0.0414457,2014,D9,Noise,787
17031120300,0.042047404,2014,D9,Noise,787
17031120400,0.04179552,2014,D9,Noise,787
17031231500,-0.047697287,2014,D9,Noise,787
17031071100,0.10300878,2014,D9,Noise,787
17031071000,0.102961265,2014,D9,Noise,787
17031071200,0.1024292,2014,D9,Noise,787
17031071300,0.102748245,2014,D9,Noise,787
17031110300,0.043759953,2014,D9,Noise,787
17031220300,0.04780166,2014,D9,Noise,787
17031220400,0.04797594,2014,D9,Noise,787
17031220500,0.0479284,2014,D9,Noise,787
17031240300,0.10284158,2014,D9,Noise,787
17031240500,0.08501788,2014,D9,Noise,787
17031060400,0.05980868,2014,D9,Noise,787
17031060500,0.09665387,2014,D9,Noise,787
17031240800,0.08322796,2014,D9,Noise,787
17031240600,0.08419897,2014,D9,Noise,787
17031240700,0.08326191,2014,D9,Noise,787
17031240900,0.037951652,2014,D9,Noise,787
17031242600,0.037953377,2014,D9,Noise,787
17031310600,0.12716565,2014,D9,Noise,787
17031310700,0.02474999,2014,D9,Noise,787
17031310800,0.02465272,2014,D9,Noise,787
17031020602,0.043608524,2014,D9,Noise,787
17031310900,0.024423385,2014,D9,Noise,787
17031510100,-0.10254979,2014,D9,Noise,787
17031510200,-0.10332975,2014,D9,Noise,787
17031561100,-0.03823825,2014,D9,Noise,787
17031190701,0.04807511,2014,D9,Noise,787
17031020901,0.046381265,2014,D9,Noise,787
17031010202,0.05965553,2014,D9,Noise,787
17031570100,-0.039663725,2014,D9,Noise,787
17031570200,-0.03859114,2014,D9,Noise,787
17031570300,-0.039009575,2014,D9,Noise,787
17031570400,-0.038868867,2014,D9,Noise,787
17031570500,-0.038759306,2014,D9,Noise,787
17031690400,-0.09938332,2014,D9,Noise,787
17031691300,-0.10094121,2014,D9,Noise,787
17031691400,-0.10095799,2014,D9,Noise,787
17031691500,-0.10019262,2014,D9,Noise,787
17031320100,0.101773016,2014,D9,Noise,787
17031320400,0.10044094,2014,D9,Noise,787
17031580100,-0.03892698,2014,D9,Noise,787
17031580200,-0.038355157,2014,D9,Noise,787
17031580300,-0.038908683,2014,D9,Noise,787
17031580400,-0.03921707,2014,D9,Noise,787
17031580600,-0.039018262,2014,D9,Noise,787
17031580700,-0.038012415,2014,D9,Noise,787
17031681300,-0.101553716,2014,D9,Noise,787
17031681400,-0.10034568,2014,D9,Noise,787
17031690300,-0.10104813,2014,D9,Noise,787
17031690500,-0.09896649,2014,D9,Noise,787
17031690900,-0.10053536,2014,D9,Noise,787
17031691000,-0.1009631,2014,D9,Noise,787
17031700100,-0.17211542,2014,D9,Noise,787
17031700200,-0.09422627,2014,D9,Noise,787
17031320600,0.12536383,2014,D9,Noise,787
17031330100,0.12701084,2014,D9,Noise,787
17031330200,0.12678729,2014,D9,Noise,787
17031590500,-0.03819407,2014,D9,Noise,787
17031590600,0.008941164,2014,D9,Noise,787
17031671200,-0.09925565,2014,D9,Noise,787
17031671100,-0.099599004,2014,D9,Noise,787
17031671300,-0.09934011,2014,D9,Noise,787
17031671500,-0.09987936,2014,D9,Noise,787
17031671600,-0.09961897,2014,D9,Noise,787
17031671800,-0.101411715,2014,D9,Noise,787
17031671900,-0.101375125,2014,D9,Noise,787
17031710100,-0.10194016,2014,D9,Noise,787
17031710200,-0.099755615,2014,D9,Noise,787
17031710400,-0.1002614,2014,D9,Noise,787
17031710500,-0.100095704,2014,D9,Noise,787
17031710600,-0.10073828,2014,D9,Noise,787
17031710800,-0.099344626,2014,D9,Noise,787
17031340300,0.12782013,2014,D9,Noise,787
17031340500,0.12766165,2014,D9,Noise,787
17031340600,0.023319723,2014,D9,Noise,787
17031430200,-0.09952863,2014,D9,Noise,787
17031430300,-0.1005424,2014,D9,Noise,787
17031510300,-0.10282515,2014,D9,Noise,787
17031520100,-0.10237606,2014,D9,Noise,787
17031590700,0.00940243,2014,D9,Noise,787
17031600400,0.12698938,2014,D9,Noise,787
17031813801,-0.037547417,2014,D9,Noise,787
17031830600,0.05947959,2014,D9,Noise,787
17031830800,0.055623308,2014,D9,Noise,787
17031830700,0.053312905,2014,D9,Noise,787
17031830900,0.084429026,2014,D9,Noise,787
17031835200,-0.039456747,2014,D9,Noise,787
17031839900,0.008015016,2014,D9,Noise,787
17031839700,0.0093745645,2014,D9,Noise,787
17031839800,0.026894385,2014,D9,Noise,787
17031834800,-0.043537118,2014,D9,Noise,787
17031834700,-0.044128105,2014,D9,Noise,787
17031832000,0.095285565,2014,D9,Noise,787
17031832500,0.1019952,2014,D9,Noise,787
17031832300,0.10328975,2014,D9,Noise,787
17031838300,0.10306296,2014,D9,Noise,787
17031831800,0.041714955,2014,D9,Noise,787
17031831700,0.042961907,2014,D9,Noise,787
17031835100,-0.039251387,2014,D9,Noise,787
17031835000,-0.09390463,2014,D9,Noise,787
17031843700,0.038567267,2014,D9,Noise,787
17031220702,0.047398627,2014,D9,Noise,787
17031842100,-0.062309094,2014,D9,Noise,787
17031843300,-0.038990658,2014,D9,Noise,787
17031831100,0.038606368,2014,D9,Noise,787
17031831500,-0.017694952,2014,D9,Noise,787
17031831600,-0.017078876,2014,D9,Noise,787
17031831200,0.04701587,2014,D9,Noise,787
17031831000,0.102626905,2014,D9,Noise,787
17031843000,-0.038438357,2014,D9,Noise,787
17031843100,-0.038879342,2014,D9,Noise,787
17031842900,0.019851362,2014,D9,Noise,787
17031843500,-0.03948553,2014,D9,Noise,787
17031842000,0.12498061,2014,D9,Noise,787
17031770901,,2014,D9,Noise,787
17031832400,0.084293425,2014,D9,Noise,787
17031832900,0.12606235,2014,D9,Noise,787
17031840300,-0.03828629,2014,D9,Noise,787
17031838600,-0.038223535,2014,D9,Noise,787
17031839600,0.12798755,2014,D9,Noise,787
17031834900,-0.100820854,2014,D9,Noise,787
17031030603,0.061068438,2014,D9,Noise,787
17031832200,0.085013695,2014,D9,Noise,787
17031836700,0.0380151,2014,D9,Noise,787
17031836800,-0.048380576,2014,D9,Noise,787
17031836600,0.037498664,2014,D9,Noise,787
17031833000,0.10081469,2014,D9,Noise,787
17031842500,-0.09968641,2014,D9,Noise,787
17031841800,-0.10009749,2014,D9,Noise,787
17031980100,,2014,D9,Noise,787
17031842800,-0.038880505,2014,D9,Noise,787
17031843800,-0.04315386,2014,D9,Noise,787
17031841000,0.12575532,2014,D9,Noise,787
17031836500,0.12969995,2014,D9,Noise,787
17031843900,0.0030500516,2014,D9,Noise,787
17031834200,-0.10051999,2014,D9,Noise,787
17031842200,0.100914314,2014,D9,Noise,787
17031838000,0.03695944,2014,D9,Noise,787
17031010702,0.059042014,2014,D9,Noise,787
17031010503,0.06245597,2014,D9,Noise,787
17031010502,0.06062332,2014,D9,Noise,787
17031010701,0.06082052,2014,D9,Noise,787
17031020902,0.0589346,2014,D9,Noise,787
17031020302,0.044242013,2014,D9,Noise,787
17031020601,0.046114437,2014,D9,Noise,787
17031020301,0.04616525,2014,D9,Noise,787
17031760803,0.05845773,2014,D9,Noise,787
17031530501,-0.1038852,2014,D9,Noise,787
17031530503,-0.10441023,2014,D9,Noise,787
17031650301,-0.0941741,2014,D9,Noise,787
17031650302,-0.09416566,2014,D9,Noise,787
17031530502,-0.10599168,2014,D9,Noise,787
17031831300,0.002607614,2014,D9,Noise,787
17031831400,-0.039548453,2014,D9,Noise,787
17031837000,-0.04737544,2014,D9,Noise,787
17031842400,-0.10133788,2014,D9,Noise,787
17031832100,0.09777758,2014,D9,Noise,787
17031020802,0.043360773,2014,D9,Noise,787
17031020702,0.04336517,2014,D9,Noise,787
17031020801,0.045397837,2014,D9,Noise,787
17031040202,0.042951822,2014,D9,Noise,787
17031040201,0.042801738,2014,D9,Noise,787
17031040402,0.06050236,2014,D9,Noise,787
17031031501,0.063582554,2014,D9,Noise,787
17031081201,0.10092897,2014,D9,Noise,787
17031063301,0.103241496,2014,D9,Noise,787
17031490901,-0.103126325,2014,D9,Noise,787
17031490902,-0.102474414,2014,D9,Noise,787
17031301801,-0.037944518,2014,D9,Noise,787
17031700301,-0.09475084,2014,D9,Noise,787
17031301702,-0.03910575,2014,D9,Noise,787
17031700401,-0.17187539,2014,D9,Noise,787
17031837100,0.0372238,2014,D9,Noise,787
17031837400,-0.024906017,2014,D9,Noise,787
17031837800,0.037514336,2014,D9,Noise,787
17031837300,-0.037823606,2014,D9,Noise,787
17031841500,-0.039388813,2014,D9,Noise,787
17031838700,-0.038351923,2014,D9,Noise,787
17031150501,0.043815803,2014,D9,Noise,787
17031150401,0.043606643,2014,D9,Noise,787
17031150502,0.04354778,2014,D9,Noise,787
17031110502,0.04055395,2014,D9,Noise,787
17031150402,0.043084413,2014,D9,Noise,787
17031140302,0.04358015,2014,D9,Noise,787
17031140301,0.04481286,2014,D9,Noise,787
17031700302,-0.094628945,2014,D9,Noise,787
17031580501,-0.0381914,2014,D9,Noise,787
17031580502,-0.038876604,2014,D9,Noise,787
17031730201,-0.101861,2014,D9,Noise,787
17031301802,-0.038789444,2014,D9,Noise,787
17031440101,-0.10250086,2014,D9,Noise,787
17031301701,-0.038705237,2014,D9,Noise,787
17031839100,0.10063819,2014,D9,Noise,787
17031833100,0.10079993,2014,D9,Noise,787
17031838100,0.10007974,2014,D9,Noise,787
17031833300,0.1267504,2014,D9,Noise,787
17031838200,0.020000424,2014,D9,Noise,787
17031140702,0.044240646,2014,D9,Noise,787
17031140602,0.04363801,2014,D9,Noise,787
17031140701,0.04304853,2014,D9,Noise,787
17031160502,0.044749722,2014,D9,Noise,787
17031160602,0.043280944,2014,D9,Noise,787
17031151002,0.040671468,2014,D9,Noise,787
17031151001,0.043583203,2014,D9,Noise,787
17031190402,0.04829568,2014,D9,Noise,787
17031431301,-0.10196063,2014,D9,Noise,787
17031431302,-0.099786654,2014,D9,Noise,787
17031460302,-0.10165459,2014,D9,Noise,787
17031460301,-0.10240707,2014,D9,Noise,787
17031700501,-0.17187129,2014,D9,Noise,787
17031700502,-0.17470789,2014,D9,Noise,787
17031210601,0.044126473,2014,D9,Noise,787
17031841100,0.12668721,2014,D9,Noise,787
17031840200,0.02576229,2014,D9,Noise,787
17031841300,-0.039936125,2014,D9,Noise,787
17031840700,-0.0382329,2014,D9,Noise,787
17031841600,-0.037879657,2014,D9,Noise,787
17031841700,-0.038234252,2014,D9,Noise,787
17031190602,0.04754753,2014,D9,Noise,787
17031190401,0.04805364,2014,D9,Noise,787
17031190702,0.04788112,2014,D9,Noise,787
17031191302,-0.017634774,2014,D9,Noise,787
17031190601,0.06775603,2014,D9,Noise,787
17031191301,-0.015994268,2014,D9,Noise,787
17031200402,0.04704865,2014,D9,Noise,787
17031200401,0.04653521,2014,D9,Noise,787
17031220902,0.047963407,2014,D9,Noise,787
17031210501,0.039666634,2014,D9,Noise,787
17031160601,0.042854074,2014,D9,Noise,787
17031061901,0.09689557,2014,D9,Noise,787
17031840800,-0.03801722,2014,D9,Noise,787
17031030703,0.06025377,2014,D9,Noise,787
17031030702,0.065084726,2014,D9,Noise,787
17031440102,-0.10083856,2014,D9,Noise,787
17031440202,-0.101751626,2014,D9,Noise,787
17031841400,-0.03799979,2014,D9,Noise,787
17031830500,-0.0393195,2014,D9,Noise,787
17031840100,0.12918675,2014,D9,Noise,787
17031840400,0.0059357025,2014,D9,Noise,787
17031839200,0.1262042,2014,D9,Noise,787
17031835500,0.009046592,2014,D9,Noise,787
17031030604,0.057138514,2014,D9,Noise,787
17031031502,0.05964324,2014,D9,Noise,787
17031081402,0.10080671,2014,D9,Noise,787
17031080201,0.10248082,2014,D9,Noise,787
17031760802,-0.027703118,2014,D9,Noise,787
17031140601,0.04442048,2014,D9,Noise,787
17031070102,0.10353342,2014,D9,Noise,787
17031210502,0.048269194,2014,D9,Noise,787
17031540102,-0.10599083,2014,D9,Noise,787
17031700402,-0.17175914,2014,D9,Noise,787
17031030800,0.059526864,2014,D9,Noise,787
17031031100,0.059579708,2014,D9,Noise,787
17031812100,,2014,D9,Noise,787
17031821900,,2014,D9,Noise,787
17031822000,,2014,D9,Noise,787
17031822101,,2014,D9,Noise,787
17031031300,0.05915569,2014,D9,Noise,787
17031031900,0.058400158,2014,D9,Noise,787
17031813500,-0.037401125,2014,D9,Noise,787
17031822701,,2014,D9,Noise,787
17031822702,,2014,D9,Noise,787
17031822801,,2014,D9,Noise,787
17031814200,-0.037704997,2014,D9,Noise,787
17031823303,,2014,D9,Noise,787
17031823500,,2014,D9,Noise,787
17031160501,0.04322816,2014,D9,Noise,787
17031040100,0.04339803,2014,D9,Noise,787
17031040300,0.043613672,2014,D9,Noise,787
17031825700,,2014,D9,Noise,787
17031611600,0.033756405,2014,D9,Noise,787
17031340400,0.12794033,2014,D9,Noise,787
17031770700,,2014,D9,Noise,787
17031430700,0.0026230812,2014,D9,Noise,787
17031808100,,2014,D9,Noise,787
17031191000,0.047243387,2014,D9,Noise,787
17031560400,-0.038182534,2014,D9,Noise,787
17031710700,-0.101162806,2014,D9,Noise,787
17031550100,-0.10505401,2014,D9,Noise,787
17031283200,0.12833685,2014,D9,Noise,787
17031100500,0.039041564,2014,D9,Noise,787
17031710300,-0.101786405,2014,D9,Noise,787
17043840801,,2014,D9,Noise,787
17031010300,0.05700233,2019,D9,Noise,855
17031010600,0.056231726,2019,D9,Noise,855
17031020100,0.043716915,2019,D9,Noise,855
17031280800,-0.045053035,2019,D9,Noise,855
17031420300,-0.09730746,2019,D9,Noise,855
17031806600,0.035155118,2019,D9,Noise,855
17031100200,0.037637234,2019,D9,Noise,855
17031020200,0.04226363,2019,D9,Noise,855
17031130200,0.037698373,2019,D9,Noise,855
17031020400,0.041401494,2019,D9,Noise,855
17031080202,0.10084984,2019,D9,Noise,855
17031240200,0.101171285,2019,D9,Noise,855
17031611800,0.03497216,2019,D9,Noise,855
17031811600,-0.027319416,2019,D9,Noise,855
17031060200,0.0591957,2019,D9,Noise,855
17031221200,0.04462279,2019,D9,Noise,855
17031826500,-0.10820779,2019,D9,Noise,855
17031061200,0.09685289,2019,D9,Noise,855
17031808200,0.041106693,2019,D9,Noise,855
17031030200,0.056949314,2019,D9,Noise,855
17031030300,0.05718021,2019,D9,Noise,855
17031030400,0.061533645,2019,D9,Noise,855
17031030900,0.059535243,2019,D9,Noise,855
17031031000,0.05548762,2019,D9,Noise,855
17031980000,,2019,D9,Noise,855
17031600600,0.026559127,2019,D9,Noise,855
17031811900,-0.058850747,2019,D9,Noise,855
17031420600,-0.09760563,2019,D9,Noise,855
17031110100,0.03616291,2019,D9,Noise,855
17031031400,0.094749585,2019,D9,Noise,855
17031040900,0.042369958,2019,D9,Noise,855
17031050200,0.03885019,2019,D9,Noise,855
17031050300,0.041751783,2019,D9,Noise,855
17031071700,0.10252854,2019,D9,Noise,855
17031031800,0.060826413,2019,D9,Noise,855
17031031700,0.05545598,2019,D9,Noise,855
17031610400,0.036051624,2019,D9,Noise,855
17031822802,-0.17192954,2019,D9,Noise,855
17031050600,0.055668596,2019,D9,Noise,855
17031050500,0.042086035,2019,D9,Noise,855
17031071600,0.10272891,2019,D9,Noise,855
17031671400,-0.096855395,2019,D9,Noise,855
17031490400,-0.101726815,2019,D9,Noise,855
17031062300,0.098481566,2019,D9,Noise,855
17031630400,-0.035864886,2019,D9,Noise,855
17031010100,0.05780258,2019,D9,Noise,855
17031301200,-0.03593806,2019,D9,Noise,855
17031805402,0.040502165,2019,D9,Noise,855
17031420800,-0.09786331,2019,D9,Noise,855
17031470100,-0.10073395,2019,D9,Noise,855
17031480100,-0.10048732,2019,D9,Noise,855
17031480200,-0.10001272,2019,D9,Noise,855
17031480300,-0.10051041,2019,D9,Noise,855
17031480400,-0.10107841,2019,D9,Noise,855
17031805502,0.039342623,2019,D9,Noise,855
17031805600,0.040478397,2019,D9,Noise,855
17031650400,-0.09138635,2019,D9,Noise,855
17031650500,-0.09211653,2019,D9,Noise,855
17031660400,-0.09109673,2019,D9,Noise,855
17031813400,-0.036450915,2019,D9,Noise,855
17031821401,-0.105713814,2019,D9,Noise,855
17031805702,0.039277084,2019,D9,Noise,855
17031821402,-0.1060437,2019,D9,Noise,855
17031821600,-0.17146781,2019,D9,Noise,855
17031821700,-0.17109801,2019,D9,Noise,855
17031290900,-0.03546768,2019,D9,Noise,855
17031291200,-0.035658732,2019,D9,Noise,855
17031421200,-0.09818124,2019,D9,Noise,855
17031271500,-0.03665822,2019,D9,Noise,855
17031292200,-0.035687573,2019,D9,Noise,855
17031292400,-0.03601122,2019,D9,Noise,855
17031292500,-0.03590905,2019,D9,Noise,855
17031271800,-0.036732677,2019,D9,Noise,855
17031280100,0.10024157,2019,D9,Noise,855
17031280400,0.10094592,2019,D9,Noise,855
17031300600,-0.036167175,2019,D9,Noise,855
17031300700,-0.0357781,2019,D9,Noise,855
17031301100,-0.037020262,2019,D9,Noise,855
17031480500,-0.10211822,2019,D9,Noise,855
17031490300,-0.100372806,2019,D9,Noise,855
17031490500,-0.10094941,2019,D9,Noise,855
17031660500,-0.09168285,2019,D9,Noise,855
17031520200,-0.101838596,2019,D9,Noise,855
17031520300,-0.1025105,2019,D9,Noise,855
17031520400,-0.10239643,2019,D9,Noise,855
17031520500,-0.10310103,2019,D9,Noise,855
17031520600,-0.103357986,2019,D9,Noise,855
17031660600,-0.091543026,2019,D9,Noise,855
17031660700,-0.09101346,2019,D9,Noise,855
17031660800,-0.09141998,2019,D9,Noise,855
17031660900,-0.09152677,2019,D9,Noise,855
17031661000,-0.16801777,2019,D9,Noise,855
17031280900,-0.045253374,2019,D9,Noise,855
17031301600,-0.03570105,2019,D9,Noise,855
17031490600,-0.10070832,2019,D9,Noise,855
17031490700,-0.10220899,2019,D9,Noise,855
17031490800,-0.10102321,2019,D9,Noise,855
17031491000,-0.10161993,2019,D9,Noise,855
17031491100,-0.10146527,2019,D9,Noise,855
17031530200,-0.10260948,2019,D9,Noise,855
17031530300,-0.10242309,2019,D9,Noise,855
17031530400,-0.10276273,2019,D9,Noise,855
17031530600,-0.103575505,2019,D9,Noise,855
17031560100,-0.037087478,2019,D9,Noise,855
17031670200,0.034511946,2019,D9,Noise,855
17031670300,0.03372598,2019,D9,Noise,855
17031670400,0.033926703,2019,D9,Noise,855
17031661100,-0.09304245,2019,D9,Noise,855
17031670100,-0.041886985,2019,D9,Noise,855
17031670600,-0.021865007,2019,D9,Noise,855
17031670700,-0.041347206,2019,D9,Noise,855
17031670800,-0.04133235,2019,D9,Noise,855
17031670900,-0.041494064,2019,D9,Noise,855
17031260900,-0.036845278,2019,D9,Noise,855
17031261000,-0.03673237,2019,D9,Noise,855
17031281900,0.10015125,2019,D9,Noise,855
17031310200,0.1291797,2019,D9,Noise,855
17031310300,0.12862441,2019,D9,Noise,855
17031310400,0.12733862,2019,D9,Noise,855
17031310500,0.12864202,2019,D9,Noise,855
17031491200,-0.10339092,2019,D9,Noise,855
17031491300,-0.10235468,2019,D9,Noise,855
17031491400,-0.10073551,2019,D9,Noise,855
17031500100,-0.10127185,2019,D9,Noise,855
17031500200,-0.10036932,2019,D9,Noise,855
17031500300,-0.10087074,2019,D9,Noise,855
17031560200,-0.035753526,2019,D9,Noise,855
17031560300,-0.035857223,2019,D9,Noise,855
17031560700,-0.036242507,2019,D9,Noise,855
17031560800,-0.035927072,2019,D9,Noise,855
17031560900,-0.035762332,2019,D9,Noise,855
17031561000,-0.036281414,2019,D9,Noise,855
17031680600,-0.042245723,2019,D9,Noise,855
17031807800,0.0381154,2019,D9,Noise,855
17031811100,-0.017277462,2019,D9,Noise,855
17031030500,0.057656713,2019,D9,Noise,855
17031020500,0.04338205,2019,D9,Noise,855
17031081300,0.09998452,2019,D9,Noise,855
17031081000,0.10168671,2019,D9,Noise,855
17031130100,0.038726073,2019,D9,Noise,855
17043840000,-0.032242168,2019,D9,Noise,855
17031170200,0.039986953,2019,D9,Noise,855
17031170300,0.038433917,2019,D9,Noise,855
17031170400,0.05756994,2019,D9,Noise,855
17031170500,0.056778185,2019,D9,Noise,855
17031170600,-0.023841862,2019,D9,Noise,855
17031170700,-0.023738079,2019,D9,Noise,855
17031170800,0.057465028,2019,D9,Noise,855
17031251400,-0.059571657,2019,D9,Noise,855
17031260300,-0.06082205,2019,D9,Noise,855
17031260500,-0.060633343,2019,D9,Noise,855
17031260600,-0.061142918,2019,D9,Noise,855
17031260700,-0.0606412,2019,D9,Noise,855
17031260800,-0.06135807,2019,D9,Noise,855
17031050700,0.057566855,2019,D9,Noise,855
17031050900,0.042382274,2019,D9,Noise,855
17031051000,0.042201377,2019,D9,Noise,855
17031051100,0.040141687,2019,D9,Noise,855
17031051200,0.06131977,2019,D9,Noise,855
17031390400,0.1562399,2019,D9,Noise,855
17031381800,-0.041465133,2019,D9,Noise,855
17031381900,-0.042558998,2019,D9,Noise,855
17031390100,0.13070884,2019,D9,Noise,855
17031390200,0.15599732,2019,D9,Noise,855
17031390300,0.13005091,2019,D9,Noise,855
17031390500,0.15523282,2019,D9,Noise,855
17031390600,0.15537193,2019,D9,Noise,855
17031812500,-0.05969049,2019,D9,Noise,855
17031440600,-0.09985395,2019,D9,Noise,855
17031440900,-0.10072279,2019,D9,Noise,855
17031440700,-0.10011695,2019,D9,Noise,855
17031440800,-0.100189745,2019,D9,Noise,855
17031630200,-0.035652246,2019,D9,Noise,855
17031630300,-0.037831403,2019,D9,Noise,855
17031630500,-0.035886236,2019,D9,Noise,855
17031630800,-0.036072135,2019,D9,Noise,855
17031630900,-0.03590719,2019,D9,Noise,855
17031640100,-0.09178127,2019,D9,Noise,855
17031640300,-0.09178403,2019,D9,Noise,855
17031750100,-0.10167235,2019,D9,Noise,855
17031750200,-0.100147,2019,D9,Noise,855
17031750300,-0.17084613,2019,D9,Noise,855
17031750400,-0.17186914,2019,D9,Noise,855
17031750500,-0.1008325,2019,D9,Noise,855
17031282700,-0.019273482,2019,D9,Noise,855
17031282800,-0.019298173,2019,D9,Noise,855
17031400300,-0.04157031,2019,D9,Noise,855
17031400500,-0.041984923,2019,D9,Noise,855
17031400800,-0.09725328,2019,D9,Noise,855
17031410500,-0.04210024,2019,D9,Noise,855
17031410600,0.06063947,2019,D9,Noise,855
17031460100,0.0041652843,2019,D9,Noise,855
17031450300,-0.10020788,2019,D9,Noise,855
17031460200,-0.1014986,2019,D9,Noise,855
17031640400,-0.092106044,2019,D9,Noise,855
17031640500,-0.0920129,2019,D9,Noise,855
17031640600,-0.091493435,2019,D9,Noise,855
17031640700,-0.09153095,2019,D9,Noise,855
17031640800,-0.09156784,2019,D9,Noise,855
17031650100,-0.09131443,2019,D9,Noise,855
17031650200,-0.0914992,2019,D9,Noise,855
17031750600,-0.100663744,2019,D9,Noise,855
17031812600,-0.05977124,2019,D9,Noise,855
17031820300,-0.036484372,2019,D9,Noise,855
17031820400,-0.03681711,2019,D9,Noise,855
17031820902,-0.09422506,2019,D9,Noise,855
17031283100,0.12895931,2019,D9,Noise,855
17031283800,0.12886384,2019,D9,Noise,855
17031410700,0.15690547,2019,D9,Noise,855
17031410800,0.15677214,2019,D9,Noise,855
17031411100,0.06027789,2019,D9,Noise,855
17031411200,0.060637183,2019,D9,Noise,855
17031460600,-0.10177592,2019,D9,Noise,855
17031460700,-0.09920752,2019,D9,Noise,855
17031460400,-0.09986839,2019,D9,Noise,855
17031460500,-0.09976411,2019,D9,Noise,855
17031461000,-0.10033041,2019,D9,Noise,855
17031813000,-0.059933376,2019,D9,Noise,855
17031813100,-0.03630171,2019,D9,Noise,855
17031821102,-0.09429837,2019,D9,Noise,855
17031420100,0.006051762,2019,D9,Noise,855
17031420200,-0.043530963,2019,D9,Noise,855
17031420400,-0.09735139,2019,D9,Noise,855
17031420700,-0.0957728,2019,D9,Noise,855
17031030102,0.058013704,2019,D9,Noise,855
17031030706,0.057478264,2019,D9,Noise,855
17031030601,0.057784695,2019,D9,Noise,855
17031063303,0.102396995,2019,D9,Noise,855
17031252102,-0.06017748,2019,D9,Noise,855
17031220901,0.044856887,2019,D9,Noise,855
17031210602,0.044420443,2019,D9,Noise,855
17031220602,0.044442046,2019,D9,Noise,855
17031220601,0.045115784,2019,D9,Noise,855
17031040401,0.041914355,2019,D9,Noise,855
17031252202,-0.06100098,2019,D9,Noise,855
17031833900,-0.10073688,2019,D9,Noise,855
17031836300,0.15505052,2019,D9,Noise,855
17031834500,-0.042661794,2019,D9,Noise,855
17031835900,0.12845574,2019,D9,Noise,855
17031836000,0.12984389,2019,D9,Noise,855
17031836200,-0.043230526,2019,D9,Noise,855
17031834400,-0.09796304,2019,D9,Noise,855
17031834300,-0.09823589,2019,D9,Noise,855
17031110501,0.036778286,2019,D9,Noise,855
17031030104,0.06150408,2019,D9,Noise,855
17031081401,0.101047575,2019,D9,Noise,855
17031770902,0.05657995,2019,D9,Noise,855
17031430101,0.004912585,2019,D9,Noise,855
17031252101,-0.03552305,2019,D9,Noise,855
17031010501,0.061728537,2019,D9,Noise,855
17031020701,0.042470444,2019,D9,Noise,855
17031010201,0.06178604,2019,D9,Noise,855
17031760801,0.033146497,2019,D9,Noise,855
17031839000,0.12772281,2019,D9,Noise,855
17031440201,-0.09899351,2019,D9,Noise,855
17031540101,-0.10383757,2019,D9,Noise,855
17031834000,-0.101224676,2019,D9,Noise,855
17031832200,0.08292973,2019,D9,Noise,855
17031836700,0.036741685,2019,D9,Noise,855
17031836800,-0.045949146,2019,D9,Noise,855
17031836600,0.036978483,2019,D9,Noise,855
17031833000,0.10029494,2019,D9,Noise,855
17031842500,-0.09738736,2019,D9,Noise,855
17031841800,-0.0983053,2019,D9,Noise,855
17031980100,,2019,D9,Noise,855
17031842800,-0.036103677,2019,D9,Noise,855
17031843800,-0.041226625,2019,D9,Noise,855
17031841000,0.12724659,2019,D9,Noise,855
17031843900,0.0061069224,2019,D9,Noise,855
17031834200,-0.099238396,2019,D9,Noise,855
17031842200,0.10100002,2019,D9,Noise,855
17031838000,0.036700603,2019,D9,Noise,855
17031010702,0.05721333,2019,D9,Noise,855
17031010503,0.061277922,2019,D9,Noise,855
17031010502,0.061545387,2019,D9,Noise,855
17031010701,0.05925103,2019,D9,Noise,855
17031020902,0.05787389,2019,D9,Noise,855
17031020302,0.04112384,2019,D9,Noise,855
17031020601,0.042288117,2019,D9,Noise,855
17031020301,0.040737998,2019,D9,Noise,855
17031760803,0.054584205,2019,D9,Noise,855
17031530501,-0.10315382,2019,D9,Noise,855
17031530503,-0.10374035,2019,D9,Noise,855
17031650301,-0.0914292,2019,D9,Noise,855
17031650302,-0.09123244,2019,D9,Noise,855
17031530502,-0.10503423,2019,D9,Noise,855
17031831300,0.0003576926,2019,D9,Noise,855
17031831400,-0.037157692,2019,D9,Noise,855
17031837000,-0.045966122,2019,D9,Noise,855
17031842400,-0.099518895,2019,D9,Noise,855
17031832100,0.096570045,2019,D9,Noise,855
17031020802,0.04007056,2019,D9,Noise,855
17031020702,0.040188555,2019,D9,Noise,855
17031020801,0.042839553,2019,D9,Noise,855
17031040202,0.04218528,2019,D9,Noise,855
17031040201,0.03734325,2019,D9,Noise,855
17031040402,0.05605532,2019,D9,Noise,855
17031031501,0.05965742,2019,D9,Noise,855
17031081201,0.10036456,2019,D9,Noise,855
17031063301,0.10331293,2019,D9,Noise,855
17031490901,-0.102305055,2019,D9,Noise,855
17031490902,-0.10176034,2019,D9,Noise,855
17031301801,-0.03564368,2019,D9,Noise,855
17031700301,-0.09200662,2019,D9,Noise,855
17031301702,-0.035676993,2019,D9,Noise,855
17031700401,-0.16828431,2019,D9,Noise,855
17031837100,0.036461525,2019,D9,Noise,855
17031837400,-0.019191291,2019,D9,Noise,855
17031837800,0.036870632,2019,D9,Noise,855
17031837300,-0.03697502,2019,D9,Noise,855
17031841500,-0.036904726,2019,D9,Noise,855
17031838700,-0.03553077,2019,D9,Noise,855
17031150501,0.04048296,2019,D9,Noise,855
17031150401,0.04024878,2019,D9,Noise,855
17031150502,0.038391367,2019,D9,Noise,855
17031110502,0.036630683,2019,D9,Noise,855
17031150402,0.039951947,2019,D9,Noise,855
17031140302,0.04125426,2019,D9,Noise,855
17031140301,0.041849557,2019,D9,Noise,855
17031700302,-0.0918912,2019,D9,Noise,855
17031580501,-0.035828114,2019,D9,Noise,855
17031580502,-0.036325105,2019,D9,Noise,855
17031730201,-0.09972381,2019,D9,Noise,855
17031301802,-0.035924204,2019,D9,Noise,855
17031440101,-0.09949851,2019,D9,Noise,855
17031301701,-0.03571062,2019,D9,Noise,855
17031839100,0.09994981,2019,D9,Noise,855
17031833100,0.10155132,2019,D9,Noise,855
17031838100,0.10112978,2019,D9,Noise,855
17031833300,0.12941813,2019,D9,Noise,855
17031838200,0.022761784,2019,D9,Noise,855
17031140702,0.041461535,2019,D9,Noise,855
17031140602,0.041818958,2019,D9,Noise,855
17031140701,0.04188409,2019,D9,Noise,855
17031160502,0.041716468,2019,D9,Noise,855
17031160602,0.03994755,2019,D9,Noise,855
17031151002,0.039898273,2019,D9,Noise,855
17031151001,0.040701613,2019,D9,Noise,855
17031190402,0.04518273,2019,D9,Noise,855
17031431301,-0.09934826,2019,D9,Noise,855
17031431302,-0.099301875,2019,D9,Noise,855
17031460302,-0.09994694,2019,D9,Noise,855
17031460301,-0.10034559,2019,D9,Noise,855
17031700501,-0.16845322,2019,D9,Noise,855
17031700502,-0.16872112,2019,D9,Noise,855
17031210601,0.04152416,2019,D9,Noise,855
17031160601,0.041914918,2019,D9,Noise,855
17031841100,0.12908144,2019,D9,Noise,855
17031840200,0.026252192,2019,D9,Noise,855
17031841300,-0.037938647,2019,D9,Noise,855
17031840700,-0.036367998,2019,D9,Noise,855
17031841600,-0.03671512,2019,D9,Noise,855
17031841700,-0.035893053,2019,D9,Noise,855
17031190602,0.04455765,2019,D9,Noise,855
17031190401,0.044650607,2019,D9,Noise,855
17031190702,0.04481889,2019,D9,Noise,855
17031191302,-0.016979154,2019,D9,Noise,855
17031190601,0.0643575,2019,D9,Noise,855
17031191301,-0.016957942,2019,D9,Noise,855
17031200402,0.044580262,2019,D9,Noise,855
17031200401,0.043794222,2019,D9,Noise,855
17031220902,0.044769257,2019,D9,Noise,855
17031210501,0.038203165,2019,D9,Noise,855
17031061901,0.099753626,2019,D9,Noise,855
17031840800,-0.035817523,2019,D9,Noise,855
17031030703,0.061013456,2019,D9,Noise,855
17031030702,0.06295495,2019,D9,Noise,855
17031440102,-0.0984147,2019,D9,Noise,855
17031440202,-0.09952538,2019,D9,Noise,855
17031841400,-0.03673155,2019,D9,Noise,855
17031830500,-0.03695327,2019,D9,Noise,855
17031840100,0.12946998,2019,D9,Noise,855
17031840400,0.005727498,2019,D9,Noise,855
17031839200,0.1273949,2019,D9,Noise,855
17031835500,0.009367174,2019,D9,Noise,855
17031030604,0.058101024,2019,D9,Noise,855
17031031502,0.059428785,2019,D9,Noise,855
17031081402,0.1001898,2019,D9,Noise,855
17031080201,0.102809586,2019,D9,Noise,855
17031760802,-0.025350735,2019,D9,Noise,855
17031140601,0.04163696,2019,D9,Noise,855
17031070102,0.10333997,2019,D9,Noise,855
17031210502,0.04531219,2019,D9,Noise,855
17031540102,-0.104356214,2019,D9,Noise,855
17031700402,-0.16822106,2019,D9,Noise,855
17031030800,0.05782973,2019,D9,Noise,855
17031031100,0.057053737,2019,D9,Noise,855
17031812100,-0.059181992,2019,D9,Noise,855
17031821900,-0.17234442,2019,D9,Noise,855
17031822000,-0.17025292,2019,D9,Noise,855
17031822101,-0.17043968,2019,D9,Noise,855
17031031300,0.05631834,2019,D9,Noise,855
17031031900,0.056376655,2019,D9,Noise,855
17031813500,-0.036177233,2019,D9,Noise,855
17031822701,-0.1711523,2019,D9,Noise,855
17031822702,-0.1715463,2019,D9,Noise,855
17031822801,-0.17205352,2019,D9,Noise,855
17031814200,-0.03700912,2019,D9,Noise,855
17031823303,-0.17294252,2019,D9,Noise,855
17031823500,-0.17438501,2019,D9,Noise,855
17031160501,0.041988425,2019,D9,Noise,855
17031040100,0.040312532,2019,D9,Noise,855
17031040300,0.042538475,2019,D9,Noise,855
17031825700,-0.108453274,2019,D9,Noise,855
17031611600,0.03380064,2019,D9,Noise,855
17031340400,0.12943856,2019,D9,Noise,855
17031770700,0.047549468,2019,D9,Noise,855
17031430700,0.0042040497,2019,D9,Noise,855
17031808100,0.037110098,2019,D9,Noise,855
17031191000,0.044303387,2019,D9,Noise,855
17031170900,-0.026735395,2019,D9,Noise,855
17031171000,0.056495775,2019,D9,Noise,855
17031171100,0.039755672,2019,D9,Noise,855
17031180100,0.06387675,2019,D9,Noise,855
17031190100,0.045118447,2019,D9,Noise,855
17031222200,0.0829659,2019,D9,Noise,855
17031222500,0.08246118,2019,D9,Noise,855
17031222600,0.08208126,2019,D9,Noise,855
17031251500,-0.059734337,2019,D9,Noise,855
17031251600,-0.060333632,2019,D9,Noise,855
17031251700,-0.059838727,2019,D9,Noise,855
17031251800,-0.060344554,2019,D9,Noise,855
17031251900,-0.06001907,2019,D9,Noise,855
17031252000,-0.05988541,2019,D9,Noise,855
17031130300,0.04031529,2019,D9,Noise,855
17031821500,-0.10678676,2019,D9,Noise,855
17031190200,0.04454886,2019,D9,Noise,855
17031190300,0.04521806,2019,D9,Noise,855
17031190800,0.044815645,2019,D9,Noise,855
17031260100,-0.06053613,2019,D9,Noise,855
17031260200,-0.060687505,2019,D9,Noise,855
17031530100,-0.10333076,2019,D9,Noise,855
17031061800,0.09964007,2019,D9,Noise,855
17031823400,-0.17434289,2019,D9,Noise,855
17031410200,0.15350205,2019,D9,Noise,855
17031222900,0.044270564,2019,D9,Noise,855
17031241000,0.037418634,2019,D9,Noise,855
17031200300,0.044894412,2019,D9,Noise,855
17031190900,0.045067385,2019,D9,Noise,855
17031191200,0.04443857,2019,D9,Noise,855
17031200100,0.045364525,2019,D9,Noise,855
17031200200,0.04449059,2019,D9,Noise,855
17031222700,0.044625968,2019,D9,Noise,855
17031230100,0.082015045,2019,D9,Noise,855
17031230200,0.08175245,2019,D9,Noise,855
17031230300,0.08145138,2019,D9,Noise,855
17031230400,0.044343825,2019,D9,Noise,855
17031230500,0.043473624,2019,D9,Noise,855
17031351100,0.13012812,2019,D9,Noise,855
17031807600,0.03901638,2019,D9,Noise,855
17031770500,0.045928277,2019,D9,Noise,855
17031081700,0.100454554,2019,D9,Noise,855
17031611700,0.03362689,2019,D9,Noise,855
17031300500,-0.035698667,2019,D9,Noise,855
17031381500,-0.041101985,2019,D9,Noise,855
17031420500,-0.097390085,2019,D9,Noise,855
17031811500,-0.027058635,2019,D9,Noise,855
17031081500,0.10004127,2019,D9,Noise,855
17031081600,0.100182936,2019,D9,Noise,855
17031081800,0.10048689,2019,D9,Noise,855
17031081900,0.10248761,2019,D9,Noise,855
17031222800,0.045074634,2019,D9,Noise,855
17031050800,0.04219623,2019,D9,Noise,855
17031210100,0.036126345,2019,D9,Noise,855
17031210400,0.045551002,2019,D9,Noise,855
17031230700,0.037400078,2019,D9,Noise,855
17031230800,0.037087813,2019,D9,Noise,855
17031230900,0.037546296,2019,D9,Noise,855
17031823200,-0.17287984,2019,D9,Noise,855
17031820502,-0.09458501,2019,D9,Noise,855
17031820901,-0.09465738,2019,D9,Noise,855
17031550200,-0.10483336,2019,D9,Noise,855
17031823304,-0.17326634,2019,D9,Noise,855
17031820700,-0.037426956,2019,D9,Noise,855
17031670500,0.034709424,2019,D9,Noise,855
17031580800,-0.03573241,2019,D9,Noise,855
17031380700,-0.040753596,2019,D9,Noise,855
17031230600,-2.5600195e-05,2019,D9,Noise,855
17031242300,0.041950665,2019,D9,Noise,855
17031242200,0.101736486,2019,D9,Noise,855
17031032100,0.09401651,2019,D9,Noise,855
17031811701,-0.03052702,2019,D9,Noise,855
17031820800,-0.03721108,2019,D9,Noise,855
17031300800,-0.035701185,2019,D9,Noise,855
17031060900,0.09540944,2019,D9,Noise,855
17031061000,0.096472114,2019,D9,Noise,855
17031210700,0.04503508,2019,D9,Noise,855
17031291600,-0.03666635,2019,D9,Noise,855
17031400400,-0.042242922,2019,D9,Noise,855
17031560400,-0.03570816,2019,D9,Noise,855
17031710700,-0.09863433,2019,D9,Noise,855
17031550100,-0.10241472,2019,D9,Noise,855
17031283200,0.12872657,2019,D9,Noise,855
17031100500,0.03589299,2019,D9,Noise,855
17031220701,0.04509064,2019,D9,Noise,855
17031063302,0.10316676,2019,D9,Noise,855
17031252201,-0.06044317,2019,D9,Noise,855
17031660302,-0.035900123,2019,D9,Noise,855
17031660301,-0.09283427,2019,D9,Noise,855
17031730202,-0.099961475,2019,D9,Noise,855
17031813302,-0.03658638,2019,D9,Noise,855
17031813301,-0.036361374,2019,D9,Noise,855
17031835600,-0.041380785,2019,D9,Noise,855
17031840000,0.0271417,2019,D9,Noise,855
17031835700,,2019,D9,Noise,855
17031836100,-0.041616626,2019,D9,Noise,855
17031834600,-0.04275419,2019,D9,Noise,855
17031843600,0.15581228,2019,D9,Noise,855
17031810301,0.043376822,2019,D9,Noise,855
17031221000,0.044977225,2019,D9,Noise,855
17031221100,0.04468228,2019,D9,Noise,855
17031242800,0.037170902,2019,D9,Noise,855
17031242900,0.03696738,2019,D9,Noise,855
17031243000,0.101395056,2019,D9,Noise,855
17031243100,0.10214056,2019,D9,Noise,855
17031243200,0.101963595,2019,D9,Noise,855
17031243300,0.101623245,2019,D9,Noise,855
17031243400,0.10168501,2019,D9,Noise,855
17031110400,0.04009502,2019,D9,Noise,855
17031150600,0.04011122,2019,D9,Noise,855
17031150700,0.040214334,2019,D9,Noise,855
17031150800,0.0404222,2019,D9,Noise,855
17031151100,0.039990574,2019,D9,Noise,855
17031151200,0.038872253,2019,D9,Noise,855
17031241500,0.101190805,2019,D9,Noise,855
17031241100,0.037506655,2019,D9,Noise,855
17031241600,0.10138792,2019,D9,Noise,855
17031241300,0.037266698,2019,D9,Noise,855
17031241400,0.101566084,2019,D9,Noise,855
17031243500,0.10045153,2019,D9,Noise,855
17031250200,0.0440067,2019,D9,Noise,855
17031250300,-0.01692826,2019,D9,Noise,855
17031250400,-0.01724459,2019,D9,Noise,855
17031250500,-0.018294131,2019,D9,Noise,855
17031071500,0.100442015,2019,D9,Noise,855
17031071800,0.101762585,2019,D9,Noise,855
17031080100,0.100653715,2019,D9,Noise,855
17031080300,0.10088333,2019,D9,Noise,855
17031080400,0.1016958,2019,D9,Noise,855
17031160100,0.041092955,2019,D9,Noise,855
17031160200,0.036353067,2019,D9,Noise,855
17031160300,0.040956408,2019,D9,Noise,855
17031160400,0.040321033,2019,D9,Noise,855
17031160700,0.037747998,2019,D9,Noise,855
17031221300,0.082766145,2019,D9,Noise,855
17031221500,0.08312721,2019,D9,Noise,855
17031221400,0.0829471,2019,D9,Noise,855
17031250600,-0.059448093,2019,D9,Noise,855
17031250700,-0.05930355,2019,D9,Noise,855
17031250800,-0.059821635,2019,D9,Noise,855
17031251000,-0.06068299,2019,D9,Noise,855
17031251100,-0.059854433,2019,D9,Noise,855
17031051400,0.08394996,2019,D9,Noise,855
17031060100,0.057685245,2019,D9,Noise,855
17031060300,0.061334167,2019,D9,Noise,855
17031060800,0.09945055,2019,D9,Noise,855
17031160800,0.04076775,2019,D9,Noise,855
17031160900,0.040119994,2019,D9,Noise,855
17031161000,0.038935423,2019,D9,Noise,855
17031161100,0.038646236,2019,D9,Noise,855
17031161200,0.039712705,2019,D9,Noise,855
17031161300,0.037885386,2019,D9,Noise,855
17031170100,0.035530984,2019,D9,Noise,855
17031221600,0.08293383,2019,D9,Noise,855
17031242100,0.10155038,2019,D9,Noise,855
17031242000,0.10160393,2019,D9,Noise,855
17031251200,-0.059364658,2019,D9,Noise,855
17031251300,-0.05966508,2019,D9,Noise,855
17031051300,0.10304828,2019,D9,Noise,855
17031600700,0.0098830145,2019,D9,Noise,855
17031600900,0.009776203,2019,D9,Noise,855
17031821200,-0.10550366,2019,D9,Noise,855
17031672000,-0.09800354,2019,D9,Noise,855
17031710900,-0.099200085,2019,D9,Noise,855
17031711000,-0.09936726,2019,D9,Noise,855
17031711100,-0.09896811,2019,D9,Noise,855
17031711200,-0.09886369,2019,D9,Noise,855
17031711500,-0.100875854,2019,D9,Noise,855
17031711300,-0.09936135,2019,D9,Noise,855
17031711400,-0.09949493,2019,D9,Noise,855
17031270500,-0.061616804,2019,D9,Noise,855
17031271200,-0.044855915,2019,D9,Noise,855
17031271300,-0.06153682,2019,D9,Noise,855
17031271400,-0.06161034,2019,D9,Noise,855
17031350100,0.12980568,2019,D9,Noise,855
17031350400,0.12934877,2019,D9,Noise,855
17031351000,0.12872076,2019,D9,Noise,855
17031351400,0.12957732,2019,D9,Noise,855
17031360200,0.1299708,2019,D9,Noise,855
17031430400,-0.09851753,2019,D9,Noise,855
17031430600,-0.09876831,2019,D9,Noise,855
17031430800,-0.09886255,2019,D9,Noise,855
17031430500,-0.09845096,2019,D9,Noise,855
17031430900,-0.09889849,2019,D9,Noise,855
17031610300,0.007158296,2019,D9,Noise,855
17031681000,-0.09705275,2019,D9,Noise,855
17031681100,-0.09747863,2019,D9,Noise,855
17031680500,-0.0418202,2019,D9,Noise,855
17031680900,-0.09627518,2019,D9,Noise,855
17031720100,-0.09941561,2019,D9,Noise,855
17031720200,-0.100381255,2019,D9,Noise,855
17031720300,-0.10028602,2019,D9,Noise,855
17031720400,-0.17007962,2019,D9,Noise,855
17031720500,-0.1701454,2019,D9,Noise,855
17031720600,-0.10076091,2019,D9,Noise,855
17031720700,-0.09948661,2019,D9,Noise,855
17031040600,0.039953172,2019,D9,Noise,855
17031040700,0.04136328,2019,D9,Noise,855
17031040800,0.039787117,2019,D9,Noise,855
17031825801,-0.10831706,2019,D9,Noise,855
17031380100,0.13022657,2019,D9,Noise,855
17031380200,0.13007127,2019,D9,Noise,855
17031431200,-0.09936661,2019,D9,Noise,855
17031810200,0.041468333,2019,D9,Noise,855
17031050100,0.05640163,2019,D9,Noise,855
17031610800,0.035291098,2019,D9,Noise,855
17031611000,-0.04087356,2019,D9,Noise,855
17031611100,0.03420765,2019,D9,Noise,855
17031611300,0.035043918,2019,D9,Noise,855
17031611400,0.0351621,2019,D9,Noise,855
17031611500,-0.036570083,2019,D9,Noise,855
17031611900,0.036224723,2019,D9,Noise,855
17031681200,-0.097504266,2019,D9,Noise,855
17031810400,0.03828571,2019,D9,Noise,855
17031810701,-0.0166997,2019,D9,Noise,855
17031810702,-0.017015852,2019,D9,Noise,855
17031810600,0.04029166,2019,D9,Noise,855
17031691200,-0.09867172,2019,D9,Noise,855
17031691100,-0.09833515,2019,D9,Noise,855
17031730100,-0.10005741,2019,D9,Noise,855
17031730300,-0.099781476,2019,D9,Noise,855
17031730400,-0.10029562,2019,D9,Noise,855
17031730500,-0.10099523,2019,D9,Noise,855
17031730600,-0.10080861,2019,D9,Noise,855
17031380500,0.009774761,2019,D9,Noise,855
17031381200,-0.04138098,2019,D9,Noise,855
17031381400,-0.04135334,2019,D9,Noise,855
17031381700,,2019,D9,Noise,855
17031440300,-0.09811626,2019,D9,Noise,855
17031810800,-0.016794756,2019,D9,Noise,855
17031810900,-0.017398179,2019,D9,Noise,855
17031612000,0.034721974,2019,D9,Noise,855
17031612100,-0.04163544,2019,D9,Noise,855
17031620100,-0.035968035,2019,D9,Noise,855
17031620200,-0.03595169,2019,D9,Noise,855
17031620300,-0.036382906,2019,D9,Noise,855
17031620400,-0.0357619,2019,D9,Noise,855
17031630100,0.035019033,2019,D9,Noise,855
17031810501,0.056875456,2019,D9,Noise,855
17031810502,0.035620626,2019,D9,Noise,855
17031812200,-0.05912791,2019,D9,Noise,855
17031826600,-0.107794195,2019,D9,Noise,855
17031730700,-0.10107066,2019,D9,Noise,855
17031740100,-0.17157093,2019,D9,Noise,855
17031740200,-0.1696702,2019,D9,Noise,855
17031740300,-0.17097884,2019,D9,Noise,855
17031740400,-0.17081718,2019,D9,Noise,855
17031191100,0.04364846,2019,D9,Noise,855
17031120100,0.039102647,2019,D9,Noise,855
17031611200,0.03650304,2019,D9,Noise,855
17031300900,-0.036189273,2019,D9,Noise,855
17031061100,0.09408135,2019,D9,Noise,855
17031061500,0.09802194,2019,D9,Noise,855
17031062000,0.09663336,2019,D9,Noise,855
17031062100,0.096000224,2019,D9,Noise,855
17031062200,0.09666768,2019,D9,Noise,855
17031090200,0.039863657,2019,D9,Noise,855
17031090100,0.037950236,2019,D9,Noise,855
17031826401,-0.1079424,2019,D9,Noise,855
17031260400,-0.060179472,2019,D9,Noise,855
17031351500,0.12951326,2019,D9,Noise,855
17031811200,-0.017898684,2019,D9,Noise,855
17031770800,-0.029053776,2019,D9,Noise,855
17031210800,0.04509635,2019,D9,Noise,855
17031210900,0.04514967,2019,D9,Noise,855
17031081100,0.10212602,2019,D9,Noise,855
17031063000,0.093684584,2019,D9,Noise,855
17031241200,0.037367616,2019,D9,Noise,855
17031031200,0.05644369,2019,D9,Noise,855
17031062500,0.09608853,2019,D9,Noise,855
17031062600,0.10352038,2019,D9,Noise,855
17031062700,0.10266137,2019,D9,Noise,855
17031062800,0.10221784,2019,D9,Noise,855
17031062900,0.09608483,2019,D9,Noise,855
17031062400,0.09901279,2019,D9,Noise,855
17031063100,0.09543589,2019,D9,Noise,855
17031063400,0.102167025,2019,D9,Noise,855
17031090300,0.034912553,2019,D9,Noise,855
17031100100,0.037102636,2019,D9,Noise,855
17031100300,0.039273556,2019,D9,Noise,855
17031140100,0.042405233,2019,D9,Noise,855
17031140200,0.040413965,2019,D9,Noise,855
17031140400,0.040347286,2019,D9,Noise,855
17031140500,0.041090395,2019,D9,Noise,855
17031242700,0.036993183,2019,D9,Noise,855
17031070200,0.102311745,2019,D9,Noise,855
17031070300,0.10195763,2019,D9,Noise,855
17031070400,0.10341684,2019,D9,Noise,855
17031070500,0.10382615,2019,D9,Noise,855
17031070600,0.1020619,2019,D9,Noise,855
17031070700,0.10247425,2019,D9,Noise,855
17031100400,0.03533125,2019,D9,Noise,855
17031100600,0.039608285,2019,D9,Noise,855
17031100700,0.04003539,2019,D9,Noise,855
17031110200,0.039482895,2019,D9,Noise,855
17031150200,0.037552528,2019,D9,Noise,855
17031150300,0.037805106,2019,D9,Noise,855
17031140800,0.039456286,2019,D9,Noise,855
17031231200,0.03717839,2019,D9,Noise,855
17031231100,0.037027787,2019,D9,Noise,855
17031242400,0.037385784,2019,D9,Noise,855
17031242500,0.037620746,2019,D9,Noise,855
17031120200,0.039834175,2019,D9,Noise,855
17031120300,0.041093323,2019,D9,Noise,855
17031120400,0.04002797,2019,D9,Noise,855
17031231500,-0.044346012,2019,D9,Noise,855
17031071100,0.102114655,2019,D9,Noise,855
17031071000,0.10164604,2019,D9,Noise,855
17031071200,0.102013834,2019,D9,Noise,855
17031071300,0.10339485,2019,D9,Noise,855
17031110300,0.03831167,2019,D9,Noise,855
17031220300,0.044784978,2019,D9,Noise,855
17031220400,0.04503718,2019,D9,Noise,855
17031220500,0.044618003,2019,D9,Noise,855
17031240300,0.101814404,2019,D9,Noise,855
17031240500,0.08318719,2019,D9,Noise,855
17031060400,0.060181636,2019,D9,Noise,855
17031060500,0.09931646,2019,D9,Noise,855
17031240800,0.08210448,2019,D9,Noise,855
17031240600,0.082548,2019,D9,Noise,855
17031240700,0.08251036,2019,D9,Noise,855
17031240900,0.03746143,2019,D9,Noise,855
17031242600,0.03730865,2019,D9,Noise,855
17031310600,0.12944207,2019,D9,Noise,855
17031310700,0.026036361,2019,D9,Noise,855
17031310800,0.025869569,2019,D9,Noise,855
17031020602,0.04051382,2019,D9,Noise,855
17031310900,0.025369845,2019,D9,Noise,855
17031510100,-0.10087237,2019,D9,Noise,855
17031510200,-0.10172001,2019,D9,Noise,855
17031561100,-0.036040243,2019,D9,Noise,855
17031190701,0.04510545,2019,D9,Noise,855
17031020901,0.043563988,2019,D9,Noise,855
17031010202,0.059121642,2019,D9,Noise,855
17031570100,-0.036985278,2019,D9,Noise,855
17031570200,-0.03674145,2019,D9,Noise,855
17031570300,-0.036238812,2019,D9,Noise,855
17031570400,-0.035950392,2019,D9,Noise,855
17031570500,-0.03571116,2019,D9,Noise,855
17031690400,-0.09788373,2019,D9,Noise,855
17031691300,-0.098721124,2019,D9,Noise,855
17031691400,-0.09868303,2019,D9,Noise,855
17031691500,-0.09893673,2019,D9,Noise,855
17031320100,0.09986308,2019,D9,Noise,855
17031320400,0.09999915,2019,D9,Noise,855
17031580100,-0.03593258,2019,D9,Noise,855
17031580200,-0.03612824,2019,D9,Noise,855
17031580300,-0.03616471,2019,D9,Noise,855
17031580400,-0.03596322,2019,D9,Noise,855
17031580600,-0.035770364,2019,D9,Noise,855
17031580700,-0.03557127,2019,D9,Noise,855
17031681300,-0.09825771,2019,D9,Noise,855
17031681400,-0.09702694,2019,D9,Noise,855
17031690300,-0.0978096,2019,D9,Noise,855
17031690500,-0.0979846,2019,D9,Noise,855
17031690900,-0.09821172,2019,D9,Noise,855
17031691000,-0.09827101,2019,D9,Noise,855
17031700100,-0.16803192,2019,D9,Noise,855
17031700200,-0.09192097,2019,D9,Noise,855
17031320600,0.12830205,2019,D9,Noise,855
17031330100,0.12737611,2019,D9,Noise,855
17031330200,0.12760767,2019,D9,Noise,855
17031590500,-0.035599984,2019,D9,Noise,855
17031590600,0.009025957,2019,D9,Noise,855
17031671200,-0.09798872,2019,D9,Noise,855
17031671100,-0.09801383,2019,D9,Noise,855
17031671300,-0.096981525,2019,D9,Noise,855
17031671500,-0.09718226,2019,D9,Noise,855
17031671600,-0.097397506,2019,D9,Noise,855
17031671800,-0.09896421,2019,D9,Noise,855
17031671900,-0.0983499,2019,D9,Noise,855
17031710100,-0.09861439,2019,D9,Noise,855
17031710200,-0.09824747,2019,D9,Noise,855
17031710400,-0.0979134,2019,D9,Noise,855
17031710500,-0.097524405,2019,D9,Noise,855
17031710600,-0.09972726,2019,D9,Noise,855
17031710800,-0.09841918,2019,D9,Noise,855
17031340300,0.12749292,2019,D9,Noise,855
17031340500,0.1285638,2019,D9,Noise,855
17031340600,0.024031192,2019,D9,Noise,855
17031430200,-0.09836911,2019,D9,Noise,855
17031430300,-0.09690654,2019,D9,Noise,855
17031510300,-0.10003446,2019,D9,Noise,855
17031520100,-0.10166473,2019,D9,Noise,855
17031590700,0.008037465,2019,D9,Noise,855
17031600400,0.12981084,2019,D9,Noise,855
17031813801,-0.036512323,2019,D9,Noise,855
17031830600,0.056782745,2019,D9,Noise,855
17031830800,0.057411775,2019,D9,Noise,855
17031830700,0.052629404,2019,D9,Noise,855
17031830900,0.08282276,2019,D9,Noise,855
17031835200,-0.037125867,2019,D9,Noise,855
17031839900,0.0076699723,2019,D9,Noise,855
17031839700,0.008601734,2019,D9,Noise,855
17031839800,0.027345762,2019,D9,Noise,855
17031834800,-0.04195253,2019,D9,Noise,855
17031834700,-0.041452534,2019,D9,Noise,855
17031832000,0.09628693,2019,D9,Noise,855
17031832500,0.10215145,2019,D9,Noise,855
17031832300,0.10239549,2019,D9,Noise,855
17031838300,0.10131907,2019,D9,Noise,855
17031831800,0.036013022,2019,D9,Noise,855
17031831700,0.037855256,2019,D9,Noise,855
17031835100,-0.035817027,2019,D9,Noise,855
17031835000,-0.09111348,2019,D9,Noise,855
17031843700,0.035463832,2019,D9,Noise,855
17031220702,0.04486479,2019,D9,Noise,855
17031842100,-0.061353255,2019,D9,Noise,855
17031843300,-0.03796334,2019,D9,Noise,855
17031831100,0.036260363,2019,D9,Noise,855
17031831500,-0.017515276,2019,D9,Noise,855
17031831600,-0.017443836,2019,D9,Noise,855
17031831200,0.04401647,2019,D9,Noise,855
17031831000,0.10209004,2019,D9,Noise,855
17031843000,-0.036177583,2019,D9,Noise,855
17031843100,-0.03715832,2019,D9,Noise,855
17031842900,0.02199906,2019,D9,Noise,855
17031843500,-0.036824662,2019,D9,Noise,855
17031842000,0.12733915,2019,D9,Noise,855
17031770901,0.04025311,2019,D9,Noise,855
17031832400,0.08252657,2019,D9,Noise,855
17031832900,0.12693097,2019,D9,Noise,855
17031840300,-0.03693831,2019,D9,Noise,855
17031838600,-0.036887933,2019,D9,Noise,855
17031839600,0.12967767,2019,D9,Noise,855
17031834900,-0.09727334,2019,D9,Noise,855
17031030603,0.061426505,2019,D9,Noise,855
17031030101,0.056029398,2019,D9,Noise,855
17031030701,0.061104488,2019,D9,Noise,855
17031070103,0.10346885,2019,D9,Noise,855
17031807900,0.041590437,2019,D9,Noise,855
17031808001,0.042359892,2019,D9,Noise,855
17031808002,0.03910213,2019,D9,Noise,855
17031770602,0.048401292,2019,D9,Noise,855
17031831900,0.09593296,2019,D9,Noise,855
17031839500,0.12963824,2019,D9,Noise,855
17031832600,0.10208162,2019,D9,Noise,855
17031836900,-0.04483197,2019,D9,Noise,855
17031841200,-0.036350846,2019,D9,Noise,855
17031841900,0.12736131,2019,D9,Noise,855
17031835800,-0.06671465,2019,D9,Noise,855
17031838800,-0.102211416,2019,D9,Noise,855
17031842300,0.10034911,2019,D9,Noise,855
17031843200,0.022046065,2019,D9,Noise,855
17031843400,-0.035606205,2019,D9,Noise,855
17031842600,0.0049344134,2019,D9,Noise,855
17031301803,-0.03558875,2019,D9,Noise,855
17031710300,-0.09845862,2019,D9,Noise,855
17043840801,-0.027774803,2019,D9,Noise,855
17031030101,0.0643045,2023,D9,Noise,853
17031030701,0.06445385,2023,D9,Noise,853
17031070103,0.022323731,2023,D9,Noise,853
17031807900,0.11078419,2023,D9,Noise,853
17031808001,0.110967346,2023,D9,Noise,853
17031808002,0.110693306,2023,D9,Noise,853
17031770602,0.09736932,2023,D9,Noise,853
17031831900,0.029259074,2023,D9,Noise,853
17031832600,0.02029709,2023,D9,Noise,853
17031836900,0.006944351,2023,D9,Noise,853
17031841200,0.009954728,2023,D9,Noise,853
17031839500,0.007124549,2023,D9,Noise,853
17031835800,-0.005560854,2023,D9,Noise,853
17031838800,-0.011190324,2023,D9,Noise,853
17031842300,0.019555092,2023,D9,Noise,853
17031841900,0.0036913129,2023,D9,Noise,853
17031843200,-0.0068954155,2023,D9,Noise,853
17031843400,0.012606981,2023,D9,Noise,853
17031842600,0.014553359,2023,D9,Noise,853
17031301803,0.012560425,2023,D9,Noise,853
17031320101,0.020216668,2023,D9,Noise,853
17031330103,0.005664142,2023,D9,Noise,853
17031380600,0.006085996,2023,D9,Noise,853
17031330102,0.003541477,2023,D9,Noise,853
17031330101,0.0033338896,2023,D9,Noise,853
17031460800,-0.0075079957,2023,D9,Noise,853
17031630600,0.012775693,2023,D9,Noise,853
17031490200,-0.007294021,2023,D9,Noise,853
17031612200,0.016604783,2023,D9,Noise,853
17031844700,0.012372731,2023,D9,Noise,853
17031844600,-0.0058689686,2023,D9,Noise,853
17031320102,0.019957,2023,D9,Noise,853
17031220701,0.0990044,2023,D9,Noise,853
17031063302,0.022962837,2023,D9,Noise,853
17031252201,0.026051868,2023,D9,Noise,853
17031660302,0.013374884,2023,D9,Noise,853
17031660301,0.007858296,2023,D9,Noise,853
17031730202,-0.00729088,2023,D9,Noise,853
17031813302,0.013645616,2023,D9,Noise,853
17031813301,0.013578851,2023,D9,Noise,853
17031835600,-0.0076769534,2023,D9,Noise,853
17031840000,-0.0026279716,2023,D9,Noise,853
17031836100,-0.006669093,2023,D9,Noise,853
17031834600,-0.003736889,2023,D9,Noise,853
17031843600,0.006131329,2023,D9,Noise,853
17031030102,0.06431423,2023,D9,Noise,853
17031030706,0.0644118,2023,D9,Noise,853
17031030601,0.06455282,2023,D9,Noise,853
17031063303,0.022523636,2023,D9,Noise,853
17031220901,0.09943141,2023,D9,Noise,853
17031210602,0.09788604,2023,D9,Noise,853
17031220602,0.09774499,2023,D9,Noise,853
17031220601,0.09835586,2023,D9,Noise,853
17031040401,0.10831297,2023,D9,Noise,853
17031252202,0.026045479,2023,D9,Noise,853
17031252102,0.024400473,2023,D9,Noise,853
17031836300,0.0056130523,2023,D9,Noise,853
17031834500,-0.0038683987,2023,D9,Noise,853
17031836000,0.0067241685,2023,D9,Noise,853
17031836200,-0.011212994,2023,D9,Noise,853
17031834400,-0.01035809,2023,D9,Noise,853
17031834300,-0.010656229,2023,D9,Noise,853
17031110501,0.10937294,2023,D9,Noise,853
17031030104,0.06492395,2023,D9,Noise,853
17031081401,0.020077147,2023,D9,Noise,853
17031770902,0.09707655,2023,D9,Noise,853
17031430101,0.0027784242,2023,D9,Noise,853
17031252101,0.010997272,2023,D9,Noise,853
17031010501,0.06511787,2023,D9,Noise,853
17031020701,0.108058244,2023,D9,Noise,853
17031010201,0.06496753,2023,D9,Noise,853
17031760801,0.1065258,2023,D9,Noise,853
17031839000,0.0037816537,2023,D9,Noise,853
17031440201,-0.008314634,2023,D9,Noise,853
17031540101,-0.008259028,2023,D9,Noise,853
17031834000,-0.009401241,2023,D9,Noise,853
17031833900,-0.010861138,2023,D9,Noise,853
17031221000,0.09884058,2023,D9,Noise,853
17031221100,0.0983654,2023,D9,Noise,853
17031242800,0.018488599,2023,D9,Noise,853
17031242900,0.018800817,2023,D9,Noise,853
17031243000,0.021691853,2023,D9,Noise,853
17031243100,0.021450888,2023,D9,Noise,853
17031243200,0.021468788,2023,D9,Noise,853
17031243300,0.02141857,2023,D9,Noise,853
17031243400,0.020766694,2023,D9,Noise,853
17031110400,0.108453065,2023,D9,Noise,853
17031150600,0.10859817,2023,D9,Noise,853
17031150700,0.10951725,2023,D9,Noise,853
17031150800,0.108929604,2023,D9,Noise,853
17031151100,0.10836952,2023,D9,Noise,853
17031151200,0.109412774,2023,D9,Noise,853
17031241500,0.021729687,2023,D9,Noise,853
17031241100,0.018507697,2023,D9,Noise,853
17031241600,0.020869454,2023,D9,Noise,853
17031241300,0.018337855,2023,D9,Noise,853
17031241400,0.020384615,2023,D9,Noise,853
17031243500,0.019645093,2023,D9,Noise,853
17031250200,0.09862814,2023,D9,Noise,853
17031250300,0.07279231,2023,D9,Noise,853
17031250400,0.07160781,2023,D9,Noise,853
17031250500,0.07206921,2023,D9,Noise,853
17031071500,0.020744067,2023,D9,Noise,853
17031071800,0.02086321,2023,D9,Noise,853
17031080100,0.02215085,2023,D9,Noise,853
17031080300,0.020804115,2023,D9,Noise,853
17031080400,0.022432415,2023,D9,Noise,853
17031160100,0.10870144,2023,D9,Noise,853
17031160200,0.10803334,2023,D9,Noise,853
17031160300,0.10858377,2023,D9,Noise,853
17031160400,0.10783686,2023,D9,Noise,853
17031160700,0.10719179,2023,D9,Noise,853
17031221300,0.06506468,2023,D9,Noise,853
17031221500,0.06554039,2023,D9,Noise,853
17031221400,0.065241456,2023,D9,Noise,853
17031250600,0.025270822,2023,D9,Noise,853
17031250700,0.025574077,2023,D9,Noise,853
17031250800,0.026000658,2023,D9,Noise,853
17031251000,0.024793774,2023,D9,Noise,853
17031251100,0.02626349,2023,D9,Noise,853
17031051400,0.065403566,2023,D9,Noise,853
17031060100,0.06431598,2023,D9,Noise,853
17031060300,0.063522466,2023,D9,Noise,853
17031060800,0.032564055,2023,D9,Noise,853
17031160800,0.10832498,2023,D9,Noise,853
17031160900,0.10828396,2023,D9,Noise,853
17031161000,0.10862133,2023,D9,Noise,853
17031161100,0.10842544,2023,D9,Noise,853
17031161200,0.10965845,2023,D9,Noise,853
17031161300,0.10817595,2023,D9,Noise,853
17031170100,0.10852197,2023,D9,Noise,853
17031221600,0.06528845,2023,D9,Noise,853
17031242100,0.02202509,2023,D9,Noise,853
17031242000,0.02219757,2023,D9,Noise,853
17031251200,0.026254985,2023,D9,Noise,853
17031251300,0.024746887,2023,D9,Noise,853
17031051300,0.021014407,2023,D9,Noise,853
17031600700,0.016180959,2023,D9,Noise,853
17031600900,0.013717626,2023,D9,Noise,853
17031821200,-0.0068437327,2023,D9,Noise,853
17031672000,-0.0067989836,2023,D9,Noise,853
17031710900,-0.0073235724,2023,D9,Noise,853
17031711000,-0.010789437,2023,D9,Noise,853
17031711100,-0.007184096,2023,D9,Noise,853
17031711200,-0.007235624,2023,D9,Noise,853
17031711500,-0.0067944257,2023,D9,Noise,853
17031711300,-0.007290503,2023,D9,Noise,853
17031711400,-0.010304619,2023,D9,Noise,853
17031270500,0.02631149,2023,D9,Noise,853
17031271200,0.0061621284,2023,D9,Noise,853
17031271300,0.025949234,2023,D9,Noise,853
17031271400,0.025929783,2023,D9,Noise,853
17031350100,0.0085422415,2023,D9,Noise,853
17031350400,0.008489778,2023,D9,Noise,853
17031351000,0.0070474492,2023,D9,Noise,853
17031351400,0.005652638,2023,D9,Noise,853
17031360200,0.010024455,2023,D9,Noise,853
17031430400,-0.0074512106,2023,D9,Noise,853
17031430600,-0.010794207,2023,D9,Noise,853
17031430800,-0.0064976197,2023,D9,Noise,853
17031430500,-0.008490377,2023,D9,Noise,853
17031430900,-0.0079503395,2023,D9,Noise,853
17031610300,0.014218661,2023,D9,Noise,853
17031681000,-0.0070315977,2023,D9,Noise,853
17031681100,-0.0074389125,2023,D9,Noise,853
17031680500,-0.0029831685,2023,D9,Noise,853
17031680900,-0.0073018405,2023,D9,Noise,853
17031720100,-0.011163364,2023,D9,Noise,853
17031720200,-0.011064246,2023,D9,Noise,853
17031720300,-0.009494485,2023,D9,Noise,853
17031720400,-0.013090242,2023,D9,Noise,853
17031720500,-0.011554371,2023,D9,Noise,853
17031720600,-0.011303421,2023,D9,Noise,853
17031720700,-0.0096726995,2023,D9,Noise,853
17031040600,0.10815996,2023,D9,Noise,853
17031040700,0.10821649,2023,D9,Noise,853
17031040800,0.10885987,2023,D9,Noise,853
17031825801,-0.006093152,2023,D9,Noise,853
17031380100,0.008458196,2023,D9,Noise,853
17031380200,0.009227204,2023,D9,Noise,853
17031431200,-0.0082353875,2023,D9,Noise,853
17031810200,0.11132854,2023,D9,Noise,853
17031810301,0.11140953,2023,D9,Noise,853
17031050100,0.06253047,2023,D9,Noise,853
17031610800,0.01629912,2023,D9,Noise,853
17031611300,0.016312756,2023,D9,Noise,853
17031611400,0.016512668,2023,D9,Noise,853
17031611500,0.012859043,2023,D9,Noise,853
17031611900,0.01697169,2023,D9,Noise,853
17031681200,-0.0071013607,2023,D9,Noise,853
17031810400,0.10974308,2023,D9,Noise,853
17031810701,0.07610913,2023,D9,Noise,853
17031810702,0.076714545,2023,D9,Noise,853
17031810600,0.110992745,2023,D9,Noise,853
17031691200,-0.007228052,2023,D9,Noise,853
17031691100,-0.0070273103,2023,D9,Noise,853
17031730100,-0.0078252675,2023,D9,Noise,853
17031730300,-0.0075228745,2023,D9,Noise,853
17031730400,-0.007392927,2023,D9,Noise,853
17031730500,-0.007448652,2023,D9,Noise,853
17031730600,-0.007555083,2023,D9,Noise,853
17031381200,-0.006585937,2023,D9,Noise,853
17031381400,-0.0060804724,2023,D9,Noise,853
17031381700,,2023,D9,Noise,853
17031440300,-0.0073754555,2023,D9,Noise,853
17031810800,0.076476425,2023,D9,Noise,853
17031810900,0.07676776,2023,D9,Noise,853
17031612000,0.016838253,2023,D9,Noise,853
17031612100,-0.002904202,2023,D9,Noise,853
17031620100,0.011645695,2023,D9,Noise,853
17031620200,0.013435511,2023,D9,Noise,853
17031620300,0.013672888,2023,D9,Noise,853
17031620400,0.01370424,2023,D9,Noise,853
17031810501,0.097317874,2023,D9,Noise,853
17031810502,0.110235885,2023,D9,Noise,853
17031812200,0.028255247,2023,D9,Noise,853
17031826600,-0.006140193,2023,D9,Noise,853
17031730700,-0.008225154,2023,D9,Noise,853
17031740100,-0.013288475,2023,D9,Noise,853
17031740200,-0.011494262,2023,D9,Noise,853
17031740300,-0.010336395,2023,D9,Noise,853
17031740400,-0.012524635,2023,D9,Noise,853
17031381800,-0.004303065,2023,D9,Noise,853
17031381900,-0.0047429777,2023,D9,Noise,853
17031390100,0.0071128435,2023,D9,Noise,853
17031390200,0.0066566058,2023,D9,Noise,853
17031390300,0.0069381795,2023,D9,Noise,853
17031390400,0.0074203424,2023,D9,Noise,853
17031390500,0.0061454847,2023,D9,Noise,853
17031390600,0.005240554,2023,D9,Noise,853
17031812500,0.028642686,2023,D9,Noise,853
17031440600,-0.0070585087,2023,D9,Noise,853
17031440900,-0.00968057,2023,D9,Noise,853
17031440700,-0.007318711,2023,D9,Noise,853
17031440800,-0.0066304663,2023,D9,Noise,853
17031630300,0.010199703,2023,D9,Noise,853
17031630500,0.013212715,2023,D9,Noise,853
17031630800,0.011269284,2023,D9,Noise,853
17031630900,0.011829163,2023,D9,Noise,853
17031640100,0.010026906,2023,D9,Noise,853
17031640300,0.007890014,2023,D9,Noise,853
17031750100,-0.0075356234,2023,D9,Noise,853
17031750200,-0.010980444,2023,D9,Noise,853
17031750300,-0.0101329265,2023,D9,Noise,853
17031750400,-0.013070757,2023,D9,Noise,853
17031750500,-0.01150938,2023,D9,Noise,853
17031282700,-0.007537706,2023,D9,Noise,853
17031282800,-0.007974284,2023,D9,Noise,853
17031400300,-0.00671228,2023,D9,Noise,853
17031400500,-0.0044577075,2023,D9,Noise,853
17031400800,-0.006947559,2023,D9,Noise,853
17031410500,-0.0073814867,2023,D9,Noise,853
17031410600,0.0042771576,2023,D9,Noise,853
17031460100,0.00040965597,2023,D9,Noise,853
17031450300,-0.011453252,2023,D9,Noise,853
17031460200,-0.007529736,2023,D9,Noise,853
17031640400,0.008221133,2023,D9,Noise,853
17031640500,0.007750555,2023,D9,Noise,853
17031640600,0.010111566,2023,D9,Noise,853
17031640700,0.01034103,2023,D9,Noise,853
17031640800,0.010345565,2023,D9,Noise,853
17031650100,0.0075653815,2023,D9,Noise,853
17031650200,0.0074857227,2023,D9,Noise,853
17031750600,-0.0076208697,2023,D9,Noise,853
17031812600,0.028272936,2023,D9,Noise,853
17031820300,0.015564972,2023,D9,Noise,853
17031820400,0.01584873,2023,D9,Noise,853
17031820902,0.012383951,2023,D9,Noise,853
17031283100,0.006070516,2023,D9,Noise,853
17031283800,0.0078141615,2023,D9,Noise,853
17031410700,0.004302446,2023,D9,Noise,853
17031410800,0.0040656016,2023,D9,Noise,853
17031411100,0.004497141,2023,D9,Noise,853
17031411200,0.0042483136,2023,D9,Noise,853
17031460400,-0.007968206,2023,D9,Noise,853
17031460500,-0.010393522,2023,D9,Noise,853
17031461000,-0.011101986,2023,D9,Noise,853
17031813000,0.028274463,2023,D9,Noise,853
17031813100,0.014160032,2023,D9,Noise,853
17031821102,0.01332751,2023,D9,Noise,853
17031420100,0.0010587994,2023,D9,Noise,853
17031420200,-0.007903445,2023,D9,Noise,853
17031420400,-0.01076328,2023,D9,Noise,853
17031420700,-0.010424834,2023,D9,Noise,853
17031805402,0.11030456,2023,D9,Noise,853
17031420800,-0.008349687,2023,D9,Noise,853
17031470100,-0.011364045,2023,D9,Noise,853
17031480100,-0.010944866,2023,D9,Noise,853
17031480200,-0.01064375,2023,D9,Noise,853
17031480300,-0.010629885,2023,D9,Noise,853
17031480400,-0.008934836,2023,D9,Noise,853
17031805502,0.110262476,2023,D9,Noise,853
17031805600,0.110529795,2023,D9,Noise,853
17031650400,0.010541989,2023,D9,Noise,853
17031650500,0.0072312932,2023,D9,Noise,853
17031660400,0.0076770214,2023,D9,Noise,853
17031813400,0.014115236,2023,D9,Noise,853
17031821401,-0.0067300815,2023,D9,Noise,853
17031805702,0.110642724,2023,D9,Noise,853
17031821402,-0.0068151527,2023,D9,Noise,853
17031821600,-0.010237847,2023,D9,Noise,853
17031821700,-0.008922944,2023,D9,Noise,853
17031290900,0.011191264,2023,D9,Noise,853
17031291200,0.011151342,2023,D9,Noise,853
17031421200,-0.007274521,2023,D9,Noise,853
17031271500,0.013212355,2023,D9,Noise,853
17031292200,0.010954072,2023,D9,Noise,853
17031292400,0.012173625,2023,D9,Noise,853
17031292500,0.012166334,2023,D9,Noise,853
17031271800,0.013156368,2023,D9,Noise,853
17031280100,0.019823208,2023,D9,Noise,853
17031280400,0.021169016,2023,D9,Noise,853
17031300600,0.012310386,2023,D9,Noise,853
17031300700,0.012209433,2023,D9,Noise,853
17031301100,0.010843387,2023,D9,Noise,853
17031301200,0.0104201175,2023,D9,Noise,853
17031480500,-0.007545447,2023,D9,Noise,853
17031490500,-0.010900615,2023,D9,Noise,853
17031520200,-0.012291951,2023,D9,Noise,853
17031520300,-0.007977196,2023,D9,Noise,853
17031520400,-0.012195544,2023,D9,Noise,853
17031520500,-0.00698072,2023,D9,Noise,853
17031520600,-0.006847824,2023,D9,Noise,853
17031660500,0.008719529,2023,D9,Noise,853
17031660600,0.009932106,2023,D9,Noise,853
17031660700,0.010047335,2023,D9,Noise,853
17031660800,0.010238246,2023,D9,Noise,853
17031660900,0.00903242,2023,D9,Noise,853
17031661000,-0.011144197,2023,D9,Noise,853
17031280900,0.0072746156,2023,D9,Noise,853
17031301600,0.012605042,2023,D9,Noise,853
17031490600,-0.0072825383,2023,D9,Noise,853
17031490700,-0.0058957827,2023,D9,Noise,853
17031490800,-0.007644235,2023,D9,Noise,853
17031491000,-0.007563868,2023,D9,Noise,853
17031491100,-0.0076275007,2023,D9,Noise,853
17031530200,-0.008418521,2023,D9,Noise,853
17031530300,-0.007595403,2023,D9,Noise,853
17031530400,-0.0077326167,2023,D9,Noise,853
17031530600,-0.0108646825,2023,D9,Noise,853
17031560100,0.013365722,2023,D9,Noise,853
17031670200,0.016928237,2023,D9,Noise,853
17031670300,0.017011274,2023,D9,Noise,853
17031670400,0.017436782,2023,D9,Noise,853
17031661100,0.010708697,2023,D9,Noise,853
17031670100,-0.0029898146,2023,D9,Noise,853
17031670600,0.014455982,2023,D9,Noise,853
17031670700,-0.005984085,2023,D9,Noise,853
17031670800,-0.0034634257,2023,D9,Noise,853
17031670900,-0.0031134412,2023,D9,Noise,853
17031260900,0.012194469,2023,D9,Noise,853
17031261000,0.011191717,2023,D9,Noise,853
17031281900,0.019852104,2023,D9,Noise,853
17031310200,0.0040547787,2023,D9,Noise,853
17031310300,0.0058496105,2023,D9,Noise,853
17031310400,0.007848636,2023,D9,Noise,853
17031310500,0.0067123375,2023,D9,Noise,853
17031491200,-0.010183877,2023,D9,Noise,853
17031491300,-0.006871336,2023,D9,Noise,853
17031491400,-0.011323401,2023,D9,Noise,853
17031500100,-0.009794941,2023,D9,Noise,853
17031500200,-0.011523072,2023,D9,Noise,853
17031500300,-0.010310344,2023,D9,Noise,853
17031560200,0.013804611,2023,D9,Noise,853
17031560300,0.013746496,2023,D9,Noise,853
17031560700,0.011242174,2023,D9,Noise,853
17031560800,0.012282555,2023,D9,Noise,853
17031560900,0.014138995,2023,D9,Noise,853
17031561000,0.0137544125,2023,D9,Noise,853
17031010300,0.06368098,2023,D9,Noise,853
17031010600,0.063645005,2023,D9,Noise,853
17031020100,0.10997869,2023,D9,Noise,853
17031280800,0.0074032694,2023,D9,Noise,853
17031420300,-0.00717962,2023,D9,Noise,853
17031806600,0.10962315,2023,D9,Noise,853
17031100200,0.10750839,2023,D9,Noise,853
17031020200,0.108093746,2023,D9,Noise,853
17031130200,0.1078307,2023,D9,Noise,853
17031020400,0.108351104,2023,D9,Noise,853
17031080202,0.02217275,2023,D9,Noise,853
17031240200,0.022259694,2023,D9,Noise,853
17031611800,0.017062806,2023,D9,Noise,853
17031060200,0.064355575,2023,D9,Noise,853
17031221200,0.09763017,2023,D9,Noise,853
17031826500,-0.007068713,2023,D9,Noise,853
17031061200,0.031197822,2023,D9,Noise,853
17031808200,0.11050294,2023,D9,Noise,853
17031030200,0.062834136,2023,D9,Noise,853
17031030300,0.064128965,2023,D9,Noise,853
17031030400,0.063163355,2023,D9,Noise,853
17031030900,0.06280461,2023,D9,Noise,853
17031031000,0.06317584,2023,D9,Noise,853
17031980000,,2023,D9,Noise,853
17031600600,-0.0028373466,2023,D9,Noise,853
17031811900,0.028602486,2023,D9,Noise,853
17031420600,-0.007090174,2023,D9,Noise,853
17031110100,0.10753741,2023,D9,Noise,853
17031031400,0.030615672,2023,D9,Noise,853
17031040900,0.10772062,2023,D9,Noise,853
17031050200,0.108049706,2023,D9,Noise,853
17031050300,0.10957848,2023,D9,Noise,853
17031071700,0.021174353,2023,D9,Noise,853
17031031800,0.0628502,2023,D9,Noise,853
17031811600,0.088021815,2023,D9,Noise,853
17031031700,0.063838765,2023,D9,Noise,853
17031610400,0.014587958,2023,D9,Noise,853
17031050600,0.06222572,2023,D9,Noise,853
17031050500,0.10840155,2023,D9,Noise,853
17031071600,0.022557944,2023,D9,Noise,853
17031671400,-0.006603246,2023,D9,Noise,853
17031062300,0.0305441,2023,D9,Noise,853
17031630400,0.01130102,2023,D9,Noise,853
17031822802,-0.00868416,2023,D9,Noise,853
17031010100,0.0645306,2023,D9,Noise,853
17031680600,-0.0037116539,2023,D9,Noise,853
17031807800,0.110357,2023,D9,Noise,853
17031811100,0.07714188,2023,D9,Noise,853
17031030500,0.06308154,2023,D9,Noise,853
17031020500,0.10839661,2023,D9,Noise,853
17031081300,0.02010047,2023,D9,Noise,853
17031081000,0.020418892,2023,D9,Noise,853
17031130100,0.107501216,2023,D9,Noise,853
17043840000,0.08926885,2023,D9,Noise,853
17031170200,0.10827109,2023,D9,Noise,853
17031170300,0.109512694,2023,D9,Noise,853
17031170400,0.09322995,2023,D9,Noise,853
17031170500,0.09523714,2023,D9,Noise,853
17031170600,0.086722955,2023,D9,Noise,853
17031170700,0.084723055,2023,D9,Noise,853
17031170800,0.09519249,2023,D9,Noise,853
17031251400,0.024626778,2023,D9,Noise,853
17031260300,0.024761923,2023,D9,Noise,853
17031260500,0.02445019,2023,D9,Noise,853
17031260600,0.02743389,2023,D9,Noise,853
17031260700,0.025681099,2023,D9,Noise,853
17031260800,0.025529584,2023,D9,Noise,853
17031050700,0.06437745,2023,D9,Noise,853
17031050900,0.109211996,2023,D9,Noise,853
17031051000,0.107975364,2023,D9,Noise,853
17031051100,0.10833859,2023,D9,Noise,853
17031051200,0.06406531,2023,D9,Noise,853
17031170900,0.08464755,2023,D9,Noise,853
17031171000,0.09520701,2023,D9,Noise,853
17031171100,0.10813193,2023,D9,Noise,853
17031180100,0.08389324,2023,D9,Noise,853
17031190100,0.09782542,2023,D9,Noise,853
17031222200,0.06518151,2023,D9,Noise,853
17031222500,0.06558409,2023,D9,Noise,853
17031222600,0.0653514,2023,D9,Noise,853
17031251500,0.025810637,2023,D9,Noise,853
17031251600,0.026044033,2023,D9,Noise,853
17031251700,0.024677642,2023,D9,Noise,853
17031251800,0.026148193,2023,D9,Noise,853
17031251900,0.024753844,2023,D9,Noise,853
17031252000,0.026146252,2023,D9,Noise,853
17031130300,0.1082634,2023,D9,Noise,853
17031190200,0.09718554,2023,D9,Noise,853
17031190300,0.09716937,2023,D9,Noise,853
17031190800,0.09704347,2023,D9,Noise,853
17031260100,0.024729302,2023,D9,Noise,853
17031260200,0.024281183,2023,D9,Noise,853
17031530100,-0.00776326,2023,D9,Noise,853
17031061800,0.032384396,2023,D9,Noise,853
17031823400,-0.009097004,2023,D9,Noise,853
17031821500,-0.0069184783,2023,D9,Noise,853
17031410200,0.0059533473,2023,D9,Noise,853
17031222900,0.098505795,2023,D9,Noise,853
17031241000,0.018084155,2023,D9,Noise,853
17031190900,0.098620854,2023,D9,Noise,853
17031191200,0.09835856,2023,D9,Noise,853
17031200100,0.099003896,2023,D9,Noise,853
17031200200,0.09902485,2023,D9,Noise,853
17031200300,0.098823816,2023,D9,Noise,853
17031222700,0.098866,2023,D9,Noise,853
17031230100,0.06537263,2023,D9,Noise,853
17031230200,0.06604556,2023,D9,Noise,853
17031230300,0.065873474,2023,D9,Noise,853
17031230400,0.098332204,2023,D9,Noise,853
17031230500,0.098552376,2023,D9,Noise,853
17031351100,0.00797319,2023,D9,Noise,853
17031807600,0.11054196,2023,D9,Noise,853
17031770500,0.0945027,2023,D9,Noise,853
17031611700,0.017282305,2023,D9,Noise,853
17031300500,0.011013381,2023,D9,Noise,853
17031381500,-0.0062897666,2023,D9,Noise,853
17031420500,-0.011677712,2023,D9,Noise,853
17031811500,0.088214725,2023,D9,Noise,853
17031081500,0.021108214,2023,D9,Noise,853
17031081600,0.021231482,2023,D9,Noise,853
17031081700,0.021121928,2023,D9,Noise,853
17031081800,0.020038791,2023,D9,Noise,853
17031081900,0.02255436,2023,D9,Noise,853
17031222800,0.09891297,2023,D9,Noise,853
17031050800,0.1085837,2023,D9,Noise,853
17031210100,0.107195884,2023,D9,Noise,853
17031210400,0.099197365,2023,D9,Noise,853
17031230700,0.018752303,2023,D9,Noise,853
17031230800,0.018712891,2023,D9,Noise,853
17031230900,0.018973323,2023,D9,Noise,853
17031820502,0.012943568,2023,D9,Noise,853
17031820901,0.011904289,2023,D9,Noise,853
17031550200,-0.008741168,2023,D9,Noise,853
17031823200,-0.0104561495,2023,D9,Noise,853
17031823304,-0.009457512,2023,D9,Noise,853
17031670500,0.017509287,2023,D9,Noise,853
17031820700,0.0141343055,2023,D9,Noise,853
17031580800,0.012751915,2023,D9,Noise,853
17031230600,0.04996654,2023,D9,Noise,853
17031242300,0.014227016,2023,D9,Noise,853
17031242200,0.022027496,2023,D9,Noise,853
17031032100,0.02908648,2023,D9,Noise,853
17031811701,0.08885673,2023,D9,Noise,853
17031820800,0.014812975,2023,D9,Noise,853
17031300800,0.011368619,2023,D9,Noise,853
17031060900,0.03204493,2023,D9,Noise,853
17031061000,0.03117364,2023,D9,Noise,853
17031210700,0.097667806,2023,D9,Noise,853
17031291600,0.013270672,2023,D9,Noise,853
17031400400,-0.006056845,2023,D9,Noise,853
17031191100,0.097196564,2023,D9,Noise,853
17031120100,0.10953662,2023,D9,Noise,853
17031611200,0.014459858,2023,D9,Noise,853
17031300900,0.010391494,2023,D9,Noise,853
17031061100,0.029313074,2023,D9,Noise,853
17031061500,0.03026527,2023,D9,Noise,853
17031062000,0.032341093,2023,D9,Noise,853
17031062100,0.03128822,2023,D9,Noise,853
17031062200,0.03125193,2023,D9,Noise,853
17031090200,0.10826468,2023,D9,Noise,853
17031090100,0.10940112,2023,D9,Noise,853
17031826401,-0.006976709,2023,D9,Noise,853
17031260400,0.025710763,2023,D9,Noise,853
17031351500,0.0070396494,2023,D9,Noise,853
17031811200,0.07899227,2023,D9,Noise,853
17031770800,0.08801742,2023,D9,Noise,853
17031210800,0.09778669,2023,D9,Noise,853
17031210900,0.098091714,2023,D9,Noise,853
17031081100,0.021589577,2023,D9,Noise,853
17031241200,0.018779207,2023,D9,Noise,853
17031031200,0.063887626,2023,D9,Noise,853
17031062500,0.03045657,2023,D9,Noise,853
17031062600,0.020601047,2023,D9,Noise,853
17031062700,0.020485053,2023,D9,Noise,853
17031062800,0.020489627,2023,D9,Noise,853
17031062900,0.030652134,2023,D9,Noise,853
17031063000,0.02830462,2023,D9,Noise,853
17031062400,0.031374086,2023,D9,Noise,853
17031063100,0.031498283,2023,D9,Noise,853
17031063400,0.02227019,2023,D9,Noise,853
17031090300,0.108424224,2023,D9,Noise,853
17031100100,0.10747689,2023,D9,Noise,853
17031100300,0.109401576,2023,D9,Noise,853
17031140100,0.10808702,2023,D9,Noise,853
17031140200,0.10815507,2023,D9,Noise,853
17031140400,0.10777007,2023,D9,Noise,853
17031140500,0.10830332,2023,D9,Noise,853
17031242700,0.018271342,2023,D9,Noise,853
17031070200,0.020501863,2023,D9,Noise,853
17031070300,0.021886297,2023,D9,Noise,853
17031070400,0.021922167,2023,D9,Noise,853
17031070500,0.021840269,2023,D9,Noise,853
17031070600,0.022515964,2023,D9,Noise,853
17031070700,0.020149954,2023,D9,Noise,853
17031100400,0.10830969,2023,D9,Noise,853
17031100600,0.10920854,2023,D9,Noise,853
17031100700,0.1098402,2023,D9,Noise,853
17031110200,0.10774584,2023,D9,Noise,853
17031150200,0.10805275,2023,D9,Noise,853
17031150300,0.10802125,2023,D9,Noise,853
17031140800,0.10809986,2023,D9,Noise,853
17031231200,0.01888374,2023,D9,Noise,853
17031231100,0.018739134,2023,D9,Noise,853
17031242400,0.018375546,2023,D9,Noise,853
17031242500,0.018358525,2023,D9,Noise,853
17031120200,0.1073439,2023,D9,Noise,853
17031120300,0.10950041,2023,D9,Noise,853
17031120400,0.10733325,2023,D9,Noise,853
17031231500,0.0048075607,2023,D9,Noise,853
17031071100,0.02196257,2023,D9,Noise,853
17031071000,0.022049597,2023,D9,Noise,853
17031071200,0.022241365,2023,D9,Noise,853
17031071300,0.022417804,2023,D9,Noise,853
17031110300,0.109665975,2023,D9,Noise,853
17031220300,0.09758984,2023,D9,Noise,853
17031220400,0.09780087,2023,D9,Noise,853
17031220500,0.09783001,2023,D9,Noise,853
17031240300,0.021847358,2023,D9,Noise,853
17031240500,0.06547042,2023,D9,Noise,853
17031060400,0.062851965,2023,D9,Noise,853
17031060500,0.031299092,2023,D9,Noise,853
17031240800,0.06538752,2023,D9,Noise,853
17031240600,0.065305986,2023,D9,Noise,853
17031240700,0.06570452,2023,D9,Noise,853
17031240900,0.01865964,2023,D9,Noise,853
17031242600,0.018283749,2023,D9,Noise,853
17031310600,0.0061204834,2023,D9,Noise,853
17031310700,-0.0043998486,2023,D9,Noise,853
17031310800,-0.005461426,2023,D9,Noise,853
17031020602,0.10750352,2023,D9,Noise,853
17031310900,-0.00548946,2023,D9,Noise,853
17031510100,-0.008798244,2023,D9,Noise,853
17031510200,-0.007627473,2023,D9,Noise,853
17031561100,0.013933259,2023,D9,Noise,853
17031190701,0.09825722,2023,D9,Noise,853
17031020901,0.108856946,2023,D9,Noise,853
17031010202,0.06300199,2023,D9,Noise,853
17031570100,0.012013252,2023,D9,Noise,853
17031570200,0.012129432,2023,D9,Noise,853
17031570300,0.0116827395,2023,D9,Noise,853
17031570400,0.013122251,2023,D9,Noise,853
17031570500,0.012077614,2023,D9,Noise,853
17031690400,-0.007148773,2023,D9,Noise,853
17031691300,-0.010569022,2023,D9,Noise,853
17031691400,-0.010394689,2023,D9,Noise,853
17031691500,-0.0073442855,2023,D9,Noise,853
17031320400,0.019896679,2023,D9,Noise,853
17031580100,0.0122814085,2023,D9,Noise,853
17031580200,0.011252366,2023,D9,Noise,853
17031580300,0.012378829,2023,D9,Noise,853
17031580400,0.011139584,2023,D9,Noise,853
17031580600,0.010556721,2023,D9,Noise,853
17031580700,0.012724123,2023,D9,Noise,853
17031681300,-0.009182704,2023,D9,Noise,853
17031681400,-0.008113334,2023,D9,Noise,853
17031690300,-0.0069943117,2023,D9,Noise,853
17031690500,-0.009967672,2023,D9,Noise,853
17031690900,-0.010040507,2023,D9,Noise,853
17031691000,-0.008451147,2023,D9,Noise,853
17031700100,-0.014218235,2023,D9,Noise,853
17031700200,0.01078909,2023,D9,Noise,853
17031320600,0.0035699715,2023,D9,Noise,853
17031330200,0.005967545,2023,D9,Noise,853
17031590500,0.01235362,2023,D9,Noise,853
17031590600,0.01458456,2023,D9,Noise,853
17031671200,-0.0071924264,2023,D9,Noise,853
17031671100,-0.0063701137,2023,D9,Noise,853
17031671300,-0.006567424,2023,D9,Noise,853
17031671500,-0.010041248,2023,D9,Noise,853
17031671600,-0.0068750344,2023,D9,Noise,853
17031671800,-0.0061825966,2023,D9,Noise,853
17031671900,-0.0069611724,2023,D9,Noise,853
17031710100,-0.006501762,2023,D9,Noise,853
17031710200,-0.008619245,2023,D9,Noise,853
17031710400,-0.009930201,2023,D9,Noise,853
17031710500,-0.007268237,2023,D9,Noise,853
17031710600,-0.006374257,2023,D9,Noise,853
17031710800,-0.00725455,2023,D9,Noise,853
17031340300,0.008066244,2023,D9,Noise,853
17031340500,0.0078124776,2023,D9,Noise,853
17031340600,-0.0068257824,2023,D9,Noise,853
17031430200,-0.008347749,2023,D9,Noise,853
17031430300,-0.0074147,2023,D9,Noise,853
17031510300,-0.008161905,2023,D9,Noise,853
17031520100,-0.011145195,2023,D9,Noise,853
17031590700,0.016526889,2023,D9,Noise,853
17031600400,0.0062658843,2023,D9,Noise,853
17031813801,0.013809415,2023,D9,Noise,853
17031830600,0.0609527,2023,D9,Noise,853
17031830800,0.06293008,2023,D9,Noise,853
17031830700,0.059832517,2023,D9,Noise,853
17031830900,0.06555146,2023,D9,Noise,853
17031835200,0.012181191,2023,D9,Noise,853
17031839900,0.013719949,2023,D9,Noise,853
17031839700,0.013513574,2023,D9,Noise,853
17031839800,-0.004589482,2023,D9,Noise,853
17031834800,-0.006905428,2023,D9,Noise,853
17031834700,-0.0035762063,2023,D9,Noise,853
17031832000,0.031834062,2023,D9,Noise,853
17031832500,0.020604156,2023,D9,Noise,853
17031832300,0.02009388,2023,D9,Noise,853
17031838300,0.021070572,2023,D9,Noise,853
17031831800,0.10735087,2023,D9,Noise,853
17031831700,0.10869988,2023,D9,Noise,853
17031835100,0.013107071,2023,D9,Noise,853
17031835000,0.00926701,2023,D9,Noise,853
17031843700,0.10723269,2023,D9,Noise,853
17031220702,0.098284006,2023,D9,Noise,853
17031842100,0.026527897,2023,D9,Noise,853
17031843300,0.011274818,2023,D9,Noise,853
17031831100,0.10722432,2023,D9,Noise,853
17031831500,0.072693706,2023,D9,Noise,853
17031831600,0.07216283,2023,D9,Noise,853
17031831200,0.098659836,2023,D9,Noise,853
17031831000,0.02058882,2023,D9,Noise,853
17031843000,0.009667123,2023,D9,Noise,853
17031843100,0.010241358,2023,D9,Noise,853
17031842900,-0.0068552927,2023,D9,Noise,853
17031843500,0.009951384,2023,D9,Noise,853
17031842000,0.0041214186,2023,D9,Noise,853
17031770901,0.110961445,2023,D9,Noise,853
17031832400,0.06576755,2023,D9,Noise,853
17031832900,0.0056282384,2023,D9,Noise,853
17031840300,0.010077517,2023,D9,Noise,853
17031838600,0.011052201,2023,D9,Noise,853
17031839600,0.0056328895,2023,D9,Noise,853
17031834900,-0.0069657816,2023,D9,Noise,853
17031030603,0.06363399,2023,D9,Noise,853
17031832200,0.06523653,2023,D9,Noise,853
17031836700,0.01788235,2023,D9,Noise,853
17031836800,0.0065326644,2023,D9,Noise,853
17031836600,0.018626455,2023,D9,Noise,853
17031833000,0.019780204,2023,D9,Noise,853
17031842500,-0.007095274,2023,D9,Noise,853
17031841800,-0.007273616,2023,D9,Noise,853
17031980100,,2023,D9,Noise,853
17031842800,0.012551457,2023,D9,Noise,853
17031843800,-0.003516027,2023,D9,Noise,853
17031841000,0.004028181,2023,D9,Noise,853
17031843900,0.0017777013,2023,D9,Noise,853
17031834200,-0.008992757,2023,D9,Noise,853
17031842200,0.019619707,2023,D9,Noise,853
17031838000,0.018630886,2023,D9,Noise,853
17031010702,0.06172466,2023,D9,Noise,853
17031010503,0.06425437,2023,D9,Noise,853
17031010502,0.06478743,2023,D9,Noise,853
17031010701,0.06352992,2023,D9,Noise,853
17031020902,0.062486578,2023,D9,Noise,853
17031020302,0.10963942,2023,D9,Noise,853
17031020601,0.10848396,2023,D9,Noise,853
17031020301,0.10898268,2023,D9,Noise,853
17031760803,0.09477453,2023,D9,Noise,853
17031530501,-0.007725313,2023,D9,Noise,853
17031530503,-0.007700656,2023,D9,Noise,853
17031650301,0.007889923,2023,D9,Noise,853
17031650302,0.008953553,2023,D9,Noise,853
17031530502,-0.0074985996,2023,D9,Noise,853
17031831300,0.051802028,2023,D9,Noise,853
17031831400,0.01111306,2023,D9,Noise,853
17031837000,0.006189159,2023,D9,Noise,853
17031842400,-0.008137123,2023,D9,Noise,853
17031832100,0.031155694,2023,D9,Noise,853
17031020802,0.10814205,2023,D9,Noise,853
17031020702,0.108091354,2023,D9,Noise,853
17031020801,0.10794562,2023,D9,Noise,853
17031040202,0.10993188,2023,D9,Noise,853
17031040201,0.10769506,2023,D9,Noise,853
17031040402,0.06297013,2023,D9,Noise,853
17031031501,0.06489124,2023,D9,Noise,853
17031081201,0.021297053,2023,D9,Noise,853
17031063301,0.022018194,2023,D9,Noise,853
17031490901,-0.010680845,2023,D9,Noise,853
17031490902,-0.011185243,2023,D9,Noise,853
17031301801,0.010916453,2023,D9,Noise,853
17031700301,0.009144899,2023,D9,Noise,853
17031301702,0.012800429,2023,D9,Noise,853
17031700401,-0.013775783,2023,D9,Noise,853
17031837100,0.018778801,2023,D9,Noise,853
17031837400,-0.0093739545,2023,D9,Noise,853
17031837800,0.018029504,2023,D9,Noise,853
17031837300,0.011713181,2023,D9,Noise,853
17031841500,0.012380143,2023,D9,Noise,853
17031838700,0.012142661,2023,D9,Noise,853
17031150501,0.11075809,2023,D9,Noise,853
17031150401,0.1081081,2023,D9,Noise,853
17031150502,0.10798143,2023,D9,Noise,853
17031110502,0.10764833,2023,D9,Noise,853
17031150402,0.10872537,2023,D9,Noise,853
17031140302,0.109909475,2023,D9,Noise,853
17031140301,0.108042955,2023,D9,Noise,853
17031700302,0.011468191,2023,D9,Noise,853
17031580501,0.011361457,2023,D9,Noise,853
17031580502,0.0106482785,2023,D9,Noise,853
17031730201,-0.0075334786,2023,D9,Noise,853
17031301802,0.010530487,2023,D9,Noise,853
17031440101,-0.010956282,2023,D9,Noise,853
17031301701,0.010751987,2023,D9,Noise,853
17031839100,0.019888448,2023,D9,Noise,853
17031833100,0.01983218,2023,D9,Noise,853
17031838100,0.019745223,2023,D9,Noise,853
17031833300,0.005020589,2023,D9,Noise,853
17031838200,-0.0074905735,2023,D9,Noise,853
17031140702,0.10825005,2023,D9,Noise,853
17031140602,0.108328775,2023,D9,Noise,853
17031140701,0.10793689,2023,D9,Noise,853
17031160502,0.108395174,2023,D9,Noise,853
17031160602,0.10843348,2023,D9,Noise,853
17031151002,0.10953106,2023,D9,Noise,853
17031151001,0.10868709,2023,D9,Noise,853
17031190402,0.09850213,2023,D9,Noise,853
17031431301,-0.008275534,2023,D9,Noise,853
17031431302,-0.010957044,2023,D9,Noise,853
17031460302,-0.0073689567,2023,D9,Noise,853
17031460301,-0.010396339,2023,D9,Noise,853
17031700501,-0.01425009,2023,D9,Noise,853
17031700502,-0.010942055,2023,D9,Noise,853
17031210601,0.10893649,2023,D9,Noise,853
17031841100,0.004445561,2023,D9,Noise,853
17031840200,-0.00452883,2023,D9,Noise,853
17031841300,0.008748136,2023,D9,Noise,853
17031840700,0.009418225,2023,D9,Noise,853
17031841700,0.010244983,2023,D9,Noise,853
17031190602,0.09846686,2023,D9,Noise,853
17031190401,0.097094536,2023,D9,Noise,853
17031190702,0.09862554,2023,D9,Noise,853
17031191302,0.072233826,2023,D9,Noise,853
17031190601,0.083794326,2023,D9,Noise,853
17031191301,0.07095546,2023,D9,Noise,853
17031200402,0.09685232,2023,D9,Noise,853
17031200401,0.09772631,2023,D9,Noise,853
17031220902,0.09887696,2023,D9,Noise,853
17031210501,0.108725935,2023,D9,Noise,853
17031160601,0.109675944,2023,D9,Noise,853
17031061901,0.03196882,2023,D9,Noise,853
17031840800,0.010499643,2023,D9,Noise,853
17031030703,0.06449653,2023,D9,Noise,853
17031030702,0.065432936,2023,D9,Noise,853
17031440102,-0.010839111,2023,D9,Noise,853
17031440202,-0.0107792,2023,D9,Noise,853
17031830500,0.011401031,2023,D9,Noise,853
17031840100,0.0067098807,2023,D9,Noise,853
17031840400,0.015572204,2023,D9,Noise,853
17031839200,0.004099018,2023,D9,Noise,853
17031835500,0.014838027,2023,D9,Noise,853
17031030604,0.06491795,2023,D9,Noise,853
17031031502,0.06529176,2023,D9,Noise,853
17031081402,0.020443384,2023,D9,Noise,853
17031080201,0.022286074,2023,D9,Noise,853
17031760802,0.08358573,2023,D9,Noise,853
17031140601,0.10904768,2023,D9,Noise,853
17031070102,0.020890992,2023,D9,Noise,853
17031210502,0.09771097,2023,D9,Noise,853
17031540102,-0.007698617,2023,D9,Noise,853
17031700402,-0.013810777,2023,D9,Noise,853
17031030800,0.063021034,2023,D9,Noise,853
17031031100,0.06272304,2023,D9,Noise,853
17031812100,0.027869564,2023,D9,Noise,853
17031821900,-0.010052797,2023,D9,Noise,853
17031822000,-0.00906696,2023,D9,Noise,853
17031822101,-0.009863868,2023,D9,Noise,853
17031031300,0.06455857,2023,D9,Noise,853
17031031900,0.06466345,2023,D9,Noise,853
17031813500,0.014353628,2023,D9,Noise,853
17031822701,-0.008738067,2023,D9,Noise,853
17031822702,-0.009206475,2023,D9,Noise,853
17031822801,-0.010085201,2023,D9,Noise,853
17031814200,0.013746229,2023,D9,Noise,853
17031823303,-0.008725376,2023,D9,Noise,853
17031823500,-0.008502595,2023,D9,Noise,853
17031160501,0.10996221,2023,D9,Noise,853
17031040100,0.109825954,2023,D9,Noise,853
17031040300,0.10993827,2023,D9,Noise,853
17031825700,-0.0071199695,2023,D9,Noise,853
17031611600,0.01762319,2023,D9,Noise,853
17031340400,0.0071348087,2023,D9,Noise,853
17031770700,0.09515306,2023,D9,Noise,853
17031430700,0.0011418492,2023,D9,Noise,853
17031808100,0.110215195,2023,D9,Noise,853
17031191000,0.09862639,2023,D9,Noise,853
17031560400,0.01390278,2023,D9,Noise,853
17031710700,-0.0070747375,2023,D9,Noise,853
17031550100,-0.012652174,2023,D9,Noise,853
17031283200,0.0062924847,2023,D9,Noise,853
17031100500,0.10916349,2023,D9,Noise,853
17031710300,-0.0068441844,2023,D9,Noise,853
17043840801,0.08874226,2023,D9,Noise,853
17043840802,0.088880785,2023,D9,Noise,853
17031030101,0.0063316766,2014,D10,Traffic pressure,787
17031030701,0.006424317,2014,D10,Traffic pressure,787
17031070103,-0.02836257,2014,D10,Traffic pressure,787
17031807900,,2014,D10,Traffic pressure,787
17031808001,,2014,D10,Traffic pressure,787
17031808002,,2014,D10,Traffic pressure,787
17031770602,,2014,D10,Traffic pressure,787
17031831900,0.0082465,2014,D10,Traffic pressure,787
17031832600,-0.027335092,2014,D10,Traffic pressure,787
17031836900,-0.012646903,2014,D10,Traffic pressure,787
17031841200,0.0008394441,2014,D10,Traffic pressure,787
17031839500,-0.024208862,2014,D10,Traffic pressure,787
17031835800,-0.005914606,2014,D10,Traffic pressure,787
17031838800,-0.05577638,2014,D10,Traffic pressure,787
17031842300,-0.027865935,2014,D10,Traffic pressure,787
17031841900,-0.023486502,2014,D10,Traffic pressure,787
17031843200,-0.00530269,2014,D10,Traffic pressure,787
17031843400,0.0014641043,2014,D10,Traffic pressure,787
17031842600,0.0056603337,2014,D10,Traffic pressure,787
17031301803,0.0017880106,2014,D10,Traffic pressure,787
17031220701,-0.02570548,2014,D10,Traffic pressure,787
17031063302,-0.028153313,2014,D10,Traffic pressure,787
17031252201,-0.0029360866,2014,D10,Traffic pressure,787
17031660302,0.0010549501,2014,D10,Traffic pressure,787
17031660301,-0.018900624,2014,D10,Traffic pressure,787
17031730202,-0.051842667,2014,D10,Traffic pressure,787
17031813302,0.0024366928,2014,D10,Traffic pressure,787
17031813301,0.0027551265,2014,D10,Traffic pressure,787
17031835600,-0.033452716,2014,D10,Traffic pressure,787
17031840000,-0.0028188326,2014,D10,Traffic pressure,787
17031835700,,2014,D10,Traffic pressure,787
17031836100,-0.034044154,2014,D10,Traffic pressure,787
17031834600,-0.033489518,2014,D10,Traffic pressure,787
17031843600,-0.05325731,2014,D10,Traffic pressure,787
17031030102,0.0062609725,2014,D10,Traffic pressure,787
17031030706,0.006498959,2014,D10,Traffic pressure,787
17031030601,0.006089017,2014,D10,Traffic pressure,787
17031063303,-0.027471546,2014,D10,Traffic pressure,787
17031220901,-0.025859505,2014,D10,Traffic pressure,787
17031210602,-0.025052115,2014,D10,Traffic pressure,787
17031220602,-0.025185388,2014,D10,Traffic pressure,787
17031220601,-0.024292408,2014,D10,Traffic pressure,787
17031040401,0.011431705,2014,D10,Traffic pressure,787
17031252202,-0.0028140582,2014,D10,Traffic pressure,787
17031252102,-0.0027817911,2014,D10,Traffic pressure,787
17031836300,-0.053477965,2014,D10,Traffic pressure,787
17031834500,-0.033477534,2014,D10,Traffic pressure,787
17031835900,-0.024522064,2014,D10,Traffic pressure,787
17031836000,-0.024323747,2014,D10,Traffic pressure,787
17031836200,-0.033394556,2014,D10,Traffic pressure,787
17031834400,-0.05367398,2014,D10,Traffic pressure,787
17031834300,-0.0548412,2014,D10,Traffic pressure,787
17031110501,0.011675261,2014,D10,Traffic pressure,787
17031030104,0.004958138,2014,D10,Traffic pressure,787
17031081401,-0.027135551,2014,D10,Traffic pressure,787
17031770902,0.024769424,2014,D10,Traffic pressure,787
17031430101,-0.075878784,2014,D10,Traffic pressure,787
17031252101,0.0018637602,2014,D10,Traffic pressure,787
17031010501,0.005495958,2014,D10,Traffic pressure,787
17031020701,0.011907065,2014,D10,Traffic pressure,787
17031010201,0.005516425,2014,D10,Traffic pressure,787
17031760801,0.0119693335,2014,D10,Traffic pressure,787
17031839000,-0.024370637,2014,D10,Traffic pressure,787
17031440201,-0.053242926,2014,D10,Traffic pressure,787
17031540101,-0.054581176,2014,D10,Traffic pressure,787
17031834000,-0.053355165,2014,D10,Traffic pressure,787
17031833900,-0.05562164,2014,D10,Traffic pressure,787
17031221000,-0.02446338,2014,D10,Traffic pressure,787
17031221100,-0.025654364,2014,D10,Traffic pressure,787
17031242800,-0.028027358,2014,D10,Traffic pressure,787
17031242900,-0.028058467,2014,D10,Traffic pressure,787
17031243000,-0.029170271,2014,D10,Traffic pressure,787
17031243100,-0.02850216,2014,D10,Traffic pressure,787
17031243200,-0.028717233,2014,D10,Traffic pressure,787
17031243300,-0.028710114,2014,D10,Traffic pressure,787
17031243400,-0.029060366,2014,D10,Traffic pressure,787
17031110400,0.010914262,2014,D10,Traffic pressure,787
17031150600,0.0108055025,2014,D10,Traffic pressure,787
17031150700,0.011995342,2014,D10,Traffic pressure,787
17031150800,0.010940129,2014,D10,Traffic pressure,787
17031151100,0.011011263,2014,D10,Traffic pressure,787
17031151200,0.012288978,2014,D10,Traffic pressure,787
17031241500,-0.028289013,2014,D10,Traffic pressure,787
17031241100,-0.027650647,2014,D10,Traffic pressure,787
17031241600,-0.028510533,2014,D10,Traffic pressure,787
17031241300,-0.027634665,2014,D10,Traffic pressure,787
17031241400,-0.028067347,2014,D10,Traffic pressure,787
17031243500,-0.027247336,2014,D10,Traffic pressure,787
17031250200,-0.026835345,2014,D10,Traffic pressure,787
17031250300,0.0034999214,2014,D10,Traffic pressure,787
17031250400,0.0036129928,2014,D10,Traffic pressure,787
17031250500,0.0041044755,2014,D10,Traffic pressure,787
17031071500,-0.026851505,2014,D10,Traffic pressure,787
17031071800,-0.027624333,2014,D10,Traffic pressure,787
17031080100,-0.0275869,2014,D10,Traffic pressure,787
17031080300,-0.027127579,2014,D10,Traffic pressure,787
17031080400,-0.027846549,2014,D10,Traffic pressure,787
17031160100,0.012091629,2014,D10,Traffic pressure,787
17031160200,0.012836283,2014,D10,Traffic pressure,787
17031160300,0.011250617,2014,D10,Traffic pressure,787
17031160400,0.011611279,2014,D10,Traffic pressure,787
17031160700,0.012287898,2014,D10,Traffic pressure,787
17031221300,-0.024398275,2014,D10,Traffic pressure,787
17031221500,-0.024759917,2014,D10,Traffic pressure,787
17031221400,-0.024807248,2014,D10,Traffic pressure,787
17031250600,-0.0018898332,2014,D10,Traffic pressure,787
17031250700,-0.0018785195,2014,D10,Traffic pressure,787
17031250800,-0.0022631646,2014,D10,Traffic pressure,787
17031251000,-0.0020722374,2014,D10,Traffic pressure,787
17031251100,-0.0022162437,2014,D10,Traffic pressure,787
17031051400,-0.023466913,2014,D10,Traffic pressure,787
17031060100,0.0064412486,2014,D10,Traffic pressure,787
17031060300,0.0071203783,2014,D10,Traffic pressure,787
17031060800,0.008246319,2014,D10,Traffic pressure,787
17031160800,0.0117828995,2014,D10,Traffic pressure,787
17031160900,0.012229247,2014,D10,Traffic pressure,787
17031161000,0.011366932,2014,D10,Traffic pressure,787
17031161100,0.011488007,2014,D10,Traffic pressure,787
17031161200,0.012577005,2014,D10,Traffic pressure,787
17031161300,0.011461001,2014,D10,Traffic pressure,787
17031170100,0.013413081,2014,D10,Traffic pressure,787
17031221600,-0.024539229,2014,D10,Traffic pressure,787
17031242100,-0.028702779,2014,D10,Traffic pressure,787
17031242000,-0.028400905,2014,D10,Traffic pressure,787
17031251200,-0.0028418452,2014,D10,Traffic pressure,787
17031251300,-0.0023685237,2014,D10,Traffic pressure,787
17031051300,-0.029588101,2014,D10,Traffic pressure,787
17031600700,0.0049221516,2014,D10,Traffic pressure,787
17031600900,0.0049131135,2014,D10,Traffic pressure,787
17031821200,,2014,D10,Traffic pressure,787
17031672000,-0.051935714,2014,D10,Traffic pressure,787
17031710900,-0.052875496,2014,D10,Traffic pressure,787
17031711000,-0.051654436,2014,D10,Traffic pressure,787
17031711100,-0.051372837,2014,D10,Traffic pressure,787
17031711200,-0.05132467,2014,D10,Traffic pressure,787
17031711500,-0.05215525,2014,D10,Traffic pressure,787
17031711300,-0.050971188,2014,D10,Traffic pressure,787
17031711400,-0.05250772,2014,D10,Traffic pressure,787
17031270500,-0.0028825132,2014,D10,Traffic pressure,787
17031271200,-0.013416197,2014,D10,Traffic pressure,787
17031271300,-0.002096118,2014,D10,Traffic pressure,787
17031271400,-0.0027387505,2014,D10,Traffic pressure,787
17031350100,-0.024168707,2014,D10,Traffic pressure,787
17031350400,-0.025333073,2014,D10,Traffic pressure,787
17031351000,-0.02416548,2014,D10,Traffic pressure,787
17031351400,-0.023673944,2014,D10,Traffic pressure,787
17031360200,-0.02470811,2014,D10,Traffic pressure,787
17031430400,-0.05510144,2014,D10,Traffic pressure,787
17031430600,-0.055236362,2014,D10,Traffic pressure,787
17031430800,-0.05458937,2014,D10,Traffic pressure,787
17031430500,-0.055247016,2014,D10,Traffic pressure,787
17031430900,-0.05504605,2014,D10,Traffic pressure,787
17031610300,0.0056502563,2014,D10,Traffic pressure,787
17031681000,-0.05179302,2014,D10,Traffic pressure,787
17031681100,-0.051698647,2014,D10,Traffic pressure,787
17031680500,-0.032491133,2014,D10,Traffic pressure,787
17031680900,-0.052020542,2014,D10,Traffic pressure,787
17031720100,-0.05087094,2014,D10,Traffic pressure,787
17031720200,-0.05175107,2014,D10,Traffic pressure,787
17031720300,-0.051880844,2014,D10,Traffic pressure,787
17031720400,-0.029470589,2014,D10,Traffic pressure,787
17031720500,-0.029553063,2014,D10,Traffic pressure,787
17031720600,-0.050831616,2014,D10,Traffic pressure,787
17031720700,-0.05234195,2014,D10,Traffic pressure,787
17031040600,0.011721741,2014,D10,Traffic pressure,787
17031040700,0.011508808,2014,D10,Traffic pressure,787
17031040800,0.01296344,2014,D10,Traffic pressure,787
17031825801,,2014,D10,Traffic pressure,787
17031380100,-0.024805227,2014,D10,Traffic pressure,787
17031380200,-0.024692398,2014,D10,Traffic pressure,787
17031431200,-0.054593142,2014,D10,Traffic pressure,787
17031810200,0.012017606,2014,D10,Traffic pressure,787
17031810301,0.011934556,2014,D10,Traffic pressure,787
17031050100,0.0070796534,2014,D10,Traffic pressure,787
17031610800,-0.02258478,2014,D10,Traffic pressure,787
17031611000,-0.032404654,2014,D10,Traffic pressure,787
17031611100,-0.021147523,2014,D10,Traffic pressure,787
17031611300,-0.022705885,2014,D10,Traffic pressure,787
17031611400,-0.021043384,2014,D10,Traffic pressure,787
17031611500,0.00024537835,2014,D10,Traffic pressure,787
17031611900,-0.021394528,2014,D10,Traffic pressure,787
17031681200,-0.051994022,2014,D10,Traffic pressure,787
17031810400,0.0096180625,2014,D10,Traffic pressure,787
17031810701,,2014,D10,Traffic pressure,787
17031810702,,2014,D10,Traffic pressure,787
17031810600,,2014,D10,Traffic pressure,787
17031691200,-0.052188516,2014,D10,Traffic pressure,787
17031691100,-0.052416988,2014,D10,Traffic pressure,787
17031730100,-0.05218777,2014,D10,Traffic pressure,787
17031730300,-0.05231965,2014,D10,Traffic pressure,787
17031730400,-0.05256574,2014,D10,Traffic pressure,787
17031730500,-0.052288424,2014,D10,Traffic pressure,787
17031730600,-0.051799245,2014,D10,Traffic pressure,787
17031380500,0.005448068,2014,D10,Traffic pressure,787
17031381200,-0.034775894,2014,D10,Traffic pressure,787
17031381400,-0.034587216,2014,D10,Traffic pressure,787
17031381700,,2014,D10,Traffic pressure,787
17031440300,-0.053746738,2014,D10,Traffic pressure,787
17031810800,,2014,D10,Traffic pressure,787
17031810900,,2014,D10,Traffic pressure,787
17031612000,-0.021237537,2014,D10,Traffic pressure,787
17031612100,-0.03231625,2014,D10,Traffic pressure,787
17031620100,0.0012525653,2014,D10,Traffic pressure,787
17031620200,0.0015763973,2014,D10,Traffic pressure,787
17031620300,0.0013557954,2014,D10,Traffic pressure,787
17031620400,0.0007200849,2014,D10,Traffic pressure,787
17031630100,-0.022809235,2014,D10,Traffic pressure,787
17031810501,,2014,D10,Traffic pressure,787
17031810502,,2014,D10,Traffic pressure,787
17031812200,,2014,D10,Traffic pressure,787
17031826600,,2014,D10,Traffic pressure,787
17031730700,-0.052666552,2014,D10,Traffic pressure,787
17031740100,-0.028920745,2014,D10,Traffic pressure,787
17031740200,-0.028563935,2014,D10,Traffic pressure,787
17031740300,-0.028532602,2014,D10,Traffic pressure,787
17031740400,-0.027512101,2014,D10,Traffic pressure,787
17031381800,-0.03407177,2014,D10,Traffic pressure,787
17031381900,-0.032781962,2014,D10,Traffic pressure,787
17031390100,-0.023229176,2014,D10,Traffic pressure,787
17031390200,-0.05222805,2014,D10,Traffic pressure,787
17031390300,-0.023890184,2014,D10,Traffic pressure,787
17031390400,-0.053194094,2014,D10,Traffic pressure,787
17031390500,-0.052582413,2014,D10,Traffic pressure,787
17031390600,-0.05247965,2014,D10,Traffic pressure,787
17031812500,,2014,D10,Traffic pressure,787
17031440600,-0.053919464,2014,D10,Traffic pressure,787
17031440900,-0.05315377,2014,D10,Traffic pressure,787
17031440700,-0.053009223,2014,D10,Traffic pressure,787
17031440800,-0.053418413,2014,D10,Traffic pressure,787
17031630200,0.0011904154,2014,D10,Traffic pressure,787
17031630300,0.00065454654,2014,D10,Traffic pressure,787
17031630500,0.001501881,2014,D10,Traffic pressure,787
17031630800,0.0009564499,2014,D10,Traffic pressure,787
17031630900,0.00041854265,2014,D10,Traffic pressure,787
17031640100,-0.017316844,2014,D10,Traffic pressure,787
17031640300,-0.018497607,2014,D10,Traffic pressure,787
17031750100,-0.05189727,2014,D10,Traffic pressure,787
17031750200,-0.05202781,2014,D10,Traffic pressure,787
17031750300,-0.029789459,2014,D10,Traffic pressure,787
17031750400,-0.029154602,2014,D10,Traffic pressure,787
17031750500,-0.05117352,2014,D10,Traffic pressure,787
17031282700,-0.00947866,2014,D10,Traffic pressure,787
17031282800,-0.00880971,2014,D10,Traffic pressure,787
17031400300,-0.03418251,2014,D10,Traffic pressure,787
17031400500,-0.03418065,2014,D10,Traffic pressure,787
17031400800,-0.052669704,2014,D10,Traffic pressure,787
17031410500,-0.034671567,2014,D10,Traffic pressure,787
17031410600,-0.05521916,2014,D10,Traffic pressure,787
17031460100,-0.07690591,2014,D10,Traffic pressure,787
17031450300,-0.05497554,2014,D10,Traffic pressure,787
17031460200,-0.0556782,2014,D10,Traffic pressure,787
17031640400,-0.01824127,2014,D10,Traffic pressure,787
17031640500,-0.017639667,2014,D10,Traffic pressure,787
17031640600,-0.017938033,2014,D10,Traffic pressure,787
17031640700,-0.018245235,2014,D10,Traffic pressure,787
17031640800,-0.017597975,2014,D10,Traffic pressure,787
17031650100,-0.01860179,2014,D10,Traffic pressure,787
17031650200,-0.01833452,2014,D10,Traffic pressure,787
17031750600,-0.052607983,2014,D10,Traffic pressure,787
17031812600,,2014,D10,Traffic pressure,787
17031820300,,2014,D10,Traffic pressure,787
17031820400,,2014,D10,Traffic pressure,787
17031820902,,2014,D10,Traffic pressure,787
17031283100,-0.02568083,2014,D10,Traffic pressure,787
17031283800,-0.02518713,2014,D10,Traffic pressure,787
17031410700,-0.05278088,2014,D10,Traffic pressure,787
17031410800,-0.05223584,2014,D10,Traffic pressure,787
17031411100,-0.056229085,2014,D10,Traffic pressure,787
17031411200,-0.055347413,2014,D10,Traffic pressure,787
17031460600,-0.055052392,2014,D10,Traffic pressure,787
17031460700,-0.05568717,2014,D10,Traffic pressure,787
17031460400,-0.05485486,2014,D10,Traffic pressure,787
17031460500,-0.055538975,2014,D10,Traffic pressure,787
17031461000,-0.056437843,2014,D10,Traffic pressure,787
17031813000,,2014,D10,Traffic pressure,787
17031813100,,2014,D10,Traffic pressure,787
17031821102,,2014,D10,Traffic pressure,787
17031420100,-0.076085486,2014,D10,Traffic pressure,787
17031420200,-0.034924094,2014,D10,Traffic pressure,787
17031420400,-0.054009587,2014,D10,Traffic pressure,787
17031420700,-0.052991424,2014,D10,Traffic pressure,787
17031805402,,2014,D10,Traffic pressure,787
17031420800,-0.05332667,2014,D10,Traffic pressure,787
17031470100,-0.053434584,2014,D10,Traffic pressure,787
17031480100,-0.054626603,2014,D10,Traffic pressure,787
17031480200,-0.05388771,2014,D10,Traffic pressure,787
17031480300,-0.053966895,2014,D10,Traffic pressure,787
17031480400,-0.05450485,2014,D10,Traffic pressure,787
17031805502,,2014,D10,Traffic pressure,787
17031805600,,2014,D10,Traffic pressure,787
17031650400,-0.019065034,2014,D10,Traffic pressure,787
17031650500,-0.020512193,2014,D10,Traffic pressure,787
17031660400,-0.018831082,2014,D10,Traffic pressure,787
17031813400,0.002844105,2014,D10,Traffic pressure,787
17031821401,,2014,D10,Traffic pressure,787
17031805702,,2014,D10,Traffic pressure,787
17031821402,,2014,D10,Traffic pressure,787
17031821600,,2014,D10,Traffic pressure,787
17031821700,,2014,D10,Traffic pressure,787
17031290900,0.0013175355,2014,D10,Traffic pressure,787
17031291200,0.0018098708,2014,D10,Traffic pressure,787
17031421200,-0.05292189,2014,D10,Traffic pressure,787
17031271500,0.00221375,2014,D10,Traffic pressure,787
17031292200,0.0012383894,2014,D10,Traffic pressure,787
17031292400,0.0018994813,2014,D10,Traffic pressure,787
17031292500,0.0024267598,2014,D10,Traffic pressure,787
17031271800,0.001985107,2014,D10,Traffic pressure,787
17031280100,-0.02768454,2014,D10,Traffic pressure,787
17031280400,-0.028875418,2014,D10,Traffic pressure,787
17031300600,0.0013461923,2014,D10,Traffic pressure,787
17031300700,0.0008095149,2014,D10,Traffic pressure,787
17031301100,0.001870621,2014,D10,Traffic pressure,787
17031301200,0.00062719337,2014,D10,Traffic pressure,787
17031480500,-0.055917658,2014,D10,Traffic pressure,787
17031490300,-0.05368495,2014,D10,Traffic pressure,787
17031490500,-0.054153383,2014,D10,Traffic pressure,787
17031520200,-0.05711885,2014,D10,Traffic pressure,787
17031520300,-0.057027377,2014,D10,Traffic pressure,787
17031520400,-0.057547085,2014,D10,Traffic pressure,787
17031520500,-0.056571864,2014,D10,Traffic pressure,787
17031520600,-0.056062557,2014,D10,Traffic pressure,787
17031660500,-0.01869731,2014,D10,Traffic pressure,787
17031660600,-0.01948086,2014,D10,Traffic pressure,787
17031660700,-0.019568633,2014,D10,Traffic pressure,787
17031660800,-0.018687885,2014,D10,Traffic pressure,787
17031660900,-0.019645605,2014,D10,Traffic pressure,787
17031661000,-0.029469227,2014,D10,Traffic pressure,787
17031280900,-0.012132432,2014,D10,Traffic pressure,787
17031301600,0.0011392208,2014,D10,Traffic pressure,787
17031490600,-0.05391799,2014,D10,Traffic pressure,787
17031490700,-0.053160302,2014,D10,Traffic pressure,787
17031490800,-0.054024786,2014,D10,Traffic pressure,787
17031491000,-0.053255748,2014,D10,Traffic pressure,787
17031491100,-0.052395318,2014,D10,Traffic pressure,787
17031530200,-0.053652838,2014,D10,Traffic pressure,787
17031530300,-0.052166853,2014,D10,Traffic pressure,787
17031530400,-0.05275265,2014,D10,Traffic pressure,787
17031530600,-0.053713173,2014,D10,Traffic pressure,787
17031560100,0.0009202764,2014,D10,Traffic pressure,787
17031670200,-0.02099147,2014,D10,Traffic pressure,787
17031670300,-0.021689875,2014,D10,Traffic pressure,787
17031670400,-0.020764507,2014,D10,Traffic pressure,787
17031661100,-0.01916052,2014,D10,Traffic pressure,787
17031670100,-0.032292068,2014,D10,Traffic pressure,787
17031670600,-0.04050376,2014,D10,Traffic pressure,787
17031670700,-0.03178097,2014,D10,Traffic pressure,787
17031670800,-0.03199168,2014,D10,Traffic pressure,787
17031670900,-0.032211743,2014,D10,Traffic pressure,787
17031260900,0.0023241602,2014,D10,Traffic pressure,787
17031261000,0.0025528888,2014,D10,Traffic pressure,787
17031281900,-0.027863735,2014,D10,Traffic pressure,787
17031310200,-0.02553714,2014,D10,Traffic pressure,787
17031310300,-0.025355399,2014,D10,Traffic pressure,787
17031310400,-0.02517667,2014,D10,Traffic pressure,787
17031310500,-0.02521038,2014,D10,Traffic pressure,787
17031491200,-0.052334737,2014,D10,Traffic pressure,787
17031491300,-0.052677356,2014,D10,Traffic pressure,787
17031491400,-0.05391077,2014,D10,Traffic pressure,787
17031500100,-0.054688863,2014,D10,Traffic pressure,787
17031500200,-0.05443717,2014,D10,Traffic pressure,787
17031500300,-0.05453052,2014,D10,Traffic pressure,787
17031560200,0.0008275467,2014,D10,Traffic pressure,787
17031560300,0.0017151013,2014,D10,Traffic pressure,787
17031560700,0.0019216172,2014,D10,Traffic pressure,787
17031560800,0.0016677743,2014,D10,Traffic pressure,787
17031560900,0.002662436,2014,D10,Traffic pressure,787
17031561000,0.0021178562,2014,D10,Traffic pressure,787
17031010300,0.006172836,2014,D10,Traffic pressure,787
17031010600,0.0061903857,2014,D10,Traffic pressure,787
17031020100,0.012064941,2014,D10,Traffic pressure,787
17031280800,-0.0130546335,2014,D10,Traffic pressure,787
17031420300,-0.054237157,2014,D10,Traffic pressure,787
17031806600,,2014,D10,Traffic pressure,787
17031100200,0.011070695,2014,D10,Traffic pressure,787
17031020200,0.011194607,2014,D10,Traffic pressure,787
17031130200,0.011295749,2014,D10,Traffic pressure,787
17031020400,0.011491237,2014,D10,Traffic pressure,787
17031080202,-0.027282942,2014,D10,Traffic pressure,787
17031240200,-0.029043417,2014,D10,Traffic pressure,787
17031611800,-0.02087608,2014,D10,Traffic pressure,787
17031060200,0.0077479593,2014,D10,Traffic pressure,787
17031221200,-0.02540598,2014,D10,Traffic pressure,787
17031826500,,2014,D10,Traffic pressure,787
17031061200,0.0078686215,2014,D10,Traffic pressure,787
17031808200,,2014,D10,Traffic pressure,787
17031030200,0.006474022,2014,D10,Traffic pressure,787
17031030300,0.005665688,2014,D10,Traffic pressure,787
17031030400,0.0060231537,2014,D10,Traffic pressure,787
17031030900,0.006731972,2014,D10,Traffic pressure,787
17031031000,0.0077197105,2014,D10,Traffic pressure,787
17031980000,,2014,D10,Traffic pressure,787
17031600600,-0.0039751334,2014,D10,Traffic pressure,787
17031811900,,2014,D10,Traffic pressure,787
17031420600,-0.05287325,2014,D10,Traffic pressure,787
17031110100,0.010608729,2014,D10,Traffic pressure,787
17031031400,0.009076459,2014,D10,Traffic pressure,787
17031040900,0.012288626,2014,D10,Traffic pressure,787
17031050200,0.012378372,2014,D10,Traffic pressure,787
17031050300,0.011534367,2014,D10,Traffic pressure,787
17031071700,-0.027771318,2014,D10,Traffic pressure,787
17031031800,0.007404603,2014,D10,Traffic pressure,787
17031811600,,2014,D10,Traffic pressure,787
17031031700,0.006999109,2014,D10,Traffic pressure,787
17031610400,-0.022855902,2014,D10,Traffic pressure,787
17031050600,0.008257536,2014,D10,Traffic pressure,787
17031050500,0.011544596,2014,D10,Traffic pressure,787
17031071600,-0.0275841,2014,D10,Traffic pressure,787
17031671400,-0.05081977,2014,D10,Traffic pressure,787
17031490400,-0.05315987,2014,D10,Traffic pressure,787
17031062300,0.007806614,2014,D10,Traffic pressure,787
17031630400,0.00071352883,2014,D10,Traffic pressure,787
17031822802,,2014,D10,Traffic pressure,787
17031010100,0.0053360797,2014,D10,Traffic pressure,787
17031680600,-0.03237381,2014,D10,Traffic pressure,787
17031807800,,2014,D10,Traffic pressure,787
17031811100,,2014,D10,Traffic pressure,787
17031030500,0.0064616855,2014,D10,Traffic pressure,787
17031020500,0.011072712,2014,D10,Traffic pressure,787
17031081300,-0.02689498,2014,D10,Traffic pressure,787
17031081000,-0.027048163,2014,D10,Traffic pressure,787
17031130100,0.011891957,2014,D10,Traffic pressure,787
17043840000,,2014,D10,Traffic pressure,787
17031170200,0.011555087,2014,D10,Traffic pressure,787
17031170300,0.012432776,2014,D10,Traffic pressure,787
17031170400,0.02463828,2014,D10,Traffic pressure,787
17031170500,0.024528168,2014,D10,Traffic pressure,787
17031170600,0.04315336,2014,D10,Traffic pressure,787
17031170700,0.042682704,2014,D10,Traffic pressure,787
17031170800,0.023726335,2014,D10,Traffic pressure,787
17031251400,-0.0023383293,2014,D10,Traffic pressure,787
17031260300,-0.0028301664,2014,D10,Traffic pressure,787
17031260500,-0.002242974,2014,D10,Traffic pressure,787
17031260600,-0.0039436226,2014,D10,Traffic pressure,787
17031260700,-0.00226802,2014,D10,Traffic pressure,787
17031260800,-0.0016165618,2014,D10,Traffic pressure,787
17031050700,0.006330095,2014,D10,Traffic pressure,787
17031050900,0.012735138,2014,D10,Traffic pressure,787
17031051000,0.012851886,2014,D10,Traffic pressure,787
17031051100,0.01169451,2014,D10,Traffic pressure,787
17031051200,0.0054184496,2014,D10,Traffic pressure,787
17031170900,0.0426401,2014,D10,Traffic pressure,787
17031171000,0.024737203,2014,D10,Traffic pressure,787
17031171100,0.012018686,2014,D10,Traffic pressure,787
17031180100,-0.012794268,2014,D10,Traffic pressure,787
17031190100,-0.025459636,2014,D10,Traffic pressure,787
17031222200,-0.023961933,2014,D10,Traffic pressure,787
17031222500,-0.024887612,2014,D10,Traffic pressure,787
17031222600,-0.025342481,2014,D10,Traffic pressure,787
17031251500,-0.0023829644,2014,D10,Traffic pressure,787
17031251600,-0.0016632001,2014,D10,Traffic pressure,787
17031251700,-0.0016749213,2014,D10,Traffic pressure,787
17031251800,-0.004070168,2014,D10,Traffic pressure,787
17031251900,-0.0028237486,2014,D10,Traffic pressure,787
17031252000,-0.003212534,2014,D10,Traffic pressure,787
17031130300,0.012505021,2014,D10,Traffic pressure,787
17031190200,-0.024730703,2014,D10,Traffic pressure,787
17031190300,-0.024949612,2014,D10,Traffic pressure,787
17031190800,-0.024901643,2014,D10,Traffic pressure,787
17031260100,-0.0024883477,2014,D10,Traffic pressure,787
17031260200,-0.0028093155,2014,D10,Traffic pressure,787
17031530100,-0.05387209,2014,D10,Traffic pressure,787
17031061800,0.0080443695,2014,D10,Traffic pressure,787
17031823400,,2014,D10,Traffic pressure,787
17031821500,,2014,D10,Traffic pressure,787
17031410200,-0.052428804,2014,D10,Traffic pressure,787
17031222900,-0.02466387,2014,D10,Traffic pressure,787
17031241000,-0.028234445,2014,D10,Traffic pressure,787
17031190900,-0.026239796,2014,D10,Traffic pressure,787
17031191200,-0.025257401,2014,D10,Traffic pressure,787
17031200100,-0.025908954,2014,D10,Traffic pressure,787
17031200200,-0.024667999,2014,D10,Traffic pressure,787
17031200300,-0.024600847,2014,D10,Traffic pressure,787
17031222700,-0.024445422,2014,D10,Traffic pressure,787
17031230100,-0.025377676,2014,D10,Traffic pressure,787
17031230200,-0.024365976,2014,D10,Traffic pressure,787
17031230300,-0.02456863,2014,D10,Traffic pressure,787
17031230400,-0.026165504,2014,D10,Traffic pressure,787
17031230500,-0.024883853,2014,D10,Traffic pressure,787
17031351100,-0.024406882,2014,D10,Traffic pressure,787
17031807600,,2014,D10,Traffic pressure,787
17031770500,,2014,D10,Traffic pressure,787
17031611700,-0.020735228,2014,D10,Traffic pressure,787
17031300500,0.0014703723,2014,D10,Traffic pressure,787
17031381500,-0.033858594,2014,D10,Traffic pressure,787
17031420500,-0.053835686,2014,D10,Traffic pressure,787
17031811500,,2014,D10,Traffic pressure,787
17031081500,-0.026798692,2014,D10,Traffic pressure,787
17031081600,-0.027132291,2014,D10,Traffic pressure,787
17031081700,-0.02709165,2014,D10,Traffic pressure,787
17031081800,-0.027284903,2014,D10,Traffic pressure,787
17031081900,-0.028424691,2014,D10,Traffic pressure,787
17031222800,-0.024524216,2014,D10,Traffic pressure,787
17031050800,0.011585513,2014,D10,Traffic pressure,787
17031210100,0.013067465,2014,D10,Traffic pressure,787
17031210400,-0.02440357,2014,D10,Traffic pressure,787
17031230700,-0.028908791,2014,D10,Traffic pressure,787
17031230800,-0.028578103,2014,D10,Traffic pressure,787
17031230900,-0.02878914,2014,D10,Traffic pressure,787
17031820502,,2014,D10,Traffic pressure,787
17031820901,,2014,D10,Traffic pressure,787
17031550200,-0.056509957,2014,D10,Traffic pressure,787
17031823200,,2014,D10,Traffic pressure,787
17031823304,,2014,D10,Traffic pressure,787
17031670500,-0.02089546,2014,D10,Traffic pressure,787
17031820700,,2014,D10,Traffic pressure,787
17031580800,0.0005300932,2014,D10,Traffic pressure,787
17031380700,-0.03428395,2014,D10,Traffic pressure,787
17031230600,-0.030106403,2014,D10,Traffic pressure,787
17031242300,-0.030790774,2014,D10,Traffic pressure,787
17031242200,-0.029201413,2014,D10,Traffic pressure,787
17031032100,0.009491654,2014,D10,Traffic pressure,787
17031811701,,2014,D10,Traffic pressure,787
17031820800,,2014,D10,Traffic pressure,787
17031300800,0.0013251472,2014,D10,Traffic pressure,787
17031060900,0.008656081,2014,D10,Traffic pressure,787
17031061000,0.008715315,2014,D10,Traffic pressure,787
17031210700,-0.025622359,2014,D10,Traffic pressure,787
17031291600,0.0019413941,2014,D10,Traffic pressure,787
17031400400,-0.033940263,2014,D10,Traffic pressure,787
17031191100,-0.02575855,2014,D10,Traffic pressure,787
17031120100,0.01038773,2014,D10,Traffic pressure,787
17031611200,-0.022973131,2014,D10,Traffic pressure,787
17031300900,0.0013394458,2014,D10,Traffic pressure,787
17031061100,0.008388303,2014,D10,Traffic pressure,787
17031061500,0.007714309,2014,D10,Traffic pressure,787
17031062000,0.008199623,2014,D10,Traffic pressure,787
17031062100,0.008996163,2014,D10,Traffic pressure,787
17031062200,0.008175597,2014,D10,Traffic pressure,787
17031090200,0.010206407,2014,D10,Traffic pressure,787
17031090100,0.0107129365,2014,D10,Traffic pressure,787
17031826401,,2014,D10,Traffic pressure,787
17031260400,-0.0020339554,2014,D10,Traffic pressure,787
17031351500,-0.024274766,2014,D10,Traffic pressure,787
17031811200,,2014,D10,Traffic pressure,787
17031770800,,2014,D10,Traffic pressure,787
17031210800,-0.024492394,2014,D10,Traffic pressure,787
17031210900,-0.025032572,2014,D10,Traffic pressure,787
17031081100,-0.026673837,2014,D10,Traffic pressure,787
17031241200,-0.028069708,2014,D10,Traffic pressure,787
17031031200,0.0073317513,2014,D10,Traffic pressure,787
17031062500,0.009011935,2014,D10,Traffic pressure,787
17031062600,-0.027920052,2014,D10,Traffic pressure,787
17031062700,-0.028653147,2014,D10,Traffic pressure,787
17031062800,-0.028221989,2014,D10,Traffic pressure,787
17031062900,0.008553926,2014,D10,Traffic pressure,787
17031063000,0.009685747,2014,D10,Traffic pressure,787
17031062400,0.0076508336,2014,D10,Traffic pressure,787
17031063100,0.008764261,2014,D10,Traffic pressure,787
17031063400,-0.027632015,2014,D10,Traffic pressure,787
17031090300,0.011848945,2014,D10,Traffic pressure,787
17031100100,0.011597566,2014,D10,Traffic pressure,787
17031100300,0.010717599,2014,D10,Traffic pressure,787
17031140100,0.011126053,2014,D10,Traffic pressure,787
17031140200,0.0113052875,2014,D10,Traffic pressure,787
17031140400,0.012237895,2014,D10,Traffic pressure,787
17031140500,0.011190068,2014,D10,Traffic pressure,787
17031242700,-0.027933935,2014,D10,Traffic pressure,787
17031070200,-0.026254084,2014,D10,Traffic pressure,787
17031070300,-0.027815126,2014,D10,Traffic pressure,787
17031070400,-0.027729526,2014,D10,Traffic pressure,787
17031070500,-0.02840164,2014,D10,Traffic pressure,787
17031070600,-0.02839886,2014,D10,Traffic pressure,787
17031070700,-0.028127907,2014,D10,Traffic pressure,787
17031100400,0.01270476,2014,D10,Traffic pressure,787
17031100600,0.011574853,2014,D10,Traffic pressure,787
17031100700,0.01003525,2014,D10,Traffic pressure,787
17031110200,0.012124192,2014,D10,Traffic pressure,787
17031150200,0.011619985,2014,D10,Traffic pressure,787
17031150300,0.011166025,2014,D10,Traffic pressure,787
17031140800,0.011764068,2014,D10,Traffic pressure,787
17031231200,-0.029923435,2014,D10,Traffic pressure,787
17031231100,-0.02862096,2014,D10,Traffic pressure,787
17031242400,-0.027793523,2014,D10,Traffic pressure,787
17031242500,-0.027596198,2014,D10,Traffic pressure,787
17031120200,0.011069944,2014,D10,Traffic pressure,787
17031120300,0.0110835135,2014,D10,Traffic pressure,787
17031120400,0.010388054,2014,D10,Traffic pressure,787
17031231500,-0.014240226,2014,D10,Traffic pressure,787
17031071100,-0.028000368,2014,D10,Traffic pressure,787
17031071000,-0.02786638,2014,D10,Traffic pressure,787
17031071200,-0.027597228,2014,D10,Traffic pressure,787
17031071300,-0.0280362,2014,D10,Traffic pressure,787
17031110300,0.011093011,2014,D10,Traffic pressure,787
17031220300,-0.025135584,2014,D10,Traffic pressure,787
17031220400,-0.025037184,2014,D10,Traffic pressure,787
17031220500,-0.025110506,2014,D10,Traffic pressure,787
17031240300,-0.028703872,2014,D10,Traffic pressure,787
17031240500,-0.0243095,2014,D10,Traffic pressure,787
17031060400,0.007360421,2014,D10,Traffic pressure,787
17031060500,0.009442925,2014,D10,Traffic pressure,787
17031240800,-0.023713037,2014,D10,Traffic pressure,787
17031240600,-0.02482063,2014,D10,Traffic pressure,787
17031240700,-0.023531955,2014,D10,Traffic pressure,787
17031240900,-0.028653026,2014,D10,Traffic pressure,787
17031242600,-0.027876493,2014,D10,Traffic pressure,787
17031310600,-0.024059024,2014,D10,Traffic pressure,787
17031310700,-0.0044211005,2014,D10,Traffic pressure,787
17031310800,-0.004306005,2014,D10,Traffic pressure,787
17031020602,0.011484057,2014,D10,Traffic pressure,787
17031310900,-0.005316193,2014,D10,Traffic pressure,787
17031510100,-0.056629635,2014,D10,Traffic pressure,787
17031510200,-0.055065647,2014,D10,Traffic pressure,787
17031561100,0.002503628,2014,D10,Traffic pressure,787
17031190701,-0.025058316,2014,D10,Traffic pressure,787
17031020901,0.012307404,2014,D10,Traffic pressure,787
17031010202,0.005835114,2014,D10,Traffic pressure,787
17031570100,0.0017979875,2014,D10,Traffic pressure,787
17031570200,0.0012962881,2014,D10,Traffic pressure,787
17031570300,0.00062468834,2014,D10,Traffic pressure,787
17031570400,0.0012914715,2014,D10,Traffic pressure,787
17031570500,0.0010707662,2014,D10,Traffic pressure,787
17031690400,-0.05361335,2014,D10,Traffic pressure,787
17031691300,-0.052850977,2014,D10,Traffic pressure,787
17031691400,-0.053316534,2014,D10,Traffic pressure,787
17031691500,-0.05410222,2014,D10,Traffic pressure,787
17031320100,-0.027479649,2014,D10,Traffic pressure,787
17031320400,-0.026751153,2014,D10,Traffic pressure,787
17031580100,0.0005981962,2014,D10,Traffic pressure,787
17031580200,0.0015423219,2014,D10,Traffic pressure,787
17031580300,0.0009740407,2014,D10,Traffic pressure,787
17031580400,0.0013470075,2014,D10,Traffic pressure,787
17031580600,0.00092442916,2014,D10,Traffic pressure,787
17031580700,0.000755233,2014,D10,Traffic pressure,787
17031681300,-0.052058853,2014,D10,Traffic pressure,787
17031681400,-0.051436678,2014,D10,Traffic pressure,787
17031690300,-0.052917372,2014,D10,Traffic pressure,787
17031690500,-0.05392243,2014,D10,Traffic pressure,787
17031690900,-0.053142916,2014,D10,Traffic pressure,787
17031691000,-0.053022325,2014,D10,Traffic pressure,787
17031700100,-0.029493663,2014,D10,Traffic pressure,787
17031700200,-0.019461343,2014,D10,Traffic pressure,787
17031320600,-0.022951532,2014,D10,Traffic pressure,787
17031330100,-0.024771318,2014,D10,Traffic pressure,787
17031330200,-0.024263902,2014,D10,Traffic pressure,787
17031590500,0.0008960294,2014,D10,Traffic pressure,787
17031590600,0.005593507,2014,D10,Traffic pressure,787
17031671200,-0.050988875,2014,D10,Traffic pressure,787
17031671100,-0.051183537,2014,D10,Traffic pressure,787
17031671300,-0.050667495,2014,D10,Traffic pressure,787
17031671500,-0.05110871,2014,D10,Traffic pressure,787
17031671600,-0.051279977,2014,D10,Traffic pressure,787
17031671800,-0.05144611,2014,D10,Traffic pressure,787
17031671900,-0.05124802,2014,D10,Traffic pressure,787
17031710100,-0.051940884,2014,D10,Traffic pressure,787
17031710200,-0.05249676,2014,D10,Traffic pressure,787
17031710400,-0.0509251,2014,D10,Traffic pressure,787
17031710500,-0.051883325,2014,D10,Traffic pressure,787
17031710600,-0.051140625,2014,D10,Traffic pressure,787
17031710800,-0.052731607,2014,D10,Traffic pressure,787
17031340300,-0.025221065,2014,D10,Traffic pressure,787
17031340500,-0.025059566,2014,D10,Traffic pressure,787
17031340600,-0.00451893,2014,D10,Traffic pressure,787
17031430200,-0.055141613,2014,D10,Traffic pressure,787
17031430300,-0.0536994,2014,D10,Traffic pressure,787
17031510300,-0.05565487,2014,D10,Traffic pressure,787
17031520100,-0.05736838,2014,D10,Traffic pressure,787
17031590700,0.0056622876,2014,D10,Traffic pressure,787
17031600400,-0.024284951,2014,D10,Traffic pressure,787
17031813801,0.0024059934,2014,D10,Traffic pressure,787
17031830600,0.0076815654,2014,D10,Traffic pressure,787
17031830800,0.009210605,2014,D10,Traffic pressure,787
17031830700,0.009650372,2014,D10,Traffic pressure,787
17031830900,-0.024147373,2014,D10,Traffic pressure,787
17031835200,0.0010960491,2014,D10,Traffic pressure,787
17031839900,0.005371693,2014,D10,Traffic pressure,787
17031839700,0.0047852844,2014,D10,Traffic pressure,787
17031839800,-0.0031563826,2014,D10,Traffic pressure,787
17031834800,-0.03237479,2014,D10,Traffic pressure,787
17031834700,-0.03275715,2014,D10,Traffic pressure,787
17031832000,0.008652553,2014,D10,Traffic pressure,787
17031832500,-0.027500615,2014,D10,Traffic pressure,787
17031832300,-0.02784544,2014,D10,Traffic pressure,787
17031838300,-0.028150253,2014,D10,Traffic pressure,787
17031831800,0.011668015,2014,D10,Traffic pressure,787
17031831700,0.012460735,2014,D10,Traffic pressure,787
17031835100,0.0009991662,2014,D10,Traffic pressure,787
17031835000,-0.020135058,2014,D10,Traffic pressure,787
17031843700,0.013404515,2014,D10,Traffic pressure,787
17031220702,-0.025865497,2014,D10,Traffic pressure,787
17031842100,-0.002904474,2014,D10,Traffic pressure,787
17031843300,0.0006791048,2014,D10,Traffic pressure,787
17031831100,0.012938872,2014,D10,Traffic pressure,787
17031831500,0.0031291307,2014,D10,Traffic pressure,787
17031831600,0.0043601342,2014,D10,Traffic pressure,787
17031831200,-0.024775455,2014,D10,Traffic pressure,787
17031831000,-0.028949285,2014,D10,Traffic pressure,787
17031843000,0.0015714918,2014,D10,Traffic pressure,787
17031843100,0.00023542321,2014,D10,Traffic pressure,787
17031842900,-0.0057632397,2014,D10,Traffic pressure,787
17031843500,9.306241e-07,2014,D10,Traffic pressure,787
17031842000,-0.022882272,2014,D10,Traffic pressure,787
17031770901,,2014,D10,Traffic pressure,787
17031832400,-0.024754098,2014,D10,Traffic pressure,787
17031832900,-0.025808832,2014,D10,Traffic pressure,787
17031840300,0.00083508925,2014,D10,Traffic pressure,787
17031838600,0.0015183678,2014,D10,Traffic pressure,787
17031839600,-0.023752693,2014,D10,Traffic pressure,787
17031834900,-0.05142845,2014,D10,Traffic pressure,787
17031030603,0.004971776,2014,D10,Traffic pressure,787
17031832200,-0.024510166,2014,D10,Traffic pressure,787
17031836700,-0.029410921,2014,D10,Traffic pressure,787
17031836800,-0.013211044,2014,D10,Traffic pressure,787
17031836600,-0.029477667,2014,D10,Traffic pressure,787
17031833000,-0.02806098,2014,D10,Traffic pressure,787
17031842500,-0.052561566,2014,D10,Traffic pressure,787
17031841800,-0.054514237,2014,D10,Traffic pressure,787
17031980100,,2014,D10,Traffic pressure,787
17031842800,0.0004897417,2014,D10,Traffic pressure,787
17031843800,-0.03275705,2014,D10,Traffic pressure,787
17031841000,-0.022794466,2014,D10,Traffic pressure,787
17031836500,-0.024635423,2014,D10,Traffic pressure,787
17031843900,-0.075681925,2014,D10,Traffic pressure,787
17031834200,-0.055146333,2014,D10,Traffic pressure,787
17031842200,-0.027631424,2014,D10,Traffic pressure,787
17031838000,-0.027998356,2014,D10,Traffic pressure,787
17031010702,0.0068144742,2014,D10,Traffic pressure,787
17031010503,0.005753638,2014,D10,Traffic pressure,787
17031010502,0.0057777613,2014,D10,Traffic pressure,787
17031010701,0.0049804263,2014,D10,Traffic pressure,787
17031020902,0.0071736705,2014,D10,Traffic pressure,787
17031020302,0.011194631,2014,D10,Traffic pressure,787
17031020601,0.012170283,2014,D10,Traffic pressure,787
17031020301,0.012169868,2014,D10,Traffic pressure,787
17031760803,0.023544502,2014,D10,Traffic pressure,787
17031530501,-0.053275485,2014,D10,Traffic pressure,787
17031530503,-0.05304578,2014,D10,Traffic pressure,787
17031650301,-0.01859979,2014,D10,Traffic pressure,787
17031650302,-0.01855435,2014,D10,Traffic pressure,787
17031530502,-0.053210855,2014,D10,Traffic pressure,787
17031831300,-0.030069564,2014,D10,Traffic pressure,787
17031831400,0.0020686914,2014,D10,Traffic pressure,787
17031837000,-0.013443934,2014,D10,Traffic pressure,787
17031842400,-0.05250857,2014,D10,Traffic pressure,787
17031832100,0.008182643,2014,D10,Traffic pressure,787
17031020802,0.011240074,2014,D10,Traffic pressure,787
17031020702,0.011043463,2014,D10,Traffic pressure,787
17031020801,0.012394816,2014,D10,Traffic pressure,787
17031040202,0.011472579,2014,D10,Traffic pressure,787
17031040201,0.011415416,2014,D10,Traffic pressure,787
17031040402,0.006392855,2014,D10,Traffic pressure,787
17031031501,0.0065495297,2014,D10,Traffic pressure,787
17031081201,-0.02706215,2014,D10,Traffic pressure,787
17031063301,-0.027577069,2014,D10,Traffic pressure,787
17031490901,-0.05413094,2014,D10,Traffic pressure,787
17031490902,-0.05408294,2014,D10,Traffic pressure,787
17031301801,0.0016558617,2014,D10,Traffic pressure,787
17031700301,-0.02004436,2014,D10,Traffic pressure,787
17031301702,0.0012845497,2014,D10,Traffic pressure,787
17031700401,-0.028349752,2014,D10,Traffic pressure,787
17031837100,-0.028681561,2014,D10,Traffic pressure,787
17031837400,-0.008978215,2014,D10,Traffic pressure,787
17031837800,-0.028356228,2014,D10,Traffic pressure,787
17031837300,0.0020091366,2014,D10,Traffic pressure,787
17031841500,0.0015601739,2014,D10,Traffic pressure,787
17031838700,0.00092021306,2014,D10,Traffic pressure,787
17031150501,0.01111703,2014,D10,Traffic pressure,787
17031150401,0.0116487015,2014,D10,Traffic pressure,787
17031150502,0.011191351,2014,D10,Traffic pressure,787
17031110502,0.01138428,2014,D10,Traffic pressure,787
17031150402,0.0119164605,2014,D10,Traffic pressure,787
17031140302,0.010738421,2014,D10,Traffic pressure,787
17031140301,0.012259085,2014,D10,Traffic pressure,787
17031700302,-0.019553645,2014,D10,Traffic pressure,787
17031580501,0.0010008276,2014,D10,Traffic pressure,787
17031580502,5.2303076e-05,2014,D10,Traffic pressure,787
17031730201,-0.051595535,2014,D10,Traffic pressure,787
17031301802,0.001027806,2014,D10,Traffic pressure,787
17031440101,-0.05346182,2014,D10,Traffic pressure,787
17031301701,0.001964493,2014,D10,Traffic pressure,787
17031839100,-0.027372789,2014,D10,Traffic pressure,787
17031833100,-0.028154958,2014,D10,Traffic pressure,787
17031838100,-0.028568756,2014,D10,Traffic pressure,787
17031833300,-0.024385713,2014,D10,Traffic pressure,787
17031838200,-0.005809631,2014,D10,Traffic pressure,787
17031140702,0.012512693,2014,D10,Traffic pressure,787
17031140602,0.011876481,2014,D10,Traffic pressure,787
17031140701,0.011141431,2014,D10,Traffic pressure,787
17031160502,0.012311848,2014,D10,Traffic pressure,787
17031160602,0.011492463,2014,D10,Traffic pressure,787
17031151002,0.011238197,2014,D10,Traffic pressure,787
17031151001,0.011963321,2014,D10,Traffic pressure,787
17031190402,-0.025103688,2014,D10,Traffic pressure,787
17031431301,-0.05480713,2014,D10,Traffic pressure,787
17031431302,-0.0559133,2014,D10,Traffic pressure,787
17031460302,-0.05521757,2014,D10,Traffic pressure,787
17031460301,-0.055400174,2014,D10,Traffic pressure,787
17031700501,-0.029422285,2014,D10,Traffic pressure,787
17031700502,-0.02836265,2014,D10,Traffic pressure,787
17031210601,0.012639109,2014,D10,Traffic pressure,787
17031841100,-0.023842383,2014,D10,Traffic pressure,787
17031840200,-0.0042948173,2014,D10,Traffic pressure,787
17031841300,0.0012217879,2014,D10,Traffic pressure,787
17031840700,0.0005860168,2014,D10,Traffic pressure,787
17031841600,0.0011726518,2014,D10,Traffic pressure,787
17031841700,0.001441123,2014,D10,Traffic pressure,787
17031190602,-0.02518725,2014,D10,Traffic pressure,787
17031190401,-0.025250813,2014,D10,Traffic pressure,787
17031190702,-0.025129983,2014,D10,Traffic pressure,787
17031191302,0.0024294998,2014,D10,Traffic pressure,787
17031190601,-0.014364321,2014,D10,Traffic pressure,787
17031191301,0.0046572573,2014,D10,Traffic pressure,787
17031200402,-0.02523198,2014,D10,Traffic pressure,787
17031200401,-0.024858855,2014,D10,Traffic pressure,787
17031220902,-0.025744945,2014,D10,Traffic pressure,787
17031210501,0.013380516,2014,D10,Traffic pressure,787
17031160601,0.0112948585,2014,D10,Traffic pressure,787
17031061901,0.008300478,2014,D10,Traffic pressure,787
17031840800,0.0010634114,2014,D10,Traffic pressure,787
17031030703,0.0067612417,2014,D10,Traffic pressure,787
17031030702,0.0038980953,2014,D10,Traffic pressure,787
17031440102,-0.054765105,2014,D10,Traffic pressure,787
17031440202,-0.05322245,2014,D10,Traffic pressure,787
17031841400,0.0012416823,2014,D10,Traffic pressure,787
17031830500,0.0015521463,2014,D10,Traffic pressure,787
17031840100,-0.024902811,2014,D10,Traffic pressure,787
17031840400,0.0059916675,2014,D10,Traffic pressure,787
17031839200,-0.02402809,2014,D10,Traffic pressure,787
17031835500,0.00612688,2014,D10,Traffic pressure,787
17031030604,0.007546598,2014,D10,Traffic pressure,787
17031031502,0.0067252778,2014,D10,Traffic pressure,787
17031081402,-0.026534725,2014,D10,Traffic pressure,787
17031080201,-0.027604762,2014,D10,Traffic pressure,787
17031760802,0.042339273,2014,D10,Traffic pressure,787
17031140601,0.012292793,2014,D10,Traffic pressure,787
17031070102,-0.027213402,2014,D10,Traffic pressure,787
17031210502,-0.025455035,2014,D10,Traffic pressure,787
17031540102,-0.054289587,2014,D10,Traffic pressure,787
17031700402,-0.028704613,2014,D10,Traffic pressure,787
17031030800,0.00675378,2014,D10,Traffic pressure,787
17031031100,0.007735597,2014,D10,Traffic pressure,787
17031812100,,2014,D10,Traffic pressure,787
17031821900,,2014,D10,Traffic pressure,787
17031822000,,2014,D10,Traffic pressure,787
17031822101,,2014,D10,Traffic pressure,787
17031031300,0.0071815364,2014,D10,Traffic pressure,787
17031031900,0.006961027,2014,D10,Traffic pressure,787
17031813500,0.0028811642,2014,D10,Traffic pressure,787
17031822701,,2014,D10,Traffic pressure,787
17031822702,,2014,D10,Traffic pressure,787
17031822801,,2014,D10,Traffic pressure,787
17031814200,0.002191429,2014,D10,Traffic pressure,787
17031823303,,2014,D10,Traffic pressure,787
17031823500,,2014,D10,Traffic pressure,787
17031160501,0.011012314,2014,D10,Traffic pressure,787
17031040100,0.011487385,2014,D10,Traffic pressure,787
17031040300,0.011128463,2014,D10,Traffic pressure,787
17031825700,,2014,D10,Traffic pressure,787
17031611600,-0.021010345,2014,D10,Traffic pressure,787
17031340400,-0.024420528,2014,D10,Traffic pressure,787
17031770700,,2014,D10,Traffic pressure,787
17031430700,-0.076251216,2014,D10,Traffic pressure,787
17031808100,,2014,D10,Traffic pressure,787
17031191000,-0.025009103,2014,D10,Traffic pressure,787
17031560400,0.001930391,2014,D10,Traffic pressure,787
17031710700,-0.05136675,2014,D10,Traffic pressure,787
17031550100,-0.057607725,2014,D10,Traffic pressure,787
17031283200,-0.025919948,2014,D10,Traffic pressure,787
17031100500,0.010755332,2014,D10,Traffic pressure,787
17031710300,-0.051180184,2014,D10,Traffic pressure,787
17043840801,,2014,D10,Traffic pressure,787
17031010300,0.009085752,2019,D10,Traffic pressure,855
17031010600,0.009342661,2019,D10,Traffic pressure,855
17031020100,0.0142360125,2019,D10,Traffic pressure,855
17031280800,-0.012243655,2019,D10,Traffic pressure,855
17031420300,-0.053677276,2019,D10,Traffic pressure,855
17031806600,0.013568141,2019,D10,Traffic pressure,855
17031100200,0.012762027,2019,D10,Traffic pressure,855
17031020200,0.014625415,2019,D10,Traffic pressure,855
17031130200,0.013467161,2019,D10,Traffic pressure,855
17031020400,0.013023853,2019,D10,Traffic pressure,855
17031080202,-0.024977861,2019,D10,Traffic pressure,855
17031240200,-0.026162094,2019,D10,Traffic pressure,855
17031611800,-0.021727491,2019,D10,Traffic pressure,855
17031811600,0.04375455,2019,D10,Traffic pressure,855
17031060200,0.011411309,2019,D10,Traffic pressure,855
17031221200,-0.023622436,2019,D10,Traffic pressure,855
17031826500,-0.052037872,2019,D10,Traffic pressure,855
17031061200,0.009274749,2019,D10,Traffic pressure,855
17031808200,0.013192195,2019,D10,Traffic pressure,855
17031030200,0.009990627,2019,D10,Traffic pressure,855
17031030300,0.009276556,2019,D10,Traffic pressure,855
17031030400,0.008875586,2019,D10,Traffic pressure,855
17031030900,0.009814374,2019,D10,Traffic pressure,855
17031031000,0.010481676,2019,D10,Traffic pressure,855
17031980000,,2019,D10,Traffic pressure,855
17031600600,-0.004650321,2019,D10,Traffic pressure,855
17031811900,-0.0006017238,2019,D10,Traffic pressure,855
17031420600,-0.053168796,2019,D10,Traffic pressure,855
17031110100,0.013441268,2019,D10,Traffic pressure,855
17031031400,0.01013707,2019,D10,Traffic pressure,855
17031040900,0.014510997,2019,D10,Traffic pressure,855
17031050200,0.013617393,2019,D10,Traffic pressure,855
17031050300,0.0145755205,2019,D10,Traffic pressure,855
17031071700,-0.02599296,2019,D10,Traffic pressure,855
17031031800,0.009881398,2019,D10,Traffic pressure,855
17031031700,0.010798344,2019,D10,Traffic pressure,855
17031610400,-0.023091123,2019,D10,Traffic pressure,855
17031822802,-0.028266411,2019,D10,Traffic pressure,855
17031050600,0.011768259,2019,D10,Traffic pressure,855
17031050500,0.014709037,2019,D10,Traffic pressure,855
17031071600,-0.02619557,2019,D10,Traffic pressure,855
17031671400,-0.050467286,2019,D10,Traffic pressure,855
17031490400,-0.052098427,2019,D10,Traffic pressure,855
17031062300,0.009637009,2019,D10,Traffic pressure,855
17031630400,0.00022488926,2019,D10,Traffic pressure,855
17031010100,0.008337554,2019,D10,Traffic pressure,855
17031301200,-2.7659815e-05,2019,D10,Traffic pressure,855
17031805402,0.012723319,2019,D10,Traffic pressure,855
17031420800,-0.053294837,2019,D10,Traffic pressure,855
17031470100,-0.053408593,2019,D10,Traffic pressure,855
17031480100,-0.054489043,2019,D10,Traffic pressure,855
17031480200,-0.0539335,2019,D10,Traffic pressure,855
17031480300,-0.05395455,2019,D10,Traffic pressure,855
17031480400,-0.05447386,2019,D10,Traffic pressure,855
17031805502,0.012836518,2019,D10,Traffic pressure,855
17031805600,0.012379639,2019,D10,Traffic pressure,855
17031650400,-0.020038672,2019,D10,Traffic pressure,855
17031650500,-0.020597491,2019,D10,Traffic pressure,855
17031660400,-0.019725822,2019,D10,Traffic pressure,855
17031813400,0.0017659455,2019,D10,Traffic pressure,855
17031821401,-0.050356004,2019,D10,Traffic pressure,855
17031805702,0.012507303,2019,D10,Traffic pressure,855
17031821402,-0.050558437,2019,D10,Traffic pressure,855
17031821600,-0.029202253,2019,D10,Traffic pressure,855
17031821700,-0.028571466,2019,D10,Traffic pressure,855
17031290900,0.0006333436,2019,D10,Traffic pressure,855
17031291200,-3.572204e-05,2019,D10,Traffic pressure,855
17031421200,-0.05287575,2019,D10,Traffic pressure,855
17031271500,0.00031454675,2019,D10,Traffic pressure,855
17031292200,0.00032797176,2019,D10,Traffic pressure,855
17031292400,0.00035885395,2019,D10,Traffic pressure,855
17031292500,0.00056773634,2019,D10,Traffic pressure,855
17031271800,0.00013445597,2019,D10,Traffic pressure,855
17031280100,-0.02469902,2019,D10,Traffic pressure,855
17031280400,-0.025874991,2019,D10,Traffic pressure,855
17031300600,-0.00024772878,2019,D10,Traffic pressure,855
17031300700,0.00022384245,2019,D10,Traffic pressure,855
17031301100,0.00052826386,2019,D10,Traffic pressure,855
17031480500,-0.05457677,2019,D10,Traffic pressure,855
17031490300,-0.052913517,2019,D10,Traffic pressure,855
17031490500,-0.053075653,2019,D10,Traffic pressure,855
17031660500,-0.019721743,2019,D10,Traffic pressure,855
17031520200,-0.056038305,2019,D10,Traffic pressure,855
17031520300,-0.056107793,2019,D10,Traffic pressure,855
17031520400,-0.056524023,2019,D10,Traffic pressure,855
17031520500,-0.056348376,2019,D10,Traffic pressure,855
17031520600,-0.056012176,2019,D10,Traffic pressure,855
17031660600,-0.0201873,2019,D10,Traffic pressure,855
17031660700,-0.020286266,2019,D10,Traffic pressure,855
17031660800,-0.019898994,2019,D10,Traffic pressure,855
17031660900,-0.020602215,2019,D10,Traffic pressure,855
17031661000,-0.029059466,2019,D10,Traffic pressure,855
17031280900,-0.011934072,2019,D10,Traffic pressure,855
17031301600,0.00026856456,2019,D10,Traffic pressure,855
17031490600,-0.052318197,2019,D10,Traffic pressure,855
17031490700,-0.05175194,2019,D10,Traffic pressure,855
17031490800,-0.05309633,2019,D10,Traffic pressure,855
17031491000,-0.05238778,2019,D10,Traffic pressure,855
17031491100,-0.05206631,2019,D10,Traffic pressure,855
17031530200,-0.052305624,2019,D10,Traffic pressure,855
17031530300,-0.05149239,2019,D10,Traffic pressure,855
17031530400,-0.051562108,2019,D10,Traffic pressure,855
17031530600,-0.053015873,2019,D10,Traffic pressure,855
17031560100,0.00087941624,2019,D10,Traffic pressure,855
17031670200,-0.022163253,2019,D10,Traffic pressure,855
17031670300,-0.020693704,2019,D10,Traffic pressure,855
17031670400,-0.020583734,2019,D10,Traffic pressure,855
17031661100,-0.019438218,2019,D10,Traffic pressure,855
17031670100,-0.031700958,2019,D10,Traffic pressure,855
17031670600,-0.039516248,2019,D10,Traffic pressure,855
17031670700,-0.03125965,2019,D10,Traffic pressure,855
17031670800,-0.03144862,2019,D10,Traffic pressure,855
17031670900,-0.031737037,2019,D10,Traffic pressure,855
17031260900,0.00053053023,2019,D10,Traffic pressure,855
17031261000,0.00067468314,2019,D10,Traffic pressure,855
17031281900,-0.024821606,2019,D10,Traffic pressure,855
17031310200,-0.025307532,2019,D10,Traffic pressure,855
17031310300,-0.025022894,2019,D10,Traffic pressure,855
17031310400,-0.025430348,2019,D10,Traffic pressure,855
17031310500,-0.024344249,2019,D10,Traffic pressure,855
17031491200,-0.051455617,2019,D10,Traffic pressure,855
17031491300,-0.052690096,2019,D10,Traffic pressure,855
17031491400,-0.05371231,2019,D10,Traffic pressure,855
17031500100,-0.05379509,2019,D10,Traffic pressure,855
17031500200,-0.05460021,2019,D10,Traffic pressure,855
17031500300,-0.05445891,2019,D10,Traffic pressure,855
17031560200,0.0007601564,2019,D10,Traffic pressure,855
17031560300,0.0008603316,2019,D10,Traffic pressure,855
17031560700,0.0008190132,2019,D10,Traffic pressure,855
17031560800,0.0010565773,2019,D10,Traffic pressure,855
17031560900,0.0012397296,2019,D10,Traffic pressure,855
17031561000,0.0006266497,2019,D10,Traffic pressure,855
17031680600,-0.031770613,2019,D10,Traffic pressure,855
17031807800,0.014606748,2019,D10,Traffic pressure,855
17031811100,0.005670588,2019,D10,Traffic pressure,855
17031030500,0.0094641335,2019,D10,Traffic pressure,855
17031020500,0.014272597,2019,D10,Traffic pressure,855
17031081300,-0.02381631,2019,D10,Traffic pressure,855
17031081000,-0.024567029,2019,D10,Traffic pressure,855
17031130100,0.013661709,2019,D10,Traffic pressure,855
17043840000,0.045782022,2019,D10,Traffic pressure,855
17031170200,0.013805378,2019,D10,Traffic pressure,855
17031170300,0.014031826,2019,D10,Traffic pressure,855
17031170400,0.026003174,2019,D10,Traffic pressure,855
17031170500,0.02613395,2019,D10,Traffic pressure,855
17031170600,0.042106137,2019,D10,Traffic pressure,855
17031170700,0.042105526,2019,D10,Traffic pressure,855
17031170800,0.025901305,2019,D10,Traffic pressure,855
17031251400,-0.0016148407,2019,D10,Traffic pressure,855
17031260300,-0.0012533166,2019,D10,Traffic pressure,855
17031260500,-0.001668938,2019,D10,Traffic pressure,855
17031260600,-0.0013853889,2019,D10,Traffic pressure,855
17031260700,-0.0018806565,2019,D10,Traffic pressure,855
17031260800,-0.0013053874,2019,D10,Traffic pressure,855
17031050700,0.009706773,2019,D10,Traffic pressure,855
17031050900,0.014500162,2019,D10,Traffic pressure,855
17031051000,0.014449846,2019,D10,Traffic pressure,855
17031051100,0.013434524,2019,D10,Traffic pressure,855
17031051200,0.009241173,2019,D10,Traffic pressure,855
17031390400,-0.053721752,2019,D10,Traffic pressure,855
17031381800,-0.03363643,2019,D10,Traffic pressure,855
17031381900,-0.033487666,2019,D10,Traffic pressure,855
17031390100,-0.024131607,2019,D10,Traffic pressure,855
17031390200,-0.053903386,2019,D10,Traffic pressure,855
17031390300,-0.024423664,2019,D10,Traffic pressure,855
17031390500,-0.053151887,2019,D10,Traffic pressure,855
17031390600,-0.052926224,2019,D10,Traffic pressure,855
17031812500,-0.00090361387,2019,D10,Traffic pressure,855
17031440600,-0.052764945,2019,D10,Traffic pressure,855
17031440900,-0.053097166,2019,D10,Traffic pressure,855
17031440700,-0.053025573,2019,D10,Traffic pressure,855
17031440800,-0.053283967,2019,D10,Traffic pressure,855
17031630200,-8.600252e-05,2019,D10,Traffic pressure,855
17031630300,-0.0005306718,2019,D10,Traffic pressure,855
17031630500,-0.00036373152,2019,D10,Traffic pressure,855
17031630800,-3.2125972e-05,2019,D10,Traffic pressure,855
17031630900,4.9758004e-05,2019,D10,Traffic pressure,855
17031640100,-0.019729845,2019,D10,Traffic pressure,855
17031640300,-0.020118486,2019,D10,Traffic pressure,855
17031750100,-0.051498238,2019,D10,Traffic pressure,855
17031750200,-0.051637623,2019,D10,Traffic pressure,855
17031750300,-0.028982654,2019,D10,Traffic pressure,855
17031750400,-0.02872719,2019,D10,Traffic pressure,855
17031750500,-0.05207608,2019,D10,Traffic pressure,855
17031282700,-0.010700148,2019,D10,Traffic pressure,855
17031282800,-0.01060516,2019,D10,Traffic pressure,855
17031400300,-0.03383791,2019,D10,Traffic pressure,855
17031400500,-0.033063464,2019,D10,Traffic pressure,855
17031400800,-0.052702747,2019,D10,Traffic pressure,855
17031410500,-0.03493361,2019,D10,Traffic pressure,855
17031410600,-0.0551307,2019,D10,Traffic pressure,855
17031460100,-0.076425895,2019,D10,Traffic pressure,855
17031450300,-0.0542579,2019,D10,Traffic pressure,855
17031460200,-0.05493413,2019,D10,Traffic pressure,855
17031640400,-0.01928032,2019,D10,Traffic pressure,855
17031640500,-0.019012073,2019,D10,Traffic pressure,855
17031640600,-0.01922068,2019,D10,Traffic pressure,855
17031640700,-0.019521642,2019,D10,Traffic pressure,855
17031640800,-0.019377396,2019,D10,Traffic pressure,855
17031650100,-0.019291446,2019,D10,Traffic pressure,855
17031650200,-0.019784424,2019,D10,Traffic pressure,855
17031750600,-0.052578375,2019,D10,Traffic pressure,855
17031812600,-0.0009822282,2019,D10,Traffic pressure,855
17031820300,0.0020867784,2019,D10,Traffic pressure,855
17031820400,0.0022315069,2019,D10,Traffic pressure,855
17031820902,-0.018571269,2019,D10,Traffic pressure,855
17031283100,-0.025672624,2019,D10,Traffic pressure,855
17031283800,-0.025780844,2019,D10,Traffic pressure,855
17031410700,-0.05351346,2019,D10,Traffic pressure,855
17031410800,-0.052318186,2019,D10,Traffic pressure,855
17031411100,-0.055108022,2019,D10,Traffic pressure,855
17031411200,-0.055328935,2019,D10,Traffic pressure,855
17031460600,-0.054289892,2019,D10,Traffic pressure,855
17031460700,-0.056634076,2019,D10,Traffic pressure,855
17031460400,-0.05493138,2019,D10,Traffic pressure,855
17031460500,-0.054522313,2019,D10,Traffic pressure,855
17031461000,-0.05675233,2019,D10,Traffic pressure,855
17031813000,-0.0012091254,2019,D10,Traffic pressure,855
17031813100,0.0019110837,2019,D10,Traffic pressure,855
17031821102,-0.018408895,2019,D10,Traffic pressure,855
17031420100,-0.0755134,2019,D10,Traffic pressure,855
17031420200,-0.03435215,2019,D10,Traffic pressure,855
17031420400,-0.053398997,2019,D10,Traffic pressure,855
17031420700,-0.05404854,2019,D10,Traffic pressure,855
17031030102,0.0092240255,2019,D10,Traffic pressure,855
17031030706,0.009731609,2019,D10,Traffic pressure,855
17031030601,0.009104405,2019,D10,Traffic pressure,855
17031063303,-0.025309907,2019,D10,Traffic pressure,855
17031252102,-0.0020123343,2019,D10,Traffic pressure,855
17031220901,-0.022390215,2019,D10,Traffic pressure,855
17031210602,-0.023475874,2019,D10,Traffic pressure,855
17031220602,-0.02353771,2019,D10,Traffic pressure,855
17031220601,-0.022076396,2019,D10,Traffic pressure,855
17031040401,0.012801278,2019,D10,Traffic pressure,855
17031252202,-0.001953132,2019,D10,Traffic pressure,855
17031833900,-0.055637773,2019,D10,Traffic pressure,855
17031836300,-0.052288666,2019,D10,Traffic pressure,855
17031834500,-0.033340164,2019,D10,Traffic pressure,855
17031835900,-0.024524096,2019,D10,Traffic pressure,855
17031836000,-0.02468181,2019,D10,Traffic pressure,855
17031836200,-0.034818828,2019,D10,Traffic pressure,855
17031834400,-0.053364743,2019,D10,Traffic pressure,855
17031834300,-0.054412637,2019,D10,Traffic pressure,855
17031110501,0.013385933,2019,D10,Traffic pressure,855
17031030104,0.0081999395,2019,D10,Traffic pressure,855
17031081401,-0.023985544,2019,D10,Traffic pressure,855
17031770902,0.026893627,2019,D10,Traffic pressure,855
17031430101,-0.07525611,2019,D10,Traffic pressure,855
17031252101,0.0010960337,2019,D10,Traffic pressure,855
17031010501,0.008171514,2019,D10,Traffic pressure,855
17031020701,0.014303137,2019,D10,Traffic pressure,855
17031010201,0.008229978,2019,D10,Traffic pressure,855
17031760801,0.015032107,2019,D10,Traffic pressure,855
17031839000,-0.023368884,2019,D10,Traffic pressure,855
17031440201,-0.05309943,2019,D10,Traffic pressure,855
17031540101,-0.054739915,2019,D10,Traffic pressure,855
17031834000,-0.051731665,2019,D10,Traffic pressure,855
17031832200,-0.022462562,2019,D10,Traffic pressure,855
17031836700,-0.027073178,2019,D10,Traffic pressure,855
17031836800,-0.0124976365,2019,D10,Traffic pressure,855
17031836600,-0.027178809,2019,D10,Traffic pressure,855
17031833000,-0.025088001,2019,D10,Traffic pressure,855
17031842500,-0.052492227,2019,D10,Traffic pressure,855
17031841800,-0.053358965,2019,D10,Traffic pressure,855
17031980100,,2019,D10,Traffic pressure,855
17031842800,-6.664009e-05,2019,D10,Traffic pressure,855
17031843800,-0.03263914,2019,D10,Traffic pressure,855
17031841000,-0.022462964,2019,D10,Traffic pressure,855
17031843900,-0.07489495,2019,D10,Traffic pressure,855
17031834200,-0.054052748,2019,D10,Traffic pressure,855
17031842200,-0.02501949,2019,D10,Traffic pressure,855
17031838000,-0.026240576,2019,D10,Traffic pressure,855
17031010702,0.009320959,2019,D10,Traffic pressure,855
17031010503,0.008679792,2019,D10,Traffic pressure,855
17031010502,0.008469801,2019,D10,Traffic pressure,855
17031010701,0.007911924,2019,D10,Traffic pressure,855
17031020902,0.010208994,2019,D10,Traffic pressure,855
17031020302,0.012875304,2019,D10,Traffic pressure,855
17031020601,0.013665151,2019,D10,Traffic pressure,855
17031020301,0.013171455,2019,D10,Traffic pressure,855
17031760803,0.025009384,2019,D10,Traffic pressure,855
17031530501,-0.052022267,2019,D10,Traffic pressure,855
17031530503,-0.052291363,2019,D10,Traffic pressure,855
17031650301,-0.019786252,2019,D10,Traffic pressure,855
17031650302,-0.020589259,2019,D10,Traffic pressure,855
17031530502,-0.051759474,2019,D10,Traffic pressure,855
17031831300,-0.027058516,2019,D10,Traffic pressure,855
17031831400,0.00072323554,2019,D10,Traffic pressure,855
17031837000,-0.01259741,2019,D10,Traffic pressure,855
17031842400,-0.05231487,2019,D10,Traffic pressure,855
17031832100,0.01002669,2019,D10,Traffic pressure,855
17031020802,0.013178255,2019,D10,Traffic pressure,855
17031020702,0.013115715,2019,D10,Traffic pressure,855
17031020801,0.014316065,2019,D10,Traffic pressure,855
17031040202,0.014668241,2019,D10,Traffic pressure,855
17031040201,0.014252447,2019,D10,Traffic pressure,855
17031040402,0.010241024,2019,D10,Traffic pressure,855
17031031501,0.009038042,2019,D10,Traffic pressure,855
17031081201,-0.02434298,2019,D10,Traffic pressure,855
17031063301,-0.025947671,2019,D10,Traffic pressure,855
17031490901,-0.053105317,2019,D10,Traffic pressure,855
17031490902,-0.052979186,2019,D10,Traffic pressure,855
17031301801,0.00060369563,2019,D10,Traffic pressure,855
17031700301,-0.02033848,2019,D10,Traffic pressure,855
17031301702,0.0004664685,2019,D10,Traffic pressure,855
17031700401,-0.028395072,2019,D10,Traffic pressure,855
17031837100,-0.027208198,2019,D10,Traffic pressure,855
17031837400,-0.010838485,2019,D10,Traffic pressure,855
17031837800,-0.02699218,2019,D10,Traffic pressure,855
17031837300,0.0002299489,2019,D10,Traffic pressure,855
17031841500,0.00028023915,2019,D10,Traffic pressure,855
17031838700,0.00037958473,2019,D10,Traffic pressure,855
17031150501,0.013807647,2019,D10,Traffic pressure,855
17031150401,0.013882998,2019,D10,Traffic pressure,855
17031150502,0.013090143,2019,D10,Traffic pressure,855
17031110502,0.013592739,2019,D10,Traffic pressure,855
17031150402,0.013947027,2019,D10,Traffic pressure,855
17031140302,0.014476389,2019,D10,Traffic pressure,855
17031140301,0.014147703,2019,D10,Traffic pressure,855
17031700302,-0.020183366,2019,D10,Traffic pressure,855
17031580501,0.00015251478,2019,D10,Traffic pressure,855
17031580502,-0.00010425458,2019,D10,Traffic pressure,855
17031730201,-0.05130379,2019,D10,Traffic pressure,855
17031301802,-0.0004462481,2019,D10,Traffic pressure,855
17031440101,-0.053273223,2019,D10,Traffic pressure,855
17031301701,0.00044480222,2019,D10,Traffic pressure,855
17031839100,-0.024384769,2019,D10,Traffic pressure,855
17031833100,-0.025432637,2019,D10,Traffic pressure,855
17031838100,-0.025916385,2019,D10,Traffic pressure,855
17031833300,-0.024300741,2019,D10,Traffic pressure,855
17031838200,-0.006614932,2019,D10,Traffic pressure,855
17031140702,0.0144188795,2019,D10,Traffic pressure,855
17031140602,0.014359873,2019,D10,Traffic pressure,855
17031140701,0.014224403,2019,D10,Traffic pressure,855
17031160502,0.014353747,2019,D10,Traffic pressure,855
17031160602,0.013475487,2019,D10,Traffic pressure,855
17031151002,0.014400078,2019,D10,Traffic pressure,855
17031151001,0.014224205,2019,D10,Traffic pressure,855
17031190402,-0.022772335,2019,D10,Traffic pressure,855
17031431301,-0.055324756,2019,D10,Traffic pressure,855
17031431302,-0.055008013,2019,D10,Traffic pressure,855
17031460302,-0.055169255,2019,D10,Traffic pressure,855
17031460301,-0.055160247,2019,D10,Traffic pressure,855
17031700501,-0.029682681,2019,D10,Traffic pressure,855
17031700502,-0.029469876,2019,D10,Traffic pressure,855
17031210601,0.014469724,2019,D10,Traffic pressure,855
17031160601,0.01436805,2019,D10,Traffic pressure,855
17031841100,-0.023424458,2019,D10,Traffic pressure,855
17031840200,-0.0050646737,2019,D10,Traffic pressure,855
17031841300,-0.0003672943,2019,D10,Traffic pressure,855
17031840700,-8.981442e-05,2019,D10,Traffic pressure,855
17031841600,0.000232541,2019,D10,Traffic pressure,855
17031841700,0.0003053171,2019,D10,Traffic pressure,855
17031190602,-0.022911184,2019,D10,Traffic pressure,855
17031190401,-0.024427721,2019,D10,Traffic pressure,855
17031190702,-0.022798147,2019,D10,Traffic pressure,855
17031191302,0.0036531663,2019,D10,Traffic pressure,855
17031190601,-0.011503298,2019,D10,Traffic pressure,855
17031191301,0.003677349,2019,D10,Traffic pressure,855
17031200402,-0.02242888,2019,D10,Traffic pressure,855
17031200401,-0.022642683,2019,D10,Traffic pressure,855
17031220902,-0.022199702,2019,D10,Traffic pressure,855
17031210501,0.01323262,2019,D10,Traffic pressure,855
17031061901,0.009705618,2019,D10,Traffic pressure,855
17031840800,9.692903e-05,2019,D10,Traffic pressure,855
17031030703,0.009352874,2019,D10,Traffic pressure,855
17031030702,0.006798461,2019,D10,Traffic pressure,855
17031440102,-0.054131206,2019,D10,Traffic pressure,855
17031440202,-0.05296082,2019,D10,Traffic pressure,855
17031841400,0.00037706783,2019,D10,Traffic pressure,855
17031830500,0.0005291442,2019,D10,Traffic pressure,855
17031840100,-0.02527956,2019,D10,Traffic pressure,855
17031840400,0.005074546,2019,D10,Traffic pressure,855
17031839200,-0.023323221,2019,D10,Traffic pressure,855
17031835500,0.0050793053,2019,D10,Traffic pressure,855
17031030604,0.009266913,2019,D10,Traffic pressure,855
17031031502,0.0091284625,2019,D10,Traffic pressure,855
17031081402,-0.023792299,2019,D10,Traffic pressure,855
17031080201,-0.025729554,2019,D10,Traffic pressure,855
17031760802,0.04273075,2019,D10,Traffic pressure,855
17031140601,0.014227571,2019,D10,Traffic pressure,855
17031070102,-0.02560971,2019,D10,Traffic pressure,855
17031210502,-0.021981046,2019,D10,Traffic pressure,855
17031540102,-0.05379472,2019,D10,Traffic pressure,855
17031700402,-0.028546972,2019,D10,Traffic pressure,855
17031030800,0.009815337,2019,D10,Traffic pressure,855
17031031100,0.010349935,2019,D10,Traffic pressure,855
17031812100,-0.00040190062,2019,D10,Traffic pressure,855
17031821900,-0.029267058,2019,D10,Traffic pressure,855
17031822000,-0.028173486,2019,D10,Traffic pressure,855
17031822101,-0.027977683,2019,D10,Traffic pressure,855
17031031300,0.010416355,2019,D10,Traffic pressure,855
17031031900,0.010251069,2019,D10,Traffic pressure,855
17031813500,0.001830935,2019,D10,Traffic pressure,855
17031822701,-0.028117465,2019,D10,Traffic pressure,855
17031822702,-0.028246528,2019,D10,Traffic pressure,855
17031822801,-0.028161597,2019,D10,Traffic pressure,855
17031814200,0.001503692,2019,D10,Traffic pressure,855
17031823303,-0.028331665,2019,D10,Traffic pressure,855
17031823500,-0.029524155,2019,D10,Traffic pressure,855
17031160501,0.014260069,2019,D10,Traffic pressure,855
17031040100,0.013418881,2019,D10,Traffic pressure,855
17031040300,0.014337437,2019,D10,Traffic pressure,855
17031825700,-0.055169754,2019,D10,Traffic pressure,855
17031611600,-0.020452151,2019,D10,Traffic pressure,855
17031340400,-0.025150694,2019,D10,Traffic pressure,855
17031770700,0.02719684,2019,D10,Traffic pressure,855
17031430700,-0.07541661,2019,D10,Traffic pressure,855
17031808100,0.014231803,2019,D10,Traffic pressure,855
17031191000,-0.022694113,2019,D10,Traffic pressure,855
17031170900,0.04073497,2019,D10,Traffic pressure,855
17031171000,0.024583504,2019,D10,Traffic pressure,855
17031171100,0.013911532,2019,D10,Traffic pressure,855
17031180100,-0.011290075,2019,D10,Traffic pressure,855
17031190100,-0.022263391,2019,D10,Traffic pressure,855
17031222200,-0.02334029,2019,D10,Traffic pressure,855
17031222500,-0.022534762,2019,D10,Traffic pressure,855
17031222600,-0.023034254,2019,D10,Traffic pressure,855
17031251500,-0.0015001954,2019,D10,Traffic pressure,855
17031251600,-0.0014804248,2019,D10,Traffic pressure,855
17031251700,-0.0013934402,2019,D10,Traffic pressure,855
17031251800,-0.0019961598,2019,D10,Traffic pressure,855
17031251900,-0.0018667984,2019,D10,Traffic pressure,855
17031252000,-0.0020107934,2019,D10,Traffic pressure,855
17031130300,0.0129815675,2019,D10,Traffic pressure,855
17031821500,-0.05118723,2019,D10,Traffic pressure,855
17031190200,-0.023970673,2019,D10,Traffic pressure,855
17031190300,-0.02265374,2019,D10,Traffic pressure,855
17031190800,-0.022631291,2019,D10,Traffic pressure,855
17031260100,-0.0015273825,2019,D10,Traffic pressure,855
17031260200,-0.0018342719,2019,D10,Traffic pressure,855
17031530100,-0.052705742,2019,D10,Traffic pressure,855
17031061800,0.009256046,2019,D10,Traffic pressure,855
17031823400,-0.029450875,2019,D10,Traffic pressure,855
17031410200,-0.052815646,2019,D10,Traffic pressure,855
17031222900,-0.023951069,2019,D10,Traffic pressure,855
17031241000,-0.026272811,2019,D10,Traffic pressure,855
17031200300,-0.022411505,2019,D10,Traffic pressure,855
17031190900,-0.02260578,2019,D10,Traffic pressure,855
17031191200,-0.022882564,2019,D10,Traffic pressure,855
17031200100,-0.022264095,2019,D10,Traffic pressure,855
17031200200,-0.022433918,2019,D10,Traffic pressure,855
17031222700,-0.022242686,2019,D10,Traffic pressure,855
17031230100,-0.023062756,2019,D10,Traffic pressure,855
17031230200,-0.023263946,2019,D10,Traffic pressure,855
17031230300,-0.023301918,2019,D10,Traffic pressure,855
17031230400,-0.022473488,2019,D10,Traffic pressure,855
17031230500,-0.022689892,2019,D10,Traffic pressure,855
17031351100,-0.024285065,2019,D10,Traffic pressure,855
17031807600,0.014896512,2019,D10,Traffic pressure,855
17031770500,0.028209168,2019,D10,Traffic pressure,855
17031081700,-0.024373591,2019,D10,Traffic pressure,855
17031611700,-0.020575926,2019,D10,Traffic pressure,855
17031300500,0.00035701646,2019,D10,Traffic pressure,855
17031381500,-0.033652045,2019,D10,Traffic pressure,855
17031420500,-0.053095385,2019,D10,Traffic pressure,855
17031811500,0.043296974,2019,D10,Traffic pressure,855
17031081500,-0.024111902,2019,D10,Traffic pressure,855
17031081600,-0.024250258,2019,D10,Traffic pressure,855
17031081800,-0.024523307,2019,D10,Traffic pressure,855
17031081900,-0.026585901,2019,D10,Traffic pressure,855
17031222800,-0.022077335,2019,D10,Traffic pressure,855
17031050800,0.014546838,2019,D10,Traffic pressure,855
17031210100,0.014154637,2019,D10,Traffic pressure,855
17031210400,-0.022181895,2019,D10,Traffic pressure,855
17031230700,-0.027468167,2019,D10,Traffic pressure,855
17031230800,-0.026981492,2019,D10,Traffic pressure,855
17031230900,-0.0267631,2019,D10,Traffic pressure,855
17031823200,-0.027988657,2019,D10,Traffic pressure,855
17031820502,-0.018337471,2019,D10,Traffic pressure,855
17031820901,-0.018015167,2019,D10,Traffic pressure,855
17031550200,-0.05557401,2019,D10,Traffic pressure,855
17031823304,-0.028972458,2019,D10,Traffic pressure,855
17031820700,0.002184241,2019,D10,Traffic pressure,855
17031670500,-0.021177553,2019,D10,Traffic pressure,855
17031580800,-3.7647318e-05,2019,D10,Traffic pressure,855
17031380700,-0.033239204,2019,D10,Traffic pressure,855
17031230600,-0.026819462,2019,D10,Traffic pressure,855
17031242300,-0.030893072,2019,D10,Traffic pressure,855
17031242200,-0.026043855,2019,D10,Traffic pressure,855
17031032100,0.01229772,2019,D10,Traffic pressure,855
17031811701,0.044858072,2019,D10,Traffic pressure,855
17031820800,0.0019872407,2019,D10,Traffic pressure,855
17031300800,0.00013258704,2019,D10,Traffic pressure,855
17031060900,0.010855645,2019,D10,Traffic pressure,855
17031061000,0.010144722,2019,D10,Traffic pressure,855
17031210700,-0.023303447,2019,D10,Traffic pressure,855
17031291600,0.000952017,2019,D10,Traffic pressure,855
17031400400,-0.033451244,2019,D10,Traffic pressure,855
17031560400,0.00051557226,2019,D10,Traffic pressure,855
17031710700,-0.051137246,2019,D10,Traffic pressure,855
17031550100,-0.05746574,2019,D10,Traffic pressure,855
17031283200,-0.025953367,2019,D10,Traffic pressure,855
17031100500,0.012741253,2019,D10,Traffic pressure,855
17031220701,-0.02224355,2019,D10,Traffic pressure,855
17031063302,-0.02584618,2019,D10,Traffic pressure,855
17031252201,-0.0020428244,2019,D10,Traffic pressure,855
17031660302,-0.00011937367,2019,D10,Traffic pressure,855
17031660301,-0.019346291,2019,D10,Traffic pressure,855
17031730202,-0.051827367,2019,D10,Traffic pressure,855
17031813302,0.0015268971,2019,D10,Traffic pressure,855
17031813301,0.0017436983,2019,D10,Traffic pressure,855
17031835600,-0.033376846,2019,D10,Traffic pressure,855
17031840000,-0.004161481,2019,D10,Traffic pressure,855
17031835700,,2019,D10,Traffic pressure,855
17031836100,-0.033544894,2019,D10,Traffic pressure,855
17031834600,-0.032505337,2019,D10,Traffic pressure,855
17031843600,-0.05289127,2019,D10,Traffic pressure,855
17031810301,0.013871018,2019,D10,Traffic pressure,855
17031221000,-0.022227053,2019,D10,Traffic pressure,855
17031221100,-0.02358066,2019,D10,Traffic pressure,855
17031242800,-0.02642891,2019,D10,Traffic pressure,855
17031242900,-0.025850542,2019,D10,Traffic pressure,855
17031243000,-0.0262241,2019,D10,Traffic pressure,855
17031243100,-0.025976952,2019,D10,Traffic pressure,855
17031243200,-0.025112696,2019,D10,Traffic pressure,855
17031243300,-0.02526715,2019,D10,Traffic pressure,855
17031243400,-0.025964197,2019,D10,Traffic pressure,855
17031110400,0.014004208,2019,D10,Traffic pressure,855
17031150600,0.013920955,2019,D10,Traffic pressure,855
17031150700,0.0139727,2019,D10,Traffic pressure,855
17031150800,0.014170561,2019,D10,Traffic pressure,855
17031151100,0.014038904,2019,D10,Traffic pressure,855
17031151200,0.014390204,2019,D10,Traffic pressure,855
17031241500,-0.025770262,2019,D10,Traffic pressure,855
17031241100,-0.02583188,2019,D10,Traffic pressure,855
17031241600,-0.026585272,2019,D10,Traffic pressure,855
17031241300,-0.025324963,2019,D10,Traffic pressure,855
17031241400,-0.02502898,2019,D10,Traffic pressure,855
17031243500,-0.024629755,2019,D10,Traffic pressure,855
17031250200,-0.022913622,2019,D10,Traffic pressure,855
17031250300,0.0033312142,2019,D10,Traffic pressure,855
17031250400,0.0034740488,2019,D10,Traffic pressure,855
17031250500,0.0039854175,2019,D10,Traffic pressure,855
17031071500,-0.024393732,2019,D10,Traffic pressure,855
17031071800,-0.025771488,2019,D10,Traffic pressure,855
17031080100,-0.025046274,2019,D10,Traffic pressure,855
17031080300,-0.024145741,2019,D10,Traffic pressure,855
17031080400,-0.02550017,2019,D10,Traffic pressure,855
17031160100,0.014196001,2019,D10,Traffic pressure,855
17031160200,0.015868504,2019,D10,Traffic pressure,855
17031160300,0.014363013,2019,D10,Traffic pressure,855
17031160400,0.014680995,2019,D10,Traffic pressure,855
17031160700,0.015984079,2019,D10,Traffic pressure,855
17031221300,-0.02352965,2019,D10,Traffic pressure,855
17031221500,-0.02377057,2019,D10,Traffic pressure,855
17031221400,-0.023546211,2019,D10,Traffic pressure,855
17031250600,-0.0013723925,2019,D10,Traffic pressure,855
17031250700,-0.0013437183,2019,D10,Traffic pressure,855
17031250800,-0.0014684009,2019,D10,Traffic pressure,855
17031251000,-0.0017200885,2019,D10,Traffic pressure,855
17031251100,-0.0010154778,2019,D10,Traffic pressure,855
17031051400,-0.023077648,2019,D10,Traffic pressure,855
17031060100,0.01046871,2019,D10,Traffic pressure,855
17031060300,0.009804551,2019,D10,Traffic pressure,855
17031060800,0.009368109,2019,D10,Traffic pressure,855
17031160800,0.014644088,2019,D10,Traffic pressure,855
17031160900,0.014765162,2019,D10,Traffic pressure,855
17031161000,0.012895815,2019,D10,Traffic pressure,855
17031161100,0.01300228,2019,D10,Traffic pressure,855
17031161200,0.014561351,2019,D10,Traffic pressure,855
17031161300,0.013609514,2019,D10,Traffic pressure,855
17031170100,0.0150431935,2019,D10,Traffic pressure,855
17031221600,-0.02336935,2019,D10,Traffic pressure,855
17031242100,-0.026558101,2019,D10,Traffic pressure,855
17031242000,-0.025897602,2019,D10,Traffic pressure,855
17031251200,-0.0014665495,2019,D10,Traffic pressure,855
17031251300,-0.0020285598,2019,D10,Traffic pressure,855
17031051300,-0.027113471,2019,D10,Traffic pressure,855
17031600700,0.0052220393,2019,D10,Traffic pressure,855
17031600900,0.005086777,2019,D10,Traffic pressure,855
17031821200,-0.049845926,2019,D10,Traffic pressure,855
17031672000,-0.050635893,2019,D10,Traffic pressure,855
17031710900,-0.0516494,2019,D10,Traffic pressure,855
17031711000,-0.05162487,2019,D10,Traffic pressure,855
17031711100,-0.051198445,2019,D10,Traffic pressure,855
17031711200,-0.050870582,2019,D10,Traffic pressure,855
17031711500,-0.051258504,2019,D10,Traffic pressure,855
17031711300,-0.050753415,2019,D10,Traffic pressure,855
17031711400,-0.05142398,2019,D10,Traffic pressure,855
17031270500,-0.0025987527,2019,D10,Traffic pressure,855
17031271200,-0.012874049,2019,D10,Traffic pressure,855
17031271300,-0.0014415213,2019,D10,Traffic pressure,855
17031271400,-0.0014719451,2019,D10,Traffic pressure,855
17031350100,-0.024751507,2019,D10,Traffic pressure,855
17031350400,-0.025971618,2019,D10,Traffic pressure,855
17031351000,-0.023385998,2019,D10,Traffic pressure,855
17031351400,-0.024677876,2019,D10,Traffic pressure,855
17031360200,-0.02482936,2019,D10,Traffic pressure,855
17031430400,-0.053807314,2019,D10,Traffic pressure,855
17031430600,-0.054668985,2019,D10,Traffic pressure,855
17031430800,-0.054679923,2019,D10,Traffic pressure,855
17031430500,-0.054117043,2019,D10,Traffic pressure,855
17031430900,-0.05417941,2019,D10,Traffic pressure,855
17031610300,0.005640104,2019,D10,Traffic pressure,855
17031681000,-0.05147116,2019,D10,Traffic pressure,855
17031681100,-0.051750857,2019,D10,Traffic pressure,855
17031680500,-0.03186917,2019,D10,Traffic pressure,855
17031680900,-0.053375635,2019,D10,Traffic pressure,855
17031720100,-0.050639745,2019,D10,Traffic pressure,855
17031720200,-0.051014945,2019,D10,Traffic pressure,855
17031720300,-0.050507545,2019,D10,Traffic pressure,855
17031720400,-0.028840354,2019,D10,Traffic pressure,855
17031720500,-0.029155934,2019,D10,Traffic pressure,855
17031720600,-0.05060157,2019,D10,Traffic pressure,855
17031720700,-0.051989153,2019,D10,Traffic pressure,855
17031040600,0.013411675,2019,D10,Traffic pressure,855
17031040700,0.01365079,2019,D10,Traffic pressure,855
17031040800,0.013409015,2019,D10,Traffic pressure,855
17031825801,-0.054101028,2019,D10,Traffic pressure,855
17031380100,-0.025002563,2019,D10,Traffic pressure,855
17031380200,-0.024703993,2019,D10,Traffic pressure,855
17031431200,-0.054673932,2019,D10,Traffic pressure,855
17031810200,0.0146515705,2019,D10,Traffic pressure,855
17031050100,0.010563295,2019,D10,Traffic pressure,855
17031610800,-0.022543952,2019,D10,Traffic pressure,855
17031611000,-0.03237263,2019,D10,Traffic pressure,855
17031611100,-0.0210107,2019,D10,Traffic pressure,855
17031611300,-0.022291994,2019,D10,Traffic pressure,855
17031611400,-0.021627452,2019,D10,Traffic pressure,855
17031611500,-0.0011480886,2019,D10,Traffic pressure,855
17031611900,-0.024056476,2019,D10,Traffic pressure,855
17031681200,-0.052007727,2019,D10,Traffic pressure,855
17031810400,0.01356563,2019,D10,Traffic pressure,855
17031810701,0.0057914644,2019,D10,Traffic pressure,855
17031810702,0.0055621634,2019,D10,Traffic pressure,855
17031810600,0.013167895,2019,D10,Traffic pressure,855
17031691200,-0.052265152,2019,D10,Traffic pressure,855
17031691100,-0.052120186,2019,D10,Traffic pressure,855
17031730100,-0.051992845,2019,D10,Traffic pressure,855
17031730300,-0.05096097,2019,D10,Traffic pressure,855
17031730400,-0.05143956,2019,D10,Traffic pressure,855
17031730500,-0.052147508,2019,D10,Traffic pressure,855
17031730600,-0.051519588,2019,D10,Traffic pressure,855
17031380500,0.00522614,2019,D10,Traffic pressure,855
17031381200,-0.03372705,2019,D10,Traffic pressure,855
17031381400,-0.033443857,2019,D10,Traffic pressure,855
17031381700,,2019,D10,Traffic pressure,855
17031440300,-0.053356864,2019,D10,Traffic pressure,855
17031810800,0.005876408,2019,D10,Traffic pressure,855
17031810900,0.0051385933,2019,D10,Traffic pressure,855
17031612000,-0.02241765,2019,D10,Traffic pressure,855
17031612100,-0.032142293,2019,D10,Traffic pressure,855
17031620100,0.00040232483,2019,D10,Traffic pressure,855
17031620200,0.00051346025,2019,D10,Traffic pressure,855
17031620300,4.227576e-05,2019,D10,Traffic pressure,855
17031620400,0.0004055146,2019,D10,Traffic pressure,855
17031630100,-0.02146243,2019,D10,Traffic pressure,855
17031810501,0.026732977,2019,D10,Traffic pressure,855
17031810502,0.014444105,2019,D10,Traffic pressure,855
17031812200,-0.00053293677,2019,D10,Traffic pressure,855
17031826600,-0.051934578,2019,D10,Traffic pressure,855
17031730700,-0.05169047,2019,D10,Traffic pressure,855
17031740100,-0.028537236,2019,D10,Traffic pressure,855
17031740200,-0.028691847,2019,D10,Traffic pressure,855
17031740300,-0.028579848,2019,D10,Traffic pressure,855
17031740400,-0.027740214,2019,D10,Traffic pressure,855
17031191100,-0.022852004,2019,D10,Traffic pressure,855
17031120100,0.012667539,2019,D10,Traffic pressure,855
17031611200,-0.02319029,2019,D10,Traffic pressure,855
17031300900,9.241048e-05,2019,D10,Traffic pressure,855
17031061100,0.011272352,2019,D10,Traffic pressure,855
17031061500,0.009645142,2019,D10,Traffic pressure,855
17031062000,0.009961013,2019,D10,Traffic pressure,855
17031062100,0.01101842,2019,D10,Traffic pressure,855
17031062200,0.010235755,2019,D10,Traffic pressure,855
17031090200,0.013328008,2019,D10,Traffic pressure,855
17031090100,0.011817312,2019,D10,Traffic pressure,855
17031826401,-0.05303439,2019,D10,Traffic pressure,855
17031260400,-0.0014582267,2019,D10,Traffic pressure,855
17031351500,-0.025147667,2019,D10,Traffic pressure,855
17031811200,0.006254298,2019,D10,Traffic pressure,855
17031770800,0.044617366,2019,D10,Traffic pressure,855
17031210800,-0.023343945,2019,D10,Traffic pressure,855
17031210900,-0.023306265,2019,D10,Traffic pressure,855
17031081100,-0.023947317,2019,D10,Traffic pressure,855
17031063000,0.013331026,2019,D10,Traffic pressure,855
17031241200,-0.025809256,2019,D10,Traffic pressure,855
17031031200,0.010444708,2019,D10,Traffic pressure,855
17031062500,0.010397539,2019,D10,Traffic pressure,855
17031062600,-0.026500013,2019,D10,Traffic pressure,855
17031062700,-0.02580127,2019,D10,Traffic pressure,855
17031062800,-0.025686264,2019,D10,Traffic pressure,855
17031062900,0.010811878,2019,D10,Traffic pressure,855
17031062400,0.009275623,2019,D10,Traffic pressure,855
17031063100,0.012212813,2019,D10,Traffic pressure,855
17031063400,-0.02529831,2019,D10,Traffic pressure,855
17031090300,0.012934292,2019,D10,Traffic pressure,855
17031100100,0.01384661,2019,D10,Traffic pressure,855
17031100300,0.0136925895,2019,D10,Traffic pressure,855
17031140100,0.01421538,2019,D10,Traffic pressure,855
17031140200,0.014783122,2019,D10,Traffic pressure,855
17031140400,0.014326572,2019,D10,Traffic pressure,855
17031140500,0.014289433,2019,D10,Traffic pressure,855
17031242700,-0.026208472,2019,D10,Traffic pressure,855
17031070200,-0.024463233,2019,D10,Traffic pressure,855
17031070300,-0.024649652,2019,D10,Traffic pressure,855
17031070400,-0.02598919,2019,D10,Traffic pressure,855
17031070500,-0.025992386,2019,D10,Traffic pressure,855
17031070600,-0.0259094,2019,D10,Traffic pressure,855
17031070700,-0.025221705,2019,D10,Traffic pressure,855
17031100400,0.0150646195,2019,D10,Traffic pressure,855
17031100600,0.0137312,2019,D10,Traffic pressure,855
17031100700,0.013571322,2019,D10,Traffic pressure,855
17031110200,0.014088323,2019,D10,Traffic pressure,855
17031150200,0.013406465,2019,D10,Traffic pressure,855
17031150300,0.01312905,2019,D10,Traffic pressure,855
17031140800,0.0132445805,2019,D10,Traffic pressure,855
17031231200,-0.02751131,2019,D10,Traffic pressure,855
17031231100,-0.02661432,2019,D10,Traffic pressure,855
17031242400,-0.025771543,2019,D10,Traffic pressure,855
17031242500,-0.025969278,2019,D10,Traffic pressure,855
17031120200,0.014343251,2019,D10,Traffic pressure,855
17031120300,0.0142554995,2019,D10,Traffic pressure,855
17031120400,0.013533991,2019,D10,Traffic pressure,855
17031231500,-0.01390413,2019,D10,Traffic pressure,855
17031071100,-0.025055949,2019,D10,Traffic pressure,855
17031071000,-0.02590358,2019,D10,Traffic pressure,855
17031071200,-0.025373712,2019,D10,Traffic pressure,855
17031071300,-0.025573524,2019,D10,Traffic pressure,855
17031110300,0.012555633,2019,D10,Traffic pressure,855
17031220300,-0.023249196,2019,D10,Traffic pressure,855
17031220400,-0.02330664,2019,D10,Traffic pressure,855
17031220500,-0.0231927,2019,D10,Traffic pressure,855
17031240300,-0.026420554,2019,D10,Traffic pressure,855
17031240500,-0.023254348,2019,D10,Traffic pressure,855
17031060400,0.010874314,2019,D10,Traffic pressure,855
17031060500,0.008974396,2019,D10,Traffic pressure,855
17031240800,-0.02291473,2019,D10,Traffic pressure,855
17031240600,-0.022653647,2019,D10,Traffic pressure,855
17031240700,-0.022425063,2019,D10,Traffic pressure,855
17031240900,-0.026480632,2019,D10,Traffic pressure,855
17031242600,-0.025898006,2019,D10,Traffic pressure,855
17031310600,-0.024205614,2019,D10,Traffic pressure,855
17031310700,-0.0050951107,2019,D10,Traffic pressure,855
17031310800,-0.0053049154,2019,D10,Traffic pressure,855
17031020602,0.01378157,2019,D10,Traffic pressure,855
17031310900,-0.005093964,2019,D10,Traffic pressure,855
17031510100,-0.05668612,2019,D10,Traffic pressure,855
17031510200,-0.05517368,2019,D10,Traffic pressure,855
17031561100,0.0009833309,2019,D10,Traffic pressure,855
17031190701,-0.022689423,2019,D10,Traffic pressure,855
17031020901,0.01421988,2019,D10,Traffic pressure,855
17031010202,0.008247297,2019,D10,Traffic pressure,855
17031570100,6.7630084e-05,2019,D10,Traffic pressure,855
17031570200,0.00054504327,2019,D10,Traffic pressure,855
17031570300,0.00051600323,2019,D10,Traffic pressure,855
17031570400,0.00020044763,2019,D10,Traffic pressure,855
17031570500,0.00060884794,2019,D10,Traffic pressure,855
17031690400,-0.052639667,2019,D10,Traffic pressure,855
17031691300,-0.05268965,2019,D10,Traffic pressure,855
17031691400,-0.053146176,2019,D10,Traffic pressure,855
17031691500,-0.053488754,2019,D10,Traffic pressure,855
17031320100,-0.0253675,2019,D10,Traffic pressure,855
17031320400,-0.02412903,2019,D10,Traffic pressure,855
17031580100,-0.00022180518,2019,D10,Traffic pressure,855
17031580200,0.00014717737,2019,D10,Traffic pressure,855
17031580300,0.00014452683,2019,D10,Traffic pressure,855
17031580400,0.00020974665,2019,D10,Traffic pressure,855
17031580600,-0.00024910457,2019,D10,Traffic pressure,855
17031580700,-0.00017913431,2019,D10,Traffic pressure,855
17031681300,-0.051874336,2019,D10,Traffic pressure,855
17031681400,-0.051466443,2019,D10,Traffic pressure,855
17031690300,-0.05235365,2019,D10,Traffic pressure,855
17031690500,-0.052595012,2019,D10,Traffic pressure,855
17031690900,-0.053160556,2019,D10,Traffic pressure,855
17031691000,-0.05265461,2019,D10,Traffic pressure,855
17031700100,-0.029143397,2019,D10,Traffic pressure,855
17031700200,-0.020530835,2019,D10,Traffic pressure,855
17031320600,-0.02275838,2019,D10,Traffic pressure,855
17031330100,-0.024745742,2019,D10,Traffic pressure,855
17031330200,-0.024157148,2019,D10,Traffic pressure,855
17031590500,-0.00028522685,2019,D10,Traffic pressure,855
17031590600,0.005680045,2019,D10,Traffic pressure,855
17031671200,-0.05022791,2019,D10,Traffic pressure,855
17031671100,-0.050432753,2019,D10,Traffic pressure,855
17031671300,-0.050707687,2019,D10,Traffic pressure,855
17031671500,-0.051027186,2019,D10,Traffic pressure,855
17031671600,-0.05108134,2019,D10,Traffic pressure,855
17031671800,-0.05040345,2019,D10,Traffic pressure,855
17031671900,-0.050953735,2019,D10,Traffic pressure,855
17031710100,-0.051918745,2019,D10,Traffic pressure,855
17031710200,-0.051460218,2019,D10,Traffic pressure,855
17031710400,-0.050897792,2019,D10,Traffic pressure,855
17031710500,-0.051669803,2019,D10,Traffic pressure,855
17031710600,-0.050391823,2019,D10,Traffic pressure,855
17031710800,-0.051656865,2019,D10,Traffic pressure,855
17031340300,-0.02400198,2019,D10,Traffic pressure,855
17031340500,-0.0248057,2019,D10,Traffic pressure,855
17031340600,-0.0042846017,2019,D10,Traffic pressure,855
17031430200,-0.0541424,2019,D10,Traffic pressure,855
17031430300,-0.055024393,2019,D10,Traffic pressure,855
17031510300,-0.055389985,2019,D10,Traffic pressure,855
17031520100,-0.056489583,2019,D10,Traffic pressure,855
17031590700,0.0044344305,2019,D10,Traffic pressure,855
17031600400,-0.0250175,2019,D10,Traffic pressure,855
17031813801,0.001629387,2019,D10,Traffic pressure,855
17031830600,0.011288498,2019,D10,Traffic pressure,855
17031830800,0.010112729,2019,D10,Traffic pressure,855
17031830700,0.013263578,2019,D10,Traffic pressure,855
17031830900,-0.022462936,2019,D10,Traffic pressure,855
17031835200,0.0006663848,2019,D10,Traffic pressure,855
17031839900,0.004774226,2019,D10,Traffic pressure,855
17031839700,0.0038437648,2019,D10,Traffic pressure,855
17031839800,-0.004497695,2019,D10,Traffic pressure,855
17031834800,-0.03236787,2019,D10,Traffic pressure,855
17031834700,-0.032369245,2019,D10,Traffic pressure,855
17031832000,0.0109379105,2019,D10,Traffic pressure,855
17031832500,-0.024904681,2019,D10,Traffic pressure,855
17031832300,-0.025222646,2019,D10,Traffic pressure,855
17031838300,-0.025280459,2019,D10,Traffic pressure,855
17031831800,0.014358673,2019,D10,Traffic pressure,855
17031831700,0.012979843,2019,D10,Traffic pressure,855
17031835100,-0.00021470501,2019,D10,Traffic pressure,855
17031835000,-0.020254351,2019,D10,Traffic pressure,855
17031843700,0.015054651,2019,D10,Traffic pressure,855
17031220702,-0.022236295,2019,D10,Traffic pressure,855
17031842100,-0.0022891015,2019,D10,Traffic pressure,855
17031843300,2.2381078e-05,2019,D10,Traffic pressure,855
17031831100,0.014600974,2019,D10,Traffic pressure,855
17031831500,0.0041228146,2019,D10,Traffic pressure,855
17031831600,0.0040523014,2019,D10,Traffic pressure,855
17031831200,-0.022564955,2019,D10,Traffic pressure,855
17031831000,-0.026280649,2019,D10,Traffic pressure,855
17031843000,0.0006999853,2019,D10,Traffic pressure,855
17031843100,-0.00033004722,2019,D10,Traffic pressure,855
17031842900,-0.005552665,2019,D10,Traffic pressure,855
17031843500,0.00013730722,2019,D10,Traffic pressure,855
17031842000,-0.023200825,2019,D10,Traffic pressure,855
17031770901,0.012799596,2019,D10,Traffic pressure,855
17031832400,-0.023911027,2019,D10,Traffic pressure,855
17031832900,-0.024462275,2019,D10,Traffic pressure,855
17031840300,-0.000823447,2019,D10,Traffic pressure,855
17031838600,0.00027406705,2019,D10,Traffic pressure,855
17031839600,-0.024898902,2019,D10,Traffic pressure,855
17031834900,-0.051131077,2019,D10,Traffic pressure,855
17031030603,0.008816846,2019,D10,Traffic pressure,855
17031030101,0.009290405,2019,D10,Traffic pressure,855
17031030701,0.008924693,2019,D10,Traffic pressure,855
17031070103,-0.025988426,2019,D10,Traffic pressure,855
17031807900,0.013582367,2019,D10,Traffic pressure,855
17031808001,0.014010288,2019,D10,Traffic pressure,855
17031808002,0.0149499625,2019,D10,Traffic pressure,855
17031770602,0.028574867,2019,D10,Traffic pressure,855
17031831900,0.010114489,2019,D10,Traffic pressure,855
17031839500,-0.025146235,2019,D10,Traffic pressure,855
17031832600,-0.02469736,2019,D10,Traffic pressure,855
17031836900,-0.012836435,2019,D10,Traffic pressure,855
17031841200,0.0004299581,2019,D10,Traffic pressure,855
17031841900,-0.022469008,2019,D10,Traffic pressure,855
17031835800,-0.005308981,2019,D10,Traffic pressure,855
17031838800,-0.05563681,2019,D10,Traffic pressure,855
17031842300,-0.024785614,2019,D10,Traffic pressure,855
17031843200,-0.0065354984,2019,D10,Traffic pressure,855
17031843400,0.00037296698,2019,D10,Traffic pressure,855
17031842600,0.0052867606,2019,D10,Traffic pressure,855
17031301803,0.0005232801,2019,D10,Traffic pressure,855
17031710300,-0.05134788,2019,D10,Traffic pressure,855
17043840801,0.04437907,2019,D10,Traffic pressure,855
17031030101,-0.031149443,2023,D10,Traffic pressure,853
17031030701,-0.030609667,2023,D10,Traffic pressure,853
17031070103,0.029322118,2023,D10,Traffic pressure,853
17031807900,-0.034021072,2023,D10,Traffic pressure,853
17031808001,-0.034550186,2023,D10,Traffic pressure,853
17031808002,-0.03293054,2023,D10,Traffic pressure,853
17031770602,0.009755235,2023,D10,Traffic pressure,853
17031831900,0.006191359,2023,D10,Traffic pressure,853
17031832600,0.026597815,2023,D10,Traffic pressure,853
17031836900,0.002018503,2023,D10,Traffic pressure,853
17031841200,0.009528231,2023,D10,Traffic pressure,853
17031839500,0.033155926,2023,D10,Traffic pressure,853
17031835800,0.035195947,2023,D10,Traffic pressure,853
17031838800,0.030172076,2023,D10,Traffic pressure,853
17031842300,0.026254196,2023,D10,Traffic pressure,853
17031841900,0.03039635,2023,D10,Traffic pressure,853
17031843200,0.038971536,2023,D10,Traffic pressure,853
17031843400,0.010729953,2023,D10,Traffic pressure,853
17031842600,0.042695336,2023,D10,Traffic pressure,853
17031301803,0.010604652,2023,D10,Traffic pressure,853
17031320101,0.025738392,2023,D10,Traffic pressure,853
17031330103,0.032876287,2023,D10,Traffic pressure,853
17031380600,0.032887574,2023,D10,Traffic pressure,853
17031330102,0.030397099,2023,D10,Traffic pressure,853
17031330101,0.029660985,2023,D10,Traffic pressure,853
17031460800,0.028682828,2023,D10,Traffic pressure,853
17031630600,0.00904047,2023,D10,Traffic pressure,853
17031490200,0.030805059,2023,D10,Traffic pressure,853
17031612200,0.053910315,2023,D10,Traffic pressure,853
17031844700,0.010573645,2023,D10,Traffic pressure,853
17031844600,0.03639553,2023,D10,Traffic pressure,853
17031320102,0.026127383,2023,D10,Traffic pressure,853
17031220701,-0.01205052,2023,D10,Traffic pressure,853
17031063302,0.030443083,2023,D10,Traffic pressure,853
17031252201,0.005761924,2023,D10,Traffic pressure,853
17031660302,0.010313913,2023,D10,Traffic pressure,853
17031660301,-0.0020227856,2023,D10,Traffic pressure,853
17031730202,0.03194564,2023,D10,Traffic pressure,853
17031813302,0.011632007,2023,D10,Traffic pressure,853
17031813301,0.010692818,2023,D10,Traffic pressure,853
17031835600,0.042255826,2023,D10,Traffic pressure,853
17031840000,0.04036327,2023,D10,Traffic pressure,853
17031836100,0.042339772,2023,D10,Traffic pressure,853
17031834600,0.04337969,2023,D10,Traffic pressure,853
17031843600,0.039643805,2023,D10,Traffic pressure,853
17031030102,-0.031137737,2023,D10,Traffic pressure,853
17031030706,-0.030055016,2023,D10,Traffic pressure,853
17031030601,-0.030477334,2023,D10,Traffic pressure,853
17031063303,0.028986156,2023,D10,Traffic pressure,853
17031220901,-0.011842729,2023,D10,Traffic pressure,853
17031210602,-0.012770947,2023,D10,Traffic pressure,853
17031220602,-0.012655851,2023,D10,Traffic pressure,853
17031220601,-0.012726959,2023,D10,Traffic pressure,853
17031040401,-0.035992276,2023,D10,Traffic pressure,853
17031252202,0.0055565685,2023,D10,Traffic pressure,853
17031252102,0.0046800757,2023,D10,Traffic pressure,853
17031836300,0.040804483,2023,D10,Traffic pressure,853
17031834500,0.043013044,2023,D10,Traffic pressure,853
17031836000,0.03283589,2023,D10,Traffic pressure,853
17031836200,0.04042767,2023,D10,Traffic pressure,853
17031834400,0.029804593,2023,D10,Traffic pressure,853
17031834300,0.029833663,2023,D10,Traffic pressure,853
17031110501,-0.033447567,2023,D10,Traffic pressure,853
17031030104,-0.030682534,2023,D10,Traffic pressure,853
17031081401,0.026351463,2023,D10,Traffic pressure,853
17031770902,0.0078300135,2023,D10,Traffic pressure,853
17031430101,0.022167107,2023,D10,Traffic pressure,853
17031252101,0.0093482975,2023,D10,Traffic pressure,853
17031010501,-0.029397193,2023,D10,Traffic pressure,853
17031020701,-0.03665176,2023,D10,Traffic pressure,853
17031010201,-0.0295268,2023,D10,Traffic pressure,853
17031760801,-0.03304939,2023,D10,Traffic pressure,853
17031839000,0.030844886,2023,D10,Traffic pressure,853
17031440201,0.030634586,2023,D10,Traffic pressure,853
17031540101,0.030194812,2023,D10,Traffic pressure,853
17031834000,0.032311883,2023,D10,Traffic pressure,853
17031833900,0.028368538,2023,D10,Traffic pressure,853
17031221000,-0.012118364,2023,D10,Traffic pressure,853
17031221100,-0.012791899,2023,D10,Traffic pressure,853
17031242800,0.025651269,2023,D10,Traffic pressure,853
17031242900,0.025880372,2023,D10,Traffic pressure,853
17031243000,0.028352886,2023,D10,Traffic pressure,853
17031243100,0.028415661,2023,D10,Traffic pressure,853
17031243200,0.028526373,2023,D10,Traffic pressure,853
17031243300,0.027630502,2023,D10,Traffic pressure,853
17031243400,0.027231008,2023,D10,Traffic pressure,853
17031110400,-0.035616804,2023,D10,Traffic pressure,853
17031150600,-0.034298874,2023,D10,Traffic pressure,853
17031150700,-0.033227637,2023,D10,Traffic pressure,853
17031150800,-0.034643605,2023,D10,Traffic pressure,853
17031151100,-0.035683107,2023,D10,Traffic pressure,853
17031151200,-0.03254001,2023,D10,Traffic pressure,853
17031241500,0.02844939,2023,D10,Traffic pressure,853
17031241100,0.02600974,2023,D10,Traffic pressure,853
17031241600,0.027306119,2023,D10,Traffic pressure,853
17031241300,0.026692409,2023,D10,Traffic pressure,853
17031241400,0.02760119,2023,D10,Traffic pressure,853
17031243500,0.025855228,2023,D10,Traffic pressure,853
17031250200,-0.011564903,2023,D10,Traffic pressure,853
17031250300,0.0039173365,2023,D10,Traffic pressure,853
17031250400,0.0031188428,2023,D10,Traffic pressure,853
17031250500,0.0032477193,2023,D10,Traffic pressure,853
17031071500,0.02712193,2023,D10,Traffic pressure,853
17031071800,0.028299697,2023,D10,Traffic pressure,853
17031080100,0.028274098,2023,D10,Traffic pressure,853
17031080300,0.026770495,2023,D10,Traffic pressure,853
17031080400,0.028666228,2023,D10,Traffic pressure,853
17031160100,-0.035070226,2023,D10,Traffic pressure,853
17031160200,-0.033922113,2023,D10,Traffic pressure,853
17031160300,-0.03500892,2023,D10,Traffic pressure,853
17031160400,-0.034530014,2023,D10,Traffic pressure,853
17031160700,-0.034134377,2023,D10,Traffic pressure,853
17031221300,0.023277257,2023,D10,Traffic pressure,853
17031221500,0.022499265,2023,D10,Traffic pressure,853
17031221400,0.022988124,2023,D10,Traffic pressure,853
17031250600,0.0069625694,2023,D10,Traffic pressure,853
17031250700,0.0074373204,2023,D10,Traffic pressure,853
17031250800,0.006432942,2023,D10,Traffic pressure,853
17031251000,0.0048768288,2023,D10,Traffic pressure,853
17031251100,0.006935764,2023,D10,Traffic pressure,853
17031051400,0.023168787,2023,D10,Traffic pressure,853
17031060100,-0.028446507,2023,D10,Traffic pressure,853
17031060300,-0.03057769,2023,D10,Traffic pressure,853
17031060800,0.010282784,2023,D10,Traffic pressure,853
17031160800,-0.03512342,2023,D10,Traffic pressure,853
17031160900,-0.034062084,2023,D10,Traffic pressure,853
17031161000,-0.03485487,2023,D10,Traffic pressure,853
17031161100,-0.035121668,2023,D10,Traffic pressure,853
17031161200,-0.03263532,2023,D10,Traffic pressure,853
17031161300,-0.03476237,2023,D10,Traffic pressure,853
17031170100,-0.03114551,2023,D10,Traffic pressure,853
17031221600,0.022978485,2023,D10,Traffic pressure,853
17031242100,0.028863356,2023,D10,Traffic pressure,853
17031242000,0.029031925,2023,D10,Traffic pressure,853
17031251200,0.0077328263,2023,D10,Traffic pressure,853
17031251300,0.006480477,2023,D10,Traffic pressure,853
17031051300,0.028552577,2023,D10,Traffic pressure,853
17031600700,0.044543073,2023,D10,Traffic pressure,853
17031600900,0.045041915,2023,D10,Traffic pressure,853
17031821200,0.031210508,2023,D10,Traffic pressure,853
17031672000,0.032798085,2023,D10,Traffic pressure,853
17031710900,0.031759415,2023,D10,Traffic pressure,853
17031711000,0.03188311,2023,D10,Traffic pressure,853
17031711100,0.032285035,2023,D10,Traffic pressure,853
17031711200,0.032727845,2023,D10,Traffic pressure,853
17031711500,0.031532876,2023,D10,Traffic pressure,853
17031711300,0.03264522,2023,D10,Traffic pressure,853
17031711400,0.03194258,2023,D10,Traffic pressure,853
17031270500,0.0062863613,2023,D10,Traffic pressure,853
17031271200,0.0016547851,2023,D10,Traffic pressure,853
17031271300,0.006158906,2023,D10,Traffic pressure,853
17031271400,0.0059942184,2023,D10,Traffic pressure,853
17031350100,0.034397133,2023,D10,Traffic pressure,853
17031350400,0.03585174,2023,D10,Traffic pressure,853
17031351000,0.0331183,2023,D10,Traffic pressure,853
17031351400,0.032246977,2023,D10,Traffic pressure,853
17031360200,0.035469867,2023,D10,Traffic pressure,853
17031430400,0.03003657,2023,D10,Traffic pressure,853
17031430600,0.029248105,2023,D10,Traffic pressure,853
17031430800,0.028665708,2023,D10,Traffic pressure,853
17031430500,0.029545825,2023,D10,Traffic pressure,853
17031430900,0.029640045,2023,D10,Traffic pressure,853
17031610300,0.043716863,2023,D10,Traffic pressure,853
17031681000,0.032086924,2023,D10,Traffic pressure,853
17031681100,0.032158688,2023,D10,Traffic pressure,853
17031680500,0.044149682,2023,D10,Traffic pressure,853
17031680900,0.03196278,2023,D10,Traffic pressure,853
17031720100,0.032700546,2023,D10,Traffic pressure,853
17031720200,0.032530814,2023,D10,Traffic pressure,853
17031720300,0.034058996,2023,D10,Traffic pressure,853
17031720400,-0.013370202,2023,D10,Traffic pressure,853
17031720500,-0.013046658,2023,D10,Traffic pressure,853
17031720600,0.03292178,2023,D10,Traffic pressure,853
17031720700,0.032201573,2023,D10,Traffic pressure,853
17031040600,-0.03582518,2023,D10,Traffic pressure,853
17031040700,-0.035712503,2023,D10,Traffic pressure,853
17031040800,-0.03435186,2023,D10,Traffic pressure,853
17031825801,0.02787432,2023,D10,Traffic pressure,853
17031380100,0.03446088,2023,D10,Traffic pressure,853
17031380200,0.034757312,2023,D10,Traffic pressure,853
17031431200,0.029309267,2023,D10,Traffic pressure,853
17031810200,-0.0361254,2023,D10,Traffic pressure,853
17031810301,-0.0355122,2023,D10,Traffic pressure,853
17031050100,-0.031216763,2023,D10,Traffic pressure,853
17031610800,0.053681623,2023,D10,Traffic pressure,853
17031611300,0.05431188,2023,D10,Traffic pressure,853
17031611400,0.054790396,2023,D10,Traffic pressure,853
17031611500,0.009759359,2023,D10,Traffic pressure,853
17031611900,0.05424891,2023,D10,Traffic pressure,853
17031681200,0.03162534,2023,D10,Traffic pressure,853
17031810400,-0.034305487,2023,D10,Traffic pressure,853
17031810701,0.0054912018,2023,D10,Traffic pressure,853
17031810702,0.0052379854,2023,D10,Traffic pressure,853
17031810600,-0.03302264,2023,D10,Traffic pressure,853
17031691200,0.031525634,2023,D10,Traffic pressure,853
17031691100,0.031392716,2023,D10,Traffic pressure,853
17031730100,0.031566408,2023,D10,Traffic pressure,853
17031730300,0.032633796,2023,D10,Traffic pressure,853
17031730400,0.03207166,2023,D10,Traffic pressure,853
17031730500,0.031508178,2023,D10,Traffic pressure,853
17031730600,0.03194433,2023,D10,Traffic pressure,853
17031381200,0.041783754,2023,D10,Traffic pressure,853
17031381400,0.042111196,2023,D10,Traffic pressure,853
17031381700,,2023,D10,Traffic pressure,853
17031440300,0.03097876,2023,D10,Traffic pressure,853
17031810800,0.0056622326,2023,D10,Traffic pressure,853
17031810900,0.0049766107,2023,D10,Traffic pressure,853
17031612000,0.054167166,2023,D10,Traffic pressure,853
17031612100,0.043932155,2023,D10,Traffic pressure,853
17031620100,0.008703863,2023,D10,Traffic pressure,853
17031620200,0.010118456,2023,D10,Traffic pressure,853
17031620300,0.010588726,2023,D10,Traffic pressure,853
17031620400,0.010505007,2023,D10,Traffic pressure,853
17031810501,0.008059255,2023,D10,Traffic pressure,853
17031810502,-0.030803353,2023,D10,Traffic pressure,853
17031812200,0.0071446393,2023,D10,Traffic pressure,853
17031826600,0.029379271,2023,D10,Traffic pressure,853
17031730700,0.0320125,2023,D10,Traffic pressure,853
17031740100,-0.01376491,2023,D10,Traffic pressure,853
17031740200,-0.012395911,2023,D10,Traffic pressure,853
17031740300,-0.012465128,2023,D10,Traffic pressure,853
17031740400,-0.012827409,2023,D10,Traffic pressure,853
17031381800,0.042877503,2023,D10,Traffic pressure,853
17031381900,0.041719683,2023,D10,Traffic pressure,853
17031390100,0.032631833,2023,D10,Traffic pressure,853
17031390200,0.039884467,2023,D10,Traffic pressure,853
17031390300,0.032498144,2023,D10,Traffic pressure,853
17031390400,0.041423984,2023,D10,Traffic pressure,853
17031390500,0.04160382,2023,D10,Traffic pressure,853
17031390600,0.039770763,2023,D10,Traffic pressure,853
17031812500,0.006818897,2023,D10,Traffic pressure,853
17031440600,0.030939773,2023,D10,Traffic pressure,853
17031440900,0.030413132,2023,D10,Traffic pressure,853
17031440700,0.03059093,2023,D10,Traffic pressure,853
17031440800,0.029683558,2023,D10,Traffic pressure,853
17031630300,0.0054370807,2023,D10,Traffic pressure,853
17031630500,0.010132112,2023,D10,Traffic pressure,853
17031630800,0.008811254,2023,D10,Traffic pressure,853
17031630900,0.009057495,2023,D10,Traffic pressure,853
17031640100,-0.0013292283,2023,D10,Traffic pressure,853
17031640300,-0.0020887186,2023,D10,Traffic pressure,853
17031750100,0.03191313,2023,D10,Traffic pressure,853
17031750200,0.032479014,2023,D10,Traffic pressure,853
17031750300,-0.012960333,2023,D10,Traffic pressure,853
17031750400,-0.013791924,2023,D10,Traffic pressure,853
17031750500,0.032642663,2023,D10,Traffic pressure,853
17031282700,0.0064193653,2023,D10,Traffic pressure,853
17031282800,0.0058858907,2023,D10,Traffic pressure,853
17031400300,0.042049684,2023,D10,Traffic pressure,853
17031400500,0.043377254,2023,D10,Traffic pressure,853
17031400800,0.03127736,2023,D10,Traffic pressure,853
17031410500,0.041929968,2023,D10,Traffic pressure,853
17031410600,0.033680435,2023,D10,Traffic pressure,853
17031460100,0.02023756,2023,D10,Traffic pressure,853
17031450300,0.03046402,2023,D10,Traffic pressure,853
17031460200,0.028521497,2023,D10,Traffic pressure,853
17031640400,-0.0014343825,2023,D10,Traffic pressure,853
17031640500,-0.0016742931,2023,D10,Traffic pressure,853
17031640600,-0.00083326176,2023,D10,Traffic pressure,853
17031640700,-0.0011132397,2023,D10,Traffic pressure,853
17031640800,-0.0012808931,2023,D10,Traffic pressure,853
17031650100,-0.0024082921,2023,D10,Traffic pressure,853
17031650200,-0.0024778936,2023,D10,Traffic pressure,853
17031750600,0.03187983,2023,D10,Traffic pressure,853
17031812600,0.0075936094,2023,D10,Traffic pressure,853
17031820300,0.012184703,2023,D10,Traffic pressure,853
17031820400,0.011502315,2023,D10,Traffic pressure,853
17031820902,-0.0015442208,2023,D10,Traffic pressure,853
17031283100,0.0324565,2023,D10,Traffic pressure,853
17031283800,0.03438445,2023,D10,Traffic pressure,853
17031410700,0.0385705,2023,D10,Traffic pressure,853
17031410800,0.038478132,2023,D10,Traffic pressure,853
17031411100,0.033824626,2023,D10,Traffic pressure,853
17031411200,0.0337846,2023,D10,Traffic pressure,853
17031460400,0.028980874,2023,D10,Traffic pressure,853
17031460500,0.029288545,2023,D10,Traffic pressure,853
17031461000,0.02861641,2023,D10,Traffic pressure,853
17031813000,0.0070552407,2023,D10,Traffic pressure,853
17031813100,0.012805389,2023,D10,Traffic pressure,853
17031821102,-0.0018919343,2023,D10,Traffic pressure,853
17031420100,0.02159851,2023,D10,Traffic pressure,853
17031420200,0.040399767,2023,D10,Traffic pressure,853
17031420400,0.030940026,2023,D10,Traffic pressure,853
17031420700,0.030608298,2023,D10,Traffic pressure,853
17031805402,-0.035001792,2023,D10,Traffic pressure,853
17031420800,0.030310383,2023,D10,Traffic pressure,853
17031470100,0.030805076,2023,D10,Traffic pressure,853
17031480100,0.02942373,2023,D10,Traffic pressure,853
17031480200,0.029889038,2023,D10,Traffic pressure,853
17031480300,0.029803665,2023,D10,Traffic pressure,853
17031480400,0.029987333,2023,D10,Traffic pressure,853
17031805502,-0.034432486,2023,D10,Traffic pressure,853
17031805600,-0.034671172,2023,D10,Traffic pressure,853
17031650400,-0.0017655897,2023,D10,Traffic pressure,853
17031650500,-0.0025788085,2023,D10,Traffic pressure,853
17031660400,-0.0023673647,2023,D10,Traffic pressure,853
17031813400,0.012353305,2023,D10,Traffic pressure,853
17031821401,0.030525,2023,D10,Traffic pressure,853
17031805702,-0.03427825,2023,D10,Traffic pressure,853
17031821402,0.030422624,2023,D10,Traffic pressure,853
17031821600,-0.013706434,2023,D10,Traffic pressure,853
17031821700,-0.012851965,2023,D10,Traffic pressure,853
17031290900,0.009804248,2023,D10,Traffic pressure,853
17031291200,0.010079955,2023,D10,Traffic pressure,853
17031421200,0.030588992,2023,D10,Traffic pressure,853
17031271500,0.011288253,2023,D10,Traffic pressure,853
17031292200,0.011068047,2023,D10,Traffic pressure,853
17031292400,0.010619938,2023,D10,Traffic pressure,853
17031292500,0.010140913,2023,D10,Traffic pressure,853
17031271800,0.011625054,2023,D10,Traffic pressure,853
17031280100,0.02574965,2023,D10,Traffic pressure,853
17031280400,0.02805611,2023,D10,Traffic pressure,853
17031300600,0.010378294,2023,D10,Traffic pressure,853
17031300700,0.010596791,2023,D10,Traffic pressure,853
17031301100,0.010621734,2023,D10,Traffic pressure,853
17031301200,0.0103723295,2023,D10,Traffic pressure,853
17031480500,0.02903601,2023,D10,Traffic pressure,853
17031490500,0.03059701,2023,D10,Traffic pressure,853
17031520200,0.028902825,2023,D10,Traffic pressure,853
17031520300,0.028298052,2023,D10,Traffic pressure,853
17031520400,0.028940002,2023,D10,Traffic pressure,853
17031520500,0.027424272,2023,D10,Traffic pressure,853
17031520600,0.027678309,2023,D10,Traffic pressure,853
17031660500,-0.0019865758,2023,D10,Traffic pressure,853
17031660600,-0.0017421604,2023,D10,Traffic pressure,853
17031660700,-0.0019870424,2023,D10,Traffic pressure,853
17031660800,-0.0018309625,2023,D10,Traffic pressure,853
17031660900,-0.002514842,2023,D10,Traffic pressure,853
17031661000,-0.012156164,2023,D10,Traffic pressure,853
17031280900,0.002037624,2023,D10,Traffic pressure,853
17031301600,0.010881666,2023,D10,Traffic pressure,853
17031490600,0.03128994,2023,D10,Traffic pressure,853
17031490700,0.030457372,2023,D10,Traffic pressure,853
17031490800,0.030928647,2023,D10,Traffic pressure,853
17031491000,0.031072186,2023,D10,Traffic pressure,853
17031491100,0.031435836,2023,D10,Traffic pressure,853
17031530200,0.031154305,2023,D10,Traffic pressure,853
17031530300,0.031823248,2023,D10,Traffic pressure,853
17031530400,0.031813636,2023,D10,Traffic pressure,853
17031530600,0.030638458,2023,D10,Traffic pressure,853
17031560100,0.0104674585,2023,D10,Traffic pressure,853
17031670200,0.054465275,2023,D10,Traffic pressure,853
17031670300,0.054447517,2023,D10,Traffic pressure,853
17031670400,0.054998543,2023,D10,Traffic pressure,853
17031661100,-0.0019955724,2023,D10,Traffic pressure,853
17031670100,0.044304326,2023,D10,Traffic pressure,853
17031670600,0.042306766,2023,D10,Traffic pressure,853
17031670700,0.044213224,2023,D10,Traffic pressure,853
17031670800,0.04449112,2023,D10,Traffic pressure,853
17031670900,0.044660218,2023,D10,Traffic pressure,853
17031260900,0.010657357,2023,D10,Traffic pressure,853
17031261000,0.010173497,2023,D10,Traffic pressure,853
17031281900,0.026173245,2023,D10,Traffic pressure,853
17031310200,0.031000465,2023,D10,Traffic pressure,853
17031310300,0.03319137,2023,D10,Traffic pressure,853
17031310400,0.034482278,2023,D10,Traffic pressure,853
17031310500,0.033928707,2023,D10,Traffic pressure,853
17031491200,0.0316966,2023,D10,Traffic pressure,853
17031491300,0.030518709,2023,D10,Traffic pressure,853
17031491400,0.030673439,2023,D10,Traffic pressure,853
17031500100,0.030818563,2023,D10,Traffic pressure,853
17031500200,0.03061526,2023,D10,Traffic pressure,853
17031500300,0.030714534,2023,D10,Traffic pressure,853
17031560200,0.01090964,2023,D10,Traffic pressure,853
17031560300,0.010721729,2023,D10,Traffic pressure,853
17031560700,0.008302487,2023,D10,Traffic pressure,853
17031560800,0.009474146,2023,D10,Traffic pressure,853
17031560900,0.010859716,2023,D10,Traffic pressure,853
17031561000,0.010175196,2023,D10,Traffic pressure,853
17031010300,-0.032174565,2023,D10,Traffic pressure,853
17031010600,-0.031494565,2023,D10,Traffic pressure,853
17031020100,-0.035751734,2023,D10,Traffic pressure,853
17031280800,0.0022188462,2023,D10,Traffic pressure,853
17031420300,0.030377122,2023,D10,Traffic pressure,853
17031806600,-0.032386627,2023,D10,Traffic pressure,853
17031100200,-0.036332402,2023,D10,Traffic pressure,853
17031020200,-0.03736482,2023,D10,Traffic pressure,853
17031130200,-0.03574474,2023,D10,Traffic pressure,853
17031020400,-0.03709182,2023,D10,Traffic pressure,853
17031080202,0.028358798,2023,D10,Traffic pressure,853
17031240200,0.02920384,2023,D10,Traffic pressure,853
17031611800,0.0547028,2023,D10,Traffic pressure,853
17031060200,-0.02818662,2023,D10,Traffic pressure,853
17031221200,-0.012750731,2023,D10,Traffic pressure,853
17031826500,0.029151436,2023,D10,Traffic pressure,853
17031061200,0.005999675,2023,D10,Traffic pressure,853
17031808200,-0.03507089,2023,D10,Traffic pressure,853
17031030200,-0.033172976,2023,D10,Traffic pressure,853
17031030300,-0.029892324,2023,D10,Traffic pressure,853
17031030400,-0.032454558,2023,D10,Traffic pressure,853
17031030900,-0.032640453,2023,D10,Traffic pressure,853
17031031000,-0.031730264,2023,D10,Traffic pressure,853
17031980000,,2023,D10,Traffic pressure,853
17031600600,0.040091235,2023,D10,Traffic pressure,853
17031811900,0.0075624827,2023,D10,Traffic pressure,853
17031420600,0.030989494,2023,D10,Traffic pressure,853
17031110100,-0.035492323,2023,D10,Traffic pressure,853
17031031400,0.007404765,2023,D10,Traffic pressure,853
17031040900,-0.035593227,2023,D10,Traffic pressure,853
17031050200,-0.035521872,2023,D10,Traffic pressure,853
17031050300,-0.033638373,2023,D10,Traffic pressure,853
17031071700,0.02855843,2023,D10,Traffic pressure,853
17031031800,-0.031156477,2023,D10,Traffic pressure,853
17031811600,-0.012276219,2023,D10,Traffic pressure,853
17031031700,-0.029671337,2023,D10,Traffic pressure,853
17031610400,0.053928733,2023,D10,Traffic pressure,853
17031050600,-0.030597325,2023,D10,Traffic pressure,853
17031050500,-0.035479736,2023,D10,Traffic pressure,853
17031071600,0.02963296,2023,D10,Traffic pressure,853
17031671400,0.033006214,2023,D10,Traffic pressure,853
17031062300,0.0067982357,2023,D10,Traffic pressure,853
17031630400,0.008775006,2023,D10,Traffic pressure,853
17031822802,-0.013012409,2023,D10,Traffic pressure,853
17031010100,-0.032006074,2023,D10,Traffic pressure,853
17031680600,0.044219907,2023,D10,Traffic pressure,853
17031807800,-0.033409484,2023,D10,Traffic pressure,853
17031811100,0.006266469,2023,D10,Traffic pressure,853
17031030500,-0.032750867,2023,D10,Traffic pressure,853
17031020500,-0.0372983,2023,D10,Traffic pressure,853
17031081300,0.02626175,2023,D10,Traffic pressure,853
17031081000,0.026247276,2023,D10,Traffic pressure,853
17031130100,-0.036151774,2023,D10,Traffic pressure,853
17043840000,-0.01135203,2023,D10,Traffic pressure,853
17031170200,-0.03466735,2023,D10,Traffic pressure,853
17031170300,-0.033032417,2023,D10,Traffic pressure,853
17031170400,0.005381204,2023,D10,Traffic pressure,853
17031170500,0.006631285,2023,D10,Traffic pressure,853
17031170600,-0.014275636,2023,D10,Traffic pressure,853
17031170700,-0.015862074,2023,D10,Traffic pressure,853
17031170800,0.0067840163,2023,D10,Traffic pressure,853
17031251400,0.0065491116,2023,D10,Traffic pressure,853
17031260300,0.0055947695,2023,D10,Traffic pressure,853
17031260500,0.0045456216,2023,D10,Traffic pressure,853
17031260600,0.0065061497,2023,D10,Traffic pressure,853
17031260700,0.006213205,2023,D10,Traffic pressure,853
17031260800,0.005983851,2023,D10,Traffic pressure,853
17031050700,-0.027800765,2023,D10,Traffic pressure,853
17031050900,-0.034246657,2023,D10,Traffic pressure,853
17031051000,-0.034559816,2023,D10,Traffic pressure,853
17031051100,-0.035212714,2023,D10,Traffic pressure,853
17031051200,-0.02914823,2023,D10,Traffic pressure,853
17031170900,-0.015422389,2023,D10,Traffic pressure,853
17031171000,0.0069633704,2023,D10,Traffic pressure,853
17031171100,-0.03421399,2023,D10,Traffic pressure,853
17031180100,0.02777731,2023,D10,Traffic pressure,853
17031190100,-0.012735598,2023,D10,Traffic pressure,853
17031222200,0.022693139,2023,D10,Traffic pressure,853
17031222500,0.022866074,2023,D10,Traffic pressure,853
17031222600,0.022730883,2023,D10,Traffic pressure,853
17031251500,0.006537061,2023,D10,Traffic pressure,853
17031251600,0.0067233182,2023,D10,Traffic pressure,853
17031251700,0.0049909633,2023,D10,Traffic pressure,853
17031251800,0.0057950728,2023,D10,Traffic pressure,853
17031251900,0.005867269,2023,D10,Traffic pressure,853
17031252000,0.0070613623,2023,D10,Traffic pressure,853
17031130300,-0.03661087,2023,D10,Traffic pressure,853
17031190200,-0.0118848365,2023,D10,Traffic pressure,853
17031190300,-0.012592896,2023,D10,Traffic pressure,853
17031190800,-0.012256148,2023,D10,Traffic pressure,853
17031260100,0.0052031716,2023,D10,Traffic pressure,853
17031260200,0.0034004115,2023,D10,Traffic pressure,853
17031530100,0.03076601,2023,D10,Traffic pressure,853
17031061800,0.00822182,2023,D10,Traffic pressure,853
17031823400,-0.014428192,2023,D10,Traffic pressure,853
17031821500,0.029902942,2023,D10,Traffic pressure,853
17031410200,0.040435236,2023,D10,Traffic pressure,853
17031222900,-0.011983332,2023,D10,Traffic pressure,853
17031241000,0.025732122,2023,D10,Traffic pressure,853
17031190900,-0.0120085785,2023,D10,Traffic pressure,853
17031191200,-0.0116818575,2023,D10,Traffic pressure,853
17031200100,-0.012147016,2023,D10,Traffic pressure,853
17031200200,-0.012026101,2023,D10,Traffic pressure,853
17031200300,-0.011960544,2023,D10,Traffic pressure,853
17031222700,-0.012124127,2023,D10,Traffic pressure,853
17031230100,0.022717819,2023,D10,Traffic pressure,853
17031230200,0.023092557,2023,D10,Traffic pressure,853
17031230300,0.022953432,2023,D10,Traffic pressure,853
17031230400,-0.012480202,2023,D10,Traffic pressure,853
17031230500,-0.011636384,2023,D10,Traffic pressure,853
17031351100,0.03406647,2023,D10,Traffic pressure,853
17031807600,-0.033289745,2023,D10,Traffic pressure,853
17031770500,0.00866989,2023,D10,Traffic pressure,853
17031611700,0.054556206,2023,D10,Traffic pressure,853
17031300500,0.009766534,2023,D10,Traffic pressure,853
17031381500,0.042369343,2023,D10,Traffic pressure,853
17031420500,0.031355496,2023,D10,Traffic pressure,853
17031811500,-0.011517466,2023,D10,Traffic pressure,853
17031081500,0.027173333,2023,D10,Traffic pressure,853
17031081600,0.02721123,2023,D10,Traffic pressure,853
17031081700,0.027190432,2023,D10,Traffic pressure,853
17031081800,0.02578044,2023,D10,Traffic pressure,853
17031081900,0.02913766,2023,D10,Traffic pressure,853
17031222800,-0.0120448535,2023,D10,Traffic pressure,853
17031050800,-0.03532362,2023,D10,Traffic pressure,853
17031210100,-0.033840775,2023,D10,Traffic pressure,853
17031210400,-0.012075011,2023,D10,Traffic pressure,853
17031230700,0.025726099,2023,D10,Traffic pressure,853
17031230800,0.02687849,2023,D10,Traffic pressure,853
17031230900,0.027137097,2023,D10,Traffic pressure,853
17031820502,-0.0012931004,2023,D10,Traffic pressure,853
17031820901,-0.0008795876,2023,D10,Traffic pressure,853
17031550200,0.02915603,2023,D10,Traffic pressure,853
17031823200,-0.012360828,2023,D10,Traffic pressure,853
17031823304,-0.013986112,2023,D10,Traffic pressure,853
17031670500,0.05509915,2023,D10,Traffic pressure,853
17031820700,0.010877375,2023,D10,Traffic pressure,853
17031580800,0.010301142,2023,D10,Traffic pressure,853
17031230600,-0.010632216,2023,D10,Traffic pressure,853
17031242300,0.018108647,2023,D10,Traffic pressure,853
17031242200,0.028669462,2023,D10,Traffic pressure,853
17031032100,0.005911922,2023,D10,Traffic pressure,853
17031811701,-0.011230399,2023,D10,Traffic pressure,853
17031820800,0.010364385,2023,D10,Traffic pressure,853
17031300800,0.010135034,2023,D10,Traffic pressure,853
17031060900,0.008002493,2023,D10,Traffic pressure,853
17031061000,0.0070271892,2023,D10,Traffic pressure,853
17031210700,-0.013067325,2023,D10,Traffic pressure,853
17031291600,0.012224739,2023,D10,Traffic pressure,853
17031400400,0.042497486,2023,D10,Traffic pressure,853
17031191100,-0.012196633,2023,D10,Traffic pressure,853
17031120100,-0.035140365,2023,D10,Traffic pressure,853
17031611200,0.053463306,2023,D10,Traffic pressure,853
17031300900,0.010160217,2023,D10,Traffic pressure,853
17031061100,0.0071397936,2023,D10,Traffic pressure,853
17031061500,0.007023044,2023,D10,Traffic pressure,853
17031062000,0.00818756,2023,D10,Traffic pressure,853
17031062100,0.0073250243,2023,D10,Traffic pressure,853
17031062200,0.0074394327,2023,D10,Traffic pressure,853
17031090200,-0.036098253,2023,D10,Traffic pressure,853
17031090100,-0.03524807,2023,D10,Traffic pressure,853
17031826401,0.02862093,2023,D10,Traffic pressure,853
17031260400,0.0065419134,2023,D10,Traffic pressure,853
17031351500,0.03325633,2023,D10,Traffic pressure,853
17031811200,0.005479128,2023,D10,Traffic pressure,853
17031770800,-0.012190709,2023,D10,Traffic pressure,853
17031210800,-0.013162135,2023,D10,Traffic pressure,853
17031210900,-0.012819572,2023,D10,Traffic pressure,853
17031081100,0.027205292,2023,D10,Traffic pressure,853
17031241200,0.02640728,2023,D10,Traffic pressure,853
17031031200,-0.030182794,2023,D10,Traffic pressure,853
17031062500,0.0065121194,2023,D10,Traffic pressure,853
17031062600,0.028079394,2023,D10,Traffic pressure,853
17031062700,0.028159838,2023,D10,Traffic pressure,853
17031062800,0.027945235,2023,D10,Traffic pressure,853
17031062900,0.006860071,2023,D10,Traffic pressure,853
17031063000,0.007148442,2023,D10,Traffic pressure,853
17031062400,0.008483671,2023,D10,Traffic pressure,853
17031063100,0.0082579665,2023,D10,Traffic pressure,853
17031063400,0.028985603,2023,D10,Traffic pressure,853
17031090300,-0.03391276,2023,D10,Traffic pressure,853
17031100100,-0.035452835,2023,D10,Traffic pressure,853
17031100300,-0.034434937,2023,D10,Traffic pressure,853
17031140100,-0.03627544,2023,D10,Traffic pressure,853
17031140200,-0.035450537,2023,D10,Traffic pressure,853
17031140400,-0.03542822,2023,D10,Traffic pressure,853
17031140500,-0.03569539,2023,D10,Traffic pressure,853
17031242700,0.025757095,2023,D10,Traffic pressure,853
17031070200,0.026612531,2023,D10,Traffic pressure,853
17031070300,0.028922038,2023,D10,Traffic pressure,853
17031070400,0.029354814,2023,D10,Traffic pressure,853
17031070500,0.027592357,2023,D10,Traffic pressure,853
17031070600,0.030385986,2023,D10,Traffic pressure,853
17031070700,0.027495334,2023,D10,Traffic pressure,853
17031100400,-0.03306195,2023,D10,Traffic pressure,853
17031100600,-0.033482086,2023,D10,Traffic pressure,853
17031100700,-0.033751003,2023,D10,Traffic pressure,853
17031110200,-0.035460588,2023,D10,Traffic pressure,853
17031150200,-0.035386022,2023,D10,Traffic pressure,853
17031150300,-0.035251908,2023,D10,Traffic pressure,853
17031140800,-0.035678267,2023,D10,Traffic pressure,853
17031231200,0.026655244,2023,D10,Traffic pressure,853
17031231100,0.026453318,2023,D10,Traffic pressure,853
17031242400,0.025983311,2023,D10,Traffic pressure,853
17031242500,0.025825098,2023,D10,Traffic pressure,853
17031120200,-0.037777618,2023,D10,Traffic pressure,853
17031120300,-0.034489032,2023,D10,Traffic pressure,853
17031120400,-0.037525486,2023,D10,Traffic pressure,853
17031231500,-0.00038419198,2023,D10,Traffic pressure,853
17031071100,0.028887857,2023,D10,Traffic pressure,853
17031071000,0.02871637,2023,D10,Traffic pressure,853
17031071200,0.028999344,2023,D10,Traffic pressure,853
17031071300,0.029151268,2023,D10,Traffic pressure,853
17031110300,-0.034082588,2023,D10,Traffic pressure,853
17031220300,-0.012849088,2023,D10,Traffic pressure,853
17031220400,-0.0128989415,2023,D10,Traffic pressure,853
17031220500,-0.012924192,2023,D10,Traffic pressure,853
17031240300,0.029600486,2023,D10,Traffic pressure,853
17031240500,0.023013454,2023,D10,Traffic pressure,853
17031060400,-0.030886345,2023,D10,Traffic pressure,853
17031060500,0.0062455926,2023,D10,Traffic pressure,853
17031240800,0.023043428,2023,D10,Traffic pressure,853
17031240600,0.022691201,2023,D10,Traffic pressure,853
17031240700,0.022329433,2023,D10,Traffic pressure,853
17031240900,0.026073854,2023,D10,Traffic pressure,853
17031242600,0.025504224,2023,D10,Traffic pressure,853
17031310600,0.03413583,2023,D10,Traffic pressure,853
17031310700,0.03996138,2023,D10,Traffic pressure,853
17031310800,0.039706346,2023,D10,Traffic pressure,853
17031020602,-0.038690597,2023,D10,Traffic pressure,853
17031310900,0.040193442,2023,D10,Traffic pressure,853
17031510100,0.028770894,2023,D10,Traffic pressure,853
17031510200,0.028908225,2023,D10,Traffic pressure,853
17031561100,0.009899378,2023,D10,Traffic pressure,853
17031190701,-0.011786182,2023,D10,Traffic pressure,853
17031020901,-0.03662263,2023,D10,Traffic pressure,853
17031010202,-0.03349049,2023,D10,Traffic pressure,853
17031570100,0.006768913,2023,D10,Traffic pressure,853
17031570200,0.007475447,2023,D10,Traffic pressure,853
17031570300,0.008936463,2023,D10,Traffic pressure,853
17031570400,0.010292851,2023,D10,Traffic pressure,853
17031570500,0.009319896,2023,D10,Traffic pressure,853
17031690400,0.03101659,2023,D10,Traffic pressure,853
17031691300,0.030936006,2023,D10,Traffic pressure,853
17031691400,0.030515717,2023,D10,Traffic pressure,853
17031691500,0.030292947,2023,D10,Traffic pressure,853
17031320400,0.025541937,2023,D10,Traffic pressure,853
17031580100,0.009790791,2023,D10,Traffic pressure,853
17031580200,0.00887129,2023,D10,Traffic pressure,853
17031580300,0.009864929,2023,D10,Traffic pressure,853
17031580400,0.008503988,2023,D10,Traffic pressure,853
17031580600,0.008961628,2023,D10,Traffic pressure,853
17031580700,0.010390211,2023,D10,Traffic pressure,853
17031681300,0.030664982,2023,D10,Traffic pressure,853
17031681400,0.03156487,2023,D10,Traffic pressure,853
17031690300,0.03191597,2023,D10,Traffic pressure,853
17031690500,0.030459432,2023,D10,Traffic pressure,853
17031690900,0.030585648,2023,D10,Traffic pressure,853
17031691000,0.031043025,2023,D10,Traffic pressure,853
17031700100,-0.0126255285,2023,D10,Traffic pressure,853
17031700200,-0.002019776,2023,D10,Traffic pressure,853
17031320600,0.030144373,2023,D10,Traffic pressure,853
17031330200,0.032572277,2023,D10,Traffic pressure,853
17031590500,0.009853873,2023,D10,Traffic pressure,853
17031590600,0.04577596,2023,D10,Traffic pressure,853
17031671200,0.032919437,2023,D10,Traffic pressure,853
17031671100,0.032723732,2023,D10,Traffic pressure,853
17031671300,0.0327272,2023,D10,Traffic pressure,853
17031671500,0.032740902,2023,D10,Traffic pressure,853
17031671600,0.0324359,2023,D10,Traffic pressure,853
17031671800,0.031652108,2023,D10,Traffic pressure,853
17031671900,0.03253936,2023,D10,Traffic pressure,853
17031710100,0.031134507,2023,D10,Traffic pressure,853
17031710200,0.031636693,2023,D10,Traffic pressure,853
17031710400,0.032580163,2023,D10,Traffic pressure,853
17031710500,0.03283599,2023,D10,Traffic pressure,853
17031710600,0.031784393,2023,D10,Traffic pressure,853
17031710800,0.03200388,2023,D10,Traffic pressure,853
17031340300,0.034422666,2023,D10,Traffic pressure,853
17031340500,0.033607908,2023,D10,Traffic pressure,853
17031340600,0.038218915,2023,D10,Traffic pressure,853
17031430200,0.029546773,2023,D10,Traffic pressure,853
17031430300,0.030085957,2023,D10,Traffic pressure,853
17031510300,0.03001897,2023,D10,Traffic pressure,853
17031520100,0.027991723,2023,D10,Traffic pressure,853
17031590700,0.04320045,2023,D10,Traffic pressure,853
17031600400,0.033539265,2023,D10,Traffic pressure,853
17031813801,0.012230663,2023,D10,Traffic pressure,853
17031830600,-0.033898596,2023,D10,Traffic pressure,853
17031830800,-0.031025223,2023,D10,Traffic pressure,853
17031830700,-0.032878242,2023,D10,Traffic pressure,853
17031830900,0.023638783,2023,D10,Traffic pressure,853
17031835200,0.007915262,2023,D10,Traffic pressure,853
17031839900,0.043526754,2023,D10,Traffic pressure,853
17031839700,0.044676933,2023,D10,Traffic pressure,853
17031839800,0.04048609,2023,D10,Traffic pressure,853
17031834800,0.04398272,2023,D10,Traffic pressure,853
17031834700,0.04393851,2023,D10,Traffic pressure,853
17031832000,0.008218487,2023,D10,Traffic pressure,853
17031832500,0.02742742,2023,D10,Traffic pressure,853
17031832300,0.027005546,2023,D10,Traffic pressure,853
17031838300,0.027349703,2023,D10,Traffic pressure,853
17031831800,-0.035053078,2023,D10,Traffic pressure,853
17031831700,-0.034404702,2023,D10,Traffic pressure,853
17031835100,0.009941838,2023,D10,Traffic pressure,853
17031835000,-0.002132475,2023,D10,Traffic pressure,853
17031843700,-0.03368854,2023,D10,Traffic pressure,853
17031220702,-0.0129912365,2023,D10,Traffic pressure,853
17031842100,0.005088347,2023,D10,Traffic pressure,853
17031843300,0.010397676,2023,D10,Traffic pressure,853
17031831100,-0.034208216,2023,D10,Traffic pressure,853
17031831500,0.0027749063,2023,D10,Traffic pressure,853
17031831600,0.0029540602,2023,D10,Traffic pressure,853
17031831200,-0.011848006,2023,D10,Traffic pressure,853
17031831000,0.028478608,2023,D10,Traffic pressure,853
17031843000,0.007924886,2023,D10,Traffic pressure,853
17031843100,0.009550843,2023,D10,Traffic pressure,853
17031842900,0.038456105,2023,D10,Traffic pressure,853
17031843500,0.0068346113,2023,D10,Traffic pressure,853
17031842000,0.03083084,2023,D10,Traffic pressure,853
17031770901,-0.033588782,2023,D10,Traffic pressure,853
17031832400,0.022777237,2023,D10,Traffic pressure,853
17031832900,0.032689847,2023,D10,Traffic pressure,853
17031840300,0.0085729575,2023,D10,Traffic pressure,853
17031838600,0.011359421,2023,D10,Traffic pressure,853
17031839600,0.032095518,2023,D10,Traffic pressure,853
17031834900,0.03242715,2023,D10,Traffic pressure,853
17031030603,-0.032315973,2023,D10,Traffic pressure,853
17031832200,0.0231185,2023,D10,Traffic pressure,853
17031836700,0.025133196,2023,D10,Traffic pressure,853
17031836800,-0.0003835056,2023,D10,Traffic pressure,853
17031836600,0.026573192,2023,D10,Traffic pressure,853
17031833000,0.026168374,2023,D10,Traffic pressure,853
17031842500,0.031240856,2023,D10,Traffic pressure,853
17031841800,0.030322917,2023,D10,Traffic pressure,853
17031980100,,2023,D10,Traffic pressure,853
17031842800,0.009287257,2023,D10,Traffic pressure,853
17031843800,0.043263882,2023,D10,Traffic pressure,853
17031841000,0.03085986,2023,D10,Traffic pressure,853
17031843900,0.02206588,2023,D10,Traffic pressure,853
17031834200,0.030023787,2023,D10,Traffic pressure,853
17031842200,0.026121251,2023,D10,Traffic pressure,853
17031838000,0.023737147,2023,D10,Traffic pressure,853
17031010702,-0.03346682,2023,D10,Traffic pressure,853
17031010503,-0.03138919,2023,D10,Traffic pressure,853
17031010502,-0.031422146,2023,D10,Traffic pressure,853
17031010701,-0.03141135,2023,D10,Traffic pressure,853
17031020902,-0.030475842,2023,D10,Traffic pressure,853
17031020302,-0.035279583,2023,D10,Traffic pressure,853
17031020601,-0.037021518,2023,D10,Traffic pressure,853
17031020301,-0.03746078,2023,D10,Traffic pressure,853
17031760803,0.0071974183,2023,D10,Traffic pressure,853
17031530501,0.031266864,2023,D10,Traffic pressure,853
17031530503,0.031324513,2023,D10,Traffic pressure,853
17031650301,-0.002119787,2023,D10,Traffic pressure,853
17031650302,-0.0021193465,2023,D10,Traffic pressure,853
17031530502,0.031068986,2023,D10,Traffic pressure,853
17031831300,-0.009573623,2023,D10,Traffic pressure,853
17031831400,0.0068395743,2023,D10,Traffic pressure,853
17031837000,0.0014351271,2023,D10,Traffic pressure,853
17031842400,0.032328434,2023,D10,Traffic pressure,853
17031832100,0.006395286,2023,D10,Traffic pressure,853
17031020802,-0.036619026,2023,D10,Traffic pressure,853
17031020702,-0.036411516,2023,D10,Traffic pressure,853
17031020801,-0.036539584,2023,D10,Traffic pressure,853
17031040202,-0.034479626,2023,D10,Traffic pressure,853
17031040201,-0.035433676,2023,D10,Traffic pressure,853
17031040402,-0.03129018,2023,D10,Traffic pressure,853
17031031501,-0.029472945,2023,D10,Traffic pressure,853
17031081201,0.027120857,2023,D10,Traffic pressure,853
17031063301,0.029220317,2023,D10,Traffic pressure,853
17031490901,0.030819947,2023,D10,Traffic pressure,853
17031490902,0.030673774,2023,D10,Traffic pressure,853
17031301801,0.009369447,2023,D10,Traffic pressure,853
17031700301,-0.002876164,2023,D10,Traffic pressure,853
17031301702,0.010856744,2023,D10,Traffic pressure,853
17031700401,-0.012374406,2023,D10,Traffic pressure,853
17031837100,0.025038052,2023,D10,Traffic pressure,853
17031837400,0.0050904863,2023,D10,Traffic pressure,853
17031837800,0.023835104,2023,D10,Traffic pressure,853
17031837300,0.010487383,2023,D10,Traffic pressure,853
17031841500,0.010848995,2023,D10,Traffic pressure,853
17031838700,0.010154775,2023,D10,Traffic pressure,853
17031150501,-0.033777226,2023,D10,Traffic pressure,853
17031150401,-0.035762742,2023,D10,Traffic pressure,853
17031150502,-0.035313625,2023,D10,Traffic pressure,853
17031110502,-0.03500741,2023,D10,Traffic pressure,853
17031150402,-0.034199458,2023,D10,Traffic pressure,853
17031140302,-0.033921704,2023,D10,Traffic pressure,853
17031140301,-0.03593175,2023,D10,Traffic pressure,853
17031700302,-0.0017310851,2023,D10,Traffic pressure,853
17031580501,0.0098972,2023,D10,Traffic pressure,853
17031580502,0.007824429,2023,D10,Traffic pressure,853
17031730201,0.03229538,2023,D10,Traffic pressure,853
17031301802,0.0092651695,2023,D10,Traffic pressure,853
17031440101,0.030112263,2023,D10,Traffic pressure,853
17031301701,0.010362018,2023,D10,Traffic pressure,853
17031839100,0.025929876,2023,D10,Traffic pressure,853
17031833100,0.026083767,2023,D10,Traffic pressure,853
17031838100,0.026689801,2023,D10,Traffic pressure,853
17031833300,0.032104526,2023,D10,Traffic pressure,853
17031838200,0.03859384,2023,D10,Traffic pressure,853
17031140702,-0.03569629,2023,D10,Traffic pressure,853
17031140602,-0.035535052,2023,D10,Traffic pressure,853
17031140701,-0.03574226,2023,D10,Traffic pressure,853
17031160502,-0.03551714,2023,D10,Traffic pressure,853
17031160602,-0.035679687,2023,D10,Traffic pressure,853
17031151002,-0.032615777,2023,D10,Traffic pressure,853
17031151001,-0.034162443,2023,D10,Traffic pressure,853
17031190402,-0.012295251,2023,D10,Traffic pressure,853
17031431301,0.028866282,2023,D10,Traffic pressure,853
17031431302,0.028955312,2023,D10,Traffic pressure,853
17031460302,0.029147912,2023,D10,Traffic pressure,853
17031460301,0.028755814,2023,D10,Traffic pressure,853
17031700501,-0.013102959,2023,D10,Traffic pressure,853
17031700502,-0.012325043,2023,D10,Traffic pressure,853
17031210601,-0.03437637,2023,D10,Traffic pressure,853
17031841100,0.031922482,2023,D10,Traffic pressure,853
17031840200,0.040964447,2023,D10,Traffic pressure,853
17031841300,0.0056882696,2023,D10,Traffic pressure,853
17031840700,0.008121538,2023,D10,Traffic pressure,853
17031841700,0.008852929,2023,D10,Traffic pressure,853
17031190602,-0.011918804,2023,D10,Traffic pressure,853
17031190401,-0.012625018,2023,D10,Traffic pressure,853
17031190702,-0.011790102,2023,D10,Traffic pressure,853
17031191302,0.0040121693,2023,D10,Traffic pressure,853
17031190601,0.027596435,2023,D10,Traffic pressure,853
17031191301,0.0029883673,2023,D10,Traffic pressure,853
17031200402,-0.01267135,2023,D10,Traffic pressure,853
17031200401,-0.012243728,2023,D10,Traffic pressure,853
17031220902,-0.01198683,2023,D10,Traffic pressure,853
17031210501,-0.03403762,2023,D10,Traffic pressure,853
17031160601,-0.033727963,2023,D10,Traffic pressure,853
17031061901,0.008640349,2023,D10,Traffic pressure,853
17031840800,0.009373338,2023,D10,Traffic pressure,853
17031030703,-0.028690286,2023,D10,Traffic pressure,853
17031030702,-0.027650122,2023,D10,Traffic pressure,853
17031440102,0.030290902,2023,D10,Traffic pressure,853
17031440202,0.03050342,2023,D10,Traffic pressure,853
17031830500,0.006764115,2023,D10,Traffic pressure,853
17031840100,0.033470638,2023,D10,Traffic pressure,853
17031840400,0.04231889,2023,D10,Traffic pressure,853
17031839200,0.030555442,2023,D10,Traffic pressure,853
17031835500,0.045525413,2023,D10,Traffic pressure,853
17031030604,-0.030347347,2023,D10,Traffic pressure,853
17031031502,-0.027291857,2023,D10,Traffic pressure,853
17031081402,0.02569525,2023,D10,Traffic pressure,853
17031080201,0.028704688,2023,D10,Traffic pressure,853
17031760802,-0.017337926,2023,D10,Traffic pressure,853
17031140601,-0.03505108,2023,D10,Traffic pressure,853
17031070102,0.027180888,2023,D10,Traffic pressure,853
17031210502,-0.013086573,2023,D10,Traffic pressure,853
17031540102,0.030601365,2023,D10,Traffic pressure,853
17031700402,-0.012376262,2023,D10,Traffic pressure,853
17031030800,-0.032220047,2023,D10,Traffic pressure,853
17031031100,-0.031555854,2023,D10,Traffic pressure,853
17031812100,0.007822465,2023,D10,Traffic pressure,853
17031821900,-0.013605737,2023,D10,Traffic pressure,853
17031822000,-0.012451341,2023,D10,Traffic pressure,853
17031822101,-0.012308122,2023,D10,Traffic pressure,853
17031031300,-0.02961253,2023,D10,Traffic pressure,853
17031031900,-0.029084552,2023,D10,Traffic pressure,853
17031813500,0.012906094,2023,D10,Traffic pressure,853
17031822701,-0.012591638,2023,D10,Traffic pressure,853
17031822702,-0.012992553,2023,D10,Traffic pressure,853
17031822801,-0.012986215,2023,D10,Traffic pressure,853
17031814200,0.0101148905,2023,D10,Traffic pressure,853
17031823303,-0.013495519,2023,D10,Traffic pressure,853
17031823500,-0.0142879505,2023,D10,Traffic pressure,853
17031160501,-0.033656184,2023,D10,Traffic pressure,853
17031040100,-0.034744427,2023,D10,Traffic pressure,853
17031040300,-0.03406776,2023,D10,Traffic pressure,853
17031825700,0.027263576,2023,D10,Traffic pressure,853
17031611600,0.054964006,2023,D10,Traffic pressure,853
17031340400,0.03363596,2023,D10,Traffic pressure,853
17031770700,0.008623252,2023,D10,Traffic pressure,853
17031430700,0.02150162,2023,D10,Traffic pressure,853
17031808100,-0.032943595,2023,D10,Traffic pressure,853
17031191000,-0.011651327,2023,D10,Traffic pressure,853
17031560400,0.010728219,2023,D10,Traffic pressure,853
17031710700,0.032330237,2023,D10,Traffic pressure,853
17031550100,0.029091967,2023,D10,Traffic pressure,853
17031283200,0.033523705,2023,D10,Traffic pressure,853
17031100500,-0.03364995,2023,D10,Traffic pressure,853
17031710300,0.032814015,2023,D10,Traffic pressure,853
17043840801,-0.011249946,2023,D10,Traffic pressure,853
17043840802,-0.012204143,2023,D10,Traffic pressure,853
